"Paper Title","Paper Link","Publication Year","Publication Type","Publication Title","Author Names","DOI","PDF Link","Relevance","Abstract"
"Die Theorie der institutionellen Rollenmodelle als Grundlagentheorie für Transformationsprozesse in Organisationen","https://scispace.com/paper/die-theorie-der-institutionellen-rollenmodelle-als-wj46gozbz0","2021","Book Chapter","","Wolfgang H. Schulz
Oliver Franck
Stanley Smolka","10.1007/978-3-662-62148-6_5","","- **Relevance Score:** 37/100
- **Relevance Tag:** Marginally Relevant
- **Reasoning:** Uses system theory and system dynamics to build algorithmic role‑model calculations; integrates institutional economics but lacks public‑sector focus, human‑capital or policy‑friction analysis. Provides limited quantitative modeling, no empirical case or policy guidance.","Die Theorie der institutionellen Rollenmodelle (IRM) ist ein dynamisches Organisationsmodell, welches zwei Ziele verfolgt. Einerseits die Reduzierung von Unsicherheiten fur alle beteiligten Akteure und andererseits die Entwicklung eines Vertrauensverhaltnisses, die Etablierung einer diskriminierungsfreien Kooperationsdynamik und die Verfolgung gemeinsamer Interessen. Das IRM bedient sich aus drei unterschiedlichen Disziplinen: Die Institutionenokonomik, die Systemtheorie sowie die Systemdynamik. Die Vernetzung dieser drei Disziplinen fuhrt unweigerlich zu einem komplexen Gebilde, das jedoch zwingend notwendig ist, um die Systemkomplexitat der zu untersuchenden Organisation adaquat erfassen zu konnen. Zu den grundlegenden Bestandteilen des Modells gehoren die Elemente: „Rollen und Funktionen“, „Akteure“ und „Regeln“. Diese drei Elemente werden anhand einer Zahlenkodierung bewertet und in die algorithmische Kalkulation einbezogen. Das aus den Kalkulationen resultierende Ergebnis bietet eine optimale Grundlage, um ein Organisationssystem effektiv, effizient und diskriminierungsfrei zu strukturieren. Dies ermoglicht Organisationen in den unterschiedlichsten Themengebieten ihr volles Potenzial auszuschopfen. Ziel dieses Beitrages ist die Anwendung der Theorie der Institutionellen Rollenmodelle auf die Themengebiete der Digitalisierung, der Kunstlichen Intelligenz, des maschinellen Lernens sowie der Innovationsforderung."
"Towards Efficient Hospital Management: Theoretical Model of Systemic Management Policies","https://scispace.com/paper/towards-efficient-hospital-management-theoretical-model-of-c8asvadx3g94","2025","Journal Article","","Juan Pablo González Rivas
Irma Perez de Mezzogori
Raquel Barrios
Edgar Gabriel Chirinos Gutiérrez","10.70164/ihsr.v1i2.4","","- **Relevance Score:** 30/100
- **Relevance Tag:** Marginally Relevant
- **Reasoning:** Uses systems theory to model hospital efficiency; provides a real‑world case study with concrete policy recommendations; lacks Institutional Throughput Theory integration and formal modeling.","This article presents a theoretical model of managerial policies aimed at optimizing hospital efficiency in non-profit public entities. It analyzes the “Antonio Maria Pineda” University Hospital using a complementary qualitative and quantitative approach. Based on systems theory, it proposes strategies emphasizing operational efficiency, equity, and sustainability. It identifies issues in resource allocation and the lack of integrated information systems, negatively affecting service quality. Recommendations include implementing management indicators, training personnel, and adopting digital technologies for evidence-based decision-making, improving hospital management comprehensively. "
"Efficiency dynamics in Latin American healthcare reforms: a comprehensive growth mixture analysis within institutional theory","https://scispace.com/paper/efficiency-dynamics-in-latin-american-healthcare-reforms-a-p6mkic4zmrk7","2025","Journal Article","","Claudia Isabel Vivas Tobar
Diana Escandon-Barbosa
Jairo Salas-Paramo
Víctor Giménez","10.1108/jhom-11-2022-0347","https://www.emerald.com/insight/content/doi/10.1108/jhom-11-2022-0347/full/pdf","- **Relevance Score:** 26/100
- **Relevance Tag:** Marginally Relevant
- **Reasoning:** Uses growth mixture analysis of Latin American health reforms to assess public‑sector efficiency; discusses institutional theory and human‑resource deployment, but lacks systems‑theory integration, formal modeling, and comparative framing.",""
"The Effect of Balanced Scorecard as a Strategic Implementation Tool to Enhance Efficiency at Kenya Bureau of Standards","https://scispace.com/paper/the-effect-of-balanced-scorecard-as-a-strategic-7scpirb57g","2016","Journal Article","IOSR Journal of Business and Management","Listone Kipkirui Langat
Daniel M. Wanyoike","10.9790/487X-180803112125","https://scispace.com/pdf/the-effect-of-balanced-scorecard-as-a-strategic-7scpirb57g.pdf","- **Relevance Score:** 25/100
- **Relevance Tag:** Marginally Relevant
- **Reasoning:** Uses open systems theory to analyse KBS; focuses on efficiency gains via Balanced Scorecard; provides a Kenya case study with recommendations; lacks Institutional Throughput Theory integration, human‑capital focus, and formal modelling.","The Government of Kenya has made substantial investment in the public sector through creation of diverse corporations. However, most public sector firms have not shown the required levels of efficiency and effectiveness that would be required of them. This has necessitated diverse measures such as the Results Based Management System (RBMS) which was initiated by the Government of Kenya in 2005. This management system has been put in place to ensure efficiency and effectiveness in service delivery in public sector organizations. Therefore the Kenya Bureau of Standards (KEBS), like any other public sector organizations, is required to operate under the RBMS of which Performance Contracts (PC) are a key component. The application of the Balanced Score Card (BSC) in the strategy management process has been found to be a useful tool in the clarification of the vision and mission of organizations and the rallying of the organizational members towards its achievement. This study examined the role of the BSC as a strategic implementation tool to enhance efficiency at KEBS. The specific research objectives included the examination of financial perspective, customer perspective, internal business processes perspective, and learning and growth perspective of the BSC on the efficiency at KEBS. The theoretical underpinning of the study was open systems theory and the institutions' theory. The study was based on the descriptive research design with the target population of 150 management staff at KEBS. The sample size is 109 respondents. The study out the following; that there was a significant relationship between financial perspective of the balanced scorecard and organizational efficiency at KEBS. This was attributed to the availability and sufficiency of resources at both the organizational and departmental levels for KEBS to execute its mandates at those levels on time, and in the required scope hence improving on the organizational efficiency. Secondly, there was a significant relationship between the customer perspective aspect of the BSC and organizational efficiency at KEBS. The customer perspective was important to the organizational efficiency at KEBS through reduction of turnaround timelines in service delivery. There was also a significant relationship between the internal business process perspective of the BSC and organizational efficiency at KEBS. This was attributed to the internal business processes ability to influence customer satisfaction. Lastly, there was a significant and positive relationship between learning and growth perspective aspect of the BSC and organizational efficiency at the organization. This significance was attributed to the ability of KEBS to benchmark and learn on best practices on diverse aspects of its mandates. The study recommends that KEBS should focus on the learning and growth perspective of the balanced scorecard as it had the greatest influence on its organizational efficiency. The study suggests further studies on the examination on other financial perspective metrics of the balanced scorecard and the ways in which it can help in organizational efficiency at KEBS."
"Exploring the Role of Human Capital Management on Organizational Success: Evidence from Public Universities","https://scispace.com/paper/exploring-the-role-of-human-capital-management-on-4oqvwz5kxb","2016","Journal Article","Management Dynamics in the Knowledge Economy Journal","Odunayo Paul Salau
Hezekiah Olubusayo Falola
Ayodotun Stephen. Ibidunni
Ebeguki Edith Igbinoba","","https://scispace.com/pdf/exploring-the-role-of-human-capital-management-on-4oqvwz5kxb.pdf","- **Relevance Score:** 22/100
- **Relevance Tag:** Not Relevant
- **Reasoning:** Uses human capital theory to link skills development with performance; applies cybernetic input‑throughput‑output model (systems lens). Lacks Institutional Throughput Theory integration and detailed policy‑friction analysis; provides limited empirical data from Ghana/Nigeria universities, no formal modeling, modest policy suggestions.","The demand for higher education in Nigeria has been considered as not only an investment in human capital, but also a pre-requisite for economic development. Consequent upon the expansion of higher education in Nigeria, quite a number of institutions have suffered decay due to poor work environments, inadequate educational facilities and poor funding which have resulted into unabated brain drain, strike and turnover. However, the need to develop talents is no longer hidden, what remains controversial is knowing the best method for managing human capacity especially in Nigerian State owned universities. Thus, this study examined the relationship between human capital management and organizational success using three State owned universities in Southwest, Nigeria. These universities (Ekiti State University (EKSU), Lagos State University (LASU), Tai Solarin University of Education (TASUED) were chosen for their uniqueness. Survey research design was adopted with 398 respondents (staff). Self-administered questionnaire was adopted and analyzed with the adoption of Structural Equation Modelling (SEM). However, the results indicated that adequate leadership practices; learning capacity; workforce optimization; knowledge accessibility; workplace culture and; mentorship are significant predictors of organizational success in higher education."
"Measuring government management capacity: A comparative analysis of city human resources management systems","https://scispace.com/paper/measuring-government-management-capacity-a-comparative-3mz0drzjay","2000","Journal Article","Journal of Public Administration Research and Theory","Amy K. Donahue
Sally Coleman Selden
Patricia W. Ingraham","10.1093/OXFORDJOURNALS.JPART.A024274","https://www.researchgate.net/profile/Patricia-Ingraham/publication/275107687_Measuring_Government_Management_Capacity_A_Comparative_Analysis_of_City_Human_Resources_Management_Systems/links/559fe09008ae5ab90245a1fe/Measuring-Government-Management-Capacity-A-Comparative-Analysis-of-City-Human-Resources-Management-Systems.pdf","- **Relevance Score:** 20/100
- **Relevance Tag:** Not Relevant
- **Reasoning:** Uses city HR management data to compare capacities across municipalities; measures outcomes but lacks Institutional Throughput or Systems Theory integration, modeling, or barrier analysis.","This article fills a gap in both the public management and human resources literatures by applying a conceptual model supported by a criteria-based evaluative framework to assess and compare the nature and capacity of city government human . resources management systems. Various management reforms have swept through many American governments recently, but practitioners and researchers have not reflected carefully on how these reforms contribute to management effectiveness. One management system that has received relatively little systematic attention is human resources management. The easting research about assessing human resources is sparse, focuses on the private sector, and fails to converge upon a set of criteria for evaluating human resources management systems comprehensively. In earlier work, we proposed a theory that dissects the black box of government management to identify key management systems and define their contribution to management capacity and to overall government performance. In this article, we refine this model by developing a set of criteria that serve as indicators of the effectiveness of human resources management systems. We apply our framework and criteria to a sample of cities in an empirical analysis that measures human resources management capacity and controls for two key environmental contingencies: unionization and government structure. We find that higher capacity governments are able to achieve better human resources outcomes, and that more unionized governments and those that a senior professional administrative officer generally have lower human resources management capacity."
"… a Theoretical Model for Human Resource Management Information Systems, Government Policy and Organizational Performance: A Research Agenda","https://scispace.com/paper/ayHDX7A5kvkJ","","","","SI Akoyo
SMA Muathe","","https://ir-library.ku.ac.ke/bitstreams/eb5d3350-3f13-43a2-8d3f-6bd69e0178c9/download","- **Relevance Score:** 20/100
- **Relevance Tag:** Not Relevant
- **Reasoning:** Uses HRMIS to examine human‑capital leverage and boosts public‑sector performance; lacks explicit Institutional Throughput or Systems Theory integration and formal modelling.",""
"Factors influencing project funds utilization in water service boards in Kenya: the case of Tana water services board","https://scispace.com/paper/factors-influencing-project-funds-utilization-in-water-1vu5ef5mij","2014","Dissertation","","Issa Mohammed Ismail","","https://scispace.com/pdf/factors-influencing-project-funds-utilization-in-water-1vu5ef5mij.pdf","- **Relevance Score:** 20/100
- **Relevance Tag:** Not Relevant
- **Reasoning:** Uses Systems Theory to discuss institutional capacity; examines barriers and political interference affecting project implementation; provides a Kenyan water board case study; lacks explicit Institutional Throughput Theory integration, human‑capital conversion analysis, formal modeling, and comparative frameworks.","Kenya faces serious challenges with regards to provision of water services despite the efforts of investments provided in the past years by the Government and development partners since existing facilities have continued to deteriorate and fail to meet the demand of the increasing the population, particularly in many rural areas and the very rapidly growing settlements of the urban poor. This challenge is more so due to over reliance of external funding to build sustainable water systems. Poor project funds utilization makes many water projects not to see the day light. Therefore, this study set out to investigate factors affecting projects funds utilization in Water Service Boards in Kenya. It therefore focused on the influence of funding requirements, institutional capacity, management information systems and policy framework or project funds utilization. The study was conducted through a descriptive research design. The study targeted workers in Tana Water Service Board in Nyeri. The study was conducted through a census. Both primary and secondary data were used to collect information for the study. Descriptive statistics as well as inferential statistics was used for the analysis. This infers that institutional capacity contributes most to the project funds utilization followed by management information system, policy frame work and institutional capacity. This study also established that funds allocated to projects by the government and other organizations should be disbursed in time. The study also found that most of the projects were not staffed appropriately. This study therefore recommends that more staff should be employed to work in projects so as to staff projects appropriately."
"Building sustainable capacity in the public sector: what can be done?","https://scispace.com/paper/building-sustainable-capacity-in-the-public-sector-what-can-j5kcpeazo7","1995","Journal Article","Public Administration and Development","Merilee S. Grindle
Mary E. Hilderbrand","10.1002/PAD.4230150502","","- **Relevance Score:** 18/100
- **Relevance Tag:** Not Relevant
- **Reasoning:** Uses six country case studies to identify cultural and managerial drivers of performance; lacks Institutional Throughput or Systems Theory integration, formal modeling, or comparative theory analysis.","Effective government performance is central to the creation of market-oriented economies, secure and productive populations, and democratic political systems in developing countries. Capacity building to improve public sector performance is thus an important focus of development initiatives. Several implicit assumptions underlie most such efforts: that organizations or training activities are the logical site for capacity-building interventions; that administrative structures and monetary rewards determine organizational and individual performance; that organizations work well when structures and control mechanisms are in place; and that individual performance improves as a result of skill and technology transfer through training activities. Each of these assumptions is called into question by the findings of research carried out in six developing countries and reported in this article. Our studies indicate designing interventions that most constructively address sources of poor performance must follow from an assessment of a relatively broad set of variables, including the action environment in which all such activities take place. We also found that effective public sector performance is more often driven by strong organizational cultures, good management practices, and effective communication networks than it is by rules and regulations or procedures and pay scales. Our case studies further indicate that individual performance is more affected by opportunities for meaningful work, shared professional norms, teamwork, and promotion based on performance rather than it is by training in specific skills. In this article, we describe a framework or conceptual map that emphasizes that training activities, organizational performance and administrative structures are embedded within complex environments that significantly constrain their success and that often account for training or organizational failure. When it was applied in the six case study countries, the framework proved useful in identifying capacity gaps and providing a tool for the strategic design of interventions that are sensitive to the roots of performance deficits. This allows us to conclude that the assumptions underlying many capacity-building initiatives may focus attention on interventions that do not generate the highest payoffs in terms of improved performance."
"Challenges in building the capacity of human resource development in decentralized local governments: Evidence from Ghana","https://scispace.com/paper/challenges-in-building-the-capacity-of-human-resource-5ghqb9wd7m","2008","Journal Article","Management Research News","K.B. Antwi
Farhad Analoui","10.1108/01409170810876071","","- **Relevance Score:** 18/100
- **Relevance Tag:** Not Relevant
- **Reasoning:** Uses Ghana local‑government HR data to explore capacity challenges; lacks Institutional Throughput or Systems Theory integration, but provides empirical case insights and modest policy suggestions.","Purpose – The purpose of this paper is to explore and try to understand the human side of public sector reform (PSR) in local government in Ghana in the context of the challenges facing human resource capacity building and development policies.Design/methodology/approach – Adopting an exploratory case study design, the paper triangulates both secondary and primary sources of data. Primary data were generated from self‐completing questionnaire and interview schedule tools covering 105 local government employees selected from national, regional and district levels. Semi‐structured interviews also solicited views from 16 senior public officers and managers in nine public and quasi‐public organizations. These primary sources were complemented with relevant secondary documents from the organisations investigated.Findings – It was found that Ghana's PSR has significantly influenced the strategic direction of human resource development policies of the decentralized local government service. Major challenges in h..."
"Drinking from the Talent Pool: A Resource Endowment Theory of Human Capital and Agency Performance","https://scispace.com/paper/drinking-from-the-talent-pool-a-resource-endowment-theory-of-201kwc25l2","2016","Journal Article","Public Administration Review","Manuel P. Teodoro
David Switzer","10.1111/PUAR.12571","","- **Relevance Score:** 17/100
- **Relevance Tag:** Not Relevant
- **Reasoning:** Uses resource endowment theory to link human capital quality to agency performance; provides empirical evidence from U.S. municipal water utilities; offers managerial implications but lacks Institutional Throughput or Systems Theory integration.","This article advances a resource endowment theory of human capital and performance in government organizations. Building on research on human capital and firm location in business economics and task complexity in public management, the authors argue that an agency's ability to implement policy is determined both by its scale and by the human capital of the population from which it draws its employees. The authors cast labor as a factor of production in public agencies and argue that access to higher-quality labor improves government effectiveness. The effect of human capital on performance is especially pronounced when agencies are charged with the implementation of technically complex tasks. The empirical subject is U.S. municipal water utilities’ compliance with the Safe Drinking Water Act. Comparing records of compliance with more and less complex regulatory requirements provides evidence consistent with the general model. The findings carry important implications for public management and policy design."
"Teoría general de sistemas: un enfoque estratégico para la planificación institucional","https://scispace.com/paper/teoria-general-de-sistemas-un-enfoque-estrategico-para-la-17d6wo5vga","2024","Journal Article","Revista Venezolana De Gerencia","Francisco Javier Andrade Domínguez
Juan Carlos Alarcón Gavilanes
Xavier Fernando Ortega Haro
José Luis González Márquez","10.52080/rvgluz.29.105.24","","- **Relevance Score:** 17/100
- **Relevance Tag:** Not Relevant
- **Reasoning:** Uses General Systems Theory to structure institutional planning; lacks Institutional Throughput Theory and human‑capital focus; touches on efficiency and offers quantitative clustering, but no case study or explicit policy‑friction analysis.","El propósito de este estudio es realizar un análisis crítico de los sistemas de planificación desde la perspectiva de la Teoría General de Sistemas (TGS) y su aplicación interdisciplinaria hacia enfoques estratégicos de la planificación institucional. Se emplea una metodología de tipo cuantitativa y cualitativa; para ello, se lleva a cabo un análisis clúster sobre un conjunto de variables representativas de las distintas dimensiones de los sistemas. Los resultados se respaldan en la validez del coeficiente de competencia para la elaboración de un esquema lógico y secuencial, fundamentado en la revisión de literatura especializada. Esta revisión se organiza en subcategorías mediante la utilización de un dendograma de variables, estableciendo relaciones entre los diferentes conceptos de la teoría de sistemas. Se resalta la viabilidad del diseño e implementación de sistemas, tanto en entornos naturales como artificiales. El análisis concluye, que, en el contexto de las organizaciones públicas, la planificación se ve inevitablemente influenciada por su entorno estratégico y operativo."
"Human capital: Tools and strategies for the public sector","https://scispace.com/paper/human-capital-tools-and-strategies-for-the-public-sector-1k6xt2ckec","2008","Book","","Sally Coleman Selden","","","- **Relevance Score:** 17/100
- **Relevance Tag:** Not Relevant
- **Reasoning:** Uses HCM concepts to discuss hiring, training, and performance, offering case examples and recommendations, but lacks Institutional Throughput or Systems Theory integration and formal modeling.","Take a sneak peak inside!Click on the link below to preview chapter one. Order your exam copy today by clicking on the ""Request an Exam Copy"" link above.Chapter 1With the shift from human resources to human capital management (HCM), public agencies are striving to strategically manage their workforces. Sally Selden s groundbreaking book moves far beyond describing best practices and offers the context in which innovative practices have been implemented. She details how agencies are creating performance-aligned workforces by adopting systems and policies that are driven by their strategic missions.This book covers core topics of personnel courses including hiring, training, retention, performance, and recognition but also includes integrated coverage on measuring success through assessment. Further helping readers grasp how HCM works, the book uses original data from the Government Performance Project and incorporates many comparative examples across a wide range of states, plus federal and municipal agencies. Unlike anything else available, Human Capital fills a critical gap for both students and public personnel professionals."
"African bureaucracy and public administration: Analysing the normative impediments and prospects","https://scispace.com/paper/african-bureaucracy-and-public-administration-analysing-the-19qslxhilx","2019","Journal Article","Africa’s Public Service Delivery and Performance Review","Chinyeake J. Igbokwe-Ibeto","10.4102/APSDPR.V7I1.323","https://scispace.com/pdf/african-bureaucracy-and-public-administration-analysing-the-19qslxhilx.pdf","- **Relevance Score:** 17/100
- **Relevance Tag:** Not Relevant
- **Reasoning:** Uses systems theory to describe interdependent subsystems in African bureaucracy; mentions inefficiencies and barriers but lacks throughput theory, human‑capital focus, empirical data, or formal modelling.","Background: Public perception of bureaucracy and public administration is key to determining how much they can accomplish in a given environment. The pejorative view of bureaucrats and public administrators is not restricted to Africa. Although they are sometimes seen as one and the same, analytically they can be divorced. Aim: Within the framework of system theory, this article analysed the interface between African bureaucracy and public administration with the aim of identifying its impediments and prospects. Setting: Relevant sources of this research were fairly and professionally scrutinised, understood and tested with the available literature for the research purpose. Inter alia , it included scan-reading, comprehensive and critical reading and writing down ideas. Authoritative scholarly sources were reviewed during a desktop study. The purpose was to identify the relevant publications and apply them in the research. Methods: This article utilised qualitative research design and descriptive methods to gain an insight into the nature and character of African bureaucracy and public administration. It is also exploratory because the article attempts to explore the nexus between African bureaucracy and public administration. Result: This article argues that African bureaucracy is losing its potency and ability to give intellectual leadership to public administrators. Bureaucrats in the field rely too much on discretion that often does not sit well with the people and result in poor service delivery. Conclusion: It therefore concludes that the poor state of affairs in African bureaucracy could change if the bureaucracy opens up to administrative reforms, particularly those that add value to their activities and actions. In this era of globalisation, international best practices should be domesticated."
"Introducing Systems Thinking into Public Sector Institutions: Learning by Doing?","https://scispace.com/paper/introducing-systems-thinking-into-public-sector-institutions-158updbmew","2020","Component","","Piret Tõnurist
Elena Rovenskaya
Reinhard Mechler
Ulf Dieckmann
Fabian Wagner","10.1787/3A9ACAA6-EN","","- **Relevance Score:** 17/100
- **Relevance Tag:** Not Relevant
- **Reasoning:** Uses systems thinking to make interconnections visible in public agencies; offers recommendations on fostering systemic policymaking, notes barriers, but lacks Institutional Throughput Theory, human‑capital focus, empirical case, or formal modelling.","The need to overhaul systems thinking in public sector management is discussed. While systems thinking as the methodology behind purpose‑driven change could be used to accomplish missions, the public sector is not necessarily interested or ready to use it for that. Systems thinking inside the public sector is generally a ‘sense-making’ tool to make interconnectedness visible (usually with the help of outside experts) rather than a day-to-day practise that helps guide everyday action and decision-making. Even if policy makers as individuals are systems thinkers, it does not mean the policies they design are systemic; one needs institutions to support systems policymaking. OECD’s and IIASA’s work shows that public sector leaders face an uphill battle: there is little clarity on who should promote systems thinking in public organisations and who should assure their capacity."
"Reforming public sector: Facing the challenges of effective human resource development policy in Ghana","https://scispace.com/paper/W6HiBFnUns4J","","","","KB Antwi
F Analoui","","https://www.emerald.com/jmd/article-pdf/27/6/600/1633724/02621710810877848.pdf","- **Relevance Score:** 17/100
- **Relevance Tag:** Not Relevant
- **Reasoning:** Uses open systems theory to discuss HR development and performance issues, but lacks Institutional Throughput Theory integration, formal modeling, empirical case data, or explicit policy recommendations.",""
"Enhancing performance through public sector networks: Mobilizing human capital in communities of practice","https://scispace.com/paper/enhancing-performance-through-public-sector-networks-2ag0rwwii3","2008","Journal Article","Public Performance & Management Review","Robert Agranoff","10.2753/PMR1530-9576310301","","- **Relevance Score:** 16/100
- **Relevance Tag:** Not Relevant
- **Reasoning:** Uses network case studies of 14 intergovernmental groups to illustrate connective human capital and performance outcomes; lacks Institutional Throughput or Systems Theory integration, and does not model dynamics or compare frameworks.","Important performance outcomes of public management networks are examined, based on a study of 14 intergovernmental networks comprised of administrators and program specialists. The key to performance is based on the application of connective human capital. Collaborative public value is added as network actors pursue those knowledge-building actions related to solving interagency problems. Performance outcomes are examined from individual administrator, partner agency, network process, and tangible results perspectives. Specific project outcomes of each network are illustrated. Finally, the importance of networks as communities of practice for achieving collaborative outcomes is demonstrated as a key public management process."
"Strategic human resource practices: Introducing alternatives for organizational performance improvement in the public sector","https://scispace.com/paper/strategic-human-resource-practices-introducing-alternatives-1d5kzblpng","2010","Journal Article","Public Administration Review","Jungin Kim","10.1111/J.1540-6210.2009.02109.X","","- **Relevance Score:** 16/100
- **Relevance Tag:** Not Relevant
- **Reasoning:** Uses public‑sector HR data to link merit rewards with perceived performance, offering empirical insights and practical HR suggestions, but lacks Institutional Throughput or Systems Theory integration and formal modeling.","Can public sector organizations increase productivity through competition in spite of inherent limitations, such as budget constraints? This study addresses that question by examining the impact of four factors that contribute to employees’ expectations regarding competitive work environments on organizational performance in terms of overall quality of work and client satisfaction. The four factors measured include rewards for merit such as salary and benefits, opportunities, organizational rules, and the capacity to deal with risks as perceived by employees. Using data on public and nonprofit sector employees, expectations for merit rewards were positively related to employees’ perception of organizational performance when the conditions of performance-based organizational rules and risk-taking behaviors were also satisfied. Moreover, employees’ perceptions of organizational performance tended to increase when they felt that organizational rules were oriented toward performance plus organizational members and top leaders exhibited greater risk-taking behaviors. However, no correlation was evident between employees’ expectations of opportunities and perceived organizational performance."
"Strategic human capital and the performance of public sector organizations","https://scispace.com/paper/strategic-human-capital-and-the-performance-of-public-sector-3ne9wqwwpu","2004","Journal Article","Scandinavian Journal of Management","Abraham Carmeli","10.1016/J.SCAMAN.2003.11.003","","- **Relevance Score:** 16/100
- **Relevance Tag:** Not Relevant
- **Reasoning:** Uses strategic human capital to discuss public‑sector effectiveness and offers policy recommendations, but lacks Institutional Throughput or Systems Theory integration, empirical case data, and modeling.",""
"The Effects of Information Communication Technology on Administrative Efficiency of Tamale Technical University","https://scispace.com/paper/the-effects-of-information-communication-technology-on-62hxiltv","2023","Journal Article","American Journal of Industrial and Business Management","Abdul-Razak Abubakari","10.4236/ajibm.2023.135025","https://scispace.com/pdf/the-effects-of-information-communication-technology-on-62hxiltv.pdf","- **Relevance Score:** 16/100
- **Relevance Tag:** Not Relevant
- **Reasoning:** Uses Systems Theory to frame ICT impact on university admin; provides empirical case at Tamale Technical University with recommendations, but lacks Institutional Throughput Theory integration, human‑capital conversion analysis, and policy‑friction discussion.","The aim of the study was to assess the effect of Information Communication Technology (ICT) on administrative efficiency using the Tamale Technical University (TaTU) as a study area. A descriptive quantitative design was adopted. The total population was stratified into teaching and non-teaching and samples were drawn from each stratum by the method of purposive sampling and a total of 214 respondents were arrived and used for this study. Structured questionnaire was used in collecting data. The study found that TaTU has deployed ICT in administrative functions to some extent even though the ICT logistics are still not available in offices for the administrative functions. The deployment of ICT at the administrative functions improves efficiency and effectiveness. The study however revealed: the lack of human resource management software as well as antivirus software; the lack of proper maintenance; inadequate budget allocations; lack of in-service trainings; using different brands of ICT logistics; and unstable internet connections are the challenges bedeviling the ICT deployment in the University. Standardized brands of modern ICT facilities need to be provided together with reliable internet facilities at all times to avoid unnecessary interruptions which affect efficiency. The maintenance culture of the ICT logistics should also be improved and training of in-service personnel on the usage of the ICT facilities to help ensure their efficient utilization in the University. "
"Improving the efficiency of public service through strategic human capital management: a comprehensive review of the literature","https://scispace.com/paper/improving-the-efficiency-of-public-service-through-strategic-6dnccm92b6ur","2024","Journal Article","Статистика, учет и аудит","D. Fazylzhan","10.51579/1563-2415.2024.-3.05","","- **Relevance Score:** 15/100
- **Relevance Tag:** Not Relevant
- **Reasoning:** Uses literature review to discuss human capital practices and barriers, but lacks Institutional Throughput or Systems Theory integration, empirical case, or formal modeling.","The article provides an overview of the literature on human capital management in the public sector with an emphasis on theoretical foundations, modern practices and problems. Human capital management is critical for the effectiveness of government organizations. The main theories are the resource-based approach and the theory of human capital, which emphasize the importance of staff development. Literature analysis identifies key practices such as technology adoption, training programs, and strategic alignment of reward systems, as well as problems in their implementation, including bureaucratic resistance and financial constraints. The article highlights the importance of strategic human capital management for the success of the public sector and suggests directions for future research. "
"Systems approaches to public service delivery: methods and frameworks","https://scispace.com/paper/systems-approaches-to-public-service-delivery-methods-and-2g6orep9wm","2023","Journal Article","Journal of Public Policy","Zahra Mansoor
Martin J. Williams","10.1017/s0143814x23000405","https://scispace.compdf/systems-approaches-to-public-service-delivery-methods-and-2g6orep9wm.pdf","- **Relevance Score:** 15/100
- **Relevance Tag:** Not Relevant
- **Reasoning:** Uses systems theory to typologize micro‑systems approaches for public service delivery; touches on efficiency and implementation barriers but lacks Institutional Throughput Theory, human‑capital focus, empirical cases, modeling, or concrete policy guidance.","
 Researchers and practitioners are increasingly embracing systems approaches to deal with the complexity of public service delivery and policy evaluation. However, there is little agreement on what exactly constitutes a systems approach, conceptually or methodologically. We review and critically synthesize systems literature from the fields of health, education, and infrastructure. We argue that the common theoretical core of systems approaches is the idea that multi-dimensional complementarities between a policy and other aspects of the policy context are the first-order problem of policy design and evaluation. We distinguish between macro-systems approaches, which focus on the collective coherence of a set of policies or institutions, and micro-systems approaches, which focus on how a single policy interacts with the context in which it operates. We develop a typology of micro-systems approaches and discuss their relationship to standard impact evaluation methods as well as to work in external validity, implementation science, and complexity theory."
"Optimizando la Teoría General de Sistemas: Un Enfoque Centrado en la Planificación","https://scispace.com/paper/optimizando-la-teoria-general-de-sistemas-un-enfoque-z3iwtoqjlh","2024","Journal Article","Revista Científica Ciencia y Tecnología","Francisco Javier Andrade Domínguez
Deborah Pérez Morfi","10.47189/rcct.v24i41.640","https://scispace.compdf/optimizando-la-teoria-general-de-sistemas-un-enfoque-z3iwtoqjlh.pdf","- **Relevance Score:** 15/100
- **Relevance Tag:** Not Relevant
- **Reasoning:** Uses systems theory to discuss institutional planning in public administration, but lacks Institutional Throughput Theory integration, human‑capital focus, empirical case, or modeling. Offers general policy suggestions without detailed efficiency analysis.","El objetivo de esta investigación consiste en examinar los sistemas de planificación y sus procedimientos homeostáticos, con el objetivo de comprender cómo se estructuran y regulan parcial o completamente, en función de la organización pública o privada, para lograr similitudes en la consecución de metas. Las contribuciones teóricas de este estudio se centran en la conceptualización de la teoría de sistemas y los isoformismos. La metodología empleada permite la identificación, selección y análisis de fuentes de información de manera sistemática, en relación con la teoría general de sistemas. La metodología es de tipo cuantitativa, los resultados se basan en la creación de un esquema lógico y secuencial, utilizando un dendrograma de variables que facilita la eliminación de redundancias entre los diversos conceptos examinados. Las conclusiones obtenidas a partir de esta investigación confirman que las organizaciones públicas son entidades dinámicas y cambiantes que se ven inevitablemente influenciadas por su entorno operativo. La novedad científica de este estudio radica en el desarrollo de una metodología para formular sistemas de planificación basada en la teoría general de sistemas, alineada con la planificación institucional y enfocándose en los objetivos institucionales de una institución pública. "
"Analiza utjecaja teorije agenata u privatnim i javnim poduzećima na primjeru hrvatskog zdravstvenog sustava","https://scispace.com/paper/analiza-utjecaja-teorije-agenata-u-privatnim-i-javnim-2e0ftn8x8m","2018","Journal Article","","Martina Sopta
Mihaela Mikić
Matej Botički","10.32676/N.3.9","https://scispace.com/pdf/analiza-utjecaja-teorije-agenata-u-privatnim-i-javnim-2e0ftn8x8m.pdf","- **Relevance Score:** 15/100
- **Relevance Tag:** Not Relevant
- **Reasoning:** Uses agent theory to discuss efficiency gaps and multiple principals in Croatia's health system, touching on human capital and barriers, but lacks Institutional Throughput, Systems Theory integration, modeling, or explicit policy recommendations.","Republika Hrvatska godinama se suočava s izazovom održivosti vlastitog zdravstvenog sustava zbog neučinkovitosti ustanova javne zdravstvene zaštite. Prevladava mišljenje kako uzrok tome leži u samoj strukturi zdravstvenog sustava, koji pruža zdravstvenu zaštitu svim građanima. Ovaj rad nastoji istražiti mogu li javne zdravstvene ustanove biti učinkovitije unatoč samoj strukturi sustava. Osnovna pretpostavka rada je da su javne zdravstvene ustanove neučinkovite zbog utjecaja agencijske teorije. Da bismo ispitali tu pretpostavku, potrebno je usporediti javne i privatne zdravstvene ustanove. Cilj ovog rada je utvrditi postoji li veći utjecaj agencijske teorije u ustanovama javnog zdravstva u odnosu na različiti utjecaj privatnog i javnog vlasništva na metode upravljanja. Metodologija istraživanja odnosi se na financijsku analizu odabranih privatnih i javnih zdravstvenih ustanova. Ispitivanje stručne osposobljenosti ravnatelja u ustanovama pokazalo je da nema velikih razlika u udjelu stručnjaka iz područja ekonomije u privatnim i javnim institucijama. Analiza učinkovitosti temeljena na specifičnim ustanovama pokazala je da su javne zdravstvene ustanove neučinkovitije od privatnih s obzirom na upravljanje troškovima. Na temelju toga zaključak je da je utjecaj agencijske teorije dominantniji u javnim zdravstvenim ustanovama."
"Designing policies that could work: understanding the interaction between policy design spaces and organizational responses in public sector","https://scispace.com/paper/designing-policies-that-could-work-understanding-the-3m6zz4jykj","2024","Journal Article","Policy Sciences","Giliberto Capano
Benedetto Lepori","10.1007/s11077-024-09521-0","","- **Relevance Score:** 13/100
- **Relevance Tag:** Not Relevant
- **Reasoning:** Uses four‑country case study of performance‑based funding to show how policy design shapes compliance and gaming. Lacks Institutional Throughput or Systems Theory integration, does not model human‑capital conversion, but discusses implementation frictions and offers limited policy guidance.","Abstract The goal of this paper is to contribute toward bridging the gap between policy design and implementation by focusing on domains, such as education, healthcare and community services, where policy implementation is largely left to the autonomous decision of public service providers, which are strategic actors themselves. More specifically, we suggest that two characteristics of policy design spaces in which policies are designed, i.e., the level of ideational coherence and the prevailing function of the adopted policy instruments, generate systematic patterns of responses in terms of the extent of compliance with policy goals, the presence of strategic gaming and possible defiance. We illustrate our model through a contrastive case study of the introduction of performance-based funding in the higher education sector in four European countries (France, Italy, Norway, and the United Kingdom). Our analysis displays that policy designs chosen by governments to steer public systems have different trade-offs in terms of responses of the public organizations involved that are essential to effectively implement governmental policies. The model we are proposing provides therefore a framework to understand how these interactions unfold in specific contexts, what are their effects on the achievement of policy goals and how policymakers could exploit their degrees of freedom in policy design to reduce unwanted effects. "
"Organizational Capacity","https://scispace.com/paper/organizational-capacity-zg3k4qrxh4z2","","","","Michael M. Ting","10.1093/jleo/ewp021","","- **Relevance Score:** 13/100
- **Relevance Tag:** Not Relevant
- **Reasoning:** Uses formal modeling of capacity investment to analyze implementation outcomes; lacks Institutional Throughput or Systems Theory, human‑capital focus, and empirical case work.","Organizational capacity is critical to the effective implementation of policy. Consequently, strategic legislators and bureaucrats must take capacity into account in designing programs. This article develops a theory of endogenous organizational capacity. Capacity is modeled as an investment that affects a policy's subsequent quality or implementation level. The agency has an advantage in providing capacity investments and may therefore constrain the legislature's policy choices. A key variable is whether investments can be ""targeted"" toward specific policies. If it cannot, then implementation levels decrease with the divergence in the players' ideal points and policy-making authority may be delegated to encourage investment. If investment can be targeted, then implementation levels increase with the divergence of ideal points if the agency is sufficiently professionalized, and no delegation occurs. In this case, the agency captures more benefits from its investment, and capacity is higher. The agency therefore prefers policy-specific technology. (JEL D72, D73)"
"Human Capital Development and Asset Optimization: A Conceptual Framework for Reducing Asset Mismanagement","https://scispace.com/paper/human-capital-development-and-asset-optimization-a-126ewfu5e9kl","2025","Journal Article","International Journal of Academic Research in Progressive Education and Development","Susana Santy
Putri Firdiah Karim
Guntur Noerman Sanjaya
Norziana Lokman
Fazlida Mohd Razali","10.6007/ijarped/v14-i3/26619","","- **Relevance Score:** 13/100
- **Relevance Tag:** Not Relevant
- **Reasoning:** Uses human‑capital training and talent management to address asset mismanagement; offers concrete recommendations for governance and optimization, but lacks ITT, systems lens, empirical data, or modeling.","Asset mismanagement has been identified as a critical governance challenge across both public and private institutions worldwide, resulting in significant financial losses, inefficiencies, and reputational damage. This conceptual paper explores the role of human capital development in mitigating asset mismanagement through a framework that integrates capacity building, ethical leadership, and optimization strategies. Drawing upon global evidence, the paper argues that asset mismanagement is not merely a technical issue of systems and procedures but fundamentally a human issue linked to skill gaps, weak accountability, and organisational culture. The proposed conceptual framework emphasizes the integration of human capital strategies, including training, talent management, and governance awareness, with asset optimization approaches such as lifecycle management, digitalization, and performance measurement. By linking these elements, the paper offers a pathway to reducing mismanagement risks and enhancing sustainable institutional performance. "
"Network Theory in the Public Sector : Building New Theoretical Frameworks","https://scispace.com/paper/network-theory-in-the-public-sector-building-new-theoretical-28qt7k7j02","2014","Monograph","","Robyn L Keast
Myrna Mandell
Robert Agranoff","10.4324/9780203752562","","- **Relevance Score:** 12/100
- **Relevance Tag:** Not Relevant
- **Reasoning:** Uses network theory to discuss governance and collaborative advantage, offering systems‑like perspectives and efficiency insights, but lacks Institutional Throughput focus, human‑capital analysis, empirical cases, or formal modeling.","Part 1. Introduction to the Issues/Current Network Theories 1. Introduction: Understanding Theory Myrna P. Mandell 2. Network Theory Tracks and Trajectories: Where From, Where To? Robyn Keast Part 2. New Theoretical Frameworks: Informing Design, Governance Arrangements and Management 3. A Composite Theory of Leadership and Management: Process Catalyst and Strategic Leveraging-Theory of Deliberate Action in Collaborative Networks Robyn Keast and Myrna P. Mandell 4. Building and Using the Theory of Collaborative Advantage Siv Vangen and Chris Huxham 5. The Democratic Potentials of Governance Networks in Inter- Governmental Decision Making Eva Sorensen 6. Governance Network Performance: A Complex Adaptive Systems Approach Christopher Koliba 7. Governing Through Networks: A Systemic Approach Deborah Rice 8. Network Management Theory through Management Channels and Roles Joris Voets Part 3. Putting Theory into Practice 9. Network Management Behaviors: Closing the Theoretical Gap Robert Agranoff and Michael McGuire 10. What Can Governance Network Theory Learn From Complexity Theory? Mirroring Two Perspectives on Complexity Joop Koppenjan and Erik-Hans Klijn 11. Network Performance: Towards A Dynamic Multidimensional Model Denita Cepiku Part 4. Implications and Conclusion 12. Bridging the Theoretical Gap and Uncovering the Missing Holes Robert Agranoff"
"Public value creation and strategic human resource management: Public service motivation as a linking mechanism","https://scispace.com/paper/public-value-creation-and-strategic-human-resource-1rzxvq4skt","2013","Other","","Wouter Vandenabeele
Peter Leisink
Eva Knies","10.4337/9781781006962.00010","","- **Relevance Score:** 12/100
- **Relevance Tag:** Not Relevant
- **Reasoning:** Uses public service motivation to link HR practices with value creation, touching on human capital use and efficiency, but lacks Institutional Throughput or Systems Theory integration, empirical case, modeling, or barrier analysis.","2 Public management contributions for improving social service performance: public values, public service motivation and rule functionality 19 Gene A. Brewer 3 Public value creation and strategic human resource management: public service motivation as a linking mechanism 37 Wouter Vandenabeele, Peter Leisink and Eva Knies 4 Academia: habitat of contesting public values? 55 Henk J. van Rinsum and Arie de Ruijter 5 Public value and localism in the UK 71 Keith Grint and Clare Holt 6 The organization of social issues through sport: youths in public playgrounds 88 Jeroen Vermeulen"
"Development of knowledge economy framework in the life science sector in the Kingdom of Saudi Arabia","https://scispace.com/paper/development-of-knowledge-economy-framework-in-the-life-4cyl601ebp","2018","Dissertation","","Omar A. Al-Harbi","10.23889/SUTHESIS.43855","https://scispace.com/pdf/development-of-knowledge-economy-framework-in-the-life-4cyl601ebp.pdf","- **Relevance Score:** 12/100
- **Relevance Tag:** Not Relevant
- **Reasoning:** Uses systems theory to frame Saudi life‑science innovation network; mentions human capital importance but lacks throughput theory, public‑sector focus, empirical case, modeling, or policy friction analysis.","Use policy: _________________________________________________________________________  This item is brought to you by Swansea University. Any person downloading material is agreeing to abide by the terms of the repository licence: copies of full text items may be used or reproduced in any format or medium, without prior permission for personal research or study, educational or non-commercial purposes only. The copyright for any work remains with the original author unless otherwise specified. The full-text must not be sold in any format or medium without the formal permission of the copyright holder. Permission for multiple reproductions should be obtained from the original author."
"Dictionary of Public Administration Management","https://scispace.com/paper/dictionary-of-public-administration-management-2ppwosnv","2022","Book","","","10.51936/978-961-295-026-2","https://scispace.com/pdf/dictionary-of-public-administration-management-2ppwosnv.pdf","- **Relevance Score:** 12/100
- **Relevance Tag:** Not Relevant
- **Reasoning:** Uses systems theory to analyze public administration holistically, highlighting feedback and open‑system dynamics; lacks Institutional Throughput Theory, human‑capital focus, empirical case, or modeling.",""
"Efficiency of Public Sector Organizations: Perspectives from Theories of Bureaucracy","https://scispace.com/paper/efficiency-of-public-sector-organizations-perspectives-from-5bkq4atxld","2013","Journal Article","Journal of Advanced Research in Law and Economics","Taptuk Emre Erkoc","","https://mpra.ub.uni-muenchen.de/49386/1/MPRA_paper_49386.pdf","- **Relevance Score:** 12/100
- **Relevance Tag:** Not Relevant
- **Reasoning:** Uses bureaucracy theory to discuss public‑sector efficiency and incentive‑related barriers; lacks Institutional Throughput, Systems Theory, human‑capital focus, empirical case, or formal modelling.","Economic insights on the provision of public goods and services by public sector organizations went hand in hand with probing questions on the efficient allocation of resources within them concerning neo-classical assumptions on the theory of firm (Coase, 1937; Alchian and Demsetz, 1972). The rationale behind the unprecedented divergences from the neo-classical firm postulations on the basis of not-to-operate at the efficient production frontier has attracted attentions of researchers working not only on the private firms but also on the public sector. This paper investigates theoretical underpinnings of efficient allocation of resources within public sector organizations on the basis of a variety of arguments. Before examining the (in) efficient usage of resources in the public sector that is mostly based on the theory of bureaucracy, methodological and practical challenges to measure the efficiency performances of public intuitions are visited. Subsequently, institutional framework on the public provision of goods and services is scrutinised referring particularly to the discussion on incentive schemes and efficiency."
"Understanding Policy Implementation Processes as Self-Organizing Systems","https://scispace.com/paper/understanding-policy-implementation-processes-as-self-2ei5efel9j","2008","Journal Article","Public Management Review","Michael J.R. Butler
Peter M. Allen","10.1080/14719030802002923","https://scispace.com/pdf/understanding-policy-implementation-processes-as-self-2ei5efel9j.pdf","- **Relevance Score:** 12/100
- **Relevance Tag:** Not Relevant
- **Reasoning:** Uses self‑organizing systems lens to explain unpredictable policy implementation; mentions emergent processes and barriers but lacks Institutional Throughput Theory, human‑capital focus, efficiency metrics, and formal modelling.","Implementation studies and related research in organizational theory can be enhanced by drawing on the field of complex systems to understand better and, as a consequence, more successfully manage change. This article reinterprets data previously published in the British Journal of Management to reveal a new contribution, that policy implementation processes should be understood as a self-organizing system in which adaptive abilities are extremely important for stakeholders. In other words, national policy is reinterpreted at the local level, with each local organization uniquely mixing elements of national policy with their own requirements making policy implementation unpredictable and more sketchy. The original article explained different paces and directions of change in terms of traditional management processes: leadership, politics, implementation and vision. By reinterpreting the data, it is possible to reveal that deeper level processes, which are more emergent, are also at work influencing change, which the authors label possibility space. Implications for theory, policy and practice are identified."
"Causality between high-performance work systems and organizational performance","https://scispace.com/paper/causality-between-high-performance-work-systems-and-1s2tymqnks","2017","Journal Article","Journal of Management","Duckjung Shin
Alison M. Konrad","10.1177/0149206314544746","https://www.academia.edu/download/38023490/Shin_Journal_of_Management-2014.pdf","- **Relevance Score:** 12/100
- **Relevance Tag:** Not Relevant
- **Reasoning:** Uses systems theory to examine HR practices; focuses on converting human capital via high‑performance work systems, but lacks institutional throughput framing, public‑sector context, and policy‑implementation analysis.",""
"… public sector performance: studying the impact of ability-, motivation-and opportunity-enhancing human resources practices on various performance outcomes in the …","https://scispace.com/paper/yh4Uc0gXsxIJ","","","","B Vermeeren","","","- **Relevance Score:** 12/100
- **Relevance Tag:** Not Relevant
- **Reasoning:** Focuses on HR practices affecting effectiveness and efficiency, offering limited empirical insight but lacks Institutional Throughput or Systems Theory integration and policy‑friction analysis.",""
"Internal Financial Controls and Working Capital Management in Public Universities in Uganda: A Case Study of Makerere University Kampala","https://scispace.com/paper/internal-financial-controls-and-working-capital-management-4vkij38lx2","2020","Journal Article","International Journal of Business Administration","Eric Nzibonera
James Ninsiima","10.5430/IJBA.V11N3P72","https://scispace.com/pdf/internal-financial-controls-and-working-capital-management-4vkij38lx2.pdf","- **Relevance Score:** 11/100
- **Relevance Tag:** Not Relevant
- **Reasoning:** Uses regression analysis on Makerere University data to assess internal controls and working capital; lacks Institutional Throughput or Systems Theory, human‑capital focus, and policy‑friction analysis.","The objective of the study is to examine the extent to which internal financial controls affect working capital management in Public Universities in Uganda. Working capital is vital for running of institutions because it provides the financial liquidity needed to effectively manage day-today operations. A cross-sectional research design was adopted using a quantitative approach. Data was collected from staff of Finance and Internal Audit Directorates, and heads of Departments, Schools and Colleges of Makerere University using a self- administered closed ended questionnaire. Empirical data was analyzed using descriptive statistics, Pearson’s correlation and regression tests. Findings indicate that the elements of internal financial controls which include; the control environment, risk assessment process and budget control have a positive and significant effect. The effect of control activities is not statistically significant. Therefore, Public Universities should strengthen financial control policies and procedures, risk assessment processes and budgetary control mechanisms to effectively manage working capital."
"Efektivitas Implementasi Kebijakan Publik dalam Mewujudkan Pelayanan Publik yang Responsif: Tinjauan Teoritis dan Empiris","https://scispace.com/paper/efektivitas-implementasi-kebijakan-publik-dalam-mewujudkan-1cjmakpdkcnr","2025","Journal Article","Jurnal Riset Rumpun Ilmu Sosial, Politik dan Humaniora","Addawiyah Addawiyah
Lolita Febrian
Nurul Fadillah","10.55606/jurrish.v4i1.4438","","- **Relevance Score:** 10/100
- **Relevance Tag:** Not Relevant
- **Reasoning:** Uses literature review to link implementation effectiveness with service quality, noting resource and coordination barriers; offers broad reform suggestions but lacks explicit Institutional Throughput or Systems Theory integration, empirical case data, or formal modeling.","This study aims to analyze the effectiveness of public policy implementation in realizing responsive public services with a literature review approach. The focus of the study is directed at conceptual understanding of the dimensions of policy effectiveness, the characteristics of responsive public services, the relationship between policy and service quality, and implementation challenges in the field. The method used is a descriptive qualitative method based on literature studies from various theoretical and empirical sources. The results of the study show that the effectiveness of implementation is highly correlated with the quality of public services, where factors such as resources, inter-agency coordination, and community involvement are the main keys to success. Bureaucratic reform strategies, capacity building of apparatus, and open and adaptive governance are needed to realize public services that truly answer the needs of the community. "
"Public Policy Implementation: Lessons for the Design. Analysis of Cases of Public Management Modernization and Health Care Reform in Chile","https://scispace.com/paper/public-policy-implementation-lessons-for-the-design-analysis-5frw6bsvw5","2017","Journal Article","","Mauricio Olavarría Gambi","10.69733/clad.ryd.n67.a128","","- **Relevance Score:** 10/100
- **Relevance Tag:** Not Relevant
- **Reasoning:** Uses 142 interviews and document analysis to examine Chilean reform implementation, identifying barriers and offering design lessons; lacks Institutional Throughput or Systems Theory integration, modeling, and comparative framing.","The article analyzes public policy implementation on public management modernization and health care reform occurred in Chile between 1990s and 2010s decades. The analysis is based on the framework provided by Hasenfeld and Brock (1991), whom identify the following main driving forces: the pursuit of rationality, the organization policy-fit, the bureaucratic discretion and adaptation, power relation, and leadership and competence. This work inquires whether those driving forces have been present in the implementation of the analyzed policies and, to do that, it concentrate on the political management of them, the readiness of the basic conditions, factors and necessary circumstances for the operation of the mentioned policies. The document identifies lessons to be considered for the design of public interventions. It concludes that driving forces influencing the public policy implementation process varies in correspondence to the government sector of activity they belong to. Because of that, implementation would not be a process that concrete in the same manner in the different areas of government activity. That implies that public policy design should consider this characteristic of the implementation process and, mainly, in the definition of the characteristics and profile of those who would be in charge of putting in practice the public policy. The unit of analysis is the inter-organizational network in which these public policies have been implemented. Information comes from official documents, press clippings, academic literature and 142 interviews to key actors of these policies. "
"Breves disquisiciones teóricas en torno al tema capital humano y eficiencia organizativa","https://scispace.com/paper/breves-disquisiciones-teoricas-en-torno-al-tema-capital-2c8qbeko6u","2016","","","Francisco Ganga Contreras
Aldo Cassinelli Capurro
Gustavo Díaz Santis
Silvia A. Maluk","","https://www.redalyc.org/pdf/336/33646908002.pdf","- **Relevance Score:** 10/100
- **Relevance Tag:** Not Relevant
- **Reasoning:** Uses human‑capital concepts to discuss organizational efficiency, but lacks Institutional Throughput or Systems Theory integration, empirical data, modeling, and policy‑implementation analysis.","El concepto de Capital Humano, entendido como el valor economico potencial de la mayor capacidad productiva de un individuo, tiene un impacto sideral en la “eficiencia” de las organizaciones o en la forma en la que ellas organizan sus recursos para conseguir los resultados esperados. Si se observa cualquier tipo de organizacion, es posible constatar que tanto las individualidades como los equipos de alto nivel pueden contribuir significativamente en la eficacia de una institucion. De igual forma la organizacion puede privilegiar la excelencia de su Capital Humano, ya sea en la adecuada asignacion de sus deberes como en la apropiada compensacion retributiva. Tomando en cuenta este contexto, el trabajo tiene como finalidad principal desarrollar breves reflexiones en relacion al tema del Capital Humano y su relacion con la eficiencia organizacional, colocando algunas referencias -a modo de ejemplo- del caso de Chile. Para lograr este proposito, se acudio a fuentes secundarias, lo cual implico una revision de articulos y documentos relacionados con el tema. Identificar los elementos de la estrecha relacion de interdependencia entre la eficiencia organizacional y el Capital Humano parece clave a la hora de querer potenciar los beneficios esperados de las instituciones, asi como al momento de disenar politicas publicas que permitan a las entidades y a los paises, contar con los mayores beneficios de la llamada “eficiencia organizativa”, alcanzado un rendimiento de excelencia. En este escenario, las personas y sus competencias son las que determinan el verdadero exito y viabilidad organizacional."
"The implementation of Health in All Policies initiatives: a systems framework for government action.","https://scispace.com/paper/the-implementation-of-health-in-all-policies-initiatives-a-5eegd1oky6","2018","Journal Article","Health Research Policy and Systems","Ketan Shankardass
Ketan Shankardass
Carles Muntaner
Lauri Kokkinen
Faraz Vahid Shahidi
Alix Freiler
Goldameir Oneka
Ahmed M. Bayoumi
Patricia O'Campo","10.1186/S12961-018-0295-Z","https://scispace.com/pdf/the-implementation-of-health-in-all-policies-initiatives-a-5eegd1oky6.pdf","- **Relevance Score:** 10/100
- **Relevance Tag:** Not Relevant
- **Reasoning:** Uses systems framework to map HiAP implementation across government subsystems; includes case studies of Sweden, Quebec, South Australia and offers implementation recommendations, but lacks Institutional Throughput Theory, human‑capital focus, efficiency metrics, and formal modeling.","There has been a renewed interest in broadening the research agenda in health promotion to include action on the structural determinants of health, including a focus on the implementation of Health in All Policies (HiAP). Governments that use HiAP face the challenge of instituting governance structures and processes to facilitate policy coordination in an evidence-informed manner. Due to the complexity of government institutions and the policy process, systems theory has been proposed as a tool for evaluating the implementation of HiAP. Our multiple case study research programme (HiAP Analysis using Realist Methods On International Case Studies – HARMONICS) has relied on systems theory and realist methods to make sense of how and why the practices of policy-makers (including politicians and civil servants) from specific institutional environments (policy sectors) has either facilitated or hindered the implementation of HiAP. Herein, we present a systems framework for the implementation of HiAP based on our experience and empirical findings in studying this process. We describe a system of 14 components within three subsystems of government. Subsystems include the executive (heads of state and their appointed political elites), intersectoral (the milieu of policy-makers and experts working with governance structures related to HiAP) and intrasectoral (policy-makers within policy sectors). Here, HiAP implementation is a process involving interactions between subsystems and their components that leads to the emergence of implementation outcomes, as well as effects on the system components themselves. We also describe the influence of extra-governmental systems, including (but not limited to) the academic sector, third sector, private sector and intergovernmental sector. Finally, we present a case study that applies this framework to understand the implementation of HiAP – the Health 2015 Strategy – in Finland, from 2001 onward. This framework is useful for helping to explain how, why and under what circumstances HiAP has been successfully and unsuccessfully implemented in a sustainable manner. It serves as a tool for researchers to study this process, and for policy-makers and other public health actors to manage this process."
"A Review of the Impact of Institutions on Public Sector Efficiency","https://scispace.com/paper/a-review-of-the-impact-of-institutions-on-public-sector-c6a08ewk9aph","2025","Journal Article","International Review of Management and Marketing","Salem Abdulrahman Alqasimi
Panagiotis Zervopoulos
Abu Elias Sharker
Andreas E. Fousteris","10.32479/irmm.19428","","- **Relevance Score:** 10/100
- **Relevance Tag:** Not Relevant
- **Reasoning:** Reviews institutional impact on public‑sector efficiency; lacks Institutional Throughput and Systems Theory integration, human‑capital conversion, empirical case, or modeling. Mentions efficiency and policy friction, offers general recommendations.",""
"Beyond state capacity: bureaucratic performance, policy implementation and reform","https://scispace.com/paper/beyond-state-capacity-bureaucratic-performance-policy-3xc3ylv8lc","2021","Journal Article","Journal of Institutional Economics","Martin J. Williams","10.1017/S1744137420000478","https://ora.ox.ac.uk/objects/uuid:b60163bc-5b31-4901-8c53-17de33b2f619/download_file?file_format=&safe_filename=WilliamsAAM2020.pdf&type_of_work=Journal+article","- **Relevance Score:** 10/100
- **Relevance Tag:** Not Relevant
- **Reasoning:** Uses bureaucratic performance critique to discuss policy implementation barriers and efficiency, but lacks Institutional Throughput or Systems Theory integration, human‑capital focus, empirical case, or formal modeling.","There is a broad consensus that state capacity is central to economic and institutional development. But while the concept originated as a tool for macro-historical and comparative analysis, its success has led the term ‘capacity’ to become a default metaphor for discussing the quality of government bureaucracies. This paper discusses the limitations to conceiving of narrower questions of bureaucratic performance and policy implementation through the lens of the broad, aggregate concept of capacity. Whereas capacity refers to bureaucracies' hypothetical potential, this usually differs from their actual actions due to internal information and incentive problems created by bureaucracies' collective nature, and the constraints and uncertainty imposed by their multiple political principals. Capacity is a convenient shorthand term and is appropriate for some purposes, but it achieves this convenience by abstracting away from the mechanisms that determine bureaucratic performance and policy implementation. To advance the study of bureaucratic quality, researchers should seek to understand the implications of bureaucracies' collective nature, engage with contextual specificity and contingency in policy implementation, and focus measurement and reform efforts more towards actual performance than hypothetical capacity."
"Evaluating the implementation of E-Government in developing countries : the case of Nigeria","https://scispace.com/paper/evaluating-the-implementation-of-e-government-in-developing-3rkrgrac27","2014","Dissertation","","Olusoyi Olatokunbo Richard Ashaye","","https://scispace.com/pdf/evaluating-the-implementation-of-e-government-in-developing-3rkrgrac27.pdf","- **Relevance Score:** 8/100
- **Relevance Tag:** Not Relevant
- **Reasoning:** Uses Institutional Theory to map e‑government barriers in Nigeria; provides an empirical case study. Lacks Institutional Throughput, Systems Theory, human‑capital focus, efficiency metrics, and formal modeling.","....................................................................................................................... i Acknowledgements .................................................................................................. iii Dedication ................................................................................................................... v Declaration, Biography and List of Publications ................................................... vi Declaration .............................................................................................................. vi Biography ................................................................................................................ vi List of Publications ..................................................................................................vii Table of"
"Public Management","https://scispace.com/paper/public-management-zbbhmt7rygxx","","","","Laurence J. O'Toole, Jr
Kenneth J. Meier","10.1017/cbo9780511784040","","- **Relevance Score:** 8/100
- **Relevance Tag:** Not Relevant
- **Reasoning:** Uses large‑scale performance data to assess public manager effectiveness, offering empirical insights but lacks Institutional Throughput or Systems Theory integration, human‑capital focus, or modeling.","How effective are public managers as they seek to influence how public organizations deliver policy results? How, and how much, is management related to the performance of public programs? What aspects of management can be distinguished? Can their separable contributions to performance be estimated? The fate of public policies in today's world lies in the hands of public organizations, which in turn are often intertwined with others in latticed patterns of governance. Collectively, these organizations are expected to generate performance in terms of policy outputs and outcomes. In this book, two award-winning researchers investigate the effectiveness of management in the public sector. Firstly, they develop a systematic theory on how effective public managers are in shaping policy results. The rest of the book then tests this theory against a wide range of evidence, including a data set of 1,000 public organizations."
"Human Capital Deployment and Organizational Efficiency: A ‎Cross-National Benchmarking Analysis of Global Workforce Distribution Patterns","https://scispace.com/paper/human-capital-deployment-and-organizational-efficiency-a-hzpf9c3vitnw","2025","Journal Article","International Journal of Accounting and Economics Studies","Ayse İlgün Kamanli
Yavuz Selim Balcıoğlu","10.14419/8tfrn889","","- **Relevance Score:** 7/100
- **Relevance Tag:** Not Relevant
- **Reasoning:** Uses cross‑national workforce data to examine human capital efficiency in private firms; lacks Institutional Throughput Theory, Systems Theory, public‑sector focus, and policy friction analysis.","The research examines human capital deployment strategies between different organizational sizes and geographic locations by analyzing ‎workforce distribution patterns across 8,395 global companies. The study uses Resource-Based View and Human Capital Theory ‎and Strategic Human Resource Management to analyze human capital as both a cost center and performance driver. The study incorporates ‎Institutional Theory and Contingency Theory , and Dynamic Capabilities to understand organizational adaptability and contextual influences. The research uses a quantitative cross-sectional design to study the connections between workforce size and market capitalization ‎and geographic origin, and sectoral distribution. The research demonstrates major differences in human capital efficiency between different ‎organizational sizes and geographic areas, and industrial sectors, which proves that standardized HR strategies are insufficient ‎and organizations need customized workforce scaling methods. The research advances human capital economics theory while providing practical guidance for global HR benchmarking and strategic workforce design‎. "
"Thresholds Are Everywhere: A Systems Approach to Public Policy","https://scispace.com/paper/thresholds-are-everywhere-a-systems-approach-to-public-tqotb9zyzx","2019","Journal Article","Bar. Brazilian Administration Review","Hamilton Coimbra Carvalho
Giuliana Isabella
José Afonso Mazzon","10.1590/1807-7692BAR2019180106","https://scispace.com/pdf/thresholds-are-everywhere-a-systems-approach-to-public-tqotb9zyzx.pdf","- **Relevance Score:** 7/100
- **Relevance Tag:** Not Relevant
- **Reasoning:** Uses thresholds framework to analyze a Brazilian food program, offering a conceptual lens but lacks Institutional Throughput Theory integration, human‑capital focus, efficiency metrics, or formal modeling.","The analysis of public policies often fails to account for effects beyond mere cost-benefit analysis. Incorporating elements from the literature on system dynamics, complexity and legitimacy, the present paper develops a framework to understand long-term effects and important constraints for public policies. We call it the thresholds framework, considering the existence of different thresholds in the life of a policy. The framework relies on the application of conceptual lenses to understand essential aspects of the social reality. Using the proposed conceptual repertoire, the paper applies the framework to a specific policy, the Brazilian Worker Food Program (WFP), which currently benefits around 20 million employees working for 250,000 companies in Brazil. The thresholds framework incorporates legitimacy and complexity issues and it is sufficiently flexible for the pursuit of different strategies of inquiry. It may be used to guide the design of business programs in dynamic contexts, such as the ones found in modern social cause environments."
"Thresholds Are Everywhere: A Systems Approach to Public Policy","https://scispace.com/paper/thresholds-are-everywhere-a-systems-approach-to-public-36jvx17ywf","2019","Dataset","","Hamilton Coimbra Carvalho
Giuliana Isabella
José Afonso Mazzon","10.6084/m9.figshare.9696788","","- **Relevance Score:** 7/100
- **Relevance Tag:** Not Relevant
- **Reasoning:** Uses systems‑dynamics lenses to map policy thresholds; applies framework to Brazil's Worker Food Program as an empirical illustration, but lacks Institutional Throughput Theory, human‑capital focus, efficiency metrics, and formal modeling.","Abstract The analysis of public policies often fails to account for effects beyond mere cost-benefit analysis. Incorporating elements from the literature on system dynamics, complexity and legitimacy, the present paper develops a framework to understand long-term effects and important constraints for public policies. We call it the thresholds framework, considering the existence of different thresholds in the life of a policy. The framework relies on the application of conceptual lenses to understand essential aspects of the social reality. Using the proposed conceptual repertoire, the paper applies the framework to a specific policy, the Brazilian Worker Food Program (WFP), which currently benefits around 20 million employees working for 250,000 companies in Brazil. The thresholds framework incorporates legitimacy and complexity issues and it is sufficiently flexible for the pursuit of different strategies of inquiry. It may be used to guide the design of business programs in dynamic contexts, such as the ones found in modern social cause environments. "
"The gender gap of returns on education across West European countries","https://scispace.com/paper/the-gender-gap-of-returns-on-education-across-west-european-z8dfcox6as","2014","Journal Article","International Journal of Manpower","Concetta Mendolicchio
Thomas Rhein","10.1108/IJM-02-2013-0026","https://scispace.com/pdf/the-gender-gap-of-returns-on-education-across-west-european-z8dfcox6as.pdf","- **Relevance Score:** 7/100
- **Relevance Tag:** Not Relevant
- **Reasoning:** Analyzes gendered returns on education (human capital) across West Europe, offering policy insights, but lacks Institutional Throughput or Systems Theory integration, public‑sector focus, and modeling.","Purpose – The purpose of this paper is to study the gender specific private returns on education (RE) in Europe in a comparative perspective. The authors extend the model of de la Fuente (2003) by estimating the parameters by gender and introducing maternity leaves and benefits. The paper analyses the impact of the public policy variables evaluating the elasticities with respect to unemployment benefits, marginal and average tax rates, maternity leave and childcare benefits. Design/methodology/approach – The authors estimate the Mincerian coefficients, with the Heckman’ selection model, for 12 West European countries using the EU-SILC data. The authors then use them as input to calibrate the decision model. Findings – The RE of females tend to be higher than those of males in all the Europeans countries but Germany, the Netherlands and Sweden. The gender gap can be explained mainly by the wage premia and labour income taxes which more than compensate the negative effects on females’ returns triggered by h..."
"Research and Planning for Higher Education.","https://scispace.com/paper/research-and-planning-for-higher-education-4i0tatfxra","1978","","","Robert H. Fenske
Paul J. Staskey","","https://scispace.com/pdf/research-and-planning-for-higher-education-4i0tatfxra.pdf","- **Relevance Score:** 7/100
- **Relevance Tag:** Not Relevant
- **Reasoning:** Uses human capital theory to discuss education's economic impact; lacks Institutional Throughput, Systems Theory, public‑sector focus, and empirical modeling.",""
"Institutional Theory: Problems and Prospects","https://scispace.com/paper/institutional-theory-problems-and-prospects-4ulilgtc0b","2000","","","B. Guy Peters","","https://scispace.com/pdf/institutional-theory-problems-and-prospects-4ulilgtc0b.pdf","- **Relevance Score:** 7/100
- **Relevance Tag:** Not Relevant
- **Reasoning:** Uses systems theory to explain institutionalization, but lacks throughput theory, human‑capital focus, efficiency analysis, or empirical case work.","Institutional theory in political science has made great advances in recent years, but also has a number of significant theoretical and methodological problems. The most important of these problems is the generally static nature of institutional explanations. Also, there is a nagging problem of the difficulties in measuring institutional variables in other than simplistic, nominal categories. As well as discussing these problems this paper addresses the static nature of institutional theory by examining the concept of ""institutionalization"", and the creation (and tearing down) of institutional structures. The paper argues that by considering institutionalization as a continuous variable rather than a nominal variable we can beginto understand better the dynamics of institutions themselves, and therefore also develop better institutional explanations for other social and political phenomena.;"
"Integrating Performance Management into the Policy Process via Institutional Analysis Framework","https://scispace.com/paper/integrating-performance-management-into-the-policy-process-4626tg0ig8","2017","Book Chapter","","Shlomo Mizrahi","10.1007/978-3-319-52350-7_6","","- **Relevance Score:** 6/100
- **Relevance Tag:** Not Relevant
- **Reasoning:** Uses institutional analysis to map policy feedback and lock‑in effects, suggesting change strategies; offers concrete recommendations but lacks throughput, systems, human‑capital, efficiency, empirical or modeling components.","This chapter develops an integrative framework for analyzing the ways in which specific performance management systems are decided and implemented. We integrate the various streams of new institutionalism and the explanations of public sector reforms. The framework helps explain processes of change and suggests strategies for overcoming barriers in the stages of policy making and implementation. The framework consists of a four-step analysis that identifies the negative policy feedback, determines the strength of the lock-in effect, explains the evolution of transformative entrepreneurs and their ideational motivations, and analyzes the strategies of change using the typologies in the literature as well as the micro-level decision-making models of rational choice institutionalism."
"Impacts of International","https://scispace.com/paper/impacts-of-international-4y0hmh3t59","1995","","","A Steve
Oak Brook
Descriptors Adult
Bryony A. Thompson
D. Knutson
Benny L. Lockett
E. Tomlin
D. Hamilton
Michael D. Woods
Warren L. Trock
A. Weber
R. Harvey
C. Pulver
L. Gardner","","https://scispace.com/pdf/impacts-of-international-4y0hmh3t59.pdf","- **Relevance Score:** 5/100
- **Relevance Tag:** Not Relevant
- **Reasoning:** Uses discussion of family, community, and social capital to explain student outcomes; touches on human capital concepts but lacks Institutional Throughput, Systems Theory, efficiency analysis, or empirical modeling.",""
"Conflicting theories of social and educational change : a typological review","https://scispace.com/paper/conflicting-theories-of-social-and-educational-change-a-51q1t0nlwc","1976","Book","","Rolland G. Paulston","","https://scispace.com/pdf/conflicting-theories-of-social-and-educational-change-a-51q1t0nlwc.pdf","- **Relevance Score:** 5/100
- **Relevance Tag:** Not Relevant
- **Reasoning:** Uses systems theory critique to discuss educational change, but lacks Institutional Throughput Theory, human‑capital focus, public‑sector efficiency, or policy‑implementation analysis; no empirical case or modeling.",""
"The polity of implementation: Organizational and institutional arrangements in policy implementation","https://scispace.com/paper/the-polity-of-implementation-organizational-and-1j56uw1l","2022","Journal Article","Governance","Fritz Sager
Anat Gofen","10.1111/gove.12677","https://scispace.com/pdf/the-polity-of-implementation-organizational-and-1j56uw1l.pdf","- **Relevance Score:** 2/100
- **Relevance Tag:** Not Relevant
- **Reasoning:** Discusses implementation arrangements and barriers, but lacks Institutional Throughput Theory, Systems Theory, human‑capital focus, efficiency metrics, empirical case, modeling, or policy recommendations.","Policy implementation is a formative stage of the policy process. It determines policy's form and effect while also lying at the intersection of politics, policy, and the public. Policy implementation takes place within a given institutional setting and requires specific structure and organization to conduct it both of which allocate decision power and mint specific roles in the implementation process. Nevertheless, current implementation literature tends to overlook implementation arrangements as structures influencing, and influenced by, power. This special issue draws on various aspects of implementation arrangements to demonstrate the significant, yet underexplored, polity of implementation. To do so, this introduction begins by reviewing the conceptual frameworks available in the current implementation scholarship. This is followed by a discussion of the special issue's seven contributions. Finally, the conclusion proposes recommendations for conducting future research on the polity of implementation. "
"From Idea to Action Notes for a Contingency Theory of the Policy Implementation Process","https://scispace.com/paper/from-idea-to-action-notes-for-a-contingency-theory-of-the-2o89y7po03","1985","Journal Article","Administration & Society","Ernest R. Alexander","10.1177/009539978501600402","","- **Relevance Score:** 2/100
- **Relevance Tag:** Not Relevant
- **Reasoning:** Uses contingency theory to discuss diverse implementation models and barriers, but lacks Institutional Throughput, Systems Theory, human‑capital or efficiency focus.","Implementation studies appearing since 1973 show a disappointing lack of convergence that may be due to different, often implicit, conceptualizations of implementation. They range from ""classical"" linear models linking policy or statute with execution to ""circular, "" ""adaptive, "" or ""evolutionary"" concepts that envisage a more dynamic interaction between the making and implementation of policy. It is suggested that the wide range of possible situations calls for a contingent theory linking policy to implementation. Such a theory demands a conceptual model that is abstract enough to accommodate diversity and to recognize that failure to implement policies or programs is not an aberration. A model is presented that meets these specifications: the Policy-Program-Implementation Process (PPIP) model, which can serve as a conceptual framework for developing contingent theories of policy implementation in the future."
"Mot en ny vuxenutbildningspolitik? : Regional utveckling som policy och praktik","https://scispace.com/paper/mot-en-ny-vuxenutbildningspolitik-regional-utveckling-som-2t7jopgjbu","2007","","","Erik Jakobsson","","https://scispace.com/pdf/mot-en-ny-vuxenutbildningspolitik-regional-utveckling-som-2t7jopgjbu.pdf","- **Relevance Score:** 2/100
- **Relevance Tag:** Not Relevant
- **Reasoning:** Discusses implementation barriers in regional policy, but lacks Institutional Throughput or Systems Theory integration, human‑capital focus, efficiency analysis, and empirical modeling.","Avhandlingen beskriver och analyserar ett regionalt utvecklingsinitiativ i natverksform, genom vilket de kommunala larcentrumen i Orebro lan samverkar for att utveckla en gemensam infrastruktur for ..."
"Sobre implementação de políticas públicas: uma revisão sistemática da literatura e agenda de pesquisas","https://scispace.com/paper/sobre-implementacao-de-politicas-publicas-uma-revisao-1mldl8ob","2022","Journal Article","Sociedade E Estado","Jéssica Celestino Ferreira Sousa
Leonardo Ferreira Batista
Diogo Henrique Helal","10.1590/s0102-6992-202237020004","https://scispace.com/pdf/sobre-implementacao-de-politicas-publicas-uma-revisao-1mldl8ob.pdf","- **Relevance Score:** 0/100
- **Relevance Tag:** Not Relevant
- **Reasoning:** Provides a systematic literature review of policy implementation topics; does not discuss Institutional Throughput Theory, Systems Theory, human‑capital conversion, efficiency metrics, empirical cases, modeling, or specific policy recommendations.","Resumo Estudos sobre implementação de políticas públicas têm buscado melhores formas de compreender as falhas e a própria realidade desse processo. A partir de uma revisão sistemática da literatura, que contou com análise bibliométrica, este artigo aponta a historiografia e as frentes de pesquisa sobre a temática e analisa a autoria e as redes de cocitação de autores. Posteriormente, uma metanálise das publicações que compõem o portfólio teórico final (construído por meio do ano de publicação, número de citações e fator de impacto dos periódicos) apresenta as perspectivas e os modelos teóricos prevalentes, os resultados empíricos e as lacunas de cada trabalho. Resultados apontam que temas como governança, desenvolvimento sustentável, e-government, street-level bureaucracy (burocracia de nível de rua), políticas de saúde e descentralização dos processos da administração pública trazem um cenário de pesquisas relevantes para teorizações e aplicações empíricas das discussões do campo. Por fim, apresenta-se uma agenda de pesquisa futura."
"Teoria Institucional: uma contribuição para a gestão pública do desenvolvimento","https://scispace.com/paper/teoria-institucional-uma-contribuicao-para-a-gestao-publica-d5ow9bue05","2021","Journal Article","","Fabrini Quadros Borges
Fabricio Quadros Borges","10.32813/2179-1120.2021.V14.N1.A759","https://scispace.com/pdf/teoria-institucional-uma-contribuicao-para-a-gestao-publica-d5ow9bue05.pdf","- **Relevance Score:** 0/100
- **Relevance Tag:** Not Relevant
- **Reasoning:** Focuses on general institutional theory for public‑sector development; lacks integration with Institutional Throughput or Systems Theory, human‑capital analysis, efficiency metrics, or empirical modeling.","The research aims to analyze the contribution of institutional theory to the understanding of the relationship between public management and development. The environments of planning and control in public management are part of a wide and relevant worldwide debate for the construction of mechanisms capable of regionally improving management capacity in favor of promoting the well-being of populations. The investigation comprises a theoretical study, exploratory, bibliographic and documentary in nature. The study concluded that the contribution of institutional theory to public management of development lies basically in providing elements of understanding about the structure and functioning of organizations according to the rules, procedures and values ​​that characterize a given reality. The discussion structure of this Theory brings as perspective, that the organizations need legitimacy of the interested parties and for that they adopt tangible elements like the structure and the processes to correspond to a set of norms and intangible values ​​in the institutional environment."
"Institutional theory and human resource management","https://scispace.com/paper/institutional-theory-and-human-resource-management-27s2ncdkbv","2014","","","Ali Najeeb","","https://scispace.com/pdf/institutional-theory-and-human-resource-management-27s2ncdkbv.pdf","- **Relevance Score:** 0/100
- **Relevance Tag:** Not Relevant
- **Reasoning:** Focuses on general institutional theory and HRM without addressing throughput, systems integration, public‑sector efficiency, or empirical case work.","The study of institutions traverses the academic fields of economics, sociology, political science and organisational theory. The common denominator for institutionalism in various disciplines appears to be that of, 'institutions matter' (Kaufman 2011). An underlying assumption in the study of institutions is that organisations are deeply embedded in the wider institutional context (Powell 1988; DiMaggio & Powell 1991). Thus, ""organisational practices are either a direct reflection of, or response to, rules and structures built into their larger environment"" (Paauwe & Boselie 2003, p. 59).This institutional environment is the source of legitimisation, rewards or incentives for, as well as constraints or sanctions on, organisational activities (Meyer & Rowan 1977). The relevance of institutional theory to Human Resource Management (HRM) was initially derived from this view (Rosenzweig & Nohria 1994)."
"Institutions, institutional theory and policy design","https://scispace.com/paper/institutions-institutional-theory-and-policy-design-2bw26sjq","2022","Book Chapter","","Maria Mazzuca","10.4337/9781839106606.00011","","- **Relevance Score:** 0/100
- **Relevance Tag:** Not Relevant
- **Reasoning:** Focuses on institutional theory and policy design without addressing Institutional Throughput Theory, systems lenses, human‑capital conversion, efficiency metrics, or implementation barriers; lacks empirical case, modeling, or policy recommendations.","Designing public policy may be done by individuals, but it can also be done by institutions. The designs made by institutions, given the very nature of institutions, tend to be more predictable than those of individual. This is especially true for large, bureaucratic institutions in the public sector. But institutions need not be so lacking in imagination and innovation, and some are capable of producing highly original solutions for policy problems. This chapter explores the relationships between institutions and designing through several lenses. One is the lens of institutional theory, with the various approaches to institutions each having something different to say about how the designing process will occur, and what the likely outcomes may be. We must also understand that institutions do not function alone, but are embedded in fields of institutions and other actors, and the interactions involved also influence the designs that are produced. Further, the institutions involved in designing public policies are not themselves all alike. Some may be bureaucracies and others may be loosely coupled networks. Some may be newly created design labs, while others are established bureaucracies or think tanks. The various features of institutions all have some impact on designs, and in turn may be influenced by the designs that are produced. "
"Saving Mangrove Forest Extinction in Urban Areas: Will Government Interventions Help?","https://scispace.com/paper/saving-mangrove-forest-extinction-in-urban-areas-will-2j74waja","2022","Journal Article","International Journal of Sustainable Development and Planning","","10.18280/ijsdp.170203","https://scispace.com/pdf/saving-mangrove-forest-extinction-in-urban-areas-will-2j74waja.pdf","- **Relevance Score:** 0/100
- **Relevance Tag:** Not Relevant
- **Reasoning:** Focuses on mangrove policy governance; lacks Institutional Throughput Theory, Systems Theory, human‑capital or efficiency analysis, and provides no empirical modeling or recommendations.","."
"E-government adoption in public administration organizations: integrating institutional theory perspective and resource-based view","https://scispace.com/paper/e-government-adoption-in-public-administration-organizations-2koz87akmv","2013","Journal Article","European Journal of Information Systems","Daqing Zheng
Jin Chen
Lihua Huang
Cheng Zhang","10.1057/EJIS.2012.28","https://papers.ssrn.com/sol3/Delivery.cfm?abstractid=2229093","- **Relevance Score:** 0/100
- **Relevance Tag:** Not Relevant
- **Reasoning:** Focuses on e‑government adoption using institutional theory and RBV; lacks Institutional Throughput Theory, Systems Theory, human‑capital conversion, efficiency analysis, and friction discussion.","We develop and test a theoretical model to investigate the adoption of government-to-government (G2G) information systems in public administration organizations Specifically, this model explains h"
"Organizational Managers Strategies Increasing Human Capital Efficiency An Exploratory Case Study","https://scispace.com/paper/7WMgUcrZWn8J","","","","A Abdou","","","- **Relevance Score:** 0/100
- **Relevance Tag:** Not Relevant
- **Reasoning:** Paper lacks Institutional Throughput or Systems Theory integration, focuses on start‑ups/education, not public‑sector efficiency or policy friction, and provides no modeling or recommendations.",""
"The Public Sector: Concepts, Models and Approaches","https://scispace.com/paper/the-public-sector-concepts-models-and-approaches-3w0w7lnzin","1993","Book","","Jan-Erik Lane","","","- **Relevance Score:** 0/100
- **Relevance Tag:** Not Relevant
- **Reasoning:** Book surveys public‑sector concepts, bureaucracy, and management models without addressing Institutional Throughput Theory, Systems Theory, human‑capital conversion, efficiency metrics, or empirical modelling.","Introduction Public Institutions and Interests Demarcation of the Public Sector Concepts of Bureaucracy Public Policy Models Implementation Models Models of Public Regulation The Logic of Public Sector Reform Public Management, Leadership and Privatization The Management State versus the Administrative State The Public Choice Approach The New Institutionalism Efficiency, Effectiveness and Evaluation Institutions and Efficiency in the Public Sector Ethics and Normative Policy Models New Public Management The Basic Ideas Conclusion What Are the Policy Sciences?"
"Government's role for transport infrastructure: theoretical approaches and historical development","https://scispace.com/paper/government-s-role-for-transport-infrastructure-theoretical-28x7js22dq","2013","","","Björn Hasselgren","","https://scispace.com/pdf/government-s-role-for-transport-infrastructure-theoretical-28x7js22dq.pdf","- **Relevance Score:** 0/100
- **Relevance Tag:** Not Relevant
- **Reasoning:** Focuses on institutional and transaction‑cost theory for transport infrastructure, lacking Institutional Throughput Theory, Systems Theory, human‑capital or efficiency analysis, and no empirical or modeling components.","This thesis analyzes and discusses the development of the Swedish government’s role as owner and financier of roads and railroads from the 1930s until the 2010s. The influence on the development of ..."
"An institutional perspective on performance measurement and management in the 'new public sector'","https://scispace.com/paper/an-institutional-perspective-on-performance-measurement-and-3f46wrj4om","2000","Journal Article","Management Accounting Research","Stan Brignall
Sven Modell","10.1006/MARE.2000.0136","https://courses.edx.org/assets/courseware/v1/8997445dfb524f2603f8e86d1fa582b6/asset-v1:DelftX+SaSC01x+2T2022+type@asset+block/1-s2.0-S1044500500901367-main.pdf","- **Relevance Score:** 0/100
- **Relevance Tag:** Not Relevant
- **Reasoning:** Focuses on institutional theory for performance measurement, lacking explicit integration of Institutional Throughput and Systems Theory, human‑capital conversion, efficiency analysis, or policy‑implementation barriers.",""
"Direct and Moderating Effects of Organizational Factors on System USAge in Colleges: a Resource-based Perspective","https://scispace.com/paper/direct-and-moderating-effects-of-organizational-factors-on-1wgysvvlbs","2018","Journal Article","","Faridiah Aghadiati Fajri
Nurisqi Amalia","10.20885/JAAI.VOL22.ISS1.ART4","https://scispace.com/pdf/direct-and-moderating-effects-of-organizational-factors-on-1wgysvvlbs.pdf","- **Relevance Score:** 0/100
- **Relevance Tag:** Not Relevant
- **Reasoning:** Focuses on organizational factors and system usage in colleges without addressing Institutional Throughput Theory, Systems Theory, human‑capital conversion, or public‑sector efficiency; lacks case study, modeling, or policy analysis.","Colleges as a non-profit organization engaged in the educational sector have a crucial role, especially in emerging countries. Significant improvement can be achieved by continuously strengthening the information system infrastructure. Prior studies mentioned the system implementation is tricky because it involves not only hardware and software but also users and operational procedures. The investment of information system poses challenges for management. The system failure can be the grave of an organization. Therefore, the end-users participation becomes acute that puts organizational factors have to be considered. This study aims to examine and analyze the information system success model by adding the existence of facilitating condition, institutional pressure, and incentives as organizational factors. Data were obtained through questionnaires filled by the users of colleges’ system. The results found that two constructs of organizational factors including facilitating condition and institutional pressure were able to increase the role of system usage to organization performance. Managers have to be proactive to motivate the end-users by designing better organizational factors and the future study may improve the construction of these factors."
"Public administration of economic development in the context of the institutional theory","https://scispace.com/paper/public-administration-of-economic-development-in-the-context-328q2sbr6s","2018","Journal Article","Baltic Journal of Economic Studies","Valentina Dudchenko
Konstantin Vitman","10.30525/2256-0742/2018-4-1-139-147","","- **Relevance Score:** 0/100
- **Relevance Tag:** Not Relevant
- **Reasoning:** Focuses on institutional theory for economic development in Ukraine, lacking Institutional Throughput Theory, Systems Theory, human‑capital conversion, efficiency metrics, or empirical modeling.","One of the priorities of socio-economic reform in Ukraine is the modernization of the structure of the national economy and its growth. An effective structure of the economy, which will correspond to a socially oriented model of economic growth and will be based on the use of both the country’s competitive advantages in the global division of labour and the economic benefits of cooperation, will guarantee the independence of any country and will be the key to its dynamic development. The development of economic theory is due to the emergence of fundamentally new ideas, sustainable accumulation of knowledge, intellectual and meaningful updating of established concepts and theories, the formation of new scientific schools. A new paradigm of economic theory should explain the real processes in real economies, which operate on the principles of complex systems of synergistic nature and the theory of nonlinear dynamics. There is a process of theoretical polystructuredness both of mainstream and heterodoxy. An important task is to form an interdisciplinary dialogue between economists and scientists, which stipulates the relevance of the research topic. The subject of the study is the theoretical and methodological foundations and approaches to state management of economic development in the context of the institutional theory. The purpose of the study is to determine the role and influence of public administration of the development of the economy in the context of institutional theory and to develop strategic goals of the state’s innovation policy. Methodology. Directions of correlation of the system of economic development of the country and the potential of the state development with the historical preconditions for the emergence and development of the institutional doctrine of economic theory are investigated. Based on the revealed interrelations, the necessity of using instruments of institutionalism for studying the economic development system is substantiated. The state, in all available ways, should encourage economic actors to develop and implement innovations, thereby creating favourable conditions for innovative and technological development of production, saturation of the domestic market with highly competitive goods and services, which, in turn, will strengthen export potential, fill the budgets of all levels, increase incomes of business entities, reduce unemployment and improve working conditions, increase social security of the population, and also strengthen the positive image of public administration and local self-government bodies. That is, the socio-economic development of the country depends directly on the innovation-technological potential and on the efficiency of public administration in its development at all levels of the economy. Conclusions. The author generalizes the theoretical and methodological foundations of the country’s development in the context of the institutional theory: the system of economic development of the state has a set of direct and indirect links with the historical background of the emergence and development of an institutional doctrine of economic theory; the revealed directions of correlation contribute to the formation of a scientific and methodological basis for further study of economic development and economic potential of a country (state) in the context of the institutional doctrine of economic theory in its relation to the public administration theory; the economic development of a country (state) depends on the institutional environment, in which it operates, and is both an object of its influence and a subject that determines its transformation. The author investigates the theoretical principles of state regulation of innovative and technological development of the country’s economy. The existing strategies and programs of innovative development and innovation activity in Ukraine are explored. The state of innovation and technology of the national economy and the potential of key sectors of the economy in terms of innovative development are analysed."
"Evaluating the institutional factors affecting e-government implementation","https://scispace.com/paper/evaluating-the-institutional-factors-affecting-e-government-44hiz6pl0t","2011","Dissertation","","Moaman Mohamed Al-Busaidy","","https://scispace.com/pdf/evaluating-the-institutional-factors-affecting-e-government-44hiz6pl0t.pdf","- **Relevance Score:** 0/100
- **Relevance Tag:** Not Relevant
- **Reasoning:** Focuses on institutional theory for e‑government without addressing Institutional Throughput Theory, Systems Theory, human‑capital conversion, efficiency metrics, or policy friction; lacks empirical case, modeling, or recommendations.",""
"Corporate Strategy, Governance Structure and Organization Performance: A Research Agenda","https://scispace.com/paper/corporate-strategy-governance-structure-and-organization-300o6loxv2","2018","Journal Article","Business and Management Research","Fatuma B. Omar
James M. Kilika","10.5430/BMR.V7N2P49","https://scispace.com/pdf/corporate-strategy-governance-structure-and-organization-300o6loxv2.pdf","- **Relevance Score:** 0/100
- **Relevance Tag:** Not Relevant
- **Reasoning:** Focuses on corporate strategy, governance, and institutional theory in private firms; lacks Institutional Throughput Theory, systems lens, public‑sector context, and empirical case work.","Corporate strategy plays a critical role in the proper functioning of an organization as it provides the blueprint that guides the corporate direction of an organization while governance structure presents an organization with a framework for the distribution of responsibilities and resources to achieve organization performance. While the constructs have been sufficiently studied and documented in various studies separately in relation to organization performance, few studies have been undertaken to study the two constructs together to understand how they jointly explain organization performance. This paper presents a review of the extant theoretical and empirical literature on the two constructs in relation to organization performance. Relevant underpinning theories are reviewed, constructs described and their operational indicators identified and compared with empirical work and emergent knowledge gaps identified. The paper finally proposes a multidisciplinary based theoretical model suitable to address the gaps identified to advance knowledge in the area and calls upon future research to empirically test the propositions of the study."
"Exploring strategic leadership challenges in achieving an ICT enabled transformational government","https://scispace.com/paper/exploring-strategic-leadership-challenges-in-achieving-an-19b6kxfilz","2011","Dissertation","","Marwan Elnaghi","","https://scispace.com/pdf/exploring-strategic-leadership-challenges-in-achieving-an-19b6kxfilz.pdf","- **Relevance Score:** 0/100
- **Relevance Tag:** Not Relevant
- **Reasoning:** Focuses on Institutional Theory applied to ICT adoption in government, lacking Institutional Throughput Theory, Systems Theory, human‑capital or efficiency analysis, and provides no empirical case, modeling, or policy guidance.","Acknowledgement, and Table of contents Marwan Elnaghi II Abstract This empirical research focuses on exploring the role of strategic leadership in the shift from Electronic Government (eGovernment) to Transformational Government (tGovernment). Despite the fact that many countries have implemented eGovernment, the literature reports a number of themhave failed to reach the promised seamless transformation. Moreover, there is a dearth of research into the domain of tGovernment; the research which exists is limited in extent thus leaving scope for timely and novel research contributions. This thesis reveals that a valuable contribution to knowledge could be derived from exploring the domain of transformational government. The leadership motivationand incentives to conduct a radical government organisational change have become an area of great importance. There is limited research on the strategic role of leadership in achieving transformational government domain; hence, the implications of seamless integration for transformational government have yet to be explored. This research discusses transformational government by using a qualitative, multiple case study research strategy. Data is triangulated and analysed according to its explanatory properties and underlying structural context. This researchextends established norms in literature for tGovernment implementation by incorporating established theories in organisational change from other related disciplines. This is to explain the significance of the underlying philosophical nature of the emerging themes, thus enabling government leaders to create robust strategic proposals for tGovernment. This empirical research is conducted in a Middle Eastern cultural context based in Dubai, United Arab Emirates. The research arrives at several key findings and themesthat contribute to the body of knowledge. A primary finding is the need for a radical change and an innovative managerial approach in using ICT to enable radical change in government organisations. A related finding of this research is that many assumptions underlying the various tGovernment models for transformation fall short to empirically explain the transformational government domain.The government visionary leadership has been proven to be a powerful driver for change in terms of initiating and leading the process for transformational government. A Abstract, Acknowledgement, and Table of contents Acknowledgement, and Table of contents Marwan Elnaghi III Acknowledgement I would like to express my sincere gratitude and thanks to all those who have offered help, and advice over those years of enduring doctoral research. It is recognised that research activity is a collaborative effort in nature; and the research presented in this thesis is no exception. The support of a number of individuals and organisations is gratefully acknowledged. I would like to express my gratitude to my supervisors Dr. Sarmad Al-Shawi and Professor Zahir Irani for their enthusiastic support, advice, patience and constant energy for ideas’ sharing throughout the research effort. Their influence is inherited in both the theoretical and practical aspects of this work. I would like to thank Dr. Vishanth Weerakoddy, Dr Muhammad Kamal, Professor Ibrahim Osman, Dr. Farouk Missi, and Professor E.H. Twizellfor their constant encouragement, guidance and support. My additional big thanks also go to Professor Irani rectifying me throughout my doctoral studies and offering me a part-time lecturer position at Brunel Business School. I owe special thanks to my father (Mustapha Elnaghi) who managed to help me to get to the stage due to his struggle and hard work throughout his life, as a motor mechanic, and supporting his children for the best education, and for this I am proud of him. I also extend my great debt to H.E. Mr. Moustafa Durnaika Chairman of SOGEX Services International Ltd for his benevolent support to come to the United Kingdom to pursue my further education. I again owe big special thanks to my wife Fatima for her immense support (morally, emotionally, intellectually, and financially!) all the way through my doctoral studies and my beautiful daughters Sarah and RayenNaghiand my son Mustapha. Last but not the least, in terms of exchange of ideas, support, criticisms and intellectual stimulation, thanks is offered to all my fellow members of academic staff at the Brunel Business School. I also acknowledge, with great thanks, the case government organisations of Dubai Government namely: (Dubai Municipality, Dubai Police, and Dubai Naturalisation & Residency Department) and their staff, who contributed to the empirical side of this work with their transparent openness, for their welcoming generosity with time, support and professionalism. A Abstract, Acknowledgement, and Table of contents Acknowledgement, and Table of contents Marwan Elnaghi IV Declaration I declare that, to the best of my knowledge, no portion of the study referred to in this thesis hasbeen submitted in support of an application for another degree, or qualification, to any other university, or institution of academic learning. The thesis conforms to the British Standard BS 4821: 1990, the `British Standard Recommendation for the Presentations of the Thesis and Dissertations', and follows theHarvard referencing system."
"Теорія організації в публічному секторі","https://scispace.com/paper/teoriia-organizatsiyi-v-publichnomu-sektori-29jz0nva","2022","Journal Article","Актуальні питання у сучасній науці","І. М. Васькович","10.52058/2786-6300-2022-3(3)-12-22","https://scispace.com/pdf/teoriia-organizatsiyi-v-publichnomu-sektori-29jz0nva.pdf","- **Relevance Score:** 0/100
- **Relevance Tag:** Not Relevant
- **Reasoning:** Focuses on general organization theory in the public sector; lacks Institutional Throughput Theory, Systems Theory, human‑capital or efficiency analysis, and provides no empirical case, modeling, or policy guidance.",""
"Why Institutions Matter: Analysis of Their Significance in Shaping Economic, Environmental, And Policy Transformation","https://scispace.com/paper/why-institutions-matter-analysis-of-their-significance-in-4svmiktslc","2024","Journal Article","Journal of Social and Policy Issues","Kwadwo Yeboah Botah","10.58835/jspi.v4i2.246","","- **Relevance Score:** 0/100
- **Relevance Tag:** Not Relevant
- **Reasoning:** Provides a broad systematic review of institutional importance for economic, environmental, and policy outcomes, without focusing on Institutional Throughput Theory, systems analysis, human‑capital conversion, public‑sector efficiency, or empirical case work.","The role of institutions in shaping societal systems and responding to complex global challenges has gained increased attention in recent decades. Institutions have functioned to shape the development and sustainability of society. Nevertheless, numerous institutionally-led challenges that restrict and alter sustainability and development across various aspects of society have also emerged. While institutional importance is widespread, their relationship with development is debated and contested. Through a systematic review approach, this paper explores the concept of institutions to understand whether they matter for development and examine their relevance within economic, policy, and environmental structures. The study indicates that indeed institutions play a significant role in accelerating economic, policy, and environmental growth across space and time. It demonstrates how it drives policy cycles, fosters economic progress, and shapes environmental transition. The study reveals that institutions create order, facilitate innovation, drive market transactions, and environmental security by mitigating conflicts, enforcing regulations, enhancing cooperation, ensuring the distribution of resources, and promoting sustainable ecological guidelines. However, complexities in their functions, structures, and adaptation exist, which can stimulate instabilities, stagnation, and decline in societal progression. Achieving enhanced institutional capacity toward societal development and progress thus requires unwavering political commitment, innovative actions, and coordinated decision-making. "
"Literature Review Article: Institutions and Economic Development","https://scispace.com/paper/literature-review-article-institutions-and-economic-1irx7samme","2019","Book","","Jakob de Haan","10.4337/9781788118859","https://scispace.com/pdf/literature-review-article-institutions-and-economic-1irx7samme.pdf","- **Relevance Score:** 0/100
- **Relevance Tag:** Not Relevant
- **Reasoning:** Focuses on macro‑economic institutional effects, trade openness, and financial development; lacks Institutional Throughput Theory, Systems Theory, public‑sector focus, or empirical case work.",""
"Rethinking Governance Capacity As Organizational and Systemic Resources","https://scispace.com/paper/rethinking-governance-capacity-as-organizational-and-x5wz8kwbww","2016","Journal Article","Social Science Research Network","M. Ramesh
Kidjie Saguin
Michael Howlett
Michael Howlett
Xun Wu","10.2139/SSRN.2802438","https://papers.ssrn.com/sol3/Delivery.cfm/SSRN_ID2802438_code1292821.pdf?abstractid=2802438&mirid=1&type=2","- **Relevance Score:** 0/100
- **Relevance Tag:** Not Relevant
- **Reasoning:** Focuses on a resource‑based view of governance capacity; does not address Institutional Throughput Theory, Systems Theory, human‑capital conversion, or public‑sector efficiency.","This paper proposes to integrate disparate notions of governance capacity by adopting a resource-based view of capacity. Governance capacity can be defined as the set of organizational and systemic resources necessary to make sound policy choices and implement them effectively. Adopting this definition allows for a more nuanced conceptualization of capacity as comprised of three essential dimensions – analytical, operational and political. In order to operationalize this resource-based definition, we identified a fundamental set of resources that are institutionalized, mission-critical and promotive of dynamic learning since not all resources can form part of capacity. This set of resources can easily be evaluated using secondary data at the policy sub-system level but no equivalent tool exists to analyze organizational capacities. To address this gap, we developed a survey instrument to measure the multi-dimensional nature of organizational policy capacity."
"The complexities of electronic services implementation and institutionalisation in the public sector","https://scispace.com/paper/the-complexities-of-electronic-services-implementation-and-3qxrv36g2g","2013","Journal Article","Information & Management","Ramzi El-Haddadeh
Vishanth Weerakkody
Shafi Al-Shafi","10.1016/J.IM.2013.02.005","https://bura.brunel.ac.uk/bitstream/2438/9091/2/Fulltext.pdf","- **Relevance Score:** 0/100
- **Relevance Tag:** Not Relevant
- **Reasoning:** Focuses on e‑service rollout and institutional theory without integrating Institutional Throughput or Systems Theory, lacking human‑capital, efficiency, or policy‑friction analysis.",""
"From “New Institutionalism” to “Institutional Processualism”: Advancing Knowledge about Public Management Policy Change","https://scispace.com/paper/from-new-institutionalism-to-institutional-processualism-3gillzhyme","2006","Journal Article","Governance","Michael Barzelay
Raquel Gallego","10.1111/J.1468-0491.2006.00339.X","","- **Relevance Score:** 0/100
- **Relevance Tag:** Not Relevant
- **Reasoning:** Focuses on theoretical debate between institutional processualism and neoinstitutionalism; lacks Institutional Throughput Theory, Systems Theory, human‑capital or efficiency analysis, and provides no empirical case, modeling, or policy guidance.","Research on public management reform has taken a decidedly disciplinary turn. Since the late 1990s, analytical issues are less often framed in terms of the New Public Management. As part of the disciplinary turn, much recent research on public management reform is highly influenced by the three new institutionalisms. However, these studies have implicitly been challenged by a competing research program on public management reform that is emphatically processual in its theoretical foundations. This article develops the challenge in a more explicit fashion. It provides a theoretical restatement of the competing “institutional processualist” research program and compares its substantive findings with those drawn from the neoinstitutionalisms. The implications of this debate about public management reform for comparative historical analysis and neoinstitutional theories are discussed."
"Risk Management as Strategic Change in National Homeland Security Policy","https://scispace.com/paper/risk-management-as-strategic-change-in-national-homeland-3xa7c0btu9","2007","","","John P. Paczkowski","","https://scispace.com/pdf/risk-management-as-strategic-change-in-national-homeland-3xa7c0btu9.pdf","- **Relevance Score:** 0/100
- **Relevance Tag:** Not Relevant
- **Reasoning:** Focuses on systems thinking in homeland security without addressing Institutional Throughput Theory, human‑capital conversion, efficiency metrics, or empirical case work.",": Secretary Michael Chertoff has said that the core principle that animates the Department of Homeland Security (DHS) is risk management. Risk management is a process of choosing trade-offs between available resources and the cost of minimizing the risk of unwanted consequences through an ongoing cycle of objective setting, risk assessment, alternatives evaluation, and implementation, in a way that buys down risk over time. The statements of national leaders, federal legislation, and the Department of Homeland Security s own strategy documents have set risk management as homeland security policy. Nonetheless, DHS has been challenged to implement a coordinated and integrated risk management program to include compatible risk assessment methodologies among its component agencies. The National Infrastructure Protection Plan (NIPP), released in 2006, for the first time sets out a vision for a national risk management framework. That vision now extends the application of risk management to the nation s critical infrastructure owners and operators. This paper explores the challenges involved in implementing the risk management framework under the NIPP, examines how implementation has been managed as strategic change through the lens of change management theory, and offers recommendations for improvement. It is hoped this paper will motivate further study into homeland security strategic change."