"Paper Title","Paper Link","Publication Year","Publication Type","Publication Title","Author Names","DOI","PDF Link","Abstract","TL;DR"
"A Human Capital Perspective On Criminal Careers","https://scispace.com/paper/a-human-capital-perspective-on-criminal-careers-48lca92qrz","2011","Journal Article","Journal of Applied Business Research","John W. Clark
William L. Davis","10.19030/JABR.V11I3.5860","https://scispace.com/pdf/a-human-capital-perspective-on-criminal-careers-48lca92qrz.pdf","he existing economics literature has traditionally viewed crime as a choice-making process, where the potential criminal chooses among alternatives based upon the costs and benefits of each. Models by Becker, Rogers, Tullock, and Hellman, have generally portrayed the criminal choice equation as static and not allowed for the dynamic changes that may occur to the criminals aptitude, and income over long time horizons. This paper develops a dynamic choice model of criminal behavior over a criminal career including the acquisition process for both legal and criminal human capital. Psychic and monetary benefit and cost factors are discussed as well as the standard arguments concerning the probabilities of apprehension and convention. The model suggests that to alter the criminals choice pattern and, therefore, his education toward legal income-producing activities, the first instance of incarceration is the most crucial and that t(1) A learning multiplier exists for the criminal in both legal and illegal learning. (2) Greater segregation of prison populations by ordinal magnitude of offence could better separate criminal students from criminal mentors and further reduce criminal education. (3) Higher order legal skills training in the penal system may shift the education decision to legal educational pursuits. (4) Redefining the legal and constitutional rights afforded felons could increase the probability of repeat apprehension and reduce the incentive to repeat offenses.","This article developed a dynamic choice model of criminal behavior over a criminal career including the acquisition process for both legal and criminal human capital, which suggests that to alter the criminals choice pattern and, therefore, his education toward legal income-producing activities, the first instance of incarceration is the most crucial."
"The Returns to Criminal Capital","https://scispace.com/paper/the-returns-to-criminal-capital-3kh04fdbej","2013","Journal Article","Social Science Research Network","Thomas A. Loughran
Holly Nguyen
Alex R. Piquero
Alex R. Piquero
Jeffrey Fagan","10.2139/SSRN.2225323","https://scispace.com/pdf/the-returns-to-criminal-capital-3kh04fdbej.pdf","Human capital theory (Becker 1962; Mincer 1958; Schultz 1960; 1961) posits that individuals can increase their labor market returns through investments in education and training. This concept has been studied extensively across several disciplines. An analog concept of criminal capital, while the focus of speculation and limited empirical study, remains considerably less developed theoretically and methodologically. This paper offers a formal theoretical model of criminal capital indicators and tests for greater illegal wage returns using a sample of serious adolescent offenders, many of whom participate in illegal income-generating activities. Our results reveal that, consistent with human capital theory, there are important illegal wage premiums associated with investments in criminal capital, notably an increasing but declining marginal return to experience and a premium for specialization. Further, as in studies of legal labor markets, we find strong evidence that, if left unaccounted for, non-random sample selection causes severe bias in models of illegal wages. Theoretical and practical implications of these results, along with directions for future research, are discussed.","In this article, a formal theoretical model of criminal capital indicators and tests for greater illegal wage returns using a sample of serious adolescent offenders, many of whom participate in illegal income-generating activities."
"Conceptualization of Human Capital: Traditional Theories and Modern Approaches","https://scispace.com/paper/conceptualization-of-human-capital-traditional-theories-and-1qbe85cb7g60","2024","Journal Article","Obŝestvo: sociologiâ, psihologiâ, pedagogika","Maksim A. Borodkin","10.24158/spp.2024.10.3","","Conceptual approaches to human capital have been formed under the influence of various disciplines and areas of research practice. Currently, there are grounds to assert the interdisciplinary nature of this concept. The aim of the article is to consider the category of human capital in the process of its transformation from purely economic to socio-cultural in the context of today’s constantly changing reality. The work presents the main economic and sociological theories of human capital, outlines the viewpoints of scholars who were the developers of this concept, and highlights key areas of research on it in modern society. These include: research of the new types of capital typical for the modern social context; analysis of the concept’s structure from the perspective of its adaptability to the tasks of qualitative sociology; study of the mutual influence of human capital and the welfare state. ","This article explores the transformation of human capital from an economic to socio-cultural concept, integrating economic and sociological theories, and highlighting key research areas, including new capital types, adaptability, and the relationship between human capital and the welfare state."
"A multi-level investigation of individual and unit-level human capital complementarities","https://scispace.com/paper/a-multi-level-investigation-of-individual-and-unit-level-3i9ephrpvw","2013","Journal Article","","Alia Crocker
Rory Eckardt","10.5465/AMBPP.2013.14836ABSTRACT","","Human capital theory has recently expanded to include multi-level analysis by conceptualizing the unit-level human capital resource. At the same time, the value and interdependency of complementary...","The human capital theory has recently expanded to include multi-level analysis by conceptualizing the unit-level human capital resource as discussed by the authors, and the value and interdependency of complementary human capital resources have been investigated."
"The Implications of the Economic Theory of Human Capital for Personnel Management","https://scispace.com/paper/the-implications-of-the-economic-theory-of-human-capital-for-36oilu03pr","1981","Journal Article","Personnel Review","Eric G. Flamholtz
John M. Lacey","10.1108/EB055429","","Research in labour economics during the past several years has led to the development of the theory of human capital. This theory deals with a variety of issues concerning the productivity of people as the result of their human capital.","The theory of human capital has been studied extensively in the past several years as mentioned in this paper, which deals with a variety of issues concerning the productivity of people as the result of their human capital."
"A Discussion of some Applications of Human Capital Theory to Military Manpower Issues","https://scispace.com/paper/a-discussion-of-some-applications-of-human-capital-theory-to-rudoizmw14","1976","","","Mark J. Albrecht","","https://scispace.com/pdf/a-discussion-of-some-applications-of-human-capital-theory-to-rudoizmw14.pdf",": Since its inception, human capital theory has found a natural subject in the military. Because of its substantial investments in training, its host of essentially nontransferable skills and its unique labor contracts, the military establishment has, indeed, been a conspicuous case for application of human capital principles for policy purposes. In his seminal work, Human Capital Theory, G. S. Becker summarized the military manpower situation from a human capital point of view, thusly, 'the military is a clear example of an organization which pays at least part of training costs and does not pay market wages to skilled personnel.' Implicit in this view is the prediction that the military will have an abundance of 'students' and heavy losses of 'graduates.' When Becker provided this insightful assessment, however, the draft and draft-induced enlistments ensured an essentially infinite supply of manpower at below comparable market wage rate and at constant cost. If one, then assumes a non-infinite marginal rate of substitution between first-term and career personnel, the policy problems of procurement, utilization, and retention could be conveniently consolidated into a single policy variable, namely, yearly draft requirements. With the advent of the all-volunteer force in 1972 and the increasing technological nature of military specialties in the mid-sixties, however, massive low cost labor supply and manageable marginal rates of substitution between first-timers and careerists for technical specialties no longer existed and, consequently, the policy issues of procurement, training, and retention could no longer be addressed by a single policy variable, and therefore, new policy requirements were generated.","In this paper, a human capital theory has been applied to the military, and the authors assume a non-infinite marginal rate of substitution between first-term and career personnel, and assume that the policy problems of procurement, utilization, and retention can be conveniently consolidated into a single policy variable, namely, yearly draft requirements."
"Review article human capital: a review article*","https://scispace.com/paper/review-article-human-capital-a-review-article-3yz1u40ib6","2016","","","Svetozar Pejovich","","https://www.jstor.org/stable/29767824","The importance of investment in human skill and knowledge has been recognized and acknowledged by economists ever since Adam Smith wrote: ""The work which (man) learns to perform . . . will replace to him the whole expense of his education, with at least the ordinary profits of any equally valuable capital."" Yet it was only in the 1950's that the economic profession turned its full attention to a more systematic analysis of the effects of investment in human capital on economic growth and welfare. A number of excellent studies have appeared dealing with various aspects of investment in man such as Mincer's analysis of the relationship between human capital and income distribution,1 Horvat's work on the optimum rate of investment,2 and Schultz's findings that human capabilities are limiting factors in economic growth of poor countries,3 while on the other hand, the con? tribution of education to economic growth in the U.S.A. since 1929 ex? ceeded that of physical capital.4 Slowly but persistently economists have become increasingly aware of the fact that a number of textbooks and economic models which con? sider labor as a unique, original and homogeneous factor are plain wrong; that, on the contrary, labor is a produced factor whose economic value arises primarily from investment in skill and knowledge. ""Much of modern macro-economic theory has been concerned with problems that are wrongly formulated, if not entirely spurious,"" remarked Harry Johnson, ""I refer especially to the theory of economic growth, where a great deal of effort has been devoted to exploring the difficulties of re? conciling the accumulation of capital with the growth of the labor force at a different, autonomously determined rate, and explaining the con? stancy of the share of labor which apparently results from the growth process.""5","The importance of investment in human skill and knowledge has been recognized and acknowledged by economists ever since Adam Smith wrote: ""The work which (man) learns to perform... will replace to him the whole expense of his education, with at least the ordinary profits of any equally valuable capital"" as mentioned in this paper."
"Comparison and Implications of Human Capital Theory at the Individual, Organization, and Country Levels","https://scispace.com/paper/comparison-and-implications-of-human-capital-theory-at-the-38o560l1qo","2014","Journal Article","Journal of Organizational Culture, Communications and Conflict","Seong-O. Bae
Louise Patterson","","","INTRODUCTION According to human capital theory, education level is positively correlated with income. It specifies a particular mechanism by which education increases skills; in turn, acquired skills increase productivity, resulting in higher productivity being rewarded through higher earnings (Becker, 1993). It shows a positive correlation between age and earnings whereby older workers earn more because they have more on-the-job experience or training. Education and on-the-job training are said to make workers more productive and they are paid more because of their increased productivity. On-the-job training can provide general human capital (i.e., skills and knowledge transferable to other firm settings) or specific human capital (i.e., skills and knowledge only useful in the particular firm) (Becker 1993). The notion of human capital theory provides us with important insight about the relationship between education and earnings and the factors related to education and earnings (e.g., age, type of training, costs, labor markets, etc.). Based on these insights, we can classify three implications of human capital theory at the individual, organization, and country levels. At the individual level, human capital theory explains basically a supply-side theory, which analyzes individual data consisting of the supply-side of the labor market. At the organization level, demand-side theory takes into account the analysis of firm related phenomena (e.g., productivity, investment, turnover, etc.). There is a comprehensive perspective at the country level, where both supply- and demand-side theory should be equally considered in national policy making. With respect to individuals, understanding of human capital theory can increase their investment motivation and decrease failure in the labor market. For human resource development professionals, a more economic view of training and development is required to apply investment activities and gain benefits with a minimal investment risk. With regards to government policy makers, implementing human capital theory provides a wider scope for considering the extent to which policies, such as education reform, government training policy, equal employment opportunity legislation, affirmative action, and pay equity arrangements, can provide a more efficient and equitable use of human resources. The purpose of this paper is to present human resource development professionals with information about significant factors related to human capital investment. It will help human resource development professionals understand what considerations they should make before investing in human capital. Based on a perspective of the individual, organization, or country, human resource development professionals may react differently in human capital investment. This paper will present the differences between three perspectives in human capital investment that are necessary to make good investment decisions. To achieve this purpose, the paper includes two challenges to human capital theory. First, it will theorize the basic frameworks of human capital to provide a theoretical foundation for further analysis in human capital investment. Secondly, it will identify considerable factors in human capital investment related to three levels of perspective--individual, organization, and country. At the same time, it will present how human capital theory can be applied in an investment decision for the three respective levels. THEORETICAL FRAMEWORKS OF HUMAN CAPITAL THEORY Becker (1962) introduced the basic notion of human capital. He states that the theory of human capital can be defined as skills acquisition, and that skills acquisition can be achieved through education and training. Education is the most important way to obtain human capital, and training is another important method to invest in human capital. For example, individuals invest in human capital by spending their money (e. …","In this article, the authors classified three implications of human capital theory at the individual, organization, and country levels, and presented the differences between three perspectives in human capital investment that are necessary to make good investment decisions."
"The Concept of Human Capital – the Need for an Interdisciplinary Synthesis","https://scispace.com/paper/the-concept-of-human-capital-the-need-for-an-5basztdhqc","2016","Journal Article","Journal of Siberian Federal University","Valerii S. Efimov
Alla V. Lapteva
Evgenia I. Mikhailova
В.С. Ефимов
А.В. Лаптева
Е.И. Михайлова","10.17516/1997-1370-2016-9-11-2664-2680","https://scispace.com/pdf/the-concept-of-human-capital-the-need-for-an-5basztdhqc.pdf","The article presents a review of theoretical and empirical studies of human capital, which has showed inadequacy of reduced representations about man, his activity and the possibility to implement it. Based on the performed critical analysis, the article substantiates the necessity to develop a systemic model of human capital, which is to unite the classical concepts of human capital and its components (education and competencies, health, demographic potential) with advanced concepts, including personal qualities of a person, activity, identity; the features of not only individuals but also collectives and groups; the concept of social capital; representations about the conditions, media and institutions that provide human development and capitalization; ideas about subjects of human capitalization; representations of the negative processes leading to ‘dissipation’ of human resources. Two groups of categories are offered on the basis of the philosophical and methodological analysis. They are material – processes – conditions and subjects – interests/positions – activity, allowing us to carry out the system assembly of the ideas about human capital. With respect to the applied empirical research, the article discusses the most important focus of human capital studies; significant components (characteristics) of human capital; the methods of research (fixation, evaluation) of the most important characteristics of human capital.","In this paper, the authors present a review of theoretical and empirical studies of human capital, which has showed inadequacy of reduced representations about man, his activity and the possibility to implement it."
"Measuring Human Capital","https://scispace.com/paper/measuring-human-capital-pi5a2g3r","2022","Report","Social Science Research Network","K. Abraham
Justine Mallatt","10.3386/w30136","","We review the existing literature on the measurement of human capital. Broadly speaking, economists have proposed three approaches to constructing human capital measures—the indicator approach, the cost approach, and the income approach. Studies employing the indicator approach have used single measures such as average years of schooling or indexes of multiple measures. The cost approach values human capital investments based on spending. The income approach values human capital investments by looking forward to the increment to expected future earnings they produce. The latter two approaches have the significant advantage of consistency with national income accounting practices and measures of other types of capital. Measures based on the income approach typically yield far larger estimates of the value of human capital than measures based on the cost approach. We outline possible reasons for this discrepancy and show how changes in assumptions can reconcile estimates based on the two approaches.","This article reviewed the existing literature on the measurement of human capital and proposed three approaches to construct human capital measures: the indicator approach, the cost approach, and the income approach, which have the significant advantage of consistency with national income accounting practices and measures of other types of capital."
"The Relation of ‘Human Capital’ Preservation to Health Costs*","https://scispace.com/paper/the-relation-of-human-capital-preservation-to-health-costs-1xwfdculcd","1975","Journal Article","The American Journal of Economics and Sociology","John S. Spratt","10.1111/J.1536-7150.1975.TB01189.X","",". The concept of 'human capital' has evolved in economics as a way of measuring the value society places on an individual. This value, it is argued, constitutes a real but seldom discussed limit on how much money either an individual or society will pay for the health costs of an individual. Conversely, it can be argued that the capacity of the health system to preserve ‘human capital', as created by nature and nurture and by ‘investments’ in education and training, is an economic justification for health costs, just as military costs are justified for the defense of the population. In the latter instance, the greatest public health benefit for the dollar would be obtained by Pareto optimal expenditures. Similarly a microeconomic model for the clinical process involved in diagnosing, treating and rehabilitating the diseased individual is suggested that relates the time consumed by the elements of the clinical process to the probabilities of maximizing the preservation of the greatest number of functional man-days obtainable for an aging individual's cohort. For the model to work there would have to be an economic incentive for the health provider to engage in objective-oriented, interdisciplinary, cost-effective actions in the clinical process that would minimize the diseased individual's downtime and maximize his functional longevity in an operations research framework.","A microeconomic model for the clinical process involved in diagnosing, treating and rehabilitating the diseased individual is suggested that relates the time consumed by the elements of the clinicalprocess to the probabilities of maximizing the preservation of the greatest number of functional man‐days obtainable for an aging individual's cohort."
"Investment in human capital during incarceration and employment prospects of prisoners","https://scispace.com/paper/investment-in-human-capital-during-incarceration-and-2leifo2i16","2009","Posted Content","Social Science Research Network","Margaret Giles
Anh Le","","https://ftp.iza.org/dp4582.pdf","The costs of incarceration and recidivism to the community are substantial. These costs not only include the direct costs of imprisonment but also the opportunity costs arising from depletion of human capital and loss of output. Policy makers have emphasised the importance of rehabilitating prisoners as a way of reducing recidivism. Consequently, the management of prisoners has changed, with more prisoners being encouraged to undertake some form of education, training and/or work during their incarceration in conjunction with any behavioural management programmes. This paper examines, using the 2003 Survey of Prisoners in Western Australia, the decision of prisoners to invest in education/training during their prison term and the potential labour market outcomes of this investment. The results suggest that prisoners use education/training to improve their skills in preparation for release from prison. From this perspective it can be argued that these prisoners see education/training as an investment in human capital rather than consumption. In addition, the decision to participate in either education or training is non-random and varies across the time remaining on the prison sentence, thus suggesting prisoners view education and training as different activities. However, the results show the expected benefit prisoners place on education and training is similar.","In this paper, the authors examined the decision of prisoners to invest in education/training during their prison term and the potential labour market outcomes of this investment, and found that prisoners use education and training to improve their skills in preparation for release from prison."
"Investment in Human Capital during Incarceration and Employment Prospects of Prisoners","https://scispace.com/paper/investment-in-human-capital-during-incarceration-and-3gse1kknm4","2009","Posted Content","Research Papers in Economics","Margaret Giles
Anh Le","","","The costs of incarceration and recidivism to the community are substantial. These costs not only include the direct costs of imprisonment but also the opportunity costs arising from depletion of human capital and loss of output. Policy makers have emphasised the importance of rehabilitating prisoners as a way of reducing recidivism. Consequently, the management of prisoners has changed, with more prisoners being encouraged to undertake some form of education, training and/or work during their incarceration in conjunction with any behavioural management programmes. This paper examines, using the 2003 Survey of Prisoners in Western Australia, the decision of prisoners to invest in education/training during their prison term and the potential labour market outcomes of this investment. The results suggest that prisoners use education/training to improve their skills in preparation for release from prison. From this perspective it can be argued that these prisoners see education/training as an investment in human capital rather than consumption. In addition, the decision to participate in either education or training is non-random and varies across the time remaining on the prison sentence, thus suggesting prisoners view education and training as different activities. However, the results show the expected benefit prisoners place on education and training is similar.","In this paper, the authors examined the decision of prisoners to invest in education/training during their prison term and the potential labour market outcomes of this investment, and found that prisoners use education and training to improve their skills in preparation for release from prison."
"The influence of correctional education, skill proficiency, and lifelong learning on social outcomes of incarcerated individuals: Results from PIAAC","https://scispace.com/paper/the-influence-of-correctional-education-skill-proficiency-qz8020jgpl","2020","Journal Article","Social Science Journal","Roofia Galeshi
Riane M. Bolin","10.1016/J.SOSCIJ.2019.09.007","","A rich body of scientific research suggests a positive relationship between education and social and political engagement. Active social engagement is important for incarcerated individuals if they are to successfully reintegrate into communities and desist from further involvement in crime. While a plethora of research has focused on the importance of correctional education, the extent of association between other forms of human capital such as cognitive skills and adult lifelong learning is unclear. The current study utilized data from the U.S. PIAAC Prison Study (2014) to explore the relationship between educational attainment, adult cognitive skill proficiency, lifelong learning, and social outcomes among incarcerated individuals. At least one of the three types of human capital variables included was found to be positively and significantly related to the three social outcomes of political efficacy, interpersonal trust, and health perception, even after controlling for the other two human capital variables and a number of demographics, demonstrating that each has its own, distinct contribution to social outcomes. Policy implications regarding these findings are discussed.","This article explored the relationship between educational attainment, adult cognitive skill proficiency, lifelong learning, and social outcomes among incarcerated individuals and found that at least one of the three types of human capital variables included was positively and significantly related to the three social outcomes of political efficacy, interpersonal trust, and health perception."
"Human Capital within a Sraan Fixed Capital Framework","https://scispace.com/paper/human-capital-within-a-sraan-fixed-capital-framework-9t7de22c4c","2007","","","Rita Strohmaier","","https://www.iioa.org/conferences/16th/files/Papers/Strohmaier.pdf","Although the classical economists identified human capital analogous to any other stock of physical capital, skills have not been considered explicitly; instead, the problem of heterogeneous labour was set aside by reducing dierent abilities to one kind of labour. Relative prices are then determined on the basis of a uniform wage rate. In the 1950s Gary Becker and Jacob Mincer dealt with the impact of education and training on earnings within a neoclassical model. The worker is paid according to his marginal productivity so that wage dierentials occur due to dierent levels of qualification. On the basis of age-productivity profiles, which show the development of skills over the individuals lifetime, a Sraan model is presented in which commodities are produced by means of commodities. Human capital is introduced in analogy to fixed capital, i.e. in each stage of production a finished commodity is jointly produced with an employee at dierent age. This allows the implementation of education as well as on-the-job training. From the pattern of depreciation it is possible to derive an eciency-based wage regime, and by truncation the optimal length of employment can be determined. Moreover, the rate of return on education and the wage premium for the employee can be calculated so that the investigation of human capital is extended by the individual dimension.","In this article, a Sraan model is presented in which commodities are produced by means of commodities, and the rate of return on education and the wage premium for the employee is calculated so that the investigation of human capital is extended by the individual dimension."
"Investment in Human Capital During Incarceration and Employment Prospects of Prisoners","https://scispace.com/paper/investment-in-human-capital-during-incarceration-and-nrjvpg26otrj","","","","Margaret Giles
Anh T. Le","10.2139/ssrn.1515129","","The costs of incarceration and recidivism to the community are substantial. These costs not only include the direct costs of imprisonment but also the opportunity costs arising from depletion of human capital and loss of output. Policy makers have emphasised the importance of rehabilitating prisoners as a way of reducing recidivism. Consequently, the management of prisoners has changed, with more prisoners being encouraged to undertake some form of education, training and/or work during their incarceration in conjunction with any behavioural management programmes. This paper examines, using the 2003 Survey of Prisoners in Western Australia, the decision of prisoners to invest in education/training during their prison term and the potential labour market outcomes of this investment. The results suggest that prisoners use education/training to improve their skills in preparation for release from prison. From this perspective it can be argued that these prisoners see education/training as an investment in human capital rather than consumption. In addition, the decision to participate in either education or training is non-random and varies across the time remaining on the prison sentence, thus suggesting prisoners view education and training as different activities. However, the results show the expected benefit prisoners place on education and training is similar.","This study examines the investment in human capital by prisoners in Western Australia, using the 2003 Survey of Prisoners, and finds that prisoners view education/training as an investment to improve skills for post-release employment, rather than consumption."
"Time-varying effects of human capital on military retention","https://scispace.com/paper/time-varying-effects-of-human-capital-on-military-retention-3e8ibsv377","2011","Journal Article","Contemporary Economic Policy","Darrell J. Glaser","10.1111/J.1465-7287.2010.00220.X","","This paper examines how human capital acquired at the onset of a military career has an evolving effect on retention decisions. Using data of Marine officers that extends across 20-year horizons, estimates of the hazard related to separation rates indicate that initial differences in general and firm-specific human capital have time-varying effects on retention across the duration of a career. Additional evidence suggests that the effects of higher economy-wide unemployment as well as the onset of wars succeeding from September 2001 also change retention decisions and depend on officers' length of service. (JEL J6, J41, J45)","This article examined how human capital acquired at the onset of a military career has an evolving effect on retention decisions and found that initial differences in general and firm-specific human capital have time-varying effects on retention across the duration of a career."
"Non-growth Paths of Human-capital Accumulation","https://scispace.com/paper/non-growth-paths-of-human-capital-accumulation-1c0jbnrinv","1983","Book Chapter","","Z. M. Kubinski","10.1007/978-1-349-22741-9_15","","The theory of the optimal behaviour of the individual as investor in human capital postulates that to produce realised (observed) earnings, he must accumulate a stock of human capital and rent its services in the market-place. The stock comprises intangible human assets such as formal knowledge (Schultz, 1959, 1961, 1963), ‘on-the-job’ skills and experience (Mincer, 1958, 1962), health (Mushkin, 1962), mobility (Sjaastad, 1962), market information (Stigler, 1962), attitudes and so on. Its formation entails costs which are incurred by himself, his parents, his employer and society.","The theory of the individual as investor in human capital postulates that to produce realised (observed) earnings, he must accumulate a stock of human capital and rent its services in the market-place."
"An Asymmetrical Look at Air Force Human Capital Management: More Emphasis on Qualifications and Less on Rank","https://scispace.com/paper/an-asymmetrical-look-at-air-force-human-capital-management-u1ibqq2gl1","2006","","","Daniel M. Romano","","https://scispace.com/pdf/an-asymmetrical-look-at-air-force-human-capital-management-u1ibqq2gl1.pdf",": This research explored an asymmetrical concept of personnel management, specifically whether status, rank, is an artificial barrier to employing qualified enlisted personnel in some company grade officer duties. It takes the approach under the Human Capital Theory and questions whether rank plays a roll in effective performance and whether eliminating rank as a criterion to employment, in some duties, can support Air Force transformation efforts, without negatively affecting culture (i.e. chain-of-command, customs and courtesies). It describes a concept where more emphasis is put on meeting the knowledge, education, experience, and training qualifications and the required rank be interchangeable between enlisted and officer. Key support factors include: increase in enlisted education level; reduction in end strength; undermanned career fields; and salary difference between enlisted and officer. The finding suggest status has little affect on one's ability to perform effectively and the extensive qualitative information indicates managing the knowledge personnel hold is the important aspect of human capital management. This concept is not intended to be a model of equality toward all airmen but attempts to increase the capability of the Air Force within the existing manpower constraints by putting the right person, in the right place, at the right time.","In this paper, the authors explored an asymmetrical concept of personnel management, specifically whether status, rank, is an artificial barrier to employing qualified enlisted personnel in some company grade officer duties, and whether eliminating rank as a criterion to employment, in some duties, can support Air Force transformation efforts, without negatively affecting culture."
"A Dynamic Model of Differential Human Capital and Criminal Activity","https://scispace.com/paper/a-dynamic-model-of-differential-human-capital-and-criminal-3raf6s7waj","2005","Journal Article","Economica","Naci H. Mocan
Naci H. Mocan
Stephen C. Billups
Jody Overland","10.1111/J.1468-0335.2005.00437.X","https://scispace.com/pdf/a-dynamic-model-of-differential-human-capital-and-criminal-3raf6s7waj.pdf","This paper presents a dynamic model of criminal activity. Individuals are endowed with legal and criminal human capital. Potential incomes in legal and criminal sectors depend on the level of the relevant human capital, the rate of return and random shocks. Human capital can be enhanced by participating in both sectors. Legal human capital can also be enhanced through investment. Human capital is subject to depreciation. Individuals maximize expected discounted lifetime utility, which depends on consumption. The model allows analyses of the effects of recessions, imprisonment/rehabilitation scenarios, sanctions and returns to human capital. New insights, such as hysteresis in criminal behaviour, are obtained.","In this paper, a dynamic model of criminal activity is presented, where individuals are endowed with legal and criminal human capital, and potential incomes in legal and crime sectors depend on the level of relevant human capital."
"Applying human capital management to model manpower readiness a conceptual framework","https://scispace.com/paper/applying-human-capital-management-to-model-manpower-2ls2e5hdi0","2005","","","Pert Chin. Ngin","","https://scispace.com/pdf/applying-human-capital-management-to-model-manpower-2ls2e5hdi0.pdf",": The United States Navy is currently going through a human capital transformation in order to better meet the security challenges of the 21st century. A key component of the plan is the job analysis process, conducted using the SkillsNET methodology, to define job requirements in terms of knowledge, skills, abilities, and tools, in contrast to the current approach of relying on the rating badge and a naval enlisted code associated with the billet. The objective of this thesis is to develop a new metric to present manpower readiness in terms of human capital readiness, in line with the Navy's new human capital management approach. This thesis reviews human capital management theories and Sea Warrior, focusing on the capture of human capital skill objects by SkillsNET. Manpower readiness is defined as a function of two components: competence level and preparedness level. Competence level represents the current level of readiness, while the preparedness level is a proxy for the level of readiness in the immediate future. The proposed metric utilizes the human capital skill objects compiled and defined by SkillsNET, and aggregates the individual data to generate the overview of human capital readiness at functional or organizational levels. This metric can be used as a performance measure to evaluate the effectiveness of activities and initiatives conducted in human capital management, which ranges from planning, recruiting, and training to assigning.","In this paper, the authors present a new metric to present manpower readiness in terms of human capital readiness, in line with the Navy's new human capital management approach, which is defined as a function of two components: competence level and preparedness level."
"Human Capital: A Theoretical and Empirical Analysis with Special Reference to Education, First Edition","https://scispace.com/paper/human-capital-a-theoretical-and-empirical-analysis-with-4l2z0qdeo7","1964","Posted Content","Research Papers in Economics","Gary S. Becker","","","A diverse array of factors may influence both earnings and consumption; however, this work primarily focuses on the impact of investments in human capital upon an individual's potential earnings and psychic income. For this study, investments in human capital include such factors as educational level, on-the-job skills training, health care, migration, and consideration of issues regarding regional prices and income. Taking into account varying cultures and political regimes, the research indicates that economic earnings tend to be positively correlated to education and skill level. Additionally, studies indicate an inverse correlation between education and unemployment. Presents a theoretical overview of the types of human capital and the impact of investment in human capital on earnings and rates of return. Then utilizes empirical data and research to analyze the theoretical issues related to investment in human capital, specifically formal education. Considered are such issues as costs and returns of investments, and social and private gains of individuals. The research compares and contrasts these factors based upon both education and skill level. Areas of future research are identified, including further analysis of issues regarding social gains and differing levels of success across different regions and countries. (AKP)","In this paper, the impact of investments in human capital on an individual's potential earnings and psychic income was analyzed, taking into account varying cultures and political regimes, the research indicates that economic earnings tend to be positively correlated to education and skill level."
"Moving Human Capital Inside the Production Boundary","https://scispace.com/paper/moving-human-capital-inside-the-production-boundary-dbp7x0jxtw","2004","Posted Content","Social Science Research Network","Pirkko Aulin-Ahmavaara
Pirkko Aulin-Ahmavaara","","https://papers.ssrn.com/sol3/Delivery.cfm/roiw_122.pdf?abstractid=545855&mirid=3","Moving human capital inside the production boundary requires human capital and its services to be treated as outputs of production processes. The primary input of labor ceases to exist, and it is necessary to redirect goods and services consumed by it as inputs in the industries that now produce human capital and its services, i.e. human time. A description of the total production system, which includes these industries, is given. This description is formalized by means of the dynamic input-output model. The potential uses of this approach are discussed. Two well-known approaches to include human capital in national accounts are discussed against this background. They lead to exceptionally high rates of return on inputs in human capital and, logically, also leave substantial resources available to net additions to the stocks of human capital.","In this paper, the authors formalized the total production system, which includes these industries, by means of the dynamic input-output model, and discussed the potential uses of this approach are discussed against this background."
"An Empirical Test of the Heckman and Rubinstein GED Mixed-Signal: Evidence from Prison","https://scispace.com/paper/an-empirical-test-of-the-heckman-and-rubinstein-ged-mixed-1o2w00anbb","2008","Posted Content","Research Papers in Economics","Jason A. Aimone","","","Economists have begun to embrace the notion, already accepted by the market, that GEDs and High School Diplomas signal similar cognitive abilities, but different non-cognitive abilities. To better understand this phenomenon and its implications, this paper presents a study of an education environment, prison, which provides natural controls for non-cognitive abilities. The study reveals similarities in decisions between the two types of agents that are surprising in light of decisions made in standard educational environments. The results support the mixed-signal theory and furthermore suggest that stricter enforcement of discipline and other non-cognitive attributes may help to reduce dropout rates in non-prison educational facilities.","In this paper, the authors present a study of an education environment, which provides natural controls for non-cognitive abilities, and reveal similarities in decisions between the two types of agents that are surprising in light of decisions made in standard educational environments."
"The Production of Human Capital and the Life of Earnings","https://scispace.com/paper/the-production-of-human-capital-and-the-life-of-earnings-1tb9xa43t4","1994","","","Jacob Mincer","10.7916/D8VT20MW","https://scispace.com/pdf/the-production-of-human-capital-and-the-life-of-earnings-1tb9xa43t4.pdf","After a brief summary of Ben Porath's 1967 model approach, I enquire into the empirical validity and some implications of his insights. Section 2 is an attempt to answer the question: Are the shapes and magnitudes of growth in wage profiles largely attributable to human capital investments? Section 3 tests the proposition that over the working age capacity wages (i.e. wages before netting out investment) decline before observed wages do. Implied timing of labor supply provides the test. The findings shed light on developments in the U.S. labor market in the past several decades. In section 4 some implications are drawn from Ben-Porath's model for interpersonal differences and historical changes in life-cycle human capital investments. The positive correlation between schooling and training, predicted by the model is found in cross-sections. It also shows up in parallel movements in schooling and training in the 1980's as the demand for human capital increased. Once again, observed U.S. patterns are highlighted.","In this article, the authors investigate the relationship between schooling and training in the U.S. labor market and find that over the working age capacity wages (i.e., before netting out investment) decline before observed wages do."
"The Production of Human Capital and the Lifecycle of Earnings: Variations on a Theme","https://scispace.com/paper/the-production-of-human-capital-and-the-lifecycle-of-2f5dwr3ib8","1994","Posted Content","Social Science Research Network","Jacob Mincer
Jacob Mincer","","https://papers.ssrn.com/sol3/Delivery.cfm/nber_w4838.pdf?abstractid=233691&mirid=1&type=2","After a brief summary of Ben Porath's 1967 model approach, I enquire into the empirical validity and some implications of his insights. Section 2 is an attempt to answer the question: Are the shapes and magnitudes of growth in wage profiles largely attributable to human capital investments? Section 3 tests the proposition that over the working age capacity wages (i.e. wages before netting out investment) decline before observed wages do. Implied timing of labor supply provides the test. The findings shed light on developments in the U.S. labor market in the past several decades. In section 4 some implications are drawn from Ben Porath's model for interpersonal differences and historical changes in life-cycle human capital investments. The positive correlation between schooling and training, predicted by the model is found in cross-sections. It also shows up in parallel movements in schooling and training in the 1980's as the demand for human capital increased. Once again, observed U.S. patterns are highlighted.","In this paper, the authors investigate the relationship between the shape and magnitudes of growth in wage profiles largely attributable to human capital investments and show that over the working age capacity wages (i.e., before netting out investment) decline before observed wages do."
"The Production of Human Capital and the Lifecycle of Earnings: Variations on a Theme","https://scispace.com/paper/the-production-of-human-capital-and-the-lifecycle-of-n1aypnyjly","1994","Posted Content","Research Papers in Economics","Jacob Mincer","","","After a brief summary of Ben Porath's 1967 model approach, I enquire into the empirical validity and some implications of his insights. Section 2 is an attempt to answer the question: Are the shapes and magnitudes of growth in wage profiles largely attributable to human capital investments? Section 3 tests the proposition that over the working age capacity wages (i.e. wages before netting out investment) decline before observed wages do. Implied timing of labor supply provides the test. The findings shed light on developments in the U.S. labor market in the past several decades. In section 4 some implications are drawn from Ben Porath's model for interpersonal differences and historical changes in life-cycle human capital investments. The positive correlation between schooling and training, predicted by the model is found in cross-sections. It also shows up in parallel movements in schooling and training in the 1980's as the demand for human capital increased. Once again, observed U.S. patterns are highlighted.","In this paper, the authors investigate the relationship between the shape and magnitudes of growth in wage profiles largely attributable to human capital investments and show that over the working age capacity wages (i.e., before netting out investment) decline before observed wages do."
"The Mobility of Labor and the Theory of Human Capital","https://scispace.com/paper/the-mobility-of-labor-and-the-theory-of-human-capital-1o6c8jrjv9","1967","Journal Article","Journal of Human Resources","Hans-Joachim Bodenhofer","10.2307/144764","","Recent developments in the study of human resources, initiated particularly by the pioneering works of Theodore W. Schultz, gave rise to new approaches to problems of labor mobility. This paper aims to integrate labor mobility into the analytical framework of human capital theory and to develop some answers regarding the functioning of labor markets that are suggested from this point of view. The implications of this approach for the growth potentials of regions or nations gaining or losing from labor mobility are briefly considered. The treatment is theoretical, although it is felt that only empirical research in a more extensive study could give firmer ground for tackling problems of labor mobility.","In this article, the authors integrate labor mobility into the analytical framework of human capital theory and develop some answers regarding the functioning of labor markets that are suggested from this point of view, and the implications of this approach for the growth potentials of regions or nations gaining or losing from labor mobility are briefly considered."
"A Human Capital Approach to the Burden of the Military Draft","https://scispace.com/paper/a-human-capital-approach-to-the-burden-of-the-military-draft-547mlnh37o","1973","Journal Article","Journal of Human Resources","Charles B. Knapp","10.2307/144858","https://www.jstor.org/stable/144858","This article estimates the present value of future income differences attributable to induction for draftees with various military and educational experiences. Using these estimates, a comparison is made of the conscription tax under alternative draft schemes. The results show that: (1) certain types of draftees gain in future income because of induction, and (2) a random draft of 18-year-olds not only minimizes the human capital burden of conscription but would result in an aggregate pecuniary gain for inductees.","In this paper, the present value of future income differences attributable to induction for draftees with various military and educational experiences was estimated, and a comparison was made of the conscription tax under alternative draft schemes."
"Human capital conceptualization: development and concept formation","https://scispace.com/paper/human-capital-conceptualization-development-and-concept-2vi67nb427","2014","Journal Article","","Simona Potelienė
Zita Tamašauskienė","10.13165/VSE-14-4-1-08","https://scispace.com/pdf/human-capital-conceptualization-development-and-concept-2vi67nb427.pdf","The concept of human capital is an old one. Perhaps the first to try to define and measure what now is called human capital was Sir William Petty (1623-1687). The most prominent founder of the Political Arithmetic School of Economics and a forerunner of applied econometrics, Petty was concerned with the main national socioeconomic and political roles of human capital. He believed that labour was the “father of wealth” and that a measure of its value should be included in the estimation of national wealth. Petty’s thesis was that factors other than land and population were important in determining the wealth of a nation. Later, it was studied in works of Ph. Cantillon, J.H. von Thunen, A. Smith, A. Marshall, J.St. Mill, W. Farr, K. Marks, I. Fisher and other scholars. At the end of the 19th and beginning of 20th centuries, there were formed two directions of economic thought, which discussed the definition of the “human capital” term. The representative of one direction scholars (A. Smith, F. List, J.B. Say, J.St. Mill, W. Rosher, W. Bagehot, N. Senior, H. Sidwick, F. List, G.Z. Walsh and others) considered that the capital is presented as inherited and possessed by man qualities and abilities, but they did not explicitly include human beings as capital. The representative of another direction scholars (L. Valras, G.M. Clark, H.D. McLeod, T. Witshtane, W. Farr, I. Fisher, N.W. Senior, H.D. McCleod, J.H. von Thunen, J.R. McCulloch, A. Marshal and others) defined the man himself as capital. Though they included human beings or their acquired skills and abilities in their concept of capital and saw investment in people as a means of increasing productivity, they did not use the concept for any specific purpose, nor did they try to estimate the stock of human resources in a quantitative sense. However, as a special field of economic analysis, the theory of human capital was formed only at the frontier of the 60s – 70s in the 20th century, when J. Mincer (1958), R.B. Goode (1959), T.W. Schultz (1961) and G.S. Becker (1962, 1964, 1975) gave a different point of view regarding the concept and formation of human capital. The results of the investigation have shown that human capital is a broad term and is treated very differently. Various authors emphasize one or another aspect of human capital, taking into account their specific research goals, challenges and context. Despite the proliferation of human capital definitions in the literature, a number of key elements seem to be common, encompassing knowledge, education, experience, health, competence, trained skills and endowed abilities. Given the fact that numerous factors influence forming and exploiting human capital, these factors can be classified according to various scientific descriptors. These classifying descriptors include the following: a result of influence (positive/negative); a type of influence (direct and indirect); a type of influence in the process of renewing (intensive or extensive); a level of influence (macro/mezzo/microeconomic/ individual). In general, the factors that influence human capital formation can be grouped into 6 groups: (1) demographic (e.g., sex-age structure of population); (2) socio-demographic (e.g., the number of employed and unemployed population); (3) social (e.g., state of health and the level of culture, internal migration of the population); (4) economic, which is classified into factors of forming, supporting and developing (e.g., income devision according to the population groups) and factors, influencing on use efficiency (e.g., the general current economic situation); (5) organization-economic (e.g., the level of specialization, concentration and cooperation of production); and finally, (6) ecological (e.g., nature-climatic, sanitary-hygienic working conditions).","The concept of human capital is an old one as mentioned in this paper and it has been used extensively in the literature to define and measure what now is called human capital, including knowledge, education, experience, health, competence, trained skills and endowed abilities."
"Human Capital: A Summary of the 20th Century Research","https://scispace.com/paper/human-capital-a-summary-of-the-20th-century-research-50ghk26tr9","2002","Journal Article","Journal of Education Finance","George Langelett","","https://www.jstor.org/stable/info/40704155","Since the early 1960s, human capital has been a theoretical and empirical focus of economics. During the last two decades, human capital formation became a central issue of neoclassical growth theory. This paper is an overview of the research on human capital, including: the concept, history of studies, education as a form of human capital, issues and caveats, and role in growth theory. The study ends with the current focus of human capital research. The Concept of Human Capital Human capital is the ""know how"" of the work force that increases the productivity of each worker. The theory of human capital is that investments can be made in human beings, as well as in physical capital, which yield a future stream of returns or dividends to the initial investment. Investment in human capital has been one of the major sources of growth in modern economies during the past century. The process of investing in human capital normally takes a much longer time period than physical capital. Most often it takes approximately eighteen years of formal education. In addition, there are shorter investments in human capital over the lifetime of the individual that can include additional formal education, on-the-job training, informal education, life experiences, and learning by doing.1 Human capital formation is both a macroeconomic and microeconomic issue; it is a microeconomic decision with macroeconomic consequences. At the macro level, because it is assumed that genetic endowments (such as intelligence) are normally distributed in large samples, aggregate genetic endowments will be","An overview of the research on human capital, including: the concept, history of studies, education as a form of human capital as discussed by the authors, issues and caveats, and role in growth theory."
"Review of Human Capital Theory","https://scispace.com/paper/review-of-human-capital-theory-2pr011qvj2","2020","Journal Article","International Journal of Advance Research and Innovative Ideas in Education","Hao-jian Dui","","https://scispace.com/pdf/review-of-human-capital-theory-2pr011qvj2.pdf","The human capital theory is one of the most important breakthroughs in economics. With the continuous development of human capital theory, its important influence on social development has gradually been understood by people, and it has also helped many countries achieve economic progress. The practical application of human capital theory is based on the measurement of human capital. This article reviews the relevant literature of human capital, from two aspects: theory and method.","The human capital theory is one of the most important breakthroughs in economics as discussed by the authors, and its important influence on social development has gradually been understood by people, and it has also helped many countries achieve economic progress."
"Human capital theory","https://scispace.com/paper/human-capital-theory-49wsadyesn","2024","Book Chapter","","Irena Grugulis","10.4337/9781035308767.ch10","","The Human Capital Theory (HCT) entry includes sections that define the theory, explore developments in the theory, demonstrate specific application of the theory to HRM, and provide suggested topic areas for future research. HCT is the idea that, just as organisational productivity can be increased by investment, by, for example, purchasing new plant and machinery; individuals can invest in themselves, through increasing education, qualifications, skills, knowledge and health and, by so doing, they can improve their earnings (; ). Put simply, learning is earning (). ","Human capital theory is a theory that emphasizes the importance of individual investment in education, skills, and knowledge for improving earning potential."
"Some Thoughts On The Evolution Of Approaches To The Concept Of Human Capital","https://scispace.com/paper/some-thoughts-on-the-evolution-of-approaches-to-the-concept-3fpa79iq1x","2020","Journal Article","","Muhriddin Mahamadaminovich Sodirjonov","10.37547/TAJSSEI/VOLUME02ISSUE08-21","https://scispace.com/pdf/some-thoughts-on-the-evolution-of-approaches-to-the-concept-3fpa79iq1x.pdf","The article presents an analysis of research and scientific-theoretical solutions and proposals of foreign researchers in the field of studying the processes of human capital development. Comments on the conceptual views of economists and sociologists on the development of human capital are given.","In this paper, the authors present an analysis of research and scientific-theoretical solutions and proposals of foreign researchers in the field of studying the processes of human capital development and comments on the conceptual views of economists and sociologists on the development of human resources are given."
"Human Capital Theory: A Holistic Criticism","https://scispace.com/paper/human-capital-theory-a-holistic-criticism-2rp616yxef","2014","Journal Article","Review of Educational Research","Emrullah Tan","10.3102/0034654314532696","","Human capital theory has had a profound impact on a range of disciplines from economics to education and sociology. The theory has always been the subject of bitter criticisms from the very beginning, but it has comfortably survived and expanded its influence over other research disciplines. Not surprisingly, a considerable number of criticisms have been made as a reaction to this expansion. However, it seems that these criticisms are rather fragmented and disorganized. To bridge this gap and organize them in a systematic way, the present article takes a holistic approach and reviews human capital theory from four comprehensive perspectives focusing on the methodological, empirical, practical, and moral aspects of the theory.","In this article, the authors take a holistic approach and review human capital theory from four comprehensive perspectives focusing on the methodological, empirical, practical, and moral aspects of the theory, and present a systematic approach to bridge this gap and organize them in a systematic way."
"Human Capital Concepts","https://scispace.com/paper/human-capital-concepts-1jk8ngb4sv","1987","Book Chapter","","M. Woodhall","10.1016/B978-0-08-033379-3.50011-5","","Publisher Summary The concept of human capital refers to the fact that human beings invest in themselves, by the means of education, training, or other activities, which raises their future income by increasing their lifetime earnings. The term investment refers to expenditure on assets that will produce income in the future and contrast investment expenditure with consumption, which produces immediate satisfaction or benefits but does not create future income. It is possible to measure the profitability of investment in human capital using the same techniques of cost benefit analysis and investment appraisal that have been traditionally applied to physical capital. The profitability, or rate of return on investment, is a measure of the expected yield of the investment, in terms of the future benefits or income stream generated by the capital compared with the cost of acquiring the capital asset. Explanations of the concept of human capital suggest that education or training raised the productivity of workers. Migration, as well as health care, can all increase earning capacity, and can therefore be regarded as investment in human capital.","The concept of human capital refers to the fact that human beings invest in themselves, by the means of education, training, or other activities, which raises their future income by increasing their lifetime earnings."
"Human Capital Theory","https://scispace.com/paper/human-capital-theory-82lkunb2t6u8","","","","Dorothy D. Pingol","10.1007/978-94-017-8905-9_300340","","During the 1950s the main factors of production included physical capital, labour, land and management (Becker 1964). However, in the early 1960s it was difficult to explain the growth of the United States economy using the four traditional factors of production (Schultz 1961). An explanation for this was found by considering ‘human capital’, a new form of capital that included peoples’ learning capacities, which are of comparable value to other resources involved in the production of goods and services (Lucas 1990). Since then, the Human Capital Theory (HCT) has been used to understand the broader economic decisions by individuals, including occupational choice, migration, health care, and mortality (Sobel 1982).","The Human Capital Theory (HCT) explains economic growth by considering ""human capital"" as a valuable resource, encompassing individuals' learning capacities, and is applied to understand broader economic decisions, including occupational choice and health care."
"The Contemporary Development of Human Capital Theory and Its Inspiration on Practice","https://scispace.com/paper/the-contemporary-development-of-human-capital-theory-and-its-poqme6yko1hc","","","","Yong-shu WANG
Xiao-qin CHEN","10.3969/j.issn.1000-5757.2009.02.009","","The connotation of human capital theory has been continuously enriched since it came into being half a century ago.As a whole,the research on human capital theory of last century was focused on the development of human capital investment.In recent years,theory circle has converted to study the human capital administration,such as the identity of labor force,the use of incentives and ownership of human capital.This study is of great significance to human resource development and utilization in theoretical and practical way.","Human capital theory has evolved from investment focus to administration, encompassing labor force identity, incentive use, and ownership, with implications for human resource development and utilization in both theoretical and practical contexts."
"Conceptual Analysis of Education Role in Economics: The Human Capital Theory","https://scispace.com/paper/conceptual-analysis-of-education-role-in-economics-the-human-39k232qmq2","2019","Journal Article","Journal of History Culture and Art Research","Alfinur A. Galiakberova","10.7596/TAKSAD.V8I3.2256","https://scispace.com/pdf/conceptual-analysis-of-education-role-in-economics-the-human-39k232qmq2.pdf","The article deals with theoretical issues of building the human potential that is necessary for economic growth and social development. There are some theories, differently interpreting the role of education and the issue of demand for individuals in the labor market. In recent decades, the human capital theory has come to the fore. According to it, human capital rises due to a number of reasons, but the key factor is the educational level of the individual. There have been analyzed views of prominent economists who laid the foundations of this theory. Their undoubted merit is that since then there has been a huge increase in investment into a human being all over the world, since people began to be considered as an important factor in development, as an investment into tangible assets. There also have been considered the evolution of this theory, which was gradually freed from the elements of simplified economic determinism. It is indicated that in modern Russian realities further expansion of higher education does not always lead to an increase in employees’ income. Along with the arguments of the supporters of this theory, the article contains the arguments of its critics. Owing to discussions, the theory is developing and getting flexible. The concept of “human capital” is expanding and now it includes a variety of personality abilities that make it possible for a person to solve economic and many other problems. Therefore, the theory is gradually becoming the subject of broad multidisciplinary research.","In this article, the authors deal with theoretical issues of building the human potential that is necessary for economic growth and social development and deal with the arguments of the supporters of the human capital theory."
"The Returns to Criminal Capital","https://scispace.com/paper/the-returns-to-criminal-capital-ujiz6td7rp","2013","Journal Article","American Sociological Review","Thomas A. Loughran
Holly Nguyen
Alex R. Piquero
Jeffrey Fagan","10.1177/0003122413505588","https://scispace.com/pdf/the-returns-to-criminal-capital-ujiz6td7rp.pdf","Human capital theory posits that individuals increase their labor market returns through investments in education and training. This concept has been studied extensively across several disciplines....","Human capital theory posits that individuals increase their labor market returns through investments in education and training as discussed by the authors, and this concept has been extensively studied across several disciplines including finance, economics, and psychology."
"The human capital theory. Encouragement and criticism","https://scispace.com/paper/the-human-capital-theory-encouragement-and-criticism-1lu3kjyawt","2017","Journal Article","Information Security","Uliana Kolomiiets
Yuriy Petrushenko","10.21272/SEC.2017.1-09","","What is a human capital? Many minds tried to find answer for this question. First attempts were made even during the ancient times. However, as it is mentioned in the early scientific literature, human capital as a determinant in labor economics appeared at the end of XX century. Until recently it is one of the most discussed questions in the field. Therefore, this work will present thoughts of many famous economists who have made any contribution into human capital. Moreover, there is a connection that goes through years and centuries showing the main points of dispute and compares it with points of current hot debates. It might help to understand current problems better, because we have to “explore the past to understand the present and shape the future” (Graseck, 2008).","In this paper, the authors present thoughts of many famous economists who have made any contribution into human capital, and there is a connection that goes through years and centuries showing the main points of dispute and compares it with points of current hot debates."
"THE HUMAN CAPITAL APPROACH: AN APPRAISAL Human Capital Theory: Education, Discrimination, and Life Cycles","https://scispace.com/paper/the-human-capital-approach-an-appraisal-human-capital-theory-5fhzmnh8yf","2016","","","Finis Welch","","","The most important point I can make in assessing contributions of human capital theory is that it is a tool for analysis and is neither a religion nor a shrine. Like any other analytical tool, we use it when it simplifies interpretation of complex phenomena and reject it when it conceals more than it reveals. Much of the burden of defining ""what human capital theory says"" has been assumed by detractors who, in many cases, offer caricatures in lieu of characterization. Omissions and abstractions are criticized without regard for the context in which assumptions are made and without reference to the predictive power of simplifying assumptions. Human capital theory is based only on the presumption that labor skills or market perceptions of skill are both durable and","Human capital theory is neither a religion nor a shrine as discussed by the authors, but rather a tool for analysis and is used to simplify interpretation of complex phenomena and reject it when it conceals more than it reveals."
"Human Capital in the Perspective of Sociology--A Review of Economic Theory of Human Capital","https://scispace.com/paper/human-capital-in-the-perspective-of-sociology-a-review-of-sjiuyx18q1il","","","","李国和
张运刚","10.3969/j.issn.1003-6636.2005.01.009","","Economic theory on human capital broadens horizons for the research on capital. Its positive significance lies in that it recognizes the status of labor in the production system and stresses that it is a type of capital. However, human capital theory looks at labor and investment in it only from the economic perspective and its inherent assumptions have, in effect, abstracted sociological factors in reality. From the sociological perspective, human capital in essence embodies the interaction between human beings and society. Its acquisition is the process of socialization of individuals and the value it embodies is also the result of social identification reflecting the interaction between individuals and firms / organizations. Therefore, human capital is not only of economic value, but also of social function not to be ignored.","Economic theory of human capital overlooks sociological factors, viewing labor as a capital asset solely from an economic perspective, whereas a sociological perspective reveals human capital as a product of social interaction, socialization, and social identification."
"Genesis of the human capital theory: from classical foundations to the challenges of the digital era","https://scispace.com/paper/genesis-of-the-human-capital-theory-from-classical-i49e8vkiztk6","2025","Journal Article","Ekonomìka ì upravlìnnâ","Serhii Duha","10.32782/2312-7872.2.2025.3","","The article examines the comprehensive evolution of human capital theory from foundational classical political economy ideas to contemporary advanced concepts within the context of digital transformation, wartime realities, and Ukraine's strategic European integration process. Key developmental stages of human capital theory are systematically analyzed, starting from ancient philosophers Plato and Aristotle, through classical school economists William Petty and Adam Smith, to modern approaches of neoclassical, institutional, and post-industrial academic schools. Critical gaps in assessing invisible capital components including creativity, stress resistance, adaptability, emotional intelligence, and significant methodological challenges of adapting established theory to artificial intelligence impact on labor relations and employment structure transformation are identified and thoroughly examined. The author provides detailed analysis of leading scholars' contributions to conceptual development, including Theodore Schultz's fundamental works on investment nature of human capital, Gary Becker's sophisticated microeconomic model, Douglas North's institutional approaches, and contemporary research by Ukrainian scientists Oksana Grishnova, Olena Kosenko, and others. Special emphasis is placed on transformation of human capital understanding within knowledge economy conditions, comprehensive digitalization processes, global challenges, and critical necessity of transitioning from traditional qualifications to competencies and soft skills paradigm. An original integral assessment model for Ukrainian human capital is proposed, accounting for specific losses through qualified workforce migration, critical digitalization requirements, European education and professional training standards, and psychological consequences of military conflict. The model incorporates six interconnected components with scientifically substantiated weight coefficients: education, health, digital skills, adaptability, inclusivity, and sustainable development dimensions. The strategic role of human capital as a key national competitiveness factor under global challenges and critical necessity of forming comprehensive lifelong learning ecosystems is substantiated through empirical evidence. Priority directions for further scientific research are determined, including development of innovative invisible capital assessment methodologies, comprehensive investigation of artificial intelligence impact on professional competencies transformation, and creation of scientifically grounded crisis management strategies for human capital preservation during military conflicts and post-war reconstruction periods. ","This article examines the evolution of human capital theory from ancient philosophers to modern concepts, identifying gaps in assessing invisible capital components and proposing an original assessment model for Ukrainian human capital, emphasizing digitalization, competencies, and soft skills."
"Human capital theory: implications for human resource development","https://scispace.com/paper/human-capital-theory-implications-for-human-resource-4qcj4zu49o","2004","Journal Article","Human Resource Development International","Fredrick Muyia Nafukho
Nancy R. Hairston
Kit Brooks","10.1080/1367886042000299843","","This article reviews definitions of 'Human Capital Theory' by leading economists and HRD scholars. The origin of the term 'capital' is explained, and the link between Human Capital Theory and HRD is discussed. It is argued in the article that HRD scholars and practitioners should explore further the link between human capital, HRD and development at individual, organizational, community and international levels.","In this paper, the authors reviewed definitions of human capital theory by leading economists and HRD scholars, and discussed the link between Human Capital Theory and human development at individual, organizational, community and international levels."
"Human capital management: Economics of psychological perspective.","https://scispace.com/paper/human-capital-management-economics-of-psychological-4jbikr53ck","2015","Journal Article","Industrial Psychiatry Journal","Kalpana Srivastava
RC Das","10.4103/0972-6748.181717","","Human capital management (HCM) is an old discipline frequently specialized and referred to by the financial and investment analysts as well as the accountants and HR professionals. HCM is concerned with obtaining, analyzing, and reporting on data and the direction of value‐adding people management at the corporate level and at the level of front‐line management.[9] HCM is a system approach to people management and refers to the discipline of acquiring, retaining, measuring, managing, and leveraging the workforce. It can aptly be stated that HCM treats employees as an asset rather than overhead.","Human capital management is an old discipline frequently specialized and referred to by the financial and investment analysts as well as the accountants and HR professionals."
"Theoretical Thoughts on the Military Human Capitals","https://scispace.com/paper/theoretical-thoughts-on-the-military-human-capitals-5j6q2ztq14rg","","","","黄海","10.3969/j.issn.1004-1613.2004.03.008","","This paper discusses the theoretic questions of military human capitals, such as its propertyies, characteristics, categories, content of investment. Restrictiveness, compulsion, planning and subjectiveness are the characteristics of military human capital investment and it is demonstrated that under different cost -income modes of the military human capital the solders are to take different behavioral modes.","This paper explores theoretical aspects of military human capital, including its properties, characteristics, and investment content, highlighting restrictiveness, compulsion, and planning as key features influencing soldier behavior under varying cost-income modes."
"Some aspects of theoretical approaches to problematization of human capital measurement: expenditures or investments","https://scispace.com/paper/some-aspects-of-theoretical-approaches-to-problematization-486xvzrf5h","2023","Journal Article","Učenye zapiski Rossijskoj Akademii predprinimatelʹstva. Rolʹ i mesto predprinimatelʹstva v èkonomike Rossii","E V Moreeva
P. I. Ananchenkova","10.24182/2073-6258-2023-22-3-131-135","","Human capital includes the characteristics of individuals who are active participants in the labor market. A different approach considers human capital at the level of companies (or other business units) as a set of professional abilities and characteristics of employees. At the individual level, any actions that increase the value of human capital are personal investments of an individual, while the costs of companies in professional development, formation and development of new skills and competencies of employees in the scientific literature are considered as costs and as investments. The difference in approaches is due to the time context: if a company plans to use human capital in the short term, then the payback period for investments in its increase is too small. However, if we are talking about the long-term use of human capital, then such a period covers the costs of its development and ensures an increase in profits from its use. Therefore, for companies striving for sustainable development and long-term competitiveness, human capital is a factor of production and an object of investment. ","Human capital measurement approaches differ between individual and company levels, with individual actions considered investments and company expenditures viewed as costs or investments, depending on time context and long-term competitiveness goals."
"On The Research of Foreign and Domestic Human Capital Theory","https://scispace.com/paper/on-the-research-of-foreign-and-domestic-human-capital-theory-4h9xg8unw3","2005","Journal Article","Chinese journal of population, resources and environment","Li Fuzhu","10.1080/10042857.2005.10677441","","Human Capital Theory came into being in the middle and later periods of the 20th century. A lot of achievements have been made on the research in its connotation, measures of the value, investment and income, function mechanism and so on, by foreign scholars. In recent 10 years of the new Millennium alternation, the “steal business effect” and the structure of human capital on the mechanism of economic rise has become the two emphasis in current foreign Human Capital Theory's research. On the basis of foreign researches and Chinese situations, domestic scholars have enriched and developed it, but there are many disparities in its methods, aspects and levels between foreign and domestic researches.","In recent 10 years of the new Millennium alternation, the ""steal business effect"" and the structure of human capital on the mechanism of economic rise has become the two emphasis in current foreign Human Capital Theory's research as mentioned in this paper."
"Human capital","https://scispace.com/paper/human-capital-2m15ny8g9s","2007","Book","","Brian Keeley","","","Human capital is the stock of skills that the labor force possesses. The flow of these skills is forthcoming when the return to investment exceeds the cost (both direct and indirect). Returns to these skills are private in the sense that an individual’s productive capacity increases with more of them. But there are often externalities that increase the productive capacity of others when human capital is increased. This essay discusses these concepts historically and focuses on two major components of human capital: education and training, and health. The institutions that encourage human capital investment are discussed, as is the role of human capital in economic growth. The notion that the study of human capital is inherently historical is emphasized and defended.",""
"The Concept of Human Capital, Its Evolution and Its Role in Economic Development","https://scispace.com/paper/the-concept-of-human-capital-its-evolution-and-its-role-in-4qvz5sqthlgl","2025","Journal Article","International Journal Of Management And Economics Fundamental","Tuychieva Khayothon Gapurzhanovna","10.37547/ijmef/volume05issue05-06","","The piece of writing follows the evolution of human capital as a marginal theory to a fundamental component of economic growth. Human capital is defined as people's skills, knowledge, and abilities that drive productivity and growth. By comparing past perceptions, the key theoretical notions, and contemporary applications, this study reveals the significance of human capital investment for economic development over the long term. The paper concludes with a consideration of the implications of investment in human capital for economic development strategy and policy. ","This study explores the evolution of human capital from a marginal theory to a fundamental driver of economic growth, highlighting its significance in productivity and growth, and its implications for long-term economic development strategy and policy."
"Exploring Comparative Economic Theories: Human Capital Formation Theory vs Screening Theory","https://scispace.com/paper/exploring-comparative-economic-theories-human-capital-lg0sn9u10f","2017","Journal Article","THE JOURNAL OF APPLIED BUSINESS AND ECONOMICS","Joy Cooper
Larry R. Davis","","","Every nation must address the economic questions of what products it will produce, for whom to produce, and how to produce (Schiller, 2011). Land, labor, capital, and entrepreneurship are the factors of production that support a nations economic foundation, but since resources are scarce, choices regarding production decisions are necessary. When individuals, governments, and organizations make those choices, they experience opportunity costs. Economics revolves around the choices countries, governments, organizations, and individuals make in responding to the dilemma of scarcity. Economies form the human activities that support the production, distribution, exchange, and consumption of goods and services (Mankiw, 2003). Human resources are integral factors of production and the process of developing human resources utilized to shape and improve organizational performance is known as human resource development (HRD) (DeSimone, 2002). Economics plays an important role in shaping HRD for the purposes of expanding individual and organizational performance, increasing production efficiency, creating desired returns, and other economic facets. Human capital theory (HCT) and screening theory are two theories that are relevant to emerging demographic trends, particularly as they relate to Texas, that impact training and development. The history of economic thought and evolution of the two economic theories will follow and include discussion of their similarities and differences. Additionally, the vital roles that both theories play and their implications for the labor force that are important to HRD research and practice will be presented.","The history of economic thought and evolution of the two economic theories can be found in this article, along with a discussion of their similarities and differences, as well as the vital roles that both theories play and their implications for the labor force."
"Human Capital: an Institutional Economics point of view","https://scispace.com/paper/human-capital-an-institutional-economics-point-of-view-1zeq4v5bnp","2008","Posted Content","Research Papers in Economics","Germana Bottone","","","Human capital is usually defined as “The aggregation of investments, such as education and on the job training that improves the individual’s productivity in the labour market”. The initial definition did not take into account some central aspects of “human capital”, owing to a supposed analogy with physical capital. But even though, from an economic point of view, there are some similarities, human beings are more complex than automatic machines. More recently, it has been attempted to articulate a more extensive definition of “human capital” by considering all the attributes embodied in individuals relevant to economic activity”. Nevertheless, the evolution of human capital definition is in some way restricted to its economic meaning, neglecting the intrinsic complexity of the concept that demands an in-depth re-examination of its social and cultural value. In order to achieve deeper understanding of the multiplicity of aspects making up human capital, we are going to make use of the main concepts of institutional and evolutionary economics..","In this paper, the authors make use of the main concepts of institutional and evolutionary economics to understand the multiplicity of aspects making up human capital, and they propose a more extensive definition of human capital by considering all the attributes embodied in individuals relevant to economic activity."
"Human Capital as a Challenge for Economics Theory","https://scispace.com/paper/human-capital-as-a-challenge-for-economics-theory-2uc3f9u08j","2014","Posted Content","International Journal of Management, Knowledge and Learning","Barbara Wyrzykowska","","https://scispace.com/pdf/human-capital-as-a-challenge-for-economics-theory-2uc3f9u08j.pdf","The issue of human capital is increasingly attracting the attention of both theorists and practitioners, because at present human resources play a decisive role in the creation of competitive economies and business entities. Human capital and knowledge are becoming key factors in the area of entity competitiveness. Consequently, human capital is currently being analysed in a multi-faceted way in the context of numerous economic theories. The aim of this study is to summarize, analyse, and synthesise the information published on the subject of the theory of human capital and to present new theories and scientific paradigms. The theories presented in this study show that employees constitute the basic capital of modern organizations. One of the contemporary paradigms of modern management is the concept of knowledge-based economy and the paradigm of information technology. This article is based on literature studies and theoretical reflections of the author.","In this article, the authors present new theories and scientific paradigms for the theory of human capital and show that employees constitute the basic capital of modern organizations, and that knowledge and knowledge are becoming key factors in the area of entity competitiveness."
"Conceptual development of human capital","https://scispace.com/paper/conceptual-development-of-human-capital-fsd1tpl0i9","2019","Journal Article","","Ana-Maria Ciuhu
Valentina Vasile","10.29302/OECONOMICA.2019.21.1.5","https://scispace.com/pdf/conceptual-development-of-human-capital-fsd1tpl0i9.pdf","This paper aims in presenting the development of human capital concept from the perspective of labour market. The starting point of the conceptual framework was the strictly quantitative approach. In the taylorists view, the labour force was considered a classical production factor. Afterwards the so-called transitional period included some qualitative attributes as contributing to labour performance. Ultimately, the human capital concept has developed within an integrative approach, in which the education and skills have a valuable position, where intangible attributes of labour forces become the main determinants of firms’ competitiveness. The study proposes a conceptual mark between potential and real human capital, including the quatitative and qualitative components. The potential human capital is activated on the labour market and capitalized as real human capital. Moreover, we propose a mathematical approach of the economic rate of human capital return, based on the real and potential delimitation.","In this paper, the authors propose a conceptual mark between potential and real human capital, including the quatitative and qualitative components, and propose a mathematical approach of the economic rate of human capital return, based on the real and potential delimitation."
"Human Capital Theory","https://scispace.com/paper/human-capital-theory-4t16f9k9ha","2010","Other","","Robert J. Brent","10.4337/9781849805131.00042","","→ It is an investment because costs are incurred, both explicit, in the form of fees, and implicit, in the form of “hardship”, as well as opportunity cost of staying in school while the individual could begin his career. Like most of studies in Economics, the optimal choice is dependent on the balance between benefits and costs. There is an additional element in the study of this cost and benefit of investment in human capital, that of private versus social cost and benefit. As the terms imply, the former pertain to the individual agent’s personal cost in terms of hardship (which is a function of their innate talent), and opportunity cost (which is a function of personal network, and opportunities available at any given time). The latter pertains to the optimal choice if there was one individual who could make a binding choice for everyone of us.","In economics, the optimal choice is dependent on the balance between benefits and costs as mentioned in this paper, and there is an additional element in the study of investment in human capital, that of private versus social cost and benefit."
"Army Human Resources Development Strategy through Human Capital Approach","https://scispace.com/paper/army-human-resources-development-strategy-through-human-rp0jjxa5qe78","2025","Journal Article","","Sugeng Purwanto
Irfan Ilhamsyah","10.62567/ijosse.v1i1.603","","The focus of research on the statement is the strategy of developing human resources (HR) of the Army through a human capital approach in increasing the professionalism, capability, and effectiveness of military personnel to support the operational success of the Army in facing various security challenges. The purpose of this research is to analyze the Human Resource Development Strategy of the Indonesian Army through the Human Capital Approach. The method used in this research is descriptive qualitative with SWOT analysis tools and tree analysis. The theory used in this research is human capital. The results showed that the strategies used for HR development with a human capital approach are (1) Improving the quality of education and training of soldiers through evaluation and inclusive curriculum development. (2) Utilizing good education and training to improve soldiers' capabilities through an integrated and sustainable human capital approach. (3) Improving the professionalism of soldiers through merit-based personnel management system reform. (4) Improving soldiers' welfare by providing access to specialized higher education through the Defense University. (5) Improving transparency and efficiency through information and communication technology, keeping soldiers' focus on the main task of defense. By adopting a human capital approach, the Army is expected to improve the quality and capability of soldiers, so that they are ready to face future challenges and support the achievement of the organization's strategic goals. ","This study analyzes the Indonesian Army's Human Resource Development Strategy through a human capital approach, identifying five strategies to improve professionalism, capability, and effectiveness of military personnel to support operational success in facing security challenges."
"The Incubator of Human Capital: The NBER and the Rise of the Human Capital Paradigm","https://scispace.com/paper/the-incubator-of-human-capital-the-nber-and-the-rise-of-the-39wabdy0w7","2020","Report","Research Papers in Economics","Claudia Goldin
Lawrence F. Katz","10.3386/W26909","","The human capital construct is deep in the bones of economics and finds reference by many classical economists, even if they did not use the phrase. The term “human capital,” seldom mentioned in economics before the 1950s, increased starting in the 1960s and blossomed in the 1990s. The upsurge in NBER publications was even greater. Using EconLit codes from 1990 to 2019, the use of human capital among NBER books increased from 5% to 25%, whereas all economics books changed from 3% to 6%. For NBER working papers, 3% referenced human capital around 1990, but 10% have more recently. The figures for all economics articles are 4% and 6%. The NBER played an outsized role in the rise of the concept of human capital mainly because of the emphasis on empiricism at the NBER. We explore how the NBER was an incubator of human capital research and the ways human capital theory brought the NBER into the modern era of economics.","This article explored how the NBER was an incubator of human capital research and the ways human capital theory brought the nBER into the modern era of economics, and found that the use of human resources among NBER books increased from 5% to 25%, whereas all economics books changed from 3% to 6%."
"Comprehensive Literature Review on Human Capital Investments Theory: What’s in it?","https://scispace.com/paper/comprehensive-literature-review-on-human-capital-investments-502vzknfc8","2015","Journal Article","","Udaya Mohan Devadas","10.4038/KJHRM.V10I1-2.19","https://scispace.com/pdf/comprehensive-literature-review-on-human-capital-investments-502vzknfc8.pdf","‘Human Capital’ (HC) is being widely used in different fields: economics, human resource development, and national planning with different meanings in different fields. Seemingly, the term has, in some instances, been misused in the literature and in the practice. In such a context, it is worthwhile to investigate into the development of HC theory. This study has been dedicated to elaborate the evolution of human capital investment theory, the content of HC, the proxies of HC, the benefits of human capital investment, the causes of human capital investment, and the limits of human capital investment theory. This study, hence paves the way for positioning human capital investments theory in the literature and to strategies HC development practices consciously rather approaching to it with gut feeling.","In this article, the authors elaborate the evolution of human capital investment theory, the content of HC, the proxies of HC and the benefits of HC investment, the causes of human CAP investment, and the limits of humanCAP investment theory."
"Transformation of the category “human capital” in foreign and domestic economic thought","https://scispace.com/paper/transformation-of-the-category-human-capital-in-foreign-and-27px9ivx7u","2024","Journal Article","Vestnik Astrahanskogo gosudarstvennogo tehničeskogo universiteta","Ekaterina Sergeevna Churkina","10.24143/2073-5537-2024-2-89-95","","Human capital is a key element of the productive forces in the global economic system. The changes that are taking place in the modern world dictate new requirements for human capital, complemented by digital competencies, individual and creative human development. Throughout the development of labor and economic relations, human capital has changed in its qualitative content, functionality and ideological content. The study and assessment of human capital in all historical periods of development has been a priority area of research. Thus, the general global approach to defining the concept of “human capital”, which assumes that labor resources are a source of national income, is transformed into a personalized approach with an emphasis on the uniqueness of a person with his individual set of competencies. The article examines the approaches to the content of the concept of “human capital” of foreign and domestic representatives of economic thought. The contribution of various scientists to the development of the essence of the category “human capital” is highlighted, and the stages of the formation of approaches to the content of the concept “human capital” are systematized. The stages of transformation of the category ""human capital"" are listed: labor as the main source of income, the allocation of the concept of human capital into an independent category, attempts to value human capital, the need to invest in the development of human capital, the transition to personification and development of competencies, the impact of digitalization on the qualitative characteristics of human capital. Conclusions are drawn about the need to revise the concept, approaches and methods to the study and assessment of human capital in modern conditions. ","The concept of ""human capital"" has undergone a significant transformation in recent years, moving away from a focus on labor resources as the main source of national income to a personalized approach emphasizing individual competencies and digital competencies."
"Human Capital and Screening Theories: Implications for Human Resource Development","https://scispace.com/paper/human-capital-and-screening-theories-implications-for-human-2heipnvzry","2008","Journal Article","Advances in Developing Human Resources","Rita Dobbs
Judy Y. Sun
Paul B. Roberts","10.1177/1523422308325761","http://journals.sagepub.com/doi/pdf/10.1177/1523422308325761","The problem and the solution. Human capital theory is a well-accepted foundation of human resources development (HRD) research and practices. Screening theory is equally foundational to HRD. This a...","The problem and the solution as discussed by the authors is a well-accepted foundation of human resources development (HRD) research and practices, and screening theory is equally foundational to HRD."
"Emergence of the Human Capital Resource: A Multilevel Model","https://scispace.com/paper/emergence-of-the-human-capital-resource-a-multilevel-model-4cum6htq5k","2011","Journal Article","Academy of Management Review","Robert E. Ployhart
Thomas P. Moliterno","10.5465/AMR.2009.0318","","This article offers a new approach to the conceptualization of the human capital resource by developing a multilevel model connecting micro, intermediate, and macro levels of scholarship. We define human capital as a unit-level resource that is created from the emergence of individuals' knowledge, skills, abilities, or other characteristics. The model provides new insights into how strategically valuable human capital resources have their origins in the psychological attributes of individuals and are transformed through unit-level processes.","In this article, a multilevel model connecting micro, intermediate, and macro levels of scholarship is proposed for the conceptualization of the human capital resource, which is created from the emergence of individuals' knowledge, skills, abilities, or other characteristics."
"Human Capital Developments an Interdisciplinary Approach for Individual, Organization Advancement and Economic Improvement","https://scispace.com/paper/human-capital-developments-an-interdisciplinary-approach-for-1rchpm4v38","2013","Journal Article","Asian Social Science","Gbenga M. Akinyemi
Norhasni Zainal Abiddin","10.5539/ASS.V9N4P150","https://scispace.com/pdf/human-capital-developments-an-interdisciplinary-approach-for-1rchpm4v38.pdf","Human Capital Development implies the acquisition of knowledge and intellectual stock through the means of education, for expansion of productivity, efficiency, performance and output. Human Capital Development Theory is applicable at every level of human setting and human organization: individual level, family level, community level, organization level, national level and international level. Therefore the theories can be used in interdisciplinary approach-involving two or more academic disciplines. On account of the importance of Human Capital Development Theory, this article reviewed the theory of Human Capital Development and various models underpinning it; with the aim of highlighting the relevance of Human Capital Theory in Human Resource Development as well as the models of Human Capital Development. The summary of the implication of human capital development theory emphasizes the more, the vitality of it to economic improvement and advancement of individuals and organizations.","In this article, the authors reviewed the importance of human capital development and various models underpinning it, with the aim of highlighting the relevance of Human Capital Theory in Human Resource Development as well as the models of Human capital Development."
"Main Lines of the Theory of Human Capitals and Their Practical","https://scispace.com/paper/main-lines-of-the-theory-of-human-capitals-and-their-i7oif1fjfrfl","","","","李义平","10.3969/j.issn.1008-9314.2002.03.010","","The article interprets the theory of Human Capital put forward by Adam Smith, Schultz and Becker respectively, recalls the evolution of the theory logically and demonstrates that Human Capital shall bring positive effect on an individual, enterprise and a nation, as well as birth issue It is specially recommendable for us, who are focusing on economic development today","This article interprets and evolves the Human Capital theory by Adam Smith, Schultz, and Becker, demonstrating its positive effects on individuals, enterprises, and nations, with implications for economic development and policy-making."
"Editorial: A Note on This Issue","https://scispace.com/paper/editorial-a-note-on-this-issue-4h9uh64se7","1989","Journal Article","Educational Researcher","Gary S. Becker","10.3102/0013189X018004004","","T he human capital revolution began during the 1950s, perhaps mainly as an effort to understand the roles of education and training in promoting the economic growth of countries. Since then, human capital analysis has been used to unify and explain why earnings rise with schooling and work experience, why highly skilled persons move from less developed countries like India to developed countries like the United States, why families have large effects on children's achievement, and a host of related questions. Education researchers and practitioners generally resisted the initial work on the economic effects of education. They believed that the focus on earnings and jobs was too narrow and detracted from other education benefits. Eventually, however, many (but far from all!) critics realized that any contribution of more education to higher earnings and better jobs only added to other benefits. And subsequent work demonstrated that the same techniques used to estimate the effects of education on earnings can help quantify certain nonmonetary benefits. It also became apparent that politicians are more likely to provide additional funds for education when they believe the economic effects are large. During the 1970s, interest in human capital slackened, partly because evidence had cropped up suggesting that in the U.S. education no longer had a large effect on earnings. There was even talk of ''over-educated Americans/' This slackening interest was also due to economists' turning attention away from economic growth and toward inflation and unemployment. But the 1980s are seeing a revival of academic and popular interest in human capital—witness the extraordinarily successful September 19, 1988 Business Week cover story, \""Human Capital/' This special issue of the ER will accelerate the revival. Murphy and Welch show that the weaker relation of education to earnings in the 1970s was temporary and that the financial benefits of schooling are now stronger than ever. The sharp rise in earnings differentials between college and high school graduates has induced increased numbers to continue their education beyond high school. The unexpected boom in enrollments recently, despite fewer persons reaching college age, is directly attributable to prospects of larger monetary gains. The }orgenson-Fraumeni and the Mincer papers relate education to economic growth, albeit differently. Jorgenson-Fraumeni show that the stock of earning power implied by education levels in the United States exceeds, perhaps by several times, the total stock of physical capital. Mincer directly ties education to growth by showing that rapidly progressing industries attract more educated employees. Apparently, an educated workforce adapts well, and it may also produce economic progress by stimulating innovation. His findings extend earlier research indicating that, whereas education is of little value to farmers in a traditional agricultural system, it adds greatly to the productivity of modern farmers who must cope with new hybrids, fertilizers, and other advances. Hanushek reviews evidence on education production functions—the relation between measures of education output (such as achievement scores) and inputs of teachers, books, and so forth. Evidence indicates that variables like class size appear to have only a weak effect on output. These findings are troubling because an increase in class size reduces costs per student. If larger classes do not reduce education output per student, why not enlarge classes to reduce costs? Although human capital takes many forms, schools and education have received the most discussion. But in many countries, including Japan and the United States, on-the-job training and proprietary schools have become immensely important. Schooling should be viewed as a major part of a highly interdependent system for providing skills and knowledge to succeeding generations. The economists' approach to human capital is indispensable in analyzing this complex system.D","The authors showed that the stock of earning power implied by education levels in the United States exceeds, perhaps by several times, the total stock of physical capital, and that an educated workforce adapts well, and it may also produce economic progress by stimulating innovation."
"A Study of Human Capital Value and the Realization of Its Maximal Value","https://scispace.com/paper/a-study-of-human-capital-value-and-the-realization-of-its-h16iomzrthus","","","","胡晓玉
李大为","10.3969/j.issn.1000-7504.2003.02.009","","The theory of human capital, since it occurred in the last years of 1950s, has drawn more and more attention from theorists and enterprises, and has been a subject of much research, gaining further development. Human capital refers to the constant consumption capital embodied by individuals with the possessions of human resources; the forming of the human capital value means a process for accumulating value, in which individual receives education, thereby paying opportunity costs. To realize the maximal value of human capital, the following factors must be taken into account, including to establish the system of individual ownership at the core of human resource; to coordinate the relations of interest between human capital and other equity parties; to form an incentive mechanism with the priority of both equity incentive and opportunity incentive.","This study explores the theory of human capital, its development, and realization of maximal value, highlighting the importance of individual ownership, interest coordination, and incentive mechanisms in accumulating and maximizing human capital value."
"A Comprehensive Understanding of the Economic Value of Human Capital","https://scispace.com/paper/a-comprehensive-understanding-of-the-economic-value-of-human-6drxa5y1x7nh","","","","李湘萍","10.3969/j.issn.1006-1096.2008.04.002","","Economics of education should not be defined only as economics of school education.Under the ideology of life-long learning,the end of school education does not mean an end stop of learning and human capital investment.Apart from an outer development through theoretical foundation expansion,economics of education can also gain its inner development under the framework of humang capital theory.The approach of inner development emphasizes a comprehensive insight into the various human capital investments especially education and training which are the most important approaches of human capital investment.The integration of economics of education and economics of training will bring us a rosy future in the study of human resources development.Only under this circumstances can we carry out an overall and deep research into the economic value of human capital as well as its realization mechanism.","This study expands the economics of education beyond school education, integrating it with human capital theory to explore the economic value of human capital through lifelong learning, education, and training investments."
"Revisiting human capital theory: progress and prospects","https://scispace.com/paper/revisiting-human-capital-theory-progress-and-prospects-557utfcmbi","2019","Book Chapter","","Jonathan Winterton
Kenneth Cafferkey","10.4337/9781786439017.00023","","This chapter provides a chronology of understanding of human capital theory tracing its roots back to the pioneering work of Adam Smith. The chapter traces the theoretical underpinnings of human capital theory and its evolution in the human resources literature. The chapter then goes on to criticize the misconception in understanding and measurement of human capital as overly simplistic whereby understanding of human capital theory amounts to more than simply counting training initiatives. Generational differences in understanding human capital theory are then discussed in respect of changing attitudes to work and skills development. The chapter concludes by developing a new approach to assessing human capital within organizations based on the Ability, Motivation, Opportunity framework.","In this paper, the authors provide a chronology of understanding of human capital theory tracing its roots back to the pioneering work of Adam Smith and present a new approach to assess human capital within organizations based on the Ability, Motivation, Opportunity framework."
"Методы оценки человеческого капитала в экономике: теоретический и практический анализ","https://scispace.com/paper/metody-otsenki-chelovecheskogo-kapitala-v-ekonomike-9n87v9b4v2gn","2025","Journal Article","Экономика и предпринимательство","М.И. МАРКИН","10.34925/eip.2025.180.7.076","","В статье рассматриваются современные подходы к оценке человеческого капитала в экономике. Проведен анализ индикаторного, затратного, доходного и рыночного методов, а также их практического применения на уровне государств и компаний. Особое внимание уделено стоимостной оценке, индексу человеческого капитала и корпоративным метрикам. Обоснована необходимость комплексного подхода к измерению человеческого капитала и раскрытия его значимости для устойчивого развития экономики. Сделан вывод о необходимости стандартизации методик оценки и расширения раскрытия информации. The article explores modern approaches to human capital assessment in economics. It analyzes indicator-based, cost, income, and market methods, and their practical application at national and corporate levels. Particular attention is paid to monetary valuation, the Human Capital Index, and business metrics. The study emphasizes the importance of an integrated assessment approach and highlights the role of human capital in sustainable economic growth. The conclusion stresses the need for standardized evaluation methods and expanded information disclosure. ","This study reviews modern human capital assessment methods in economics, analyzing indicator-based, cost, income, and market approaches, and emphasizes the need for standardized evaluation methods and expanded information disclosure for sustainable economic growth."
"Different approaches to the study of the category “Human capital” and analysis of its quantitative assessment","https://scispace.com/paper/different-approaches-to-the-study-of-the-category-human-wube617r2qco","2025","Journal Article","","Mansur Madatov
Afag Hasanova
Fuad Bagirov
Pervin Shukurlu
Elshan Orujov
I. B. Sapaev","10.1201/9781003606659-27","","There is a close analogy between physical and human capital. The article aims to clarify a number of issues related to the measurement of human capital: firstly, the assessment method depends on the purpose for which the assessment will be used; secondly, caution should be exercised when valuing both human and ordinary capital; thirdly, the mutual influence of the values of ordinary and human capital should be taken into account. The article examines various approaches to the concept of human capital and discusses in detail the problems of measuring human capital. Various measurement approaches are analyzed. The differences between dimensions are analyzed. It is concluded that the economic development model should be based on human capital. ","This article explores the concept of human capital, its measurement approaches, and the interplay between human and ordinary capital, concluding that economic development models should be based on human capital assessment methods."
"Reformulating the Critique of Human Capital Theory","https://scispace.com/paper/reformulating-the-critique-of-human-capital-theory-49c47pnwx77w","2024","Journal Article","Journal of Economic Surveys","Paul Auerbach
Francis Green","10.1111/joes.12675","","ABSTRACT Despite criticism, human capital theory (HCT) has remained central for six decades to the teaching and practice of economics. This paper reformulates the critique of HCT, focusing on two aspects that are typically relegated to the margin. The first of these is the pervasive presence of the external effects of learning, which is paid lip service in formal expositions of HCT but marginalized in the bulk of empirical work and policy advice. Similarly, marginalized are the social determinants of education demand. We show that the embedding of HCT in methodological individualism makes impossible the incorporation of key, non‐peripheral factors that affect the demand for, and effects of education. The resultant tensions from the use of an individualistic methodology to explain inherently social phenomena have been accommodated within HCT by ignoring them. The outcome is problematic in important fields of socioeconomic inquiry, several examples of which are noted in this paper. We conclude by advocating a new research agenda and revised program for the training of economists concerned with learning that includes behavioral economics, applications to education of the capability approach, and an expansion of empirical research on the external effects of education in historical and contemporaneous contexts. ","This paper reformulates the critique of human capital theory, highlighting its limitations in addressing external effects of learning and social determinants of education demand, and advocates for a new research agenda incorporating behavioral economics and the capability approach."
"A Study on the Theory of Human Capital under the Vision of Sociology","https://scispace.com/paper/a-study-on-the-theory-of-human-capital-under-the-vision-of-87sqcgz84s9i","","","","季文
申屠平","10.3969/j.issn.1672-626x.2003.06.016","","Under the vision of economics, the theory of human capital distracts many social variables, thus always weakens the power of its explanation. This paper employs social variables to the theory of human capital, such as family, race, medical guarantee, social discrimination, social strata, social culture, crimes and so on. It will benefit the perfection of theoretical system in human capital, the scientific measurement of human capital and the implementation of scientific policies for human resource.","This study integrates social variables into the human capital theory, incorporating factors like family, race, and social culture to enhance its explanatory power, contributing to a more comprehensive theoretical system and informed policy-making."
"Interdisciplinary context of human capital study. Research program","https://scispace.com/paper/interdisciplinary-context-of-human-capital-study-research-1bqj2qc8mu","2019","Journal Article","","Vladimir A. Davydenko
Elena V. Andrianova
Gulnara F. Romashkina
Roman R. Khuziakhmetov","10.21684/2411-7897-2019-5-4-30-51","https://scispace.com/pdf/interdisciplinary-context-of-human-capital-study-research-1bqj2qc8mu.pdf","The contemporary academic literature starts to recognize the importance of an individual in an organization, region, and national economy performance. Scholars try to explore the essence of interconnection between various forms of capital, institutional environment, and values. Hence, this article’s relevance is determined by the need to study the mechanisms of human capital and socio-economic achievements interrelation. 
Human capital originates from knowledge, skills, abilities, and others characteristics of a person. It is not limited by a single individual, since, on the unit level, it becomes a resource through association and complementarity. The obtained combinations of human capital are complex, and almost all of them are specific to a particular organization. Therefore, the authors argue that competitive advantage is achieved mainly through a unique combination of human capital resources.
This article presents the key conceptual provisions of the polyparadigm research program of human capital phenomenon. The novelty of the article is determined, firstly, by a detailed description of human capital components, and secondly, by a proposal to implement the idea of interdisciplinary research. The authors have developed and tested a methodology that will allow for a comprehensive modular measurement of human capital, as well as for modeling and evaluating its impact on economic performance of micro-, meso-, and macro-entities in the context of economy digitalization.
The analysis base includes philosophical approaches, system analysis, social theories, sociology (including mathematical sociology), psychology, and economics. Systematization and typologization of scientific sources makes it possible to form a wide range of models of multilevel human capital and its resources. Moreover, the authors propose to initiate an interdisciplinary discussion, aimed at increasing the openness and productivity of research in this field.","In this paper, the authors have developed and tested a methodology that will allow for a comprehensive modular measurement of human capital, as well as for modeling and evaluating its impact on economic performance of micro-, meso-, and macro-entities in the context of economy digitalization."
"A human capital model of the defense-growth relationship","https://scispace.com/paper/a-human-capital-model-of-the-defense-growth-relationship-4xpg2rr5y0","2021","Journal Article","Social Science Journal","Bruce D. McDonald","10.1016/J.SOSCIJ.2019.04.005","https://scispace.com/pdf/a-human-capital-model-of-the-defense-growth-relationship-4xpg2rr5y0.pdf","This paper develops a model to illustrate how human capital investments made by the defense sector impact economic performance. Emphasizing the on-the-job accumulation of human capital during milit...","In this article, the authors develop a model to illustrate how human capital investments made by the defense sector impact economic performance, emphasizing the on-the-job accumulation of human capital during milit..."
"Achievements Against Problems: for 60th Anniversary of Human Capital Theory","https://scispace.com/paper/achievements-against-problems-for-60th-anniversary-of-human-segjfuaje5z3","","","","Elena Viktorovna Krasova","10.24143/2073-5537-2021-4-7-14","","The article considers the most important achievements of the human capital theory. Taking into account the theory’s versatility and ambiguity of approaches to its main theses, advisability of a systemic view on its evolution and role in modern science is indicated. The 60th anniversary of the official birth of the theory in 1962 was taken as a special reason for rethinking its achievements. There are given the main scientific human capital theory’s results, which expanded, deepened and supplemented the scientific knowledge over the period from the end XX century until the beginning of the XXI century. Among the results are the increasing importance of investments in human development, development of economic growth theories, classification and systematization of human productive qualities, development of interdisciplinary researches of human being and human capital, accumulation of empirical researches’ data bases, optimization of investment policies in different countries and regions, actualization of studying trends and problems in the field of science and education, development of futuristic ideas, extension of labor market researches, improvement of the personnel management theory and methodology. It has been emphasized that the existence of modern approaches to human capital development does not mean their widespread implementation in practice: an objective reality imposed by many factors does not always contribute to the effective use of individuals’ productive qualities. For Russia there are singled out the following factors: the economy’s structural problems, imbalances in supply and demand in the labor market, discrepancy between available human capital and quality of jobs, and some other factors that can neutralize positive effects of the human capital development.","This article reviews the 60th anniversary of Human Capital Theory, highlighting its key achievements, including investments in human development, economic growth theories, and interdisciplinary research, while also emphasizing the gap between theory and practice in Russia due to structural problems and labor market imbalances."
"The Formation, Development and Revelation of Human Capital Theory","https://scispace.com/paper/the-formation-development-and-revelation-of-human-capital-u4vj14sxni8m","","","","夏绍模
罗本德","10.3969/j.issn.1008-4355.2003.05.007","","本文综述了人力资本理论的起源与发展,阐述了人力资本对经济增长的作用,认为人力资本论是对马克思主义政治经济学的劳动价值论的现代诠释,同时,从人力资本理论的角度指出西部大开发必先开发人力资本,提升西部的人力资本价值.","This paper reviews the origin and development of Human Capital Theory, its role in economic growth, and its modern interpretation of Marxist labor value theory, emphasizing the need to develop human capital in Western regions for economic growth."
"60 лет теории человеческого капитала: применение классической теории для анализа современного рынка труда","https://scispace.com/paper/60-let-teorii-chelovecheskogo-kapitala-primenenie-2by95tzbgd","2020","Journal Article","","O. A. Ivanova","10.38050/2078-3809-2020-12-4-34-43","https://scispace.com/pdf/60-let-teorii-chelovecheskogo-kapitala-primenenie-2by95tzbgd.pdf","In this study, the author analyzes new trends in the development of the human capital theory and offers an interdisciplinary approach to the application of the human capital concept for the analysis of the modern labor market and labor relations. Over the 60 years of its existence, the theory of human capital has not only been tested in numerous empirical studies, but also received further theoretical development due to the inclusion of scientific insights from related fields, such as social psychology, organizational behavior, economic sociology, human resource management, strategic and general management. An integrated approach to the study of human capital allows us to expand our understanding of the role that an individual plays in the production process and its impact on the economic outcomes of organizational activities.","In this article, the authors analyze new trends in the development of the human capital theory and offer an interdisciplinary approach to the application of human capital concept for the analysis of the modern labor market and labor relations."
"Human Capital: Educational Aspects","https://scispace.com/paper/human-capital-educational-aspects-3fiivf7yp0","2001","Book Chapter","","M. Woodhall","10.1016/B0-08-043076-7/02469-4","","The economic concept ‘human capital’ refers to the fact that education and training can be regarded as a form of investment that will increase future levels of income for both individuals and society, by making people more productive, in the same way as buildings or machinery represent investment in physical capital. Economists traditionally measure the relationship between costs and benefits of investment by estimating ‘rates of return.’ This article examines the applicability of the economic concept of human capital to education, summarizes research and literature on educational aspects of human capital, discusses ways in which estimates of rates of return to education and the links between education, employment and economic growth have influenced education policy, particularly on financing of education, and examines criticisms of human capital theories, including the idea that education may represent a ‘screening device,’ rather than a genuinely productive form of investment. The article ends with a discussion of the more recently developed concept of ‘social capital,’ which challenges narrow definitions of human capital.","The authors examines the applicability of the economic concept of human capital to education, summarizes research and literature on educational aspects of human resources, discusses ways in which estimates of rates of return to education and the links between education, employment and economic growth have influenced education policy, particularly on financing of education, and examines criticisms of human resource theories, including the idea that education may represent a screening device, rather than a genuinely productive form of investment."
"Pengukuran Modal Manusia (Suatu Studi Literatur)","https://scispace.com/paper/pengukuran-modal-manusia-suatu-studi-literatur-15qu7le8e8","2019","Journal Article","","Evi Adriani","10.33087/JMAS.V4I1.86","https://scispace.com/pdf/pengukuran-modal-manusia-suatu-studi-literatur-15qu7le8e8.pdf","Human capital is an investment in the field of human resources The process of acquiring knowledge and skills through education is not merely a consumptive activity, but rather a form of investment in Human Resources (HR). This study will explain the existence of the theory of human capital in terms of investment in human capital for education. Explanation starts from the definition and concept of human capital, perspective in discussing human capital investment and methods of measuring human capital investment. This paper closes with the signaling theory which is another direction of thinking about the role of education as human capital.","In this article, the authors explain the existence of the theory of human capital in terms of investment in human capital for education, which is an investment in the field of human resources."
"Theoretical and methogical aspects of human capital measurement","https://scispace.com/paper/theoretical-and-methogical-aspects-of-human-capital-rv0z4p1pl6oh","2024","Journal Article","Actual Problems of Economics","Alina Demianenko
Антон Семенов","10.32752/1993-6788-2024-1-277-215-222","","In the conditions of martial law, new challenges and threats, it is the human capital of the country that determines the possibility of its existence on the global map as an independent and competitive state. The need for prevention and prevention of their negative impact is actualizing questions regarding the assessment of human capital. Therefore, the formation and development of theoretical aspects and practical recommendations for evaluating human capital is extremely valuable and timely. The relevance of the research determined the formation of the goal. The purpose of the article is to generalize theoretical provisions and develop practical recommendations for evaluating human capital. The article systematizes and conducts a critical analysis of foreign and Ukrainian methodological approaches to measuring human capital. It was found that some scientists define the structural levels of human capital in different ways in the process of its measurement, therefore a morphological analysis was applied in order to clearly define the signs of different classification. According to the results of the morphological analysis, the feasibility of evaluating human capital at five levels is substantiated: human capital can be measured at the personal level - at the level of an individual, at the micro level - at the level of the entire company; evaluate at the meso level – the human capital of large corporations and regions; macro level – human capital at the level of the national economy and mega level – human capital at the global level. The authors concluded that at different levels of the economy, human capital is evaluated differently, but today most approaches are aimed at calculating the cost of living, instead, the question of evaluating human capital according to a single methodology, which would be universal, remains unresolved. Therefore, the development of an effective evaluation system should provide for the definition of a list of criteria. The scientific achievement of the authors is a generalized and systematized list of criteria that influence the choice of an approach to evaluating human capital (according to five macroeconomic levels). ","This study systematizes and analyzes foreign and Ukrainian methodological approaches to measuring human capital, proposing a universal evaluation system with five levels: personal, micro, meso, macro, and mega, and a list of criteria influencing the choice of approach."
"Особливості та проблеми використання людського капіталу в умовах воєнного часу","https://scispace.com/paper/osoblivosti-ta-problemi-vikoristannia-liudskogo-kapitalu-v-687ihnarslda","2024","Journal Article","Economic synergy","Юлія Юріївна ТОЧИЛІНА","10.53920/es-2024-4-13","","У статті обґрунтовано необхідність дослідження особливостей використання людського капіталу в сучасних умовах. Акцентовано увагу на тому, що в результаті цифровізаційно-інноваційних змін людський капітал набуває нових якісних характеристик, які дозволяють визначити його як один з основних ресурсів, що здатний забезпечити ефективне функціонування національної економіки. Доцільність проведення наукового пошуку в даному напрямі збільшує свою актуальність в умовах розгортання повномасштабної війни, адже такий аналіз спроможний запропонувати шляхи збереження, адаптації та подальшого розвитку людського капіталу як цінного ресурсу вітчизняної економіки. Запропоновано під використанням людського капіталу розуміти процес, що передбачає реалізацію в різних видах діяльності вже сформованих складових людського капіталу, результатом чого на індивідуальному рівні є збільшення продуктивності праці, заробітної плати та благополуччя самої людини, а на загальнонаціональному – економічне піднесення країни та суспільного добробуту. Під час вивчення факторів, що впливають на ефективність використання людського капіталу виділено чотири групи: економічні, соціально-демографічні, техніко-інноваційні, науково-освітні. З’ясовано, що ефективне використання людського капіталу дозволить створити підґрунтя для повоєнного відновлення національної економіки та передумови для досягнення сталих темпів економічного зростання. Проте, практичне вирішення окреслених завдань зіштовхується зі значними проблемами, серед яких виокремлено економічні, соціальні, інфраструктурні, психологічні, безпекові тощо. ","This study emphasizes the importance of researching human capital utilization in modern conditions, particularly during wartime, to ensure its effective functioning and national economic growth, highlighting four influencing factors: economic, social-demographic, technical-innovative, and educational."
"50 Years of Human Capital Research: Assessing What We Know, Exploring Where We Go","https://scispace.com/paper/50-years-of-human-capital-research-assessing-what-we-know-4d77p7iovq","2015","Journal Article","Academy of Management Perspectives","Anthony J. Nyberg
Patrick M. Wright","10.5465/AMP.2014.0113","","The papers compiled in this symposium bridge human capital ideas across research domains (economics, entrepreneurship, human resources, industrial-organizational psychology, labor economics, organizational theory, and strategy) and research levels (macro and micro). These articles draw on conversations that took place during a human capital conference held in the spring of 2014 at the Darla Moore School of Business. The articles address the role of value capturing, networking, firm-specific human capital, micro contributions to strategy, the missing role of context, the role of the practitioner, and the processes that may be helpful for advancing science through pulling knowledge from across disciplines. In combination, the articles reveal ample opportunity for cross-discipline collaboration to extend knowledge by working in concert with researchers who hold different perspectives. However, these articles (and the lessons learned through the conference) show that differences in terminology, assumptions, a...","In this paper, the authors focus on the role of value capturing, networking, firm-specific human capital, micro contributions to strategy, the missing role of context, role of the practitioner, and the processes that may be helpful for advancing science through pulling knowledge from across disciplines."
"Human Capital Accumulation : A Proposed Measure and Theoretical Framework for Foster Youth Job Placement Intervention Strategies","https://scispace.com/paper/human-capital-accumulation-a-proposed-measure-and-o7coq3v1zh","2018","Book Chapter","","Toni Naccarato
Emily Bruce
Derek J. Stafford
Nathaniel Hawkes","10.4324/9781351168243-15","","Human Capital Accumulation: A Proposed Measure and Theoretical Framework for Foster Youth Job Placement Intervention Strategies:There are no means of disentangling the effects of economic change on social welfare issues. Theories have evolved to account for changing economies driven by market forces and government interventions. One paradigm focuses upon differences in labor force productivity. Economists believe that one key difference is the individual’s human capital accumulation. Human capital accumulation is an investment strategy that focuses on educational attainment, the development of employment skills, and protecting safeguards for health (Becker, 1993). Those who do not accumulate sufficient human capital are less likely to successfully enter the workforce, obtain competitive employment, and earn a living wage. Certain groups in the United States continue to lag in accumulating human capital, including youth in foster care (Naccarato, Brophy, & Courtney, 2010). This chapter discusses human capital as a measure and theoretical framework for evaluating interventions to support the transition for youth in foster care to become healthy and productive adults.","Naccarato, Brophy, & Courtney as mentioned in this paper proposed a measure and theoretical framework for evaluating interventions to support the transition for youth in foster care to become healthy and productive adults, which is an investment strategy focusing on educational attainment, the development of employment skills, and protecting safeguards for health."
"Human Capital and Economic Growth","https://scispace.com/paper/human-capital-and-economic-growth-595x144fef","1981","Posted Content","Social Science Research Network","Jacob Mincer
Jacob Mincer","","https://papers.ssrn.com/sol3/Delivery.cfm/nber_w0803.pdf?abstractid=256899&mirid=1&type=2","Individuals differ in both inherited and acquired abilities, but only the latter differ among countries and time periods. Human capital analysis deals with acquired capabilities which are developed through formal and informal education at school and at home, and through training, experience, and mobility in the labor market. Just as accumulation of personal human capital produces individual economic (income) growth, so do the corresponding social or national aggregates. At the national level, human capital can be viewed as a factor of production coordinate with physical capital. This implies that its contribution to growth is greater the larger the volume of physical capital and vice versa. The framework of an aggregate production function shows also that the growth of human capital is both a condition and a consequence of economic growth. Human capital activities involve not merely the transmission and embodiment in people of available knowledge, but also the production of new knowledge which is the source of innovation and of technical change which propels all factors of production. This latter function of human capital generates worldwide economic growth regardless of its initial geographic locus. Contrary to Malthus, economic growth has not been eliminated by population growth. Indeed, spatial and temporal patterns of the ""demographic transition"" appear to be congruent with economic growth. Human capital is a link which enters both the causes and effects of these economic-demographic changes.","In this paper, the authors show that the growth of human capital is both a condition and a consequence of economic growth and that human capital activities involve not only the transmission and embodiment in people of available knowledge, but also the production of new knowledge which is the source of innovation and of technical change which propels all factors of production."
"On the model of investment in human capital","https://scispace.com/paper/on-the-model-of-investment-in-human-capital-rk3r3df4vm4d","","","","CUI Ying","10.3969/j.issn.1673-1751.2007.02.014","","The essay combines human capital theory with the reality of our country and conducts a in-depth qualitative quantitative analysis in terms of the investment and gains in such aspects as formal education,health care,skills training and then it constructs the general framework of human capital investment.","This study integrates human capital theory with national realities, conducting a qualitative-quantitative analysis of investments in formal education, healthcare, and skills training to establish a framework for human capital investment and its returns."
"Human Capital and Equity: When the City Needs Its People","https://scispace.com/paper/human-capital-and-equity-when-the-city-needs-its-people-y7qrb67akv","2021","Book Chapter","","Ali Cheshmehzangi","10.1007/978-981-16-4888-5_13","","The topic of “human capital peace” is highly important in maintaining a good relationship between human capital and conflicts (Francis in Defence and Peace Economics 20:395–411, 2009; Namen et al. in The human capital peace dividend. Available at SSRN 3424863, 2020).","Namen et al. as discussed by the authors discussed the importance of human capital peace in maintaining a good relationship between human capital and conflicts, and proposed a human capital-based peace dividend."
"Factual models for human capital assessment","https://scispace.com/paper/factual-models-for-human-capital-assessment-1hdttrh7","2023","Journal Article","Journal of new economy","Artem Sergeevich Shcherbakov","10.29141/2658-5081-2023-24-2-5","","The socioeconomic development of society goes hand in hand with accumulation and enhancement of human capital, yet many of the issues concerning its assessment are still subject to research. At present, human capital is estimated with the help of abstract models that indirectly assess its possessors based on statistical and actual measurements. Such models are applicable at macro level and to a certain extent at meso level, though cannot be used at microlevel. By contrast, factual models assess directly the possessors of human capital and allow for individual economic, physiological, sociological, psychological indicators. The research aims to identify the prerequisites for designing and create a factual model for human capital assessment. Methodologically, the study rests on the human capital theory and labour economics. To examine the World Bank’s statistics, the study applied a set of general scientific methods: comparative analysis, synthesis, induction and deduction, modelling, the mathematical method. The paper proposes a factual assessment model that allows digitizing the value of human capital, both general and special, based on a set of 56 indicators and sub-measurements. Its distinctive feature is a comprehensive consideration of all components of human capital: physiological, cognitive, social and emotional. The model puts emphasis on the measurement of social and emotional component with the use of a social psychological test and a comparative index of achievements and penalties received by an employee at a previous job. The results of applying the proposed model are consistent with the estimates obtained within the framework of generally accepted cost measurements, and can be used at the micro level both by individual businesses and households.","In this article , the authors proposed a factual assessment model that allows digitizing the value of human capital, both general and special, based on a set of 56 indicators and sub-measurements."
"John Tomer’s Reconceptualization of the Concept of Human Capital","https://scispace.com/paper/john-tomer-s-reconceptualization-of-the-concept-of-human-2144j0zxdo","2021","Journal Article","Social Science Research Network","John B. Davis
John B. Davis
John B. Davis","10.2139/SSRN.3847871","","This chapter examines John Tomer’s contributions to our understanding of the concept of human capital. Tomer criticized the standard mainstream view of the concept as narrowly focused on education and training and as seeing investments in human capital as having “an individual, cognitive, and machine-like nature.” A broader concept included attention to the people’s noncognitive development, and employed both social capital and personal capital concepts. This produces a more expansive view of human development, allows for a humanistic psychological perspective, and supports a multi-dimensional, Maslovian understanding of the hierarchy of human needs. Tomer framed his policy thinking regarding investments in human capital in terms of the goal of helping people become ‘smart’ persons. He recognized that a barrier to accomplishing this is high levels of economic inequality. The chapter thus goes on to discuss how socially stratified societies generate economic inequality in regard to human capital investments, and how thinking in terms of people’s capabilities can help us advance progressive economic and social policies agendas.","Tomer as discussed by the authors argued that a barrier to accomplishing this is high levels of economic inequality and pointed out that socially stratified societies generate economic inequality in regard to human capital investments, and how thinking in terms of people capabilities can help us advance progressive economic and social policies agendas."
"Human Capital As an Interdisciplinary Category: A Structured Research Review","https://scispace.com/paper/human-capital-as-an-interdisciplinary-category-a-structured-bq8hud60mtap","","","","Nickolay N. Minaev
Ekaterina A. Zharova","10.17223/19988648/55/3","","In the present study, the authors attempt to systematically consider the amount of accumulated scientific knowledge about human capital. A critical analysis of the array of research works allows seeing the full coverage of various aspects of human capital, eliciting problem areas, and defining possible trajectories for the development of the theory of human capital. The above explains the aim of the study, which is to analyze the works of domestic and foreign researchers on key aspects of the theory of human capital and to form a critical view of the degree of knowledge of these aspects. To reach the aim, the authors selected a representative sample of works by domestic and foreign authors, analyzed the content of the selected works, and made a review reflecting the key aspects of the theory of human capital and the degree of their study. The research methodology the authors used includes a systematic approach and analysis, and a tabular method. The results obtained indicate that by now the key aspects of the theory of human capital have sufficient research coverage. On the other hand, the diversity of researchers’ views, approaches and methods has led to a lack of a single opinion on a number of significant issues in the academic community. As a result, it hinders the further development of the theory of human capital and its successful application. Thus, at present, there is no generally accepted and well-established definition of human capital and a unified understanding of its socioeconomic essential nature. Changes in the essential nature of human capital under the influence of transformational processes occurring in modern society are not revealed. There are no relevant works of the past two to three years covering the role of human capital in regional development, while this topic is significant for Russia. There is no generally accepted methodological framework for assessing the value of human capital at the regional level, which hinders the analysis of accumulated human capital and trends in this process. In the field of analysis of factors of human capital accumulation, there are no works that highlight factors that affect the implementation of existing human capital. There are no works that reflect methodological approaches to managing the accumulation and distribution of human capital. Thus, the authors come to the conclusion that one of the most relevant directions in the further development of the theory of human capital can be the development of an inter-territorial (interregional) balance of human capital. This strand of research should cover a wide range of issues, including the development of methodological tools for assessing the accumulated value of human capital, identifying trends and factors that affect its distribution and final use, and developing approaches to managing the accumulation and rational distribution of human capital.","This research review systematically analyzes human capital theory, identifying knowledge gaps and problem areas, and proposes developing an inter-territorial balance of human capital to address methodological and practical challenges in its assessment and management."
"A Brief Introduction to Human Capital Measures","https://scispace.com/paper/a-brief-introduction-to-human-capital-measures-3cl50lcvxu","2020","Report","National Bureau of Economic Research","Gang Liu
Barbara M. Fraumeni","10.3386/W27561","https://scispace.com/pdf/a-brief-introduction-to-human-capital-measures-3cl50lcvxu.pdf","There are six major measures of human capital, each of which covers at least 130 countries, all of which are described in this paper. These measures are of two distinct types: monetary and index-based. The two monetary versions are those by the World Bank (Lange et al., 2018) and by the United Nations Environmental Program and the Urban Institute of Kyushu University (Managi and Kumar et al., 2018). The four indicator versions are by the Institute of Health Metrics and Evaluation of the University of Washington (Lim et al., 2018), the United Nations Development Programme (UNDP, 2019), the World Bank (International Bank for Reconstruction and Development and the World Bank, 2018), and the World Economic Forum (World Economic Forum, 2017). In addition to describing each of these six measures, this paper compares them using ranking (Spearman) and level (Pearson) correlations. This paper was written as an introduction to a forthcoming book (Fraumeni, Barbara M., ed., Measuring Human Capital, Academic Press, Cambridge, MA) on human capital in order to help statisticians, researchers, analysts, policy-makers and government officials make an informed choice about which to use as this decision can matter.","There are six major measures of human capital, each of which covers at least 130 countries, all of which are described in this paper as mentioned in this paper and compared using ranking (Spearman) and level (Pearson) correlations."
"Expanding the Scope of Workforce Development","https://scispace.com/paper/expanding-the-scope-of-workforce-development-1pot4menym","2014","Posted Content","Richmond Fed Economic Brief","Kartik Athreya
Urvi Neelakantan
Jessica Sackett Romero","","https://scispace.com/pdf/expanding-the-scope-of-workforce-development-1pot4menym.pdf","Workforce development efforts often are geared toward adult workers. But examining workforce development from the perspective of human capital theory suggests that earlier interventions may yield high returns.","Workforce development efforts often are geared toward adult workers as discussed by the authors. But examining workforce development from the perspective of human capital theory suggests that earlier interventions may yield high returns, and thus may yield higher returns."
"Human capital: the history, measurement and impact on nations from an economic perspective","https://scispace.com/paper/human-capital-the-history-measurement-and-impact-on-nations-5ebs1ne3f2","2012","Journal Article","International Journal of Value Chain Management","Segu Zuhair
Riccardo Natoli","10.1504/IJVCM.2012.045158","https://scispace.com/pdf/human-capital-the-history-measurement-and-impact-on-nations-5ebs1ne3f2.pdf","This paper reviews human capital with special reference to its definition, measurement methods, and its contribution to economic growth and development. Vast amount of effort has been spent on the acquisition of knowledge and its application to enhancing living standards. A formal approach to this topic, however, was developed only during the past 300 years. The increasing importance placed on knowledge, accelerated by the rapid development of information technologies, has necessitated the development of new approaches to assess the role of HC. The increasing role of HC on development is evidenced by the high growth rates achieved by certain resource-poor countries. Sound theoretical framework and measures are required in order to articulate effective policies and assess their impact on growth and development.","In this paper, a review of human capital with special reference to its definition, measurement methods, and its contribution to economic growth and development is presented, and a sound theoretical framework and measures are required in order to articulate effective policies and assess their impact on growth."
"A educação e a teoria do capital humano: um entrelaçamento de perspectivas contemporâneas","https://scispace.com/paper/a-educacao-e-a-teoria-do-capital-humano-um-entrelacamento-de-2vodomjbvl","2024","Journal Article","Caderno Pedagógico","Ailton Batista de Albuquerque
Fernanda de Magalhães
Lara Cristina Evaristo Rodrigues
Michele Lemos de Oliveira Sousa Carvalho
Valéria Peres Asnis","10.54033/cadpedv21n6-027","","A economia considera a educação como uma das dimensões críticas sociais e estratégicas em que as políticas públicas são pautadas para o desenvolvimento e o crescimento econômico, ampliando as liberdades individuais e facilitando a coesão entre grupos ao dirimir as diferenças de status social e desequilíbrios de ordens diversas. Nesse âmbito, o presente estudo discorre sobre a Teoria do Capital Humano, proposta por Theodore W. Schultz (1973), que se concentra em entender como os investimentos em educação e em saúde podem impactar positivamente o desenvolvimento econômico e social, especialmente em países de economia periférica. O autor argumenta que o capital humano, definido como o conjunto de conhecimentos, habilidades e capacidades adquiridas, é um elemento crucial para o crescimento econômico e a melhoria da qualidade de vida. Concernente à metodologia empregada, incluímos uma pesquisa bibliográfica, enfatizando cinco categorias principais para medir o capital humano: recursos de saúde e serviços, treinamento no trabalho, educação formal, programas de estudos para adultos e migração. A pesquisa também considera aspectos quantitativos e qualitativos. Os resultados indicam que o investimento em educação formal, especialmente em países que passaram por crises severas, como o Japão pós-Segunda Guerra Mundial, tem um retorno significativo na economia, aumentando a produtividade e a competitividade. A pesquisa destaca ainda a importância da saúde e do vigor físico e mental para a eficiência industrial e a produção de riqueza material. Em síntese, o estudo conclui que investir em capital humano, através de educação e saúde, é fundamental para o desenvolvimento econômico sustentável. A educação deve ser vista como uma ferramenta essencial para romper o ciclo de subserviência ao status quo, promovendo mobilidade social e distribuição de renda mais equitativa, nesse sentido, é necessário buscar as concepções de uma escola que descortine as verdadeiras relações antagônicas do capital. ","A educação e a saúde são elementos cruciais para o desenvolvimento econômico e social. O investimento em educação formal, especialmente em países que têm passado por crises severas, tem um retorno significativo na economia."
"Preserving Human Capital in Ukraine in times of War","https://scispace.com/paper/preserving-human-capital-in-ukraine-in-times-of-war-135i8wvu1g","2023","Journal Article","Eonomic affairs","Olha Hapieieva","10.46852/0424-2513.2.2023.40","","""The key resource and driving force of the economy at this stage of society’s development is a person and his or her labor force, which is defined by modern economists as human capital. Given the current war, there is a significant risk of losing and deteriorating the expertise of specialists who have been trained in Ukraine. The article aims to identify the prerequisites, factors, and peculiarities of the situation concerning the preservation of human capital in Ukraine in the context of Russia’s military aggression. In the course of the research, analytical and bibliographic method was employed to study the scientific literature on the formation, change, and preservation of human capital in the country. Induction, deduction, analysis, synthesis of information, system-structural, comparative, logical, and linguistic methods, abstraction, and idealization were applied to study and process data. Moreover, the authors conducted an online survey using a questionnaire to identify the most important issues related to changes in the quality and quantity of human capital in the state during the war. Following the results of the study, the main theoretical aspects of the problem of the formation and preservation of human capital were identified. Moreover, the opinion of demographic scientists and specialists of state and local authorities working with migrants and internally displaced persons on key aspects of this issue was studied."" ","Preserving human capital in Ukraine during war is a complex issue that requires a multifaceted approach. The key factors to consider include the factors affecting the quality and quantity of human capital, such as the risk of losing and deteriorating expertise of specialists, the need to ensure the safety and well-being of the population, and the need to maintain the country's economic stability."
"Теоретичні основи відновлення людського капіталу в системі забезпечення економiчної безпеки","https://scispace.com/paper/teoretichni-osnovi-vidnovlennia-liudskogo-kapitalu-v-sistemi-2lk4imsyshn9","2022","Journal Article","SWorld journal","Адель Бикова
Богдан Копаничук","10.30888/2663-5712.2025-31-03-040","","Метою статті є дослідження теоретичних засад відновлення людського капіталу як одного з ключових чинників забезпечення економічної безпеки України. У контексті глибоких соціально-економічних трансформацій, спричинених війною, масовою еміграцією, демографі ","This study explores theoretical foundations of human capital restoration as a key factor in ensuring Ukraine's economic security, amidst deep social and economic transformations caused by war, mass emigration, and demographic changes."
"Issues in the Theory of Human Capital : Education as Investment","https://scispace.com/paper/issues-in-the-theory-of-human-capital-education-as-2sorid3z1d","1982","Journal Article","The Pakistan Development Review","Fritz Machlup","10.30541/V21I1PP.1-17","https://scispace.com/pdf/issues-in-the-theory-of-human-capital-education-as-2sorid3z1d.pdf","After a few references to the early literature on human capital, from Petty via Smith, Engel, and Nicholson to Marshall, various issues in current theory of human capital are briefly reviewed. They include questions regarding categories of ""tangible human capital"" and ""intangible nonhuman capital;"" investment in raising children, in schooling, and in research and development; depreciation of human capital through obsolescence, loss of strength, illness, retirement, and death; conflicts between efficiency and equality in the educational system; wrong educational mix resulting in waste or even net loss; the problem of complementarity among different kinds of physical and human capital; and the complexity of econometric research on comparative returns to different investments.","The authors reviewed the early literature on human capital, from Petty via Smith, Engel, and Nicholson to Marshall, and various issues in current theory of human capital are briefly reviewed, including questions regarding categories of ""tangible human capital"" and ""intangible nonhuman capital,"" investment in raising children, in schooling, and in research and development."
"Human Capital: A Review Article","https://scispace.com/paper/human-capital-a-review-article-4cvwol5z5e","1966","Journal Article","Review of Social Economy","Svetozar Pejovich","10.1080/00346766600000022","","The importance of investment in human skill and knowledge has been recognized and acknowledged by economists ever since Adam Smith wrote: ""The work which (man) learns to perform . . . will replace to him the whole expense of his education, with at least the ordinary profits of any equally valuable capital."" Yet it was only in the 1950's that the economic profession turned its full attention to a more systematic analysis of the effects of investment in human capital on economic growth and welfare. A number of excellent studies have appeared dealing with various aspects of investment in man such as Mincer's analysis of the relationship between human capital and income distribution,1 Horvat's work on the optimum rate of investment,2 and Schultz's findings that human capabilities are limiting factors in economic growth of poor countries,3 while on the other hand, the con? tribution of education to economic growth in the U.S.A. since 1929 ex? ceeded that of physical capital.4 Slowly but persistently economists have become increasingly aware of the fact that a number of textbooks and economic models which con? sider labor as a unique, original and homogeneous factor are plain wrong; that, on the contrary, labor is a produced factor whose economic value arises primarily from investment in skill and knowledge. ""Much of modern macro-economic theory has been concerned with problems that are wrongly formulated, if not entirely spurious,"" remarked Harry Johnson, ""I refer especially to the theory of economic growth, where a great deal of effort has been devoted to exploring the difficulties of re? conciling the accumulation of capital with the growth of the labor force at a different, autonomously determined rate, and explaining the con? stancy of the share of labor which apparently results from the growth process.""5","The importance of investment in human skill and knowledge has been recognized and acknowledged by economists ever since Adam Smith wrote: ""The work which (man) learns to perform... will replace to him the whole expense of his education, with at least the ordinary profits of any equally valuable capital""."
"A Survey of the Advancement of Human Capital Theory","https://scispace.com/paper/a-survey-of-the-advancement-of-human-capital-theory-7tpuz1kttjbd","","","","GUO Hai","10.3969/j.issn.1672-0059.2004.05.010","","The traditional human capital theory is an assembly line input output model which puts more attention on the investment, return of human capital and the investment strategies for individuals and nations and leaves out the difference between educational production process and productivity within and among workplaces as a black box to be deconstructed. Findings concerning production process within both educational systems and workplaces show that organizational structure and production relationship affect directly the output of school systems, productivity differentials and effectiveness of human capital investment as endogenous variables. When we introduce the institutional variables into the traditional input output model, we can make more affirmative prediction regarding the economic values and social values of education.","This study critiques traditional human capital theory, highlighting its limitations in accounting for educational production processes and productivity differences within and among workplaces, and proposes an institutional framework to improve predictive accuracy of education's economic and social values."
"Human Capital and its Critics: Gary Becker, Institutionalism, and Anti-Neoliberalism","https://scispace.com/paper/human-capital-and-its-critics-gary-becker-institutionalism-1fisyyycsh","2017","Journal Article","Social Science Research Network","Lawrence H. White","10.2139/SSRN.2905931","","Gary Becker’s contribution to labor economics can be highlighted by contrast to his predecessors and critics. Human capital analysis was not much developed before Becker, although the concept was recognized by such prominent figures as Adam Smith, Alfred Marshall, and John Bates Clark. Rational-choice microeconomics, including human capital analysis, displaced the previously dominant Institutionalist approach to labor. Becker further applied human capital insights in his theories of crime, household production and the family, and personal preference development. Illuminating objections to an emphasis on human capital have come from mainstream economists in the 1960s (who offered the signaling theory of education), non-mainstream economists in the 1970s (who offered theories of labor-market segmentation), and current critics of neoliberalism.","For example, this paper argued that human capital analysis was not much developed before Becker, although the concept was recognized by such prominent figures as Adam Smith, Alfred Marshall, and John Bates Clark."
"Human Capital Development","https://scispace.com/paper/human-capital-development-1du6q1ousr","2019","Book Chapter","","Mazen Joureih","10.4018/978-1-5225-7721-8.CH007","","The main purpose of the chapter is to provide a contemporary view of human capital (HC) based on recent research and from a theoretical perspective. Based on this, the chapter demonstrates the significance of individual knowledge, skills, and qualifications—human capital—for organizational outcomes and consequently economic growth. Although the concept of HC can be traced back to the work of Schultz with a considerable body of literature, the inherent dilemma with HC is that, unlike the organizational capital that a firm possesses, HC is an intangible asset that can simply leave and never return. Recently, an emerging stream of literature has attempted to unify both the individual and organizational level perspectives of HC and examine how they are related to competitive advantage. Given these considerations, in this chapter, HC will be viewed as a bridging concept where HC serves as a link between human resource (HR) practices and organizational performance in terms of building a worker as an asset. The chapter also presents the key approaches to HC measurement.",""