"Paper Title","Paper Link","Publication Year","Publication Type","Publication Title","Author Names","DOI","PDF Link","Abstract","TL;DR"
"You Can’t Handle The Truth: The Effects Of The Post-9/11 Gi Bill On Higher Education And Earnings","https://scispace.com/paper/you-can-t-handle-the-truth-the-effects-of-the-post-9-11-gi-1jakdd8m62","2021","Report","Research Papers in Economics","Andrew Barr
Laura Kawano
Bruce Sacerdote
William L. Skimmyhorn
Michael Stevens","10.3386/W29024","https://scispace.com/pdf/you-can-t-handle-the-truth-the-effects-of-the-post-9-11-gi-1jakdd8m62.pdf","The Post 9/11 GI Bill (PGIB) is among the largest and most generous college subsidies enacted thus far in the U.S. We examine the impact of the PGIB on veterans’ college-going, degree completion, federal education tax benefit utilization, and long run earnings. Among veterans potentially induced to enroll, the introduction of the PGIB raised college enrollment by 0.17 years and B.A. completion by 1.2 percentage points (on a base of 9 percent). But, the PGIB reduced average annual earnings nine years after separation from the Army by $900 (on a base of $32,000). Years enrolled effects are larger and earnings effects more negative for veterans with lower AFQT scores and those who were less occupationally skilled. Under a variety of conservative assumptions, veterans are unlikely to recoup these reduced earnings during their working careers. All veterans who were already enrolled in college at the time of bill passage increase their months of schooling, but only for those in public institutions did this translate into increases in bachelor’s degree attainment and longer-run earnings. For specific groups of students, large subsidies can modestly help degree completion but harm long run earnings due to lost labor market experience.","This paper examined the impact of the post 9/11 GI Bill on veterans' college-going, degree completion, federal education tax benefit utilization, and long run earnings, and found that for specific groups of students, large subsidies can modestly help degree completion but harm long-run earnings due to lost labor market experience."
"The Post-9/11 G.I. Bill: A Catalyst to Change Service Voluntary Education Programs","https://scispace.com/paper/the-post-9-11-g-i-bill-a-catalyst-to-change-service-9t1vo2nnsn","2011","","","Jonathan D Picker","","",": This research paper examines the merit of educational benefits provided to military servicemembers through DoD Tuition Assistance and through the Post-9/11 G.I. Bill from a whole-of-government perspective. Prior to the signing of the Post-9/11 G.I. Bill into law, education benefits provided through the Veterans Administration (VA) and DoD were separate and distinct in that these education benefits were not available to the entire force, but rather to targeted groups. G.I. Bill benefits were available to enlisted members plus certain categories of officers after meeting minimum qualification standards. Tuition Assistance is available to the entire active duty force. The resulting change to Title 38 of U.S. Code from the passage of the Post- 9/11 G.I. Bill now entitles all servicemembers to educational benefits through the VA, once minimum qualifications are met. Therefore, the key question guiding this paper is whether the implementation of the Post-9/11 G.I. Bill has created a redundant funding mechanism for servicemembers despite the current and foreseeable fiscally constrained environment. Additionally, this paper examines the alignment of educational benefits to the current National Security Strategy. This topic is explored through a historical survey of applicable programs followed by a discussion of program execution in order to establish a basis for possible avenues for program improvement or changes to law.","In this article, the authors examined the educational benefits provided to military servicemembers through DoD Tuition Assistance and through the Post-9/11 G.I. Bill from a whole-of-government perspective."
"Higher Education Benefits for Post-9/11 Military Service Members and Veterans","https://scispace.com/paper/higher-education-benefits-for-post-9-11-military-service-3x1njed86q","2015","","","Gabriella C. Gonzalez
Laura L. Miller
Peter Buryk
Jennie W. Wenger","","https://scispace.com/pdf/higher-education-benefits-for-post-9-11-military-service-3x1njed86q.pdf",": The Post-9/11 Veterans Educational Assistance Act represented the largest expansion of veterans education benefits since their origin with the enactment of the Servicemen's Readjustment Act of 1944. Modern bills reaffirm President Franklin D. Roosevelt s declaration upon signing the original legislation that educational benefits are an integral way to support service members transition into civilian life and compensate them for the sacrifices made during military service. 3 Educational benefits have also historically helped to recruit and retain individuals for voluntary military service; service members consistently acknowledge the importance of education benefits in their enlistment decisions. For example, 62 percent of service members responding to the 1999 Active-Duty Survey selected education benefits as the primary reason for enlisting in the military4 and 74 percent of active-duty military and veterans responding to a 2014 survey indicated that receipt of educational benefits was either an important or very important reason for joining the military.5 The most popular and generous educational benefit available today is the Post-9/11 GI Bill, which took effect in August of 2009. With over 1 million users as of 2014, it significantly increased the higher-education benefits available to those who served on active duty in the U.S. armed forces after September 10, 2001. With over 2 million total post- 9/11 era veterans and planned military end strength reductions in the coming years, usage of the program will likely continue to grow both in participation and cost. It is therefore vital that military personnel and veterans understand and are able to access educational benefits in order to successfully reach their educational goals and earning potential.","The most popular and generous educational benefit available today is the Post-9/11 GI Bill as mentioned in this paper, which took effect in August of 2009 and significantly increased the higher education benefits available to those who served on active duty in the U.S. armed forces after September 10, 2001."
"Higher Education Benefits for Post-9/11 Military Service Members and Veterans. Testimony. CT-428.","https://scispace.com/paper/higher-education-benefits-for-post-9-11-military-service-195127o5se","2015","Journal Article","The RAND Corporation","Gabriella C. Gonzalez
Laura L. Miller
Peter Buryk
Jennie W. Wenger","","","Abstract : The Post-9/11 Veterans Educational Assistance Act represented the largest expansion of veterans education benefits since their origin with the enactment of the Servicemen's Readjustment Act of 1944. Modern bills reaffirm President Franklin D. Roosevelt s declaration upon signing the original legislation that educational benefits are an integral way to support service members transition into civilian life and compensate them for the sacrifices made during military service. 3 Educational benefits have also historically helped to recruit and retain individuals for voluntary military service; service members consistently acknowledge the importance of education benefits in their enlistment decisions. For example, 62 percent of service members responding to the 1999 Active-Duty Survey selected education benefits as the primary reason for enlisting in the military4 and 74 percent of active-duty military and veterans responding to a 2014 survey indicated that receipt of educational benefits was either an important or very important reason for joining the military.5 The most popular and generous educational benefit available today is the Post-9/11 GI Bill, which took effect in August of 2009. With over 1 million users as of 2014, it significantly increased the higher-education benefits available to those who served on active duty in the U.S. armed forces after September 10, 2001. With over 2 million total post- 9/11 era veterans and planned military end strength reductions in the coming years, usage of the program will likely continue to grow both in participation and cost. It is therefore vital that military personnel and veterans understand and are able to access educational benefits in order to successfully reach their educational goals and earning potential.","The Post-9/11 Veterans Educational Assistance Act represented the largest expansion of veterans education benefits since their origin with the enactment of the Servicemen's Readjustment Act of 1944."
"The Labor Market Earnings of Veterans: Is Military Experience More or Less Valuable than Civilian Experience?","https://scispace.com/paper/the-labor-market-earnings-of-veterans-is-military-experience-3hjpb38nr1","2021","Journal Article","Journal of Labor Research","Christos Makridis
Christos Makridis
Barry T. Hirsch","10.1007/S12122-021-09321-Y","https://www.econstor.eu/bitstream/10419/245687/1/dp14636.pdf","We assess the labor market experiences and earnings of military veterans, focusing on three major outcomes, among others, controlling for a wide array of demographic characteristics and industry and occupational fixed effects. First, we find that male and female veterans receive civilian earnings nearly equivalent to nonveteran men and women. This finding implies that military experience is valued in the labor market similarly to foregone civilian experience. Second, veterans are clustered in occupations with somewhat lower than average employment and real earnings growth, and in metropolitan areas with lower levels and growth of real GDP per capita. Third, veterans experience lower returns to formal educational investments (e.g., college) than do nonveterans. Veterans realize earnings gains from professional licenses, but their returns are lower than for nonveterans. These gains are concentrated among science, technology, engineering, and math (STEM) jobs, suggesting that veterans could help meet the growing demand for tech talent and artificial intelligence skills.","The authors assess the labor market experiences and earnings of military veterans, focusing on three major outcomes, among others, controlling for a wide array of demographic characteristics and industry and occupational fixed effects."
"From Benefits to Success: Veterans’ Educational Outcomes in the Post-9/11 Era","https://scispace.com/paper/from-benefits-to-success-veterans-educational-outcomes-in-36hzy2ljht","2020","Journal Article","Community College Journal of Research and Practice","Sammi Morrill
Patricia Somers","10.1080/10668926.2019.1629127","","The Post-9/11 GI Bill provides unprecedented federal funding for veterans to attend post-secondary education and make the transition to the civilian workforce. However, there is little empirical re...","The Post-9/11 GI Bill provides unprecedented federal funding for veterans to attend post-secondary education and make the transition to the civilian workforce as discussed by the authors, but there is little empirical evidence to support the GI Bill's benefits."
"From the Battlefield to the Schoolyard: The Short-Term Impact of the Post-9/11 GI Bill","https://scispace.com/paper/from-the-battlefield-to-the-schoolyard-the-short-term-impact-2leih4y1r3","2015","Journal Article","Journal of Human Resources","Andrew Barr","10.3368/JHR.50.3.580","","The Post-9/11 GI Bill brought about an enormous expansion in veteran education benefits, roughly doubling the average maximum benefit level and generating large variation in the magnitude of benefit expansion across states. Using this context, I explore how enrollment of older, nontraditional students responds to educational subsidies. The transition from a conditional cash transfer to a more in-kind benefit affects the relative prices of different types of education, pushing veterans to invest in more expensive (plausibly higher-quality) schooling. Using a difference-in-differences strategy, combined with state level variation in the degree of benefit expansion, I find that the higher level of benefits increased college enrollment of separated veterans by between 15 and 20 percent while also shifting the composition of enrollment toward four-year schools.","This article explored how enrollment of older, nontraditional students responds to educational subsidies and found that the higher level of benefits increased college enrollment of separated veterans by between 15 and 20 percent while also shifting the composition of enrollment toward four-year schools."
"The Effect of Veterans Benefits on Education and Earnings","https://scispace.com/paper/the-effect-of-veterans-benefits-on-education-and-earnings-400v5j6f05","1993","Journal Article","Industrial and Labor Relations Review","Joshua D. Angrist","10.1177/001979399304600404","https://www.jstor.org/stable/2524309","Veterans benefits that subsidize education and training constitute the largest federal program for student aid. Using data from the 1987 Survey of Veterans, the author presents estimates of the effect of veterans benefits on schooling completed since entering the military and on subsequent earnings. Veterans benefits are estimated to increase schooling by roughly 1.4 years, which implies annual earnings approximately 6% higher than would have been expected in the absence of the benefits. This premium appears to accrue primarily to the 77% of benefit users who attended college or graduate school. Beginning with the 1944 G.I. Bill, the federal government has subsidized education and training for veterans of the armed forces. The rationale for the original G.I. Bill was to speed the transition to peacetime production and to compensate veterans whose educational plans were interrupted by military service. Increasingly, however, veterans benefits have come to be seen as an essential","Using data from the 1987 Survey of Veterans, the authors presented estimates of the effect of veterans benefits on schooling completed since entering the military and on subsequent earnings, which implies annual earnings approximately 6% higher than would have been expected in the absence of the benefits."
"Going to War and Going to College: Did World War II and the G.I. Bill Increase Educational Attainment for Returning Veterans?","https://scispace.com/paper/going-to-war-and-going-to-college-did-world-war-ii-and-the-g-xhnefgc5pk","1999","Posted Content","Research Papers in Economics","John Bound
Sarah Turner","","","The end of World War II brought a flood of returning veterans to America's colleges and universities. Yet, despite widespread rhetoric about the democratization' of higher education that came with this large pool of students, there is little evidence about the question of whether military service, combined with the availability of post-war educational benefits, led these men to increase their investments in education - particularly at the college and university level. This paper uses the structure of the draft during the World War II period and the changing manpower requirements in the armed forces to address the effects of selection in comparisons of the educational attainment of veterans and nonveterans in this era. Using census data, our results indicate that the net effects of military service and the widely available funding for college through the G.I. Bill led to a moderate gain in the postsecondary educational attainment of World War II veterans.","The authors used the structure of the draft during the World War II period and the changing manpower requirements in the armed forces to address the effects of selection in comparisons of the educational attainment of veterans and nonveterans in this era."
"Going to War and Going to College: Did World War Ii and the G.I. Bill Increase Educational Attainment for Returning Veterans?","https://scispace.com/paper/going-to-war-and-going-to-college-did-world-war-ii-and-the-g-4iv4axqfa5","1999","Posted Content","Social Science Research Network","John Bound
John Bound
Sarah Turner
Sarah Turner","","","The end of World War II brought a flood of returning veterans to America's colleges and universities. Yet, despite widespread rhetoric about the democratization' of higher education that came with this large pool of students, there is little evidence about the question of whether military service, combined with the availability of post-war educational benefits, led these men to increase their investments in education - particularly at the college and university level. This paper uses the structure of the draft during the World War II period and the changing manpower requirements in the armed forces to address the effects of selection in comparisons of the educational attainment of veterans and nonveterans in this era. Using census data, our results indicate that the net effects of military service and the widely available funding for college through the G.I. Bill led to a moderate gain in the postsecondary educational attainment of World War II veterans.","This article used the structure of the draft during the World War II period and the changing manpower requirements in the armed forces to address the effects of selection in comparisons of the educational attainment of veterans and nonveterans in this era."
"Going to War and Going to College: Did World War II and the G.I. Bill Increase Educational Attainment for Returning Veterans?","https://scispace.com/paper/going-to-war-and-going-to-college-did-world-war-ii-and-the-g-3nnuf9v1s8","2002","Journal Article","Journal of Labor Economics","John Bound
Sarah Turner","10.1086/342012","https://scispace.com/pdf/going-to-war-and-going-to-college-did-world-war-ii-and-the-g-3nnuf9v1s8.pdf","The flood of veterans enrolling in college at the end of World War II contributed to widespread rhetoric that the G.I. Bill brought about the “democratization” of American higher education. Whether military service, combined with educational benefits, led World War II veterans to increase their investments in college has received little research attention. Our estimation strategy focuses on between‐cohort differences in military service, and we use census data to compare the collegiate attainment of veterans and nonveterans. The net effect of military service and G.I. benefits was substantial gains in the collegiate attainment of World War II veterans.","This article found that the net effect of military service and G.I. benefits was substantial gains in the collegiate attainment of World War II veterans and non-veterans in the US."
"Student Veterans Transitioning to Higher Education and Policy Implications","https://scispace.com/paper/student-veterans-transitioning-to-higher-education-and-3qxajmwuuj","2014","Journal Article","","Christina Anamaria Alexander","10.15764/EPI.2014.04006","","This article traces policy developments related to the expansion of government investment in higher education benefits for military veterans, specifically, the GI Bill. Beginning in World War II, as a benefit for returning war veterans through to the recent expansions since the Gulf Wars, the GI bill has transformed higher education. Increasingly female veterans are using the benefits to enroll in institutions of higher education and are a significant subgroup. The article presents recommendations based on research to create support structures to improve academic outcomes for returning veterans, in particular, the female veterans.","Recommendations based on research to create support structures to improve academic outcomes for returning veterans, in particular, the female veterans are presented."
"Veterans Going to Graduate School: Evaluating the Impact of the Post-9/11 G.I. Bill on Graduate School Enrollment","https://scispace.com/paper/veterans-going-to-graduate-school-evaluating-the-impact-of-5d85myb8eedp","","","","Liang Zhang","10.3102/1437371","","In this study, I use data from the American Community Survey, Current Population Survey, and National Postsecondary Student Aid Study to examine the effect of the Post-9/11 GI Bill on veterans' graduate school enrollment.The analysis reveals three main findings.First, in aggregate, the total number of veterans with bachelor's degrees has increased substantially in recent years.Second, the Post-9/11 GI Bill has contributed to growth of veterans enrolled in graduate schools.On average, the increase is between 1.5 and 2 percentage points among veterans with bachelor's degrees.Finally, because a substantial proportion of veterans have attended graduate school without receiving veterans' benefits, the increase of 1.5-2 percentage points underestimates the effect of the Post-9/11 GI Bill on beneficiaries.","This study examines the impact of the Post-9/11 GI Bill on veterans' graduate school enrollment, finding a 1.5-2 percentage point increase in enrollment among veterans with bachelor's degrees, with the bill contributing to growth in graduate school attendance."
"Military and Veteran Student Achievement in Postsecondary Education: A Structural Equation Model Using the Community College Survey of Men (CCSM).","https://scispace.com/paper/military-and-veteran-student-achievement-in-postsecondary-1t28b68oav","2016","Journal Article","The Community College Enterprise","Thomas R. De La Garza
Marcus A. Manuel
J. Luke Wood
Frank Harris","","","Military and veteran students have existed in significant numbers in higher education since the end of World War II. The introduction of the Serviceman's Readjustment Act of 1944, more commonly known as the GI Bill, increased veteran enrollment in U.S. colleges to 49% by 1947 (Lang & Powers, 2011). Just as college campuses faced an influx of student veterans after the war, community college campuses are today experiencing a new wave of increases in military and veteran enrollment from returning Operation Enduring Freedom (OEF) and Operation Iraqi Freedom (OIF) veterans. Similar to veterans from previous eras, the current generation of veterans is seeking to utilize the new and improved Post-9/11 GI Bill to attain postsecondary degrees (Randall, 2012). In some college campuses surveyed, enrollment of military and veteran students have increased by up to 500% since 2009 with an estimated $36 billion in Post-9/11 GI Bill entitlement benefits as of 2013 (Lang, Harriett, & Cadet, 2013). Military service members and veterans often begin their journey into higher education at community colleges. While 43% of postsecondary student veterans are enrolled in community colleges (Radford, 2011), 84% of this student population begins postsecondary education enrolled in two-year institutions (Kim & Cole, 2013). Thus, community colleges serve as a critical component of the postsecondary pipeline for student veterans. Methods to ease transition and ensure academic success for military veterans will continue to engage community college faculty and administrators. A need for specialized services and programs targeting the military and student veteran population will continue based on current military operations (Ackerman, DiRamio, & Mitchell, 2009). Previous research indicates that student veterans often share the risk factors related to other adult learners such as frill-time employment, part-time enrollment, delayed entry, and dependents (Wheeler, 2012), in addition to psychological feelings of isolation, disconnectedness, and discomfort in academic settings (Persky & Oliver, 2010). Regardless of the challenges presented to veterans transitioning from a military to civilian lifestyle (and into postsecondary education), student veterans exhibit several positive traits that are conducive to achievement in academic programs. Military and veteran students are generally described as emotionally mature, mission-oriented (focused), and experienced leaders who set the example in both college and workplace settings (Lighthall, 2012). Additionally, student veterans are typically older and often rate their own leadership abilities above those of nonmilitary student peers (Lang & Powers, 2011). Presently, few quantitative studies exist on veteran success in postsecondary education, and existing qualitative research has also not accurately identified factors related to veteran achievement or pathways to success in postsecondary education (Olsen, Badger, & McCuddy, 2014). The Community College Survey of Men (CCSM) evaluates predictors of student success for underrepresented and underserved men in community colleges and was originally designed to assist in improving programming and service-delivery for male students (Wood and Harris, 2013). Recent validation efforts also confirmed the CCSM as an assessment tool for addressing the needs of veteran men in community colleges through developing and improving programs that facilitate transition and success in civilian college settings (De La Garza, Wood, & Harris, 2015). To further advance understanding of student veterans in postsecondary education, a structural equation model is introduced to test and explain achievement trajectories for this diverse group of students. Methods Structural equation modeling is a technique used to depict statistical procedures which include factor analysis, path analysis, and multiple regressions, to visually portray, test, and quantify relationships between variables, factors, and ultimate endogenous variables (Hox & Bechger, 1998; Kline, 2005; Lei & Wu, 2007). …","In this paper, a structural equation model is introduced to test and explain achievement trajectories for a diverse group of student veterans in post-secondary education, including military service members and veterans."
"Replication data for: The Effect of Veterans Benefits on Education and Earnings","https://scispace.com/paper/replication-data-for-the-effect-of-veterans-benefits-on-4nps2qp47b","2009","Dataset","","Joshua D. Angrist","10.7910/dvn/caqyme","","Veterans benefits that subsidize education and training constitute the largest federal program for student aid. Using data from the 1987 Survey of Veterans, the author presents estimates of the effect of veterans benefits on schooling completed since entering the military and on subsequent earnings. Veterans benefits are estimated to increase schooling by roughly 1.4 years, which implies annual earnings approximately 6% higher than would have been expected in the absence of the benefits. This premium appears to accrue primarily to the 77% of benefit users who attended college or graduate school. ","Veterans benefits increase schooling and earnings, with the majority of the benefit users attending college or graduate school."
"Service Members in School: Military Veterans' Experiences Using the Post-9/11 GI Bill and Pursuing Postsecondary Education","https://scispace.com/paper/service-members-in-school-military-veterans-experiences-3qy7bici6b","2010","","","Jennifer L. Steele
Nicholas Salcedo
James Coley","","https://scispace.com/pdf/service-members-in-school-military-veterans-experiences-3qy7bici6b.pdf",": When the Post-9/11 Veterans Educational Assistance Act--better known as the Post-9/11 GI (Government Issue) Bill--was signed into law on June 20, 2008, it represented the largest expansion of veterans' education benefits since passage of the original GI Bill in 1944. The new GI Bill took effect on August 1, 2009, thereby increasing the higher education benefits available to individuals who served on active duty in the U.S. armed forces after September 10, 2001. One year later, more than half a million current and former service members had applied for eligibility certification (Carter, 2010) and just over 300,000 had used the benefits to enroll in higher education (White House, 2010). Because a student's Post-9/11 GI Bill benefits depend on the state and location of the educational institution and are paid to both institutions and students, and because the U.S. Department of Veterans Affairs (VA) had only a little more than a year to upgrade its claims processing systems, early implementation posed several challenges, especially with regard to delayed and erroneous payments (Maze, 2010a; McBain, 2009; Philpott, 2009). Given these challenges, many of which had been anticipated (Wilson, 2009), the American Council on Education (ACE) asked the RAND Corporation to study students' experiences using the Post-9/11 GI Bill in its first year of availability. The study set out to understand early Post-9/11 GI Bill implementation challenges from the perspective of both college students and higher education institutions and to gain insight into how higher education institutions can more effectively support returning veterans. The research was carried out between February and August of 2010 and therefore reflects participants' experiences during only the initial year of GI Bill implementation.","The study set out to understand early Post-9/11 GI Bill implementation challenges from the perspective of both college students andHigher education institutions and to gain insight into how higher education institutions can more effectively support returning veterans."
"The Effect of Veterans Benefits on Veterans' Education and Earnings","https://scispace.com/paper/the-effect-of-veterans-benefits-on-veterans-education-and-hvv2nvg5ii","1990","Report","Social Science Research Network","Joshua D. Angrist
Joshua D. Angrist
Joshua D. Angrist","10.3386/W3492","https://scispace.com/pdf/the-effect-of-veterans-benefits-on-veterans-education-and-hvv2nvg5ii.pdf","The majority of armed forces veterans make use of the subsidized training and educational benefits provided by the Department of Veterans Affairs. The effect of veterans benefits on educational attainment am civilian earnings is estimated here using the Census Bureau's 1987 Survey of Veterans. Two identification strategies are employed to control for unobserved characteristics that are correlated with educational attainment and benefit usage. First, a fixed effects strategy is implemented by exploiting information on educational attainment at the time of entry to service. Second, instrumental variables estimates are computed, where the excluded instruments are interactions between period of service am educational attainment at entry to service. The effect of veterans benefits on earnings is estimated by decomposing the return to education into a return to the grade completed at entry to service and a return to the post-entry grade increment. Veterans benefits are estimated to increase schooling by roughly 1.4 years and the grade increment is worth roughly 4.3 percent, so that veterans benefits raise annual earnings by approximately 6 percent. This premium appears to accrue primarily to the 77 percent of benefit users who attended college or graduate school.","In this article, the effect of veterans benefits on educational attainment am civilian earnings is estimated using the Census Bureau's 1987 Survey of Veterans using two identification strategies to control for unobserved characteristics that are correlated with educational attainment and benefit usage."
"The evolution of veteran educational attainment gaps over the life cycle","https://scispace.com/paper/the-evolution-of-veteran-educational-attainment-gaps-over-4ru9ngg6abez","2024","Journal Article","Journal of demographic economics","Jason Ward
Jeffrey B. Wenger
Teresa Kroeger","10.1017/dem.2024.5","","Abstract Individuals who serve in the military substitute work experience for post-secondary educational attainment after high school, leading to large educational attainment gaps between new veterans and observably similar nonveterans. Little is known about the evolution of these gaps by age and across cohorts. We investigate the life-cycle attainment of veterans relative to nonveterans using a synthetic panel data approach. Following five multiyear birth cohorts we find that, on average, veterans close a 20-percentage point gap in attainment of a bachelor's or greater over time and significantly outpace observably similar nonveterans in attainment of an associate's degree. Female and minority veterans exceeded the attainment of similar nonveterans over time, and more recent birth cohorts began with larger gaps but closed them at younger ages due to increasing levels of both enrollment and enrollment intensity. Our findings highlight the important role of military service in facilitating social mobility through educational attainment. ","Veterans close a 20-percentage point gap in bachelor's attainment over time, outpacing nonveterans in associate's degree attainment, with female and minority veterans exceeding nonveterans' attainment, and more recent cohorts closing gaps at younger ages due to increased enrollment and intensity."
"Veterans’ Post-Secondary Education: Keeping the Promise to Those Who Serve","https://scispace.com/paper/veterans-post-secondary-education-keeping-the-promise-to-6ss1nho6vm","2012","Journal Article","Hinckley Journal of Politics","Jonah Cunningham","","https://epubs.utah.edu/index.php/HJP/article/view/663/506","Current veterans returning home from Afghanistan and Iraq who plan on pursuing a college education are facing new and unique challenges rarely faced by their predecessors. Despite having at their disposal the most generous educational benefit programs, many are finding success difficult. A combination of social, bureaucratic, and institutional barriers beleaguer a veteran pursuing a degree; accordingly, it is necessary for us to remove these obstacles since veterans enhance classrooms with their experiences. The United States government must also provide veterans with a bridge to integrate into the job market.","A combination of social, bureaucratic, and institutional barriers beleaguer a veteran pursuing a degree; accordingly, it is necessary for us to remove these obstacles since veterans enhance classrooms with their experiences."
"Matching Military Skills to Civilian Jobs: Does Military Training Enhance Veteran's Civilian Wage Rates?","https://scispace.com/paper/matching-military-skills-to-civilian-jobs-does-military-4cvgt47gkc","1995","","","Karl R. Olsen","","",": This thesis statistically analyzes the transferability of military skills to civilian job markets and the relationship between acquired military training and civilian wages. It also assesses the extent to which military training is utilized by veterans currently employed in the civilian labor force and analyzes the process by which veterans assimilate into the civilian work force, including the role geographic migration plays in this process. The relationship between veteran status and post-service civilian wages is examined using linear regression methods. The models test the existence of either a veterans premium or penalty with respect to civilian earnings as a function of various military training, occupation, background, and other variables. Results show that veterans receive a significant wage premium over their civilian counterparts. Additionally, veterans who use their military training in their current civilian job receive higher wages than either non-veterans or veterans who do not use their military skills in civilian occupations.","In this paper, the authors analyzed the transferability of military skills to civilian job markets and the relationship between acquired military training and civilian wages and found that veterans receive a significant wage premium over their civilian counterparts."
"Transitioning America'S Veterans into Science, Technology, Engineering, and Mathematics (stem) Academic Programs","https://scispace.com/paper/transitioning-america-s-veterans-into-science-technology-xtftbc4jfryo","","","","Sarah A. Rajala
Robert A. Green
Rayford B. Vaughn","10.18260/1-2--18992","","The Post-9/11 GI-Bill1 presents opportunities to bring motivated, mature, dedicated, and disciplined students into academia, especially into STEM fields closely related to their military job experience. However, many of these students may have been away from the classroom for several years and may not be as prepared to enter college as they might have been prior to entering the military. These veterans have a high potential for success as students in STEM fields of study but may need some special assistance and mentoring in refreshing their academic skills. Through two CCLI grants from the National Science Foundation, the authors are executing a planning grant designed to assist and facilitate the transition of these veterans into STEM curricula at two-and four-year institutions. Demographic data is being collected to better understand exactly where these students would be transitioning out of military service and where they are likely to enroll in higher education. A consortium of geographically distributed industrial and academic partners was developed to forge the necessary articulation agreements with participating partners, conduct a needs assessment, develop head start curricula, and implement pilot projects from which we can gain lessons learned in this overall effort. This paper describes the authors' efforts to date in implementing these projects.","The Post-9/11 GI-Bill presents opportunities for veterans to transition into STEM fields, but they may require special assistance due to academic skills atrophy. A planning grant aims to facilitate their transition through demographic data collection, articulation agreements, and pilot projects."
"Closing the Gap or Widening the Divide: The Effects of the G.I. Bill and World War II on the Educational Outcomes of","https://scispace.com/paper/closing-the-gap-or-widening-the-divide-the-effects-of-the-g-2z74clih9m","2016","","","Sarah Turner
John Bound","","","The effects of the G.I. Bill on collegiate attainment may have differed for black and white Americans owing to differential returns to education and differences in opportunities at colleges and universities, with men in the South facing explicitly segregated colleges. The empirical evidence suggests that World War II and the availability of G.I. benefits had a substantial and positive impact on the educational attainment of white men and black men born outside the South. However, for those black veterans likely to be limited to the South in their educational choices, the G.I. Bill had little effect on collegiate outcomes. Recent empirical evidence points to a substantial positive effect of the G.I. Bill and World War II service on the educational attainment of white men.1 Left unanswered is the question of whether the G.I. Bill and World War II had a similar effect on black Americans. There are good reasons to believe that the program effects of the G.I. Bill may have differed for black Americans, who had fewer opportunities in the labor market and in higher education. In particular, black men in the South faced explicitly segregated colleges and much more limited opportunities within historically black institutions. The related question of whether black veterans from states with de jure segregation demonstrated educational gains similar to black veterans in other states is significant for both the overall evaluation of the G.I. Bill and the lessons we draw from it for contemporary policy. In general, portable grant aid programs such as the G.I. Bill are expected to have large effects on collegiate investments when the supply of education is relatively elastic. Yet, limited state investment in colleges and universities open to blacks may have restricted the extent to which black veterans in the South were able to make","The effects of the G.I. Bill on collegiate attainment may have differed for black and white Americans owing to differential returns to education and differences in opportunities at colleges and universities, with men in the South facing explicitly segregated colleges as mentioned in this paper."
"You Can’t Handle the Truth: the Effects of the Post-9/11 Gi Bill on Higher Education and Earnings","https://scispace.com/paper/you-cant-handle-the-truth-the-effects-of-the-post-9-11-gi-83k32co8hzoz","","","","Andrew Barr
Laura Kawano
Bruce Sacerdote
William Skimmyhorn
Michael Stevens","10.2139/ssrn.3889130","","The Post 9/11 GI Bill (PGIB) is among the largest and most generous college subsidies enacted thus far in the U.S. We examine the impact of the PGIB on veterans' college-going, degree completion, federal education tax benefit utilization, and long run earnings.Among veterans potentially induced to enroll, the introduction of the PGIB raised college enrollment by 0.17 years and B.A. completion by 1.2 percentage points (on a base of 9 percent).But, the PGIB reduced average annual earnings nine years after separation from the Army by $900 (on a base of $32,000).Years enrolled effects are larger and earnings effects more negative for veterans with lower AFQT scores and those who were less occupationally skilled.Under a variety of conservative assumptions, veterans are unlikely to recoup these reduced earnings during their working careers.All veterans who were already enrolled in college at the time of bill passage increase their months of schooling, but only for those in public institutions did this translate into increases in bachelor's degree attainment and longer-run earnings.For specific groups of students, large subsidies can modestly help degree completion but harm long run earnings due to lost labor market experience.",""
"Impact of the “GI Bills” on the Educational Level of the Male Population","https://scispace.com/paper/impact-of-the-gi-bills-on-the-educational-level-of-the-male-4xubk8kb3p","1964","Journal Article","Social Forces","Charles B. Nam","10.1093/SF/43.1.26","","This paper is an attempt to evaluate the effects of the post-war educational rehabilitation programs for veterans (""GI Bills"") on the educational composition of the male population of the United States. Various sources of statistical data are integrated to produce estimates of the effects. The analysis leads to the conclusion that, even if the benefits of the GI education and training programs had not been available, the sharply rising trend in the formal educational level of the male population observed before the war would have continued at substantially the same general level. The GI programs are viewed primarily as responses to the growing demand for formal education in a society where social organization and value complexes were undergoing change. A t the end of World War II, and again after the Korean Conflict, the United States government underwrote largescale rehabilitation programs, familiarly known as the ""GI Bill of Rights,"" which were designed to provide the men whose lives were interrupted by military service with, among other thiings, support to begin or continue their formal education or vocational training. These programs are generally regarded as successful, but the impact which they have had on our society has not been measured. Hence, as recently as March 1960, the Deputy Administrator of Veterans' Affairs in 'Waslhington wrote: ""We have still to evaluate the pervasive effects of this program on the general level of education, the Nation's skilled manpower resources, our national security, our productivity and the gross national product.""' This paper is an attempt to evaluate the effect of the postwar educational training of veterans, particularly that under the ""GI Bills,"" on the educational composition of the male population. The following questions will be explored: (1) How much of the formal educational attainment of the male population can * Revision of paper presented at the annual meeting of the Southern Sociological Society, Miami Beach, Florida, April 6, 1961. 1 Bradford Morse, ""The Veteran and his Education,"" Higher Education 16: 7 (March 1960), p. 3. This content downloaded from 207.46.13.187 on Sun, 15 May 2016 04:51:55 UTC All use subject to http://about.jstor.org/terms IMPACT OF THE GI BILLS 27 be attributed to sclhooling obtained by veterans after tbey left tlhe military service? (2) How much of tbe veterans' postwar educational attainmient was obtained under the GI Bill programs, and lbow miucli of that education might not have been attained if it were not for those programs ? (3) Wblat are the regional patterns in the educational effects of the GI Bills, anid wlhat impact did the programs have on regional differentials in education? Answers to these questions will bave to be presented in the form of crude estimates. Altlhougb we have nmuch information about the education of veterans, the kinds of data available do not permit dlirect answers to the questions raised. Various sources of data will have to be combined, and a number of assumptions will have to be made, but it should be possible to arrive at some reliable general conclusions. Among the major sources which are to be used are, first, the report of the Bradley Commission on Veterans Affairs,2 a monumental study which summarized the laws and proCgrams for the rehabilitation of veterans and which analyzed the results of a special Census Bureau survey taken in 1955 concerning the use of veterans benefits; second, the several reports of the Census Bureau which covered the school anld college enrollmlielnt alndl educational attainment of the Armed Forces and of veterans at (lifferent poinlts in time ;3 third, studies concerniing the educational status of servicemen made by the researclh divisions of the Army Service Forces towardl the end of World War II and by the Veterans Administration ;4 and fourth, a number of papers written by individual scholars and published in books and professional journals. The conventional way of demonstrating the advantageous educational position of veterans is to compare their educational attainmeent with that of male nonveterans of similar ages. In 1952, World War II veterans who xvere 25 to 34 years old had a median of 12.3 years of formal schooling completed as compared with just 10.0 years for nonveterans in the same age group. About 24 percent of the veteran group and only 15 percent of the nonveterans had completed at least one year of college.5 At other ages, there were also differences of varying magnitudes, so that it can be said that the veterans were definitely better schooled by this point after the war and a great part of the advantage would seem to lhave been attributable to their postwar training. Before analyzing the amount and sources of education received by veteranis in the postwar period, liowever, the educational selectivity among those who entered the Armed Forces should be colnsidered. EDUCATIONAL SELECTIVITY OF ARMED FORCES MEMBERS The men who entered military service in World War II or in the Korean Conflict had to pass mental as well as physical tests. The mental tests, developecl by the Armed Forces, were used to estimate a man's ability to absorb training and perform effectively. To pass the tests, a miani lhad to be able to read, do simple sums, and perceive spatial relationships.6 MAany of those with little formal education were not likely to lhave passed the tests. Furthermiiore, since plhysical impairment is more often associate(l with low thaan high socioeconomic status, and hence witlh low tllan high education, those who passed the minimum mental tests but failed the plhysical examinations quite likely were drawn disproportionately from the lower educational classes. The effect of this sorting process on the educational attainment distributions of those who entered the service, as compared with the universe of persons from whiclh they were drawn, has been estimated. The average servicemlan 2 The President's Commission on Veterans' Pensions, A Report oniVeterans' Benzefits it the Untited States, Staff Report No. IX, Part A, House Committee Print No. 289, 84th Congress, 2d Session (Washingtoni: U.S. Government Printing O.ice, 1 956). 3 In particular, Current Population Reports, Series P-20, Nos. 19, 45, 77, and 99, and U.S. Cenis-us of Popitlation: 1950, Vol. II, Part 1, U.S. Summary (Washingtoni: U.S. Governmeint Printing Office, 1953). 4 ""Educational Background of the Men in the Armed Services and Their Educational Plans for the Future,"" The School E;rec'utive, 64 (May 1945.), pp. 39-40; and various reports of the Veterans Administration. 5 Bureau of the Census, Current Popitlationi Reports, Series P-20, No. 45, table 16. 6 U.S. Department of Labor, Arined Forces Rejections during the first year of the Korean. UWar (from a statement by General Hershiey before the Interstate and Foreign Commerce Committee of the House of Representatives, June 9, 1952). This content downloaded from 207.46.13.187 on Sun, 15 May 2016 04:51:55 UTC All use subject to http://about.jstor.org/terms","This article evaluated the effects of the post-war educational rehabilitation programs for veterans on the educational composition of the male population of the United States, and concluded that, even if the benefits of the GI education and training programs had not been available, the sharply rising trend in the formal educational level observed before the war would have continued at substantially the same general level."
"Essays in economics using military-induced variation to study human capital development, excess sensitivity to income, and labor market decisions","https://scispace.com/paper/essays-in-economics-using-military-induced-variation-to-15e3ap1yhv","2015","","","Carl Jonathan Wojtaszek","","","by Carl J. Wojtaszek This dissertation contains three essays that leverage the detailed nature of military data along with natural experiments found within the military environment to investigate questions that pertain to the manning and welfare of our modern military as well as inform areas of public and labor economics. The first chapter investigates the effect of job exit timing on the educational attainment of workers. A successful job transition often hinges on a worker’s access to education and retraining. Yet, many obstacles outside the traditional education investment model potentially prevent this sizable non-traditional student population from attending college. I use a two-stage least-squares approach to investigate a previously unexplored dimension the effect of job exit timing on educational attainment. Using detailed military records and GI Bill benefits data, I find that exiting the military with a seven months wait before a traditional semester start date reduces the likelihood that veterans use their GI Bill benefits by 8 percent and reduces their overall educational attainment by two months as compared to veterans who exit and experience no wait","Wojtaszek et al. as mentioned in this paper investigated the effect of job exit timing on the educational attainment of workers, finding that leaving the military with a seven months wait before a traditional semester start date reduces the likelihood that veterans use their GI Bill benefits by 8 percent and reduces their overall educational attainment by two months as compared to veterans who exit and experience no wait."
"The Relationship Between Training Program Participation and Gainful Civilian Employment of Gulf War-Era II Veterans","https://scispace.com/paper/the-relationship-between-training-program-participation-and-3q1vqitluq","2019","Journal Article","","Candace Rae Flatt
Delmar Rhodes","10.21061/JVS.V4I2.113","https://scispace.com/pdf/the-relationship-between-training-program-participation-and-3q1vqitluq.pdf","The GI Bill of Rights has helped millions of veterans with their transition into civilian employment through education and training programs. In addition to higher education benefits, the GI Bill provides educational assistance for vocational training, entrepreneurship courses, apprenticeships, on-the-job training, and remedial courses. Compared to previous studies, this study is unique in three aspects. First, this study focuses on training programs completed by veterans rather than higher education. Second, the training categories are constructed based on job-specific versus general properties of human capital theory. Finally, the study captures all training programs completed by veterans regardless of provider or sponsoring organization by using the National Longitudinal Survey of Youth 1997 (NLSY97) . Generalized linear mixed models are used to determine the relationship between the type of training program and gainful employment. Pre-employment training programs were found to be positively related to the gainful employment of Gulf War-Era II veterans.","In this article, the authors focused on training programs completed by veterans rather than higher education and constructed the training categories based on job-specific versus general properties of human capital theory, and found that pre-employment training programs were positively related to the gainful employment of Gulf War-Era II veterans."
"Military Service and Civilian Labor Market Outcomes: Comparing Employment of Post-9/11 Veterans and Nonveterans","https://scispace.com/paper/military-service-and-civilian-labor-market-outcomes-52gyca0djv","2016","Dissertation","","Matthew Ordway","","https://scispace.com/pdf/military-service-and-civilian-labor-market-outcomes-52gyca0djv.pdf","Veterans struggle to enter the civilian labor market following military service. Since the September 11 terrorist attacks, over 3.2 million Americans have served in the military. Upon returning home, these veterans are twenty percent more likely to be unemployed than nonveterans (7.2% vs 6%, respectively). This study investigates the association between military service and employment outcomes (employment status and weekly earnings) for post-9/11 veterans, a heretofore understudied group. Data was obtained from the Current Population Survey (CPS) Veteran Supplement. Linear probability models and OLS regressions were utilized to compare employment outcomes between veterans and nonveterans of similar age, education and race/ethnicity (“veteran effect”). Findings suggest that the veteran effect on employment is negative while the veteran effect on earnings, given employment, is positive. This is likely because of selection bias; the most productive veterans find employment and therefore command higher wages. Veteran effects differ by race and ethnicity, length of military service and time since service. Policymakers should tailor transition programs to the most vulnerable veterans, such as long-term military personnel.","The authors investigated the relationship between military service and employment outcomes (employment status and weekly earnings) for post-9/11 veterans, a heretofore understudied group, using the Current Population Survey (CPS) Veteran Supplement."
"Labor Market Earnings of Veterans: Is Time in the Military More Valuable or Less than is Civilian Experience?","https://scispace.com/paper/labor-market-earnings-of-veterans-is-time-in-the-military-4wm6jveo3q","2019","Journal Article","Social Science Research Network","Christos Makridis
Barry T. Hirsch
Barry T. Hirsch","10.2139/SSRN.3466518","","We assess the labor market experiences of military veterans, focusing on three major outcomes, among others, controlling for a wide array of demographic characteristics and industry and occupational fixed effects. First, we find that male and female veterans receive civilian earnings nearly equivalent to nonveteran men and women. This finding implies that military experience is valued in the labor market similarly to foregone civilian experience. Second, veterans are clustered in occupations with somewhat lower than average employment and real earnings growth, and in metropolitan areas with lower levels and growth of real GDP per capita. Third, veterans experience lower returns to formal educational investments (e.g., college) than do nonveterans. Veterans realize earnings gains from professional licenses, but their returns are lower than for nonveterans. These gains are concentrated among science, technology, engineering, and math (STEM) jobs, suggesting that veterans could help meet the growing demand for tech talent and artificial intelligence skills.","This article assess the labor market experiences of military veterans, focusing on three major outcomes, among others, controlling for a wide array of demographic characteristics and industry and occupational fixed effects, finding that male and female veterans receive civilian earnings nearly equivalent to nonveteran men and women."
"The Effect of 21st Century Military Service on Civilian Labor and Educational Outcomes","https://scispace.com/paper/the-effect-of-21st-century-military-service-on-civilian-h78qn1de8x","2014","Journal Article","Journal of Labor Research","P. Wesley Routon","10.1007/S12122-013-9170-4","","I estimate the effect of military service during the Afghanistan and Iraq wars on civilian labor and educational outcomes using several empirical methodologies including sibling fixed effects and propensity score matching. Since military occupations and training have changed significantly in the past few decades, these effects may be different than those found in previous studies on veterans of earlier theaters. I find that veteran status increases civilian wages by approximately ten percent for minorities but has little or no effect on whites in this regard. Veterans of all demographic groups are found to be equally employable and equally as satisfied with their civilian occupation as non-veterans. For females and minorities, veteran status substantially increases the likelihood one attempts college. These veterans are found to be more apt to pursue and obtain a two year (associate’s) degree instead of a four year (bachelor’s) degree. Lastly, I find mixed evidence that veteran status increases the likelihood of public sector employment.","In this paper, the effect of military service during the Afghanistan and Iraq wars on civilian labor and educational outcomes using several empirical methodologies including sibling fixed effects and propensity score matching was estimated."
"Improving Student Services for Military Veterans","https://scispace.com/paper/improving-student-services-for-military-veterans-1vofkpv0f1","2016","","","Melinda Mechur Karp
Serena Constance Klempin","10.7916/D8VH5P04","https://scispace.com/pdf/improving-student-services-for-military-veterans-1vofkpv0f1.pdf","It is essential to consider how recently separated service members can succeed in obtaining educational credentials that will help them gain employment and reintegrate into their communities. Education is a key component in the transition back to civilian life and employment for many new veterans. Enrollment in college allows veterans to upgrade existing skills or gain new skills in order to transition to a new career. And successful completion of college programs provides veterans with valuable credentials that may validate uncredentialed skills they gained in the military. The Post-9/11 GI Bill of 2008 expanded previous tuition benefits for veterans in order to make college an accessible post-service option. The U.S. Veteran's Administration estimates that 1.4 million individuals used the Post-9/11 GI Bill between 2009 and 2015. 1 Many service members find it difficult to align the skills and knowledge gained via military service to the civilian labor market, particularly if they separate while holding a relatively low rank, are classified as having a disability, come from a minority background, or served in service and support occupations in the military. 2 Half of Post-9/11 service members experience at least some period of unemployment upon separation from the military. 3 As the number of veterans is expected to increase over the next five years, 4 it is essential to consider how recently separated service members can enter college and succeed in obtaining educational credentials that will help them gain employment and reintegrate into their communities. This review explores strategies taken by five community colleges to better serve veteran students so that they feel more comfortable at college and are better able to persist and earn a credential. Approximately 40 percent of student veterans attend community colleges. 5 These local, publicly funded, open-access institutions are a good deal financially for veterans. Although the Post-9/11 GI Bill places a cap on tuition coverage for private universities, it covers the cost of public universities and community colleges in full. 6 In addition, community colleges are at the vanguard of initiatives such as competency-based education that could help veterans complete a certificate or degree faster (in part by enabling them to receive academic credit for military training), which in turn could help them connect to the labor market more quickly.","In this article, a review explores strategies taken by five community colleges to better serve veteran students so that they feel more comfortable at college and are better able to persist and earn a credential."
"The Consequences of the Post-9/11 GI Bill on Veterans and Higher Education","https://scispace.com/paper/the-consequences-of-the-post-9-11-gi-bill-on-veterans-and-1t5olas84u","2016","Dissertation","","Adam B. Fullerton","","","This study investigates how the Post-9/11 GI Bill is used by veterans to attend higher education institutions offering 4-year college degrees. The Post-9/11 GI Bill was intended to give the benefit of payment assistance to all of those that served the United States military on, or after, September 11, 2001, as they pursue their college education. This study examines the school choices of the students utilizing that benefit and the implications of a large number of these students using their benefits to attend for-profit institutions. To do this, the study first explores the history of the GI Bill, as well as its many sub-programs that provide assistance to unique subcategories of veterans and family members. The study then empirically shows that veterans are substantially more likely than non-veterans to attend for-profit colleges, which have lower graduation rates and higher student loan default rates than their non-profit and public counterparts. GI Bill funds thus flow disproportionately to the for-profit sector, raising concerns about the impact of such funds on student outcomes. The study then explores the potential inadequacies of the 90/10 rule for for-profit colleges. Four potential solutions to the problem are considered, with a specific focus on the possibility of Military Universities being revamped to provide a better path to a college degree for service members.","This article investigated how the post-9/11 GI Bill is used by veterans to attend higher education institutions offering 4-year college degrees and found that veterans are substantially more likely than non-veterans to attend for-profit colleges, which have lower graduation rates and higher student loan default rates than their non-profit and public counterparts."
"Schooling and the Vietnam-Era GI Bill: Evidence from the Draft Lottery","https://scispace.com/paper/schooling-and-the-vietnam-era-gi-bill-evidence-from-the-ijv88j1z9b","2011","Posted Content","Social Science Research Network","Joshua D. Angrist
Joshua D. Angrist
Joshua D. Angrist
Stacey H. Chen","","https://papers.ssrn.com/sol3/Delivery.cfm/SSRN_ID1806391_code238096.pdf?abstractid=1806391&mirid=1&type=2","Draft-lottery estimates of the causal effects of Vietnam-era military service using 2000 census data show marked schooling gains for veterans. We argue that these gains can be attributed to Vietnam veterans’ use of the GI Bill rather than draft avoidance behavior. At the same time, draft lottery estimates of the earnings consequences of Vietnam-era service are close to zero in 2000. The earnings and schooling results can be reconciled by a flattening of the age earnings profile in middle age and a modest economic return to the schooling subsidized by the GI Bill. Other long-run consequences of Vietnam-era service include increases in migration and public sector employment.","The authors argue that these gains can be attributed to Vietnam veterans' use of the GI Bill rather than draft avoidance behavior, and that the earnings and schooling results can be reconciled by a flattening of the age earnings profile in middle age and a modest economic return to the schooling subsidized by the GI bill."
"Veterans in Workforce Development: Participation and Labor Market Outcomes","https://scispace.com/paper/veterans-in-workforce-development-participation-and-labor-4irvi6uf7b","2014","Report","Research Papers in Economics","Colleen K. Chrisinger","10.17848/WP17-274","https://research.upjohn.org/cgi/viewcontent.cgi?article=1292&context=up_workingpapers","This paper compares the employment status and earnings of veterans and nonveterans following their receipt of public workforce development services in Washington State during the years 2002–2012. It also describes workforce program participation patterns for veterans and nonveterans to determine if veterans have equal or prioritized access to key programs, where prioritization is required by law. Based on tabulations and propensity score weighted regressions using administrative data, the results indicate slightly lower levels of participation by veterans than nonveterans in two major workforce programs (Wagner-Peyser and the Workforce Investment Act Adult program), and high participation in veteran-specific programs (Disabled Veterans Outreach Program and Local Veterans Employment Representative). Employment rates of veterans after program receipt are substantially lower than those for nonveterans. Meanwhile, average earnings are slightly higher, conditional on employment. These results highlight the ongoing challenge of closing the gap in employment between veterans and nonveterans to reach goals stated by policymakers.","In this article, the authors compared the employment status and earnings of veterans and nonveterans following their receipt of public workforce development services in Washington State during the years 2002-2012."
"The G.I. Bill: A Case Study in Behavioral Economics","https://scispace.com/paper/the-g-i-bill-a-case-study-in-behavioral-economics-1j9f8838fe","2018","Journal Article","Policy Perspectives","Amanda (Swanson) Goff","10.4079/PP.V25I0.18349","https://scispace.com/pdf/the-g-i-bill-a-case-study-in-behavioral-economics-1j9f8838fe.pdf","In pursuit of public welfare, the federal government supports a range of programs designed to encourage desirable behavior. Though for centuries lawmakers have strived to account for irrational actors and ultimately produce effective policy, behavioral economics has only entered the discussion recently as a means to accomplish these ends. The G.I. Bill provides a unique opportunity to examine behavioral economic principles as they relate to a long-standing, well-developed program. Introduced in 1944, the G.I. Bill provides tuition assistance and other educational benefits to support US military veterans pursuing a postsecondary credential. Benefit usage rates remain high and relatively stable in the decades since the legislation’s enactment, suggesting that educational incentives may serve as powerful motivators for veterans continuing their education. However, low college completion rates amongst veterans that choose to use G.I. Bill benefits limit the program’s true effectiveness. This case illustrates both the benefits and the limitations of applying behavioral economics concepts in policy design, particularly as demands on the G.I. Bill program continue to evolve.","The G.I. Bill provides tuition assistance and other educational benefits to support US military veterans pursuing a postsecondary credential as mentioned in this paper, and the benefits remain high and relatively stable in the decades since the legislation's enactment, suggesting that educational incentives may serve as powerful motivators for veterans continuing their education."
"Predictors of Educational Attainment for Veterans","https://scispace.com/paper/predictors-of-educational-attainment-for-veterans-1rjflehqez","2014","","","Brandon Moore","","","The Montgomery G.I. Bill (MGIB) and the Post-9/11 GI Bill are offered to all servicemembers. Many veterans do not partake in this allowance, however, either using it briefly and doing something else or simply not using it at all. Using the American Communities Survey, this research finds that the predictors of educational attainment for veterans and nonveterans are different, making it necessary for more research on veterans and higher education. Introduction In the next few years, nearly two million veterans will be returning from Operation Iraqi Freedom/Operation Enduring Freedom (American Council on Education, 2008, 2009). These veterans have educational benefits they have earned and although these benefits are quite generous, many veterans will not utilize them. With the U.S. economy still recovering and an unemployment rate of 20% for Gulf War-era II veterans age 18-24 in 2012 (Bureau of Labor Statistics, 2013), there are not enough good jobs for veterans who are returning from wartime service without higher education. Therefore, it is imperative that we understand how to help veterans get the best education and jobs possible, the first step of which is determining predictors of educational attainment. The purpose of this paper is to determine if the predictors for educational attainment are the same for veterans as for nonveterans. The literature on education levels provides numerous predictors of educational attainment, but it is unclear whether these predictors are the same for veterans as they are for nonveterans. Using data from the American Communities Survey, predictors of educational attainment for veterans and nonveterans will be analyzed using multiple regression. The results of this study inform and serve as a catalyst for further research on the topic of veterans and higher education.","Using the American Communities Survey, the authors found that the predictors of educational attainment for veterans and nonveterans are different, making it necessary for more research on veterans and higher education."
"Schooling and the Vietnam-Era GI Bill: Evidence from the Draft Lottery","https://scispace.com/paper/schooling-and-the-vietnam-era-gi-bill-evidence-from-the-3yumbet6no","2011","Journal Article","American Economic Journal: Applied Economics","Joshua D. Angrist
Stacey H. Chen","10.1257/APP.3.2.96","https://scispace.com/pdf/schooling-and-the-vietnam-era-gi-bill-evidence-from-the-3yumbet6no.pdf","Draft-lottery estimates of the causal effects of Vietnam-era military service using 2000 census data show marked schooling gains for veterans We argue that these gains can be attributed to Vietnam veterans’ use of the GI Bill rather than draft avoidance behavior At the same time, draft lottery estimates of the earnings consequences of Vietnam-era service are close to zero in 2000 The earnings and schooling results can be reconciled by a flattening of the ageearnings profile in middle age and a modest economic return to the schooling subsidized by the GI Bill Other long-run consequences of Vietnam-era service include increases in migration and public sector","The authors argue that these gains can be attributed to Vietnam veterans' use of the GI Bill rather than draft avoidance behavior, and they reconcile the earnings and schooling results can be reconciled by a flattening of the age-earnings profile in middle age and a modest economic return to the schooling subsidized by the GI bill."
"Evaluating the Labor Market Performance of Veterans Using a Matched Comparison Group Design","https://scispace.com/paper/evaluating-the-labor-market-performance-of-veterans-using-a-2jvonapfil","2003","Journal Article","Journal of Human Resources","Barry T. Hirsch
Stephen L. Mehay","10.3368/JHR.XXXVIII.3.673","https://scispace.com/pdf/evaluating-the-labor-market-performance-of-veterans-using-a-2jvonapfil.pdf","A key concern in estimating the effect of military service on civilian earnings is bias from unmeasured differences between military veterans and nonveterans. The effects of activeduty service are estimated using the 1986 and 1992 Reserve Components Surveys, which permit a matched comparison between reservists who are veterans and reservists without active-duty service. Because military entrance requirements are identical for the reserves and active duty, estimated treatment effects embody control for selection by the military and selection by workers for a form of military service. Results are presented for officers and enlisted personnel and by race and era of service. The average impact of active-duty service on civilian earnings is 3 percent among the reservist population, but this average reflects treatment effects of essentially zero for enlisted personnel and 10 percent for officers. Among white enlisted personnel, veteran effects are negative but small. Treatment effects for African-American veterans average about 5 percent. Vietnam-era white draftees are found to have suffered an approximate 5 percent wage penalty and volunteers little penalty, but estimates from the reservist sample are likely to understate negative effects from Vietnamera service.","The effect of active-duty service on civilian earnings is estimated using the Reserve Components Surveys, permitting a matched comparison between reservists who are veterans and reservists without active- duty service."
"Fighting for Education: Financial Aid and Degree Attainment","https://scispace.com/paper/fighting-for-education-financial-aid-and-degree-attainment-jccpd3zsoh","2019","Journal Article","Journal of Labor Economics","Andrew Barr","10.1086/700191","","The Post-9/11 GI Bill brought about the largest expansion in veteran education benefits since the end of World War II, increasing annual benefit expenditures from $3 billion to more than $13 billio...","The Post-9/11 GI Bill brought about the largest expansion in veteran education benefits since the end of World War II, increasing annual benefit expenditures from $3 billion to more than $13 billio..."
"Evaluating the Labor Market Performance of Veterans Using a Matched Comparison Group Design","https://scispace.com/paper/evaluating-the-labor-market-performance-of-veterans-using-a-4mhx5bii79","2003","Posted Content","Social Science Research Network","Barry T. Hirsch
Barry T. Hirsch
Stephen L. Mehay","","https://papers.ssrn.com/sol3/Delivery.cfm/SSRN_ID295080_code011228510.pdf?abstractid=295080&mirid=5","A key concern in estimating the effect of military service on civilian earnings is bias from unmeasured differences between military veterans and nonveterans. The effects of activeduty service are estimated using the 1986 and 1992 Reserve Components Surveys, which permit a matched comparison between reservists who are veterans and reservists without active-duty service. Because military entrance requirements are identical for the reserves and active duty, estimated treatment effects embody control for selection by the military and selection by workers for a form of military service. Results are presented for officers and enlisted personnel and by race and era of service. The average impact of active-duty service on civilian earnings is 3 percent among the reservist population, but this average reflects treatment effects of essentially zero for enlisted personnel and 10 percent for officers. Among white enlisted personnel, veteran effects are negative but small. Treatment effects for African-American veterans average about 5 percent. Vietnam-era white draftees are found to have suffered an approximate 5 percent wage penalty and volunteers little penalty, but estimates from the reservist sample are likely to understate negative effects from Vietnamera service.","The authors found that the average impact of active duty service on civilian earnings is 3 percent among the reservist population, but this average reflects treatment effects of essentially zero for enlisted personnel and 10 percent for officers."
"College Education and the Midcentury GI Bills","https://scispace.com/paper/college-education-and-the-midcentury-gi-bills-1ofwdl0vwm","2003","Journal Article","Quarterly Journal of Economics","Marcus M. Stanley","10.1162/003355303321675482","","The midcentury GI bills were the largest direct scholarship program for higher education in American history. I use a comparison group created by the sharp cutoff date of the Korean War GI bill to evaluate the effects of the Korean War GI bill on postsecondary educational attainment and access to college by the disadvantaged. I then bound the likely effects of the World War II GI bill based on elasticities estimated for the Korean War GI bill and new estimates using older veterans as a comparison group for younger ones. I find that the combination of the Korean War and WWII GI bills probably increased total postsecondary attainment among all men born between 1921 and 1933 by about 15 to 20 percent, with smaller effects for surrounding cohorts. The impacts of both programs on college attainment were apparently concentrated among veterans from families in the upper half of the distribution of socioeconomic status.","This paper found that the impacts of the Korean War GI bill on college attainment were concentrated among veterans from families in the upper half of the distribution of socioeconomic status and older veterans as a comparison group for younger ones."
"Evaluating the Impact of the Post-9/11 GI Bill on College Enrollment for Veterans with Service-Connected Disabilities:","https://scispace.com/paper/evaluating-the-impact-of-the-post-9-11-gi-bill-on-college-2z3hcpd2x3","2020","Journal Article","Teachers College Record","Liang Zhang","10.1177/016146812012200305","","Background/ContextThe Post-9/11 GI Bill has provided educational benefits to millions of military service members and veterans since its adoption in August 2009. Recent studies indicate that the bi...","The Post-9/11 GI Bill has provided educational benefits to millions of military service members and veterans since its adoption in August 2009 as discussed by the authors, and recent studies indicate that the bi..."
"Student Veterans’ Outcomes by Higher Education Sector: Evidence from Three Cohorts of the Baccalaureate and Beyond","https://scispace.com/paper/student-veterans-outcomes-by-higher-education-sector-594s435gki","2018","Journal Article","Research in Higher Education","Jennifer L. Steele
Peter Buryk
Geoffrey McGovern","10.1007/S11162-017-9491-X","","We use nationally representative survey data from three cohorts of bachelor’s degree recipients to examine military veterans’ student loan debt at graduation and their employment and earnings 1, 4, and 10 years after graduation, relative to observably similar graduates. We also examine whether the effects of veteran status depend on college sector. Using propensity score weights with covariate adjustment, we find employment and earnings premiums for veterans 1 and 4 years after graduation, and an employment penalty but earnings premium (conditional on employment) 10 years after graduation. We find no clear evidence of a for-profit employment or earnings penalty among bachelor’s degree recipients, including veterans. We do find that veterans are as likely as similar non-veterans to graduate with debt, and that graduating from a for-profit institution yields markedly higher debt amounts, especially for veterans, despite the availability of Montgomery GI Bill benefits for these cohorts.","The authors examined military veterans' student loan debt at graduation and their employment and earnings 1, 4, and 10 years after graduation, relative to observably similar graduates, and found no clear evidence of a for-profit employment or earnings penalty among bachelor's degree recipients, including veterans."
"Does the GI Bill Support Educational Attainment for Veterans with Disabilities? Implications for Current Veterans in Resuming Civilian Life","https://scispace.com/paper/does-the-gi-bill-support-educational-attainment-for-veterans-3itf73oiko7r","","","","Alexa Smith-Osborne","10.15453/0191-5096.3475","","A secondary data analysis of the 2001 National Survey of Veterans (NSV) for 2075 Gulf War-era veterans was conducted to investigate whether the GI Bill (the Servicemen's Readjustment Act of 1944, most recent provisions of which have been entitled the Montgomery GI Bill and the Post 9/11 GI Bill), considered as a social welfare policy, demonstrated protective effects for veterans with disabilities in terms of successful re-entry and sustained enrollment in higher education. Regression analyses to test the mediation effects of use of the GI Bill, use of non-Veterans' Administration (VA)financial aid, and use of VA health services suggested mediation effects; however, post hoc testing did not yield significant results. Analysis of this and an alternative multiple mediator model using bootstrapping strategies for assessing indirect effects suggested that total and non-labor income and social support, not the GI Bill, mediate the effects of disability on educational attainment among this population. Implications for social welfare policies and programs to support this population's access to and success in post-secondary institutions are highlighted.","A secondary data analysis of 2075 Gulf War-era veterans found that the GI Bill did not significantly support educational attainment for veterans with disabilities, contrary to expectations, suggesting alternative factors like income and social support mediate educational outcomes."
"Post-Service Earnings of Veterans: A Survey and Further Research","https://scispace.com/paper/post-service-earnings-of-veterans-a-survey-and-further-ed5lnyr2zg","1991","","","Carolyn J. Miller","","",": This thesis analyzes the post-service labor market experience of military veterans. First, an exhaustive survey of the literature on the post- service earnings was conducted. Research studies were classified according to survey sample, methodology and empirical findings. Second, an empirical analysis of the effect of veteran status on post-service earnings was performed. A dataset was created using the 1986 Reserve Components Survey. Standard human capital models were estimated to measure the effect of (1) veteran status, (2) formal military training (3) military on-the-job training, and 5 civilian- reserve job similarity. the results indicate a small overall negative return to veteran status. However, results for the individual services varied. A positive return was found for service in the Air Force, Navy and Marine Corps, but a penalty was observed for service in the Army. It appears that black veterans were not hurt by military service. The results for training and transfer variables were positive for the Air Force, Navy and Marine Corps.","In this article, the authors analyzed the post-service labor market experience of military veterans and found that a small overall negative return to veteran status was observed for service in the Air Force, Navy and Marine Corps."
"Evaluating the Labor Market Performance of Veterans Using A Matched Comparison Group Design","https://scispace.com/paper/evaluating-the-labor-market-performance-of-veterans-using-a-y0aud73jv97a","","","","BT Hirsch
SL Mehay","10.2307/1558772","","The effect of active-duty service on civilian earnings is estimated using the Reserve Components Surveys, permitting a matched comparison between reservists who are veterans and reservists without active-duty service. Estimated treatment effects control for selection by the military and individuals, due in part to identical active-duty and reserve entrance requirements. The average impact of active-duty service on civilian earnings is 3 percent among the reservist population, reflecting effects of essentially zero for enlisted personnel and 10 percent for officers. Among white enlisted personnel veteran effects are negative but small, while averaging about 5 percent among African-Americans. Wage penalties resulting from Vietnam-era service are larger for white draftees than volunteers, while African-American draftees and volunteers realized gains.","This study estimates the effect of active-duty service on civilian earnings using a matched comparison group design, finding a 3% average impact, varying by rank and ethnicity, with significant wage penalties for white draftees and gains for African-American draftees and volunteers."
"The impact of military training on veterans' earnings in the private sector: is there complimentarity between military and private training for veterans?","https://scispace.com/paper/the-impact-of-military-training-on-veterans-earnings-in-the-39o7fmjmv4","1994","","","Eric G. McCoy","","https://scispace.com/pdf/the-impact-of-military-training-on-veterans-earnings-in-the-39o7fmjmv4.pdf",": This thesis specified and estimated standard human capital earnings models to investigate the effect of military training on the post-military wages of veterans, and the relative payoff of military training for veterans compared to the payoff of civilian training for nonveterans. In addition, the thesis analyzed the complimentarity between military and post-military private sector training and the effect of military training on private sector wages of veterans when occupation variables are included in the models. The National Longitudinal Survey, Youth cohort, for 1983, was used as the source of data. The results of the thesis indicate that military training increases post-military private sector earnings of Veterans by 0.18 percent per week of training, which exceeds the payoff to civilian training for nonveterans of 0.14 percent per week of training. No complimentarity was found between military and post-service private sector training. When type of occupation is included in the models, the wage effect of military training fell to 0.14 percent per week of training. Overall, the thesis demonstrates that the military has been an important source of training during the all volunteer era that is comparable to that received by nonveterans in the private sector.","The thesis demonstrates that the military has been an important source of training during the all volunteer era that is comparable to that received by nonveterans in the private sector."
"How Did the Post-9/11 GI Bill Affect Vet eran Students’ Undergraduate College Choices? An Application of Propensity Scores in Difference-in-Differences Models","https://scispace.com/paper/how-did-the-post-9-11-gi-bill-affect-vet-eran-students-3dlcyd6w","2022","Journal Article","Harvard Educational Review","Lin Zhang","10.17763/1943-5045-92.1.1","","The Post-9/11 GI Bill represents significant public investment in and commitment to veterans who have served in the armed forces and those who will serve in the future. Recent studies have examined its effect on veterans’ college participation. In this study, Liang Zhang uses data from four waves of the National Postsecondary Student Aid Study between 2004 and 2016 to examine the effect of the Post-9/11 GI Bill on veterans’ college choices. This analysis finds, most notably, that veterans who received federal education benefits attended colleges in more expensive locations after the implementation of the bill. Moreover, a greater proportion of veterans attended private for-profit institutions instead of public institutions. Also, the bill had no significant impact on choices in terms of institution level as measured by four-year versus two-year colleges, Carnegie Classification, or program type (online versus in-person).","Zhang et al. as discussed by the authors used data from four waves of the National Postsecondary Student Aid Study between 2004 and 2016 to examine the effect of the Post-9/11 GI Bill on veterans' college choices."
"Lessons from the Cold War: Military Service and College Education","https://scispace.com/paper/lessons-from-the-cold-war-military-service-and-college-3mmerxpc0x","2005","Journal Article","Sociology Of Education","Alair MacLean","10.1177/003804070507800304","https://www.jstor.org/stable/4148917","Since World War II, the federal government has provided funds to pay for the education of veterans through the GI bill. Yet, these funds were unavailable from 1955 to 1965. This article considers four potentially overlapping hypotheses to describe the effect of military service on veterans' educational attainment in the absence of government funding. Military service may have (1) reproduced civilian status defined by social background, (2) reflected the process of selection on the basis of individual characteristics, (3) changed men's educational trajectories by providing a positive turning point, or (4) disrupted the educational portion of the transition to adulthood. The results indicate that veterans who were drafted were less likely than were nonveterans and veterans who were not drafted to go on to college, which is consistent with the disruption hypothesis, and that military service diverted academically ambitious men from their plans for higher education. Thus, military service disrupted some men's...","In this paper, the effect of military service on veterans' educational attainment in the absence of government funding has been investigated and four potentially overlapping hypotheses to describe the effect: military service may have reproduced civilian status defined by social background, reflected the process of selection on the basis of individual characteristics, changed men's educational trajectories by providing a positive turning point, or disrupted the educational portion of the transition to adulthood."
"Hard lessons: combat deployment and veteran interest in higher education","https://scispace.com/paper/hard-lessons-combat-deployment-and-veteran-interest-in-4ynf32ru74","2016","Journal Article","Applied Economics Letters","Laura E. Armey
Jonathan Lipow","10.1080/13504851.2015.1105918","","Over 2.5 million Americans served in the wars in Afghanistan and Iraq. In this short article, we consider the impact of these experiences on their future welfare. Specifically, we ask if those who served in Afghanistan and Iraq are more or less likely to exploit their GI Bill benefits in order to pursue higher education than service members who did not directly participate in these conflicts. We exploit a comprehensive administrative dataset that the US Armed Forces’ Defense Manpower Data Center (DMDC) provided to us. We find across models that deployment to Afghanistan or Iraq significantly increases the likelihood that veterans will take advantage of their educational benefits, but that exposure to violent combat significantly decreases it.","This article found that deployment to Afghanistan or Iraq significantly increases the likelihood that veterans will take advantage of their educational benefits, but that exposure to violent combat significantly decreases it, and they also found that those who served in Afghanistan and Iraq are more or less likely to exploit their GI Bill benefits in order to pursue higher education than service members who did not directly participate in these conflicts."
"The Role of Education Benefits in Supporting Veterans as They Transition to Civilian Life: Veterans' Issues in Focus","https://scispace.com/paper/the-role-of-education-benefits-in-supporting-veterans-as-19698r7v","2022","Book","","","10.7249/pea1363-4","","Every year, close to 200,000 active-duty service members leave the military and join the community of American veterans. A key part of their compensation and benefits is funding for post-service education. There is evidence that these benefits have a positive impact on veterans' transitions to civilian life and educational attainment, but few studies have looked at who uses them, their transition experiences, or their long-term outcomes. ","This paper found that post-service education benefits have a positive impact on veterans' transitions to civilian life and educational attainment, but few studies have looked at who uses them, their transition experiences, or their long-term outcomes."
"Military Service and the Civilian Labor Force: Time- and Income-Based Evidence","https://scispace.com/paper/military-service-and-the-civilian-labor-force-time-and-1hfhxgxlc3","2016","Journal Article","Armed Forces & Society","Christian Brown
P. Wesley Routon","10.1177/0095327X15625499","","The average American military enlistee is likely to differ from the average civilian in employment ambitions and prospects. Current research on veteran wages, however, only examines the effect of military service on average earnings. We employ quantile regression techniques to estimate the effect of military service for the above- and below-average earnings that veterans may experience. We draw data from two longitudinal surveys, one including veterans who served during 1980–1994 and the other including veterans of the early 21st-century wars in Afghanistan and Iraq. For the 21st-century cohort, we find that military service appears to increase wages at and below the median wage but decrease earnings at the high end of the distribution, although these benefits may take several years after service and entry into the civilian labor market to appear.","The authors found that military service appears to increase wages at and below the median wage but decrease earnings at the high end of the distribution, although these benefits may take several years after service and entry into the civilian labor market to appear."
"An Assessment of Recent Proposals to Improve the Montgomery G.I. Bill","https://scispace.com/paper/an-assessment-of-recent-proposals-to-improve-the-montgomery-17jftbaoi7","2000","Book","","Beth J Asch
C. Christine Fair
M R Kilburn","","https://scispace.com/pdf/an-assessment-of-recent-proposals-to-improve-the-montgomery-17jftbaoi7.pdf",": In recent years, military recruiting has become more difficult while college enrollments have risen dramatically. As more youth pursue college, the military increasingly relies on college benefits to attract recruits. College costs have grown enormously at the same time that youth interest in college has grown. These two trends have called into question whether the military's primary college benefits program, the Montgomery GI Bill, provides a large-enough benefit to enable veterans to meaningfully cover their college costs. In 1999, the Montgomery GI Bill provided a maximum monthly benefit of $528 for up to 36 months to individuals who satisfactorily complete their military service obligation, who participate in an approved educational program, and who agree to contribute $100 per month during their first year of active service.","The Montgomery GI Bill provides a maximum monthly benefit of $528 for up to 36 months to individuals who satisfactorily complete their military service obligation, who participate in an approved educational program, and who agree to contribute $100 per month during their first year of active service as mentioned in this paper."
"Active Duty and Veteran Pathways to Engineering Higher Education","https://scispace.com/paper/active-duty-and-veteran-pathways-to-engineering-higher-q0nwq0npg8","","Proceedings Article","","Robert Rabb,
Alyson Eggleston
Ronald Welch","10.18260/1-2--42560","","The number of veteran enrollments in American colleges and universities is at a level not seen since the Vietnam War era.Most of these veterans use the Post-9/11 GI Bill, an educational assistance plan for eligible veterans, but many more programs are available to veterans and active duty military members.This paper presents an overview of many of these education assistance programs available to this growing population.With no end date for the Post-9/11 GI Bill and the demand for engineering degrees in an increasingly technical job market, large numbers of veterans will continue to enroll in higher education institutions.Likewise, active duty military members will be part of the engineering education landscape to support the current demand for technical expertise in the military.Every student has different needs and challenges, and all still need information and access to resources that will help them succeed and link them to the campus community, so that they feel more fully part of the learning environment and can meet their educational goals.A continuous stream of student veteran and active duty populations requires higher education faculty, advisers, staff, and administrators to both understand their strengths and challenges and to include their funding pathways for an engineering education.Scholarships and grants provide a pathway and can ease the financial burden for many students.Similarly, the educational benefits earned by the veterans and active duty military members provide great opportunities but have limitations and different applications.This paper attempts to highlight some ","This paper explores education assistance programs for veterans and active duty military members, highlighting the Post-9/11 GI Bill and other available options, and discusses the challenges and opportunities for engineering education in higher education institutions."
"Veterans Going to College: Evaluating the Impact of the Post-9/11 GI Bill on College Enrollment","https://scispace.com/paper/veterans-going-to-college-evaluating-the-impact-of-the-post-2fg06mpen3","2017","Journal Article","Educational Evaluation and Policy Analysis","Liang Zhang","10.3102/0162373717724002","","In this study, I used American Community Survey (ACS) 2005–2015 data to examine the enrollment effect of the Post-9/11 GI Bill; the analysis resulted in three main findings: First, although the New...","In this article, the enrollment effect of the post-9/11 GI Bill was examined using the American Community Survey (ACS) 2005-2015 data, and the analysis resulted in three main findings: First, although the New..."
"Unemployment, Earnings and Enrollment among Post 9/11 Veterans","https://scispace.com/paper/unemployment-earnings-and-enrollment-among-post-9-11-17a63hasg3","2012","Journal Article","Social Science Research Network","Meredith Kleykamp","10.2139/SSRN.2066172","","This paper examines three outcomes characterizing different aspects of post 9/11 veterans’ economic reintegration to civilian life: unemployment, earnings, and college enrollment, using Current Population Survey data from 2005 to 2011. Analyses include interactions of veteran status with sex, race/ethnicity, and educational attainment to evaluate whether diverse veterans experience diverse consequences of service. In brief, I find that the basic unemployment differences between veterans and non-veterans often reported in the media understate the effect of military service on unemployment for men, since veterans have other characteristics that are associated with higher employment rates. Female veterans appear to suffer a steeper employment penalty than male veterans, but black veterans appear to suffer less of a penalty than white veterans. But on two other measures, earnings and college enrollment, veterans appear to be doing better than their civilian peers. Veterans with a high school education or less outearn their civilian peers, but veterans with at least some college education appear to lose some or all of the veteran earnings advantage compared to veterans with a high school degree, suggesting the greatest wage returns to military service accrue among the least educated. Veterans with at least a high school education are more likely to be enrolled in college than their civilian peers. Treating veterans as a monolithic block obscures differences in the consequences of military service across diverse groups.","It is found that the basic unemployment differences between veterans and non-veterans often reported in the media understate the effect of military service on unemployment for men, since veterans have other characteristics that are associated with higher employment rates."
"Veterans' Employment and Training: Better Targeting, Coordinating, and Reporting Needed to Enhance Program Effectiveness","https://scispace.com/paper/veterans-employment-and-training-better-targeting-1vkc2mxxz6","2012","","","Andrew Sherrill
Patrick Dibattista
Sheranda Campbell
Maria Gaona
Dana Hopings","","https://scispace.com/pdf/veterans-employment-and-training-better-targeting-1vkc2mxxz6.pdf",": In fiscal year 2011, the federal government spent an estimated $12 billion on six veterans employment and training programs, serving about 880,000 participants Labor administers five of these programs and VA administers one Despite these efforts, the unemployment rate for veterans who have recently separated from the military is higher than that for the civilian population The number of service members transitioning to the civilian workforce is expected to increase In response to a request, this report examines (1) the extent to which federal veterans employment and training programs vary in services they deliver and veterans who receive them; (2) the extent to which federal agencies coordinate programs; and (3) what is known about the performance of these programs To address these objectives, GAO reviewed agency data, policy documents, and relevant federal laws and regulations, reports, and studies, and interviewed federal and regional officials and state officials in six states selected to achieve geographic and demographic diversity In examining coordination, GAO included in its review employment assistance DOD provides to Guard and Reserve members GAO is making four recommendations aimed at improving the guidance provided to staff in the coordination handbook, integrating DOD into the interagency coordination framework, improving agency reporting on achievement of program performance goals, and assessing program effectiveness Labor, VA, and DOD generally agreed with our recommendations","In response to a request, GAO examined the extent to which federal veterans employment and training programs vary in services they deliver and veterans who receive them; and what is known about the performance of these programs as mentioned in this paper."
"The Effect of Military Service on Educational, Occupational, and Income Attainment","https://scispace.com/paper/the-effect-of-military-service-on-educational-occupational-4ebefmflo8","2001","Posted Content","Social Science Research Network","Jay D. Teachman
Vaughn R. A. Call","","","We examine the relationship between military service and educational, occupational and income attainment in three cohorts of young men spanning the period from the late 1960s to the early 1980s. This is a period covering the war in Vietnam, the end of the draft and the beginning of the All-volunteer Force. We consider the effect of military service separately for African-American men and white men and take into account the potential confounding influence of unmeasured self selection into the military. Our results indicate that there is a relationship between military service and subsequent attainment, but it varies according to race and is dependent on historical context.","The authors examined the relationship between military service and educational, occupational and income attainment in three cohorts of young men spanning the period from the late 1960s to the early 1980s, covering the war in Vietnam, the end of the draft and the beginning of the All-volunteer Force."
"""Open the hurt locker and learn"": Veterans Education and the Civil-Military Gap","https://scispace.com/paper/open-the-hurt-locker-and-learn-veterans-education-and-the-aohgs4psfu","2015","","","Lesley McBain","","","Author(s): McBain, Lesley | Advisor(s): Hurtado, Sylvia | Abstract: The passage of the 2008 Post-9/11 GI Bill created the most complex policy iteration of the GI Bill to date. The bill’s payment structure forced closer interactions between the U.S. Department of Veterans Affairs (VA) and higher education institutions, as well as their representative associations. These relations are examined against the larger societal backdrop of a civil-military gap established in a robust literature of military sociology and specific research on civil-military relations. However, higher education researchers have not studied the policy relations between higher education associations and military- and veteran-serving agencies (e.g., the Department of Defense [DoD] and VA). This study’s purpose was to illuminate, using a case study design including both document analysis and interviews with participants from three higher education associations, the worlds of veterans education policy and associations representative of institutions charged with implementation. Narratives, counternarratives, and metanarratives were identified using a transformative research paradigm. Findings indicate that a civil-military gap exists in associations’ interactions with military- and veteran-serving agencies but relationships are dynamic and complicated by organizational cultural divides. The study contributes to the literature on higher education associations, providing evidence regarding the little-researched power and behind-the-scenes influence on national higher education policy. The second contribution is a focus on documenting dimensions of the civil-military gap in veterans education policy. However, results also indicated a dynamic, symbiotic and mutually dependent, and sometimes contentious relationship rather than a single, static gap. Against this constantly changing backdrop, associations attempted to influence the enactment of orderly veterans education policies befitting intended federal goals for student veterans and commonly accepted higher education practices. Yet the civil-military gap also disrupted associations’ capacity to implement veterans education policy including modes of operation among military- and veteran-serving agencies that hinder not only communication and Post-9/11 GI Bill benefit payment processing, but also realistic assessment and research on student veterans’ academic and social needs. The study proposes an action plan for research, policy and practice that higher education associations might use to attempt to bridge the civil-military gap in veterans education policy and enable veterans’ success in higher education.","McBain et al. as discussed by the authors examined the policy relations between higher education associations and military-and veteran-serving agencies (e.g., the Department of Defense [DoD] and VA) and found that a civil-military gap exists in associations' interactions with military- and veteran serving agencies but relationships are dynamic and complicated by organizational cultural divides."
"A Randomized Controlled Trial of an Employment Program for Veterans Transitioning from the Military: Two-Year Outcomes","https://scispace.com/paper/a-randomized-controlled-trial-of-an-employment-program-for-13gbvlfr","2022","Journal Article","","Gary R. Bond
Monirah Al-Abdulmunem
Daniel R. Ressler
Daniel Gade
Robert E. Drake","10.1007/s10488-022-01208-z","https://scispace.com/pdf/a-randomized-controlled-trial-of-an-employment-program-for-13gbvlfr.pdf","Abstract Background Military personnel face numerous challenges transitioning from military jobs to meaningful civilian employment. Many veterans seek help finding employment, but few veteran employment programs have been rigorously studied. Transitioning veterans generally have access to Local Community Resources (LCR), which include the Veterans Health Administration vocational rehabilitation services, the state-federal Vocational Rehabilitation program, and the Department of Labor’s American Job Centers. By contrast, the innovative National Career Coach Program (NCCP) offers intensive career coaching and financial incentives for working. Methods This study used a randomized controlled design to compare the NCCP and LCR approaches for 208 transitioning service members (recent or pending transition). Researchers conducted interviews by telephone every four months for two years. Outcomes included earnings, months worked, and standardized self-report measures of health and well-being. Findings At two-year follow-up, significantly more NCCP participants had worked in paid employment than LCR participants (95% vs. 83%). NCCP participants averaged $2568 in monthly earnings compared to $1865 for LCR participants, thus averaging $16,872 more total income per participant over the two-year period. Employment outcomes significantly improved between Year 1 and Year 2. NCCP participants also reported significantly greater improvements in both physical and mental health compared to LCR participants. Average monthly earnings correlated with changes in health outcomes. Conclusions Veterans receiving multi-faceted employment services early in the transition from the military showed sustained benefit over a two-year period with increased earnings over time and improved mental and physical outcomes. Positive employment outcomes may have contributed to improved health outcomes. ","In this article , the authors used a randomized controlled design to compare the NCCP and Local Community Resources (LCR) approaches for 208 transitioning service members (recent or pending transition)."
"Impact of the Army Continuing Education System (ACES) on Soldier Retention and Performance: Data Analyses","https://scispace.com/paper/impact-of-the-army-continuing-education-system-aces-on-bt0uijin5x","2003","","","Paul J. Sticha
Timothy A. Dall
Kristina Handy
Javier Espinosa
Paul F. Hogan","","https://scispace.com/pdf/impact-of-the-army-continuing-education-system-aces-on-bt0uijin5x.pdf",": This evaluation of the Army Continuing Education System (ACES) considered the following programs: (a) Tuition Assistance (TA); (b) Functional Academic Skills Training (FAST; (c) Military Occupational Specialty Improvement Training (MOSIT); (d) Noncommissioned Officer (NCO) Leader Skill Enhancement Courses; and (e) the Armed Forces Classification Test (AFCT). The assessment of the effectiveness of these programs is based on their ability to enhance soldier performance and increase the prospects of promotion, as well as to reduce attrition and increase reenlistment. The evaluation data came from a longitudinal administrative database that tracked a three-year accession cohort over a six-year period and an NCO database including self-reported participation in ACES programs, promotion information, and observed performance ratings. The analysis was designed to separate effects of participant characteristics from the effects of the program, and to control for differences in the opportunity and propensity to participate in ACES. Participation in TA and FAST were associated with an increase in the probability of first term reenlistment FAST participation was also associated with lower first-term attrition. Participation in several ACES programs showed positive effects on measures of performance and promotion potential.","In this paper, an evaluation of the Army Continuing Education System (ACES) considered the following programs: (a) Tuition Assistance (TA); (b) Functional Academic Skills Training (FAST); (c) Military Occupational Specialty Improvement Training (MOSIT); (d) Noncommissioned Officer (NCO) Leader Skill Enhancement Courses; and (e) the Armed Forces Classification Test (AFCT)."
"Analysis of the Post-9/11 GI Bill Benefits","https://scispace.com/paper/analysis-of-the-post-9-11-gi-bill-benefits-54zvbemsjd","2009","","","J. Moskowitz","","https://scispace.com/pdf/analysis-of-the-post-9-11-gi-bill-benefits-54zvbemsjd.pdf","increased the educational benefits for all servicemembers who had served more than 90 days on active duty since September 11, 2001. The previous educational benefit level was defined by the Montgomery GI Bill (MGI Bill). CNA was asked to study the impact of these increased benefits on retention and benefit use. We investigated the retention and benefit use behavior of Sailors who had previously enlisted and received the Navy College Fund (NCF). The NCF also offered educational benefits that were significantly higher—roughly 50 percent higher—than what could be obtained through the MGIB. Although the Post-9/11 GI Bill offers benefits that vary by location, it is likely to offer increases that are roughly comparable in magnitude. We focused on 1995-2001NCF accessions since these Sailors had completed their initial enlistments. We estimated models at the individual level of the probability that Sailors would reenlist, and the probability that they would use benefits if they left the Navy. These models enabled us to estimate the separate effects of specific Sailor characteristics, including whether they had received the NCF when they enlisted. In addition to historical data on Sailors who had received the NCF, we obtained a Department of Defense survey of over 9,000 enlisted and officers that provided information on their intentions to use the Post-9/11 GI Bill and the potential impact of an option to transfer the benefits to either their spouses or children in return for reenlisting. Findings We found that the NCF caused a statistically significant decrease in the retention of Sailors, but by a small amount—less than 1 percentage 2 point. While the Post-9/11 GI Bill could have a slightly larger effect due to benefit levels that were about 30 percent larger, its negative effect on retention is well within the range of variation that the Navy typically manages each year. Also, we found that the selective reenlistment bonus (SRB) has a strong and positive effect on reenlistment rates, and would be able to address any specific retention problems. Our model showed that the NCF had a strong and positive effect on benefit use. Sailors who received the NCF were projected to start using their benefits at about a 13-percent higher rate than MGIB-eligible Sailors within 6 years of separation. We anticipate that the Post-9/11 GI Bill Sailors who do separate will have even higher benefit use rates. The Defense Manpower Data Center survey provided insight into the potential …","In this paper, the authors investigated the impact of the post-9/11 GI Bill on retention and benefit use behavior of Sailors who had previously enlisted and received the Navy College Fund (NCF)."
"Effectiveness of Voluntary Education in Operational Environments: An Analysis of the Navy College Program for Afloat College Education (NCPACE)","https://scispace.com/paper/effectiveness-of-voluntary-education-in-operational-tlqjjnt7t2","2011","","","Seryoung C. Park","","https://calhoun.nps.edu/bitstream/10945/5801/1/11Mar_Park.pdf",": The Navy College Program for Afloat College Education (NCPACE) is one of the main components of the United States Navy's Voluntary Education (VOLED) program, offering college courses and remedial academic skill modules to sailors on sea duty or stationed in remote locations. This thesis predicts the likelihood of NCPACE course completion by course and individual participant characteristics using a logistic regression model. We found that participants who take distance learning-based and mathematics courses have lower predicted odds of succeeding, while participants with higher Armed Forces Qualification Test (AFQT) scores and levels of education have higher predicted odds of succeeding. Some variation was noticed between unit vessel types and school. This thesis also evaluates the likelihood of attempting and successfully completing a subsequent course conditional on the outcome of the first course. Successful completion of the first course is positively associated with an enrollment in a subsequent course in addition to the successfully completion of that course. Lastly, this thesis examines promotion, extension and reenlistment outcomes for first-term NCPACE participants with 48-month contracts. We found that those who successfully completed at least one course are predicted to be more likely to promote to E5 and are predicted to be slightly less likely to reenlist in the Navy.","In this article, a logistic regression model was used to predict the likelihood of completing a course in the United States Navy's program for Afloat College Education (NCPACE)."
"Support of Veterans in STEM Degree Programs to Promote a Diverse and Skilled Workforce","https://scispace.com/paper/support-of-veterans-in-stem-degree-programs-to-promote-a-41fwinzwvu","2023","Journal Article","The Journal of Continuing Higher Education","Peter Morris
Kylie J. Swanson
Kimberly Mastropietro
Lisa M. Hines","10.1080/07377363.2023.2253610","","More Americans are needed in STEM (Science, Technology, Engineering, Math) careers to advance the nation’s competitiveness in the global economy. Given the extensive training of military service members, this population is well-poised to transition into STEM careers. While many veterans pursue STEM degrees, they often face hardships that impact their ability to attain STEM credentials. The goal of this mixed methods study was to identify factors that contributed to attaining a STEM degree among students in the Military STEM Scholarship Program (MSSP), a grant-funded program implemented at a university in the United States to assist veterans pursuing STEM degrees. By targeting veterans, this program supported a highly diverse group of students. Based on surveys, focus groups, and interviews, the participants credited their academic and professional success to activities promoted by the MSSP program, such as peer interaction, faculty mentorship, utilization of student support services, and internships. As a result, 80% of MSSP participants obtained a STEM degree, approximately 24 percentage points higher than the institution’s average six-year graduation rate for all students. Through these findings, a model is offered for institutions to better serve a growing student veteran population. ","The MSSP program effectively supports veterans in attaining STEM degrees, leading to a diverse and skilled workforce."
"Will Military Reductions Create Shortages of Trained Personnel and Harm the Career Prospects of American Youth? EQW Working Papers WP26.","https://scispace.com/paper/will-military-reductions-create-shortages-of-trained-54p7wbgo1v","1994","","","Stephen R. Barley","","https://scispace.com/pdf/will-military-reductions-create-shortages-of-trained-54p7wbgo1v.pdf","Although returns to military service may have been positive prior to Vietnam, since Vietnam the average veteran has neither benefited nor suffered economically from military service. Educational attainment is the primary reason veterans have earned more than nonveterans. Because the population as a whole has become more educated, military service does not seem to carry much of an economic advantage for the average veteran. This generalization must be tempered for three groups of veterans. The military functions as a highly effective jobs and scholarship program for minorities. Evidence consistently shows veterans with less than a high school degree do better than dropouts who do not enlise. Veterans trained in technical specialties comprise a third group that-benefits from military service because their skills transfer readily to the civilian econsmy. Military reductions may exacerbate shortages of trained technicians and craftspersons. 'olicy makers should consider placing the burden of reductions in force on nontechnical occupational specialties. Since the military functions effectively as a jobs and scholarship program for minorities and the poor, another policy issue is how to ensure educational benefits to those who would be unable to acquire further education with military service. In addition, policies ought to be fashioned to create alternative forms of employment. (Appendixes include 4 ndnotes and 32 references.) (YLB) *********************************************************************** * Reproductions supplied by EDRS are the best that can be made * * from the original document. * ***********************************************************************","In this paper, the authors pointed out that although returns to military service may have been positive prior to Vietnam, since Vietnam the average veteran has neither benefited nor suffered economically from military service."
"Veteran Employment: Lessons from the 100,000 Jobs Mission","https://scispace.com/paper/veteran-employment-lessons-from-the-100-000-jobs-mission-50lrtd4j4f","2014","Book","","Kimberly Curry Hall
Margaret C. Harrell
Barbara Bicksler
Robert Stewart
Michael P. Fisher","","https://scispace.com/pdf/veteran-employment-lessons-from-the-100-000-jobs-mission-50lrtd4j4f.pdf","Eleven companies cofounded the 100,000 Jobs Mission in 2011 to promote veteran employment. The coalition has grown to more than 175 member companies, representing almost every U.S. industry. These companies have hired more than 190,000 veterans as of September 2014, already far exceeding the original goal. RAND interviewed member companies to capture lessons and experiences and to identify further improvements to veteran employment opportunities.","The 100,000 Jobs Mission (100K Jobs Mission) as discussed by the authors was founded to promote the employment of veterans in the U.S. The coalition has grown to more than 175 member companies, representing almost every U. S. industry and employing more than 190,000 veterans."
"Veteran Employment: Lessons from the 100,000 Jobs Mission","https://scispace.com/paper/veteran-employment-lessons-from-the-100000-jobs-mission-5fi5aus8ebr7","","","","Kimberly Curry Hall
Margaret Harrell
Barbara Bicksler
Robert Stewart
Michael Fisher","10.7249/rr836","","Eleven companies cofounded the 100,000 Jobs Mission in 2011 to promote veteran employment. The coalition has grown to more than 175 member companies, representing almost every U.S. industry. These companies have hired more than 190,000 veterans as of September 2014, already far exceeding the original goal. RAND interviewed member companies to capture lessons and experiences and to identify further improvements to veteran employment opportunities.","The 100,000 Jobs Mission, a coalition of 175+ US companies, has hired over 190,000 veterans by 2014, exceeding its goal, and RAND research identifies lessons and areas for improvement in promoting veteran employment opportunities across various industries."
"Long-Term Returns to Vocational Training: Evidence from Military Sources.","https://scispace.com/paper/long-term-returns-to-vocational-training-evidence-from-1nceuk038q","1980","Journal Article","Journal of Human Resources","John Eric Fredland
Roger D. Little","10.2307/145346","https://www.jstor.org/stable/145346","Although several studies have examined the effects of vocational training on earnings, little empirical attention has been devoted to long-run returns. This paper reports on an investigation of returns to a sample, drawn from the NLS data, of mid-career white male workers who received military vocational training in World War II and immediately thereafter. In contrast to the largely ambiguous regressions from short-run studies, the cross-section earnings regressions reported here strongly suggest that those who use their vocational training receive long-term premiums. Those who took training but report not using it appear to earn no premiums, indicating that the training effects are job-specific.","The authors investigated the effects of military vocational training on earnings and found that those who used their vocational training received long-term premiums, while those who did not took training but report not using it appeared to earn no premiums, indicating that the training effects are job specific."
"Understanding the Cost and Quality of Military-Related Education Benefit Programs","https://scispace.com/paper/understanding-the-cost-and-quality-of-military-related-4cdjpc19w9","2013","","","Paco Martorell
Peter Bergman","","https://scispace.com/pdf/understanding-the-cost-and-quality-of-military-related-4cdjpc19w9.pdf",": Since the passage of the original GI Bill following World War II (Serviceman's Readjustment Act, 1944), the military has provided veterans with a collection of financial aid benefits designed to help them attend college. While research has shown that these programs have helped many veterans acquire a college education, less is known about the impact of more recent educational benefits for veterans. This is especially true of the Post-9/11 GI Bill, which, in conjunction with a number of other assistance programs, has afforded veterans new educational opportunities. The Post-9/11 GI Bill offers tuition subsidies paid directly to institutions, a housing allowance tied to the cost of living, and a book stipend, which in combination are usually more generous than preceding GI Bills. However, issues such as rising tuition costs; an increasing presence of low-quality, for-profit institutions that target veterans; and a potentially confusing array of benefit options could mitigate the impact of these programs on the recruitment, retention, and human capital development of service members. This report contextualizes these issues and formulates a research agenda to address them. Specifically, the report addresses the following research questions: (1) What are the key features of the military-related education benefit programs, including changes to these programs and historical utilization patterns of some of the key programs?; (2) What has prior research found about the impacts of these programs?; (3) What are the primary challenges policymakers face for improving the evaluation, implementation, and efficiency of the benefit programs?; and (4) How can future research help overcome the challenges policymakers face?","The impact of more recent educational benefits for veterans on the recruitment, retention, and human capital development of service members has been studied in this article, where the authors contextualize these issues and formulates a research agenda to address them."
"An empirical assessment of the wage premium for American veterans of World War II","https://scispace.com/paper/an-empirical-assessment-of-the-wage-premium-for-american-63qst8kkaq","2017","Journal Article","Social Science Journal","Paul E. Gabriel","10.1016/J.SOSCIJ.2017.03.006","","This paper examines U.S. census data from 1960 to 1980 to assess the relative wages of WWII veteran and non-veteran men. Our analysis reveals that a significant portion wage gap between veterans and non-veterans (the “veteran wage premium”) is due primarily to differences in education, work experience and other socioeconomic characteristics. Our findings are consistent with the notion that greater human capital, due perhaps to the selection process for military service, or to the post-war benefits provided by the GI Bill, helped contribute to the remarkable post-war labor market success of American veterans. To a lesser extent, veterans may also have benefited from preferential labor market treatment, or from intangible aspects of military experience that enhanced their returns to earnings-related characteristics.","This article examined U.S. census data from 1960 to 1980 to assess the relative wages of WWII veteran and non-veteran men and found that a significant portion of the wage gap between veterans and nonveterans is due to differences in education, work experience and other socioeconomic characteristics."
"Improving the Labor Market Outcomes of US Veterans: The Long-Run Effect of the Transition Assistance Program","https://scispace.com/paper/improving-the-labor-market-outcomes-of-us-veterans-the-long-3iankw8j1z","2020","Journal Article","Defence and Peace Economics","Xiaoxue Li","10.1080/10242694.2018.1532229","","The success of military recruiting depends largely on the potential consequences of military services. This study examines how military service affects labor market outcomes of veterans. Specifical...","In this paper, the authors examined how military service affects labor market outcomes of veterans and found that the success of military recruiting depends largely on the potential consequences of military services, and that military service impacts the labor market."
"Three Essays on Public Economics and Policy","https://scispace.com/paper/three-essays-on-public-economics-and-policy-3bja4c1vyp","2015","","","Xiaoxue Li","","https://surface.syr.edu/cgi/viewcontent.cgi?article=1221&context=etd","This dissertation studies the effects of public programs that target at disadvantaged population. In particular, I examine the effects of these programs on individual well-being and whether these programs lead to behavior distortions. The dissertation consists of three essays that focus on different policy contexts and different populations. In the first essay, I examine the effects of an active labor market program on the labor market outcomes of veterans. In the 1990s, the US Department of Defense implemented the Transition Assistance Program (TAP) to help military personnel transition to the civilian labor market. The program provides career counseling, employment workshops, and information briefing on educational and medical benefits through the Department of Veterans Affairs. The goal of this study is to measure the long-run effects of TAP on the labor market outcomes of veterans. To identify these effects, I exploit variation in program accessibility generated by its initial rollout process. Using data from the veterans supplement to the Current Population Survey, survey years 2001, 2003 and 2005, I find that TAP improves the labor market outcomes of veterans, measured approximately ten years after their separation from the military. The effects of TAP on labor market outcomes vary across veterans with different lengths of military experience, and these effects attenuate over time. One possible mechanism is that TAP encourages use of the GI Bill, a program that provides tuition reimbursement and a monthly allowance to attend institutions of higher education. Moreover, the effect of TAP is concentrated among participants who, based on self-reports, find TAP most helpful in career related services. In the second essay, I examine linkages between Medicaid availability, insurance coverage for pregnant women, use of prenatal care and the health outcomes of newborns. Medicaid coverage for pregnant women would potentially improve health outcomes of newborns by providing medical services at no cost. At the same time, Medicaid provides an incentive for eligible individuals to drop private insurance coverage. I exploit variation from two federal Medicaid expansions in mid-1980s, which eliminated the eligibility discontinuity across age groups. The main data come from the National Hospital Discharge Survey and the Vital Statistics Birth Records. I employ a difference-in-differences method. Findings suggest that the expansions led to a relative increase in Medicaid coverage for women from the immediately affected age group by a significant 6.5 percentage points. However, up to 60% of new beneficiaries would have been covered by private insurance, absent of the expansions. Findings do not reveal significant improvement in birth outcomes, or increase in prenatal care utilization. In the third essay, I examine the effect of Medicaid on the asset holding behavior of the elderly. Medicaid provides coverage for nursing home care to elderly with limited resources. The eligibility rule potentially creates an incentive for the elderly to reduce their asset by making transfers to children. This study provides empirical evidence for the effect of Medicaid nursing home care policy on elderly's asset allocation. I exploit a policy change in 2006, the Deficit Reduction Act 2005, which imposed stricter penalty to asset transfer behavior when determining Medicaid eligibility. Using data from the Health and Retirement Survey, I employ a differencein-differences method. I find that the elderly who anticipated nursing home entry significantly reduced asset transfer behavior by 3.2 to 4 percentage points, in response to the policy change. The result is robust across demographic groups and more pronounced for the elderly with the highest nursing home entry risk. The findings provide evidence of moral hazard in the public insurance market: the elderly would game with the system in anticipation of nursing home needs. THREE ESSAYS ON PUBLIC ECONOMICS AND POLICY","The authors examined the long-run effects of TAP on the labor market outcomes of veterans, measured approximately ten years after their separation from the military using data from the National Hospital Discharge Survey and the Vital Statistics Birth Records."
"Long-Term Economic Consequences of Vietnam-Era Conscription: Schooling, Experience and Earnings","https://scispace.com/paper/long-term-economic-consequences-of-vietnam-era-conscription-2fjxncs2ci","2008","Posted Content","Social Science Research Network","Joshua D. Angrist
Joshua D. Angrist
Joshua D. Angrist
Stacey H. Chen","10.1111/J.0042-7092.2007.00700.X","https://scispace.com/pdf/long-term-economic-consequences-of-vietnam-era-conscription-2fjxncs2ci.pdf","Military service reduces civilian labor market experience but subsidizes higher education through the GI Bill Both of these channels are likely to affect civilian earnings New estimates of the effects of military service using Vietnam-era draft-lottery instruments show post-service earnings effects close to zero in 2000, in contrast with earlier results showing substantial earnings losses for white Vietnam veterans in the 1970s and 1980s The recent estimates also point to a marked increase in post-secondary schooling that appears to be attributable to the Vietnam-era GI Bill Seen through the lens of a Mincer wage equation, the wage effects observed in 2000 data can be explained by a flattening of the experience profile in middle age and a modest return to the additional schooling funded by the GI Bill In particular, IV estimates of the returns to GI Bill-funded schooling are well below OLS estimates Wage equations that allow for nonlinearities in the returns to schooling and a possible negative effect of military service on health, leave the main findings unchanged","The authors showed that the effects of military service using Vietnam-era draft lottery instruments showed post-service earnings effects close to zero in 2000, in contrast with earlier results showing substantial earnings losses for white Vietnam veterans in the 1970s and 1980s."
"Voluntary Education of Enlisted Service Members: An Analysis of Program Effects on Retention and Other Outcome Measures","https://scispace.com/paper/voluntary-education-of-enlisted-service-members-an-analysis-2cmgcn82gv","2007","","","Douglas L. Barnard
Elizabeth F. Zardeskas","","",": This thesis analyzes the Navy's Tuition Assistance (TA) program. The thesis focuses on the effect of participation in TA on reenlistment and promotion outcomes for enlisted personnel. The statistical analysis is performed using data from: (1) Defense Manpower Data Center enlisted personnel files for cohorts Fiscal Years (FY) 1991-2001; (2) Military Entrance Processing Command accession information on those same cohorts; (3) and TA usage data from FY95-FY01 from the Navy Center for Personal and Professional Development. The analysis finds that sailors who use TA have a higher probability of reenlistment and promotion than those who do not. The successful completion of at least one college course results in even higher probabilities of reenlistment and promotion. These findings confirm the positive relationship between investment in human capital and reenlistment (i.e., retention) found in two previous military and one civilian study. The thesis recommends that future research on this topic include data sufficient to adjust for potential selection bias in the statistical estimates.","In this article, the authors analyzed the effect of participation in TA on reenlistment and promotion outcomes for enlisted personnel and found that sailors who use TA have a higher probability of re-enlistments and promotions than those who do not."
"Recruiting Bonus, Retention Onus: The GI Bill","https://scispace.com/paper/recruiting-bonus-retention-onus-the-gi-bill-2fa993jpvi","2004","Journal Article","Military review","John B. White","","","ONE OF THE BEST and most enduring pieces of legislation that emerged from World War II has been the Servicemen's Readjustment Act of 1944, better known as the GI Bill. Signed into law on 22 June 1944, the Bill has profoundly affected American society in the nearly 60 years that it has been in effect. Over 21 million veterans have received educational benefits and more than 14 million have purchased homes with the Bill's home-loan guarantee program. (1) In spite of the Bill's widespread acceptance, many believe it has outlived its usefulness. In 1945, the Bill was the largest source of funding for education and training. Today, there are hundreds of scholarships, grants, work-study programs, and government loans to help finance students' educational needs. Still, the Bill's educational benefits are a major inducement for enlistments. However, too many service members leave the military at the end of their initial enlistment to take advantage of the benefits. Valuable training and readiness, in dollars and personnel, are lost. As early as 1942, attention was given to what effect returning servicemen would have on America's economy. Massive unemployment and economic depression, exceeding the levels of the Great Depression of 1929, were expected to follow the end of the war. (2) The economic expansion that ended the Great Depression was stimulated by large increases in government expenditures, specifically, the defense-related expenditures of World War II. New Deal expenditures during the 1930s were too low to have any real effect on the economy. Postwar economic expectations were not optimistic. With government spending reduced to peacetime levels, the economy was expected to shrink and return the country to a depression. The addition of millions of servicemen to the labor force was expected to generate unprecedented levels of unemployment, and memories of the ""Bonus Marchers"" of 1932--veterans of World War I who demonstrated for their promised compensation--were still vivid memories. (3) Some mechanism was needed to ease the transition from complete wartime mobilization to a peacetime economy. Policymakers failed to foresee a major source of spending that should have mollified their fears. Wartime rationing had generated latent customer demand and created high levels of household savings. The return to a peacetime economy would unleash this demand, sparking an unprecedented economic expansion. In the 5 years following the war, consumer spending increased over 10 percent per year. (4) The Bill, which offered servicemen an opportunity for education and training, kept the returning servicemen from entering the labor force in mass. In 1945, the Veterans Administration paid up to $500 per year for tuition, and $50 per month for living expenses for veterans who served at least 90 days and had not received dishonorable discharges. Over 50 percent of eligible veterans took advantage of this opportunity. (5) In 1947, returning veterans accounted for 49 percent of the students attending college. (6) Educational benefits increased over time, which also increased living costs and tuition rates. Korean war and Vietnam war veterans' benefits increased with inflation. Nearly 44 percent of Korean war veterans and 67 percent of Vietnam war veterans participated in the Bill. (7) Mission Changes The transition to an all-volunteer force in 1973 brought change to the U.S. military manning structure. The shift to an all-volunteer force also marked a change in the purpose and philosophy of the Bill's benefits. The original benefits were a tribute and thanks for disrupting a civilian's life for several years. (8) Justification for the Bill's home-loan guarantee came about because veterans, serving their country overseas, had not been able to establish acceptable credit histories. Also, soldiers were paid considerably less than market wages, and their service was mandatory. …","The GI Bill as mentioned in this paper was the largest source of funding for education and training for returning servicemen and was signed into law on 22 June 1944, and has profoundly affected American society in the nearly 60 years that it has been in effect."
"Weighing the military option: the effects of wartime conditions on investments in human capital","https://scispace.com/paper/weighing-the-military-option-the-effects-of-wartime-58yrw7jmng","2019","Journal Article","Economic Inquiry","Brian Duncan
Hani Mansour
Bryson M. Rintala","10.1111/ECIN.12729","https://scispace.com/pdf/weighing-the-military-option-the-effects-of-wartime-58yrw7jmng.pdf","Military service is an important vehicle through which young Americans invest in their human capital. Using internal military data, we show that county-level exposure to U.S. combat casualties during the Iraq and Afghanistan wars decreased the supply of new soldiers in that county, and changed the observable characteristics of soldiers who enlisted in that county. Using data from the American Community Survey, we find that exposure to casualties at a young age (17-18) increases the probability of dropping out from high school, and decreases the probability of attaining a college degree. The results suggest that increasing access to higher education and skill training positively impacts the human capital investments of marginal students.","The authors found that exposure to casualties at a young age (17-18) increases the probability of dropping out from high school, and decreases the probability attaining a college degree, and that increasing access to higher education and skill training positively impacts the human capital investments of marginal students."
"U.S. Veteran Labor Market Trends","https://scispace.com/paper/u-s-veteran-labor-market-trends-4bboi7y0js","2023","Book Chapter","","","10.7249/iga1363-3","","Veterans, regardless of race/ethnicity, have lower unemployment rates than nonveterans and are more likely to work in the public sector. The top industries for veteran employment are public administration and manufacturing. ","U.S. veterans have lower unemployment rates than nonveterans and are more likely to work in the public sector and manufacturing."
"Educational benefits and military service: an analysis of enlistment, reenlistment, and veterans' benefit usage 1991–2005","https://scispace.com/paper/educational-benefits-and-military-service-an-analysis-of-4768dzxwml","2010","Journal Article","Economic Inquiry","Curtis J. Simon
Sebastian Negrusa
John T. Warner","10.1111/J.1465-7295.2009.00233.X","","I. INTRODUCTION Educational benefits for military veterans have become a prime recruiting tool in the All-Volunteer military force (AVF). The primary education benefit for most of the AVF era has been the Montgomery GI Bill (MGIB). This version of the GI Bill began in July 1985 and bears the name of its sponsor, Alabama representative Sonny Montgomery. Under this program, eligible veterans who enroll in an education program approved by the Veterans Administration are eligible to receive up to 36 mo of benefits if they begin usage within 10 yr of separating from service. Veterans are only eligible for MGIB benefits if they contribute $100 per month during their first year of service. (1) From time to time, three of the four military branches have supplemented the basic MGIB benefit with College Fund (CF) benefits. Research has indicated that educational benefits do in fact attract enlistments of ""high-quality"" youth, defined by the military services to be youth who possess a high school degree and who score above the youth population average of 50 on the Armed Forces Qualification Test (AFQT). (2) Although educational benefits attract more highly qualified youth into the military, those benefits may be costly for at least two reasons. First, such youth may be more likely to separate from the military to use their benefits, thus requiring higher rates of recruitment of new enlistees to maintain the size and quality of the force. Second, higher benefits may increase the tendency of youth who separate from the military to use those benefits as well as increase the duration of usage. Of course, this would not be surprising; a growing body of research finds that college tuition subsidies raise college attendance. Interest in the potential behavioral effects of military educational benefits was recently heightened by a vigorous debate in Congress over veterans' benefits. This debate culminated in the Post-9/11 Veterans Education Assistance Act of 2008, which was passed in July 2008, becoming effective on August 1, 2009. The act provides future veterans with substantially higher educational benefits than those available through the MGIB. This paper analyzes how GI Bill benefits affect military retention and veterans' benefit usage. The analysis is useful for two reasons. First, as our review of the literature below indicates, existing studies of the retention and usage effects of military education benefits are now quite dated. Second, prior studies have all ignored issues relating to selection; as a result the estimates of retention and usage effects found in them cannot be cleanly interpreted as pure incentive effects arising from benefit changes. Our analysis accounts for the possibility that higher veterans' education benefits may attract youth who are more likely to separate and use those benefits, conditional on their observables. Over the period of our analysis, the nominal value of GI Bill benefits were set legislatively and changed unpredictably. We use the unpredictable evolution of the value of veterans' education benefits over our data period to disentangle selection effects and incentive effects of benefit changes on retention and benefit usage. Our analysis makes use of administrative data that span the period 1988-2005 and contains annual information on every individual who entered active military service from the time of entry to the time of separation or, if still in service, until the end of fiscal year (FY) 2004. As shown below, this was a period during which the real value of military educational benefits fluctuated considerably. For those who separated, details of educational benefit usage were available to us as of June 2005. If educational benefits do affect the retention behavior of military personnel or the educational decisions of military veterans, their effects should be apparent in data over this period. To highlight our key findings, we estimate that a $10,000 increase in MGIB benefits would increase the fraction of Army veterans who use them within 2 yr of separation by 5-8 percentage points. …","In this article, the authors analyzed the effect of the value of the Montgomery GI Bill (MGIB) benefits on the retention and usage of military veterans and concluded that a $10,000 increase in MGIB benefits would increase the fraction of Army veterans who use them within 2 years of separation by 5-8 percentage points."
"Veteran Status, Income, and Intergenerational Mobility Across Three Cohorts of American Men","https://scispace.com/paper/veteran-status-income-and-intergenerational-mobility-across-ufndjwbu0q","2018","Journal Article","Population Research and Policy Review","Amy Kate Bailey
Bryan L. Sykes","10.1007/S11113-018-9477-1","","Existing research linking prior military employment with labor market outcomes has focused on comparing the relative income of veterans and nonveterans. However, people who join the armed forces are uniquely selected from the broader population, and the form and direction of selectivity has shifted over time, with differential enlistment rates by race, region, and socioeconomic status. Understanding changes in the demographic composition of enlistees and veterans has significant import for the study of social mobility, particularly given changes in the occupational structure since the mid-twentieth century and wage stagnation well into the new millennium. Furthermore, labor market polarization and increases in educational attainment since WWII raise additional concerns about the social origins of military personnel and their occupational trajectories after discharge. Using data from the National Longitudinal Surveys, we investigate how social background is linked to both income and occupational mobility among veterans from three cohorts of American men: World War II, Vietnam, and the All-Volunteer Force. We find few benefits for veterans, for either income or intergenerational occupational mobility, once social background is controlled, suggesting that selection into the armed forces largely governs outcomes in the civilian labor market. Our findings have significant importance for understanding civilian labor market outcomes and trajectories of social mobility during distinct phases of military staffing.","In this paper, the authors investigate how social background is linked to both income and occupational mobility among veterans from three cohorts of American men: World War II, Vietnam, and the All-Volunteer Force."
"Fighting for Education: Veterans and Financial Aid","https://scispace.com/paper/fighting-for-education-veterans-and-financial-aid-2szwzcfit0","2014","","","Andrew Barr","","https://scispace.com/pdf/fighting-for-education-veterans-and-financial-aid-2szwzcfit0.pdf","The Post-9/11 GI Bill brought about the largest expansion in veteran education benets since the end of World War II, roughly doubling the average benet level. I leverage large changes in nancial aid generated by the benet expansion, including geographic variation in","This paper leveraged large changes in nancial aid generated by the benet expansion, including geographic variation in the distribution of veterans' education benets, to study the effect of the GI Bill on education benet levels."
"Long-Term Economic Consequences of Vietnam-Era Conscription: Schooling, Experience and Earnings","https://scispace.com/paper/long-term-economic-consequences-of-vietnam-era-conscription-33pw772b0w","2009","Posted Content","Research Papers in Economics","Joshua D. Angrist
Stacey H. Chen","","","Military service reduces the civilian work experience of veterans but subsidizes their college attendance through the GI Bill. Estimates of veteran effects using the Vietnam-era draft-lottery show a post-service earnings impact close to zero in 2000, coupled with a marked increase in college attendance. Viewed through the lens of a Minser wage equation, these results are explained by a flattening of the experimence profile in middle age and a modest return to GI Bill schooling. Consistent with Roy-type selection into college for veterans, IV estimates of the returns to GI Bill-funded schooling are well below OLS estimates. These results are unchanged in more general models that allow for nonlinear returns to schooling and possible effects of military service on health.","The authors found that after the Vietnam-era draft lottery, a flattening of the experimence profile in middle age and a modest return to GI Bill schooling was associated with a marked increase in college attendance."
"For-Profit Colleges and the GI Bill: A Worthwhile Investment?","https://scispace.com/paper/for-profit-colleges-and-the-gi-bill-a-worthwhile-investment-4h7fy5kkvp","2012","","","F. D. Raab","","https://scispace.com/pdf/for-profit-colleges-and-the-gi-bill-a-worthwhile-investment-4h7fy5kkvp.pdf",": The proliferation of for-profit colleges and questions about their recruiting tactics and program quality has caused concern among educators and legislators for quite some time. This issue also has been a concern within military and veterans communities because of the number of servicemembers and veterans who choose to use their tuition assistance or GI Bill benefits at for-profit colleges. The enactment of the Post 9/11 GI Bill has made this a more urgent problem for two reasons. First, a larger number of servicemembers and veterans are using these benefits at for-profit colleges. Second, as for-profit colleges seek to stay within the mandates of the 90/10 rule, which requires that they receive at least 10 percent of their revenue from non-federal funding sources, they are aggressively targeting servicemembers and veterans eligible for GI Bill benefits because those benefits do not count as federal benefits for purposes of the 90/10 calculation.","The proliferation of for-profit colleges and questions about their recruiting tactics and program quality has caused concern among educators and legislators for quite some time as mentioned in this paper, and this issue also has been a concern within military and veterans communities because of the number of servicemembers and veterans who choose to use their tuition assistance or GI Bill benefits at forprofit colleges."
"Air Force Military Tuition Assistance: A Historical Analysis","https://scispace.com/paper/air-force-military-tuition-assistance-a-historical-analysis-1xi9qq0it0","2012","Report","","Catherine E McGowan","10.21236/AD1018603","",": Historically, the purpose and intent of Air Force (AF) military tuition assistance (Mil TA), has reflected the environmental context and has adjusted to meet AF needs accordingly Congressional interest combined with the current environment of prolonged conflict and economic crisis requires a re-evaluation and subsequent update to AF Mil TA policy A historical examination of AF Mil TA intent and policy within their wartime, economic, and cultural contexts demonstrated that Mil TA has most often been tied to AF requirements; however, this emphasis has decreased over time with recruiting, retention, and Airmen freedom of choice becoming prominent In addition, program costs have risen exponentially, not only with increasing tuition rates, but also with changes in legislation Lastly, the GI Bill has also focused on recruiting and retention, thereby providing duplicate efforts between the Services and the Veterans Administration Recommendations to reduce tuition assistance reimbursement percentages and return to requirements driven Mil TA program may help control costs, while ensuring quality education for Airmen all while meeting more AF requirements","In this article, the purpose and intent of Air Force (AF) military tuition assistance (Mil TA), has reflected the environmental context and has adjusted to meet AF needs accordingly Congressional interest combined with the current environment of prolonged conflict and economic crisis requires a re-evaluation and subsequent update to AF Mil TA policy."
"Effectiveness of the Voluntary Education Program.","https://scispace.com/paper/effectiveness-of-the-voluntary-education-program-4fzyits9cq","1998","Report","","Federico E. Garcia
Ernest H. Joy
David L. Reese","10.21236/ADA367215","https://scispace.com/pdf/effectiveness-of-the-voluntary-education-program-4fzyits9cq.pdf",": The Voluntary Education (VOLED) Program provides off duty educational opportunities integrating a variety of continuing education programs to Sailors seeking to enhance their professional and personal growth. VOLED supplements military training and allows sailors to pursue college degrees of their choice. Funding for VOLED is $57.8 million in FY98. VOLED comprises three major instructional elements: Tuition Assistance, the Program for Afloat College Education (PACE), and the Academic Skills Learning Centers (ASLCs). Tuition Assistance covers 75 percent of tuition at colleges, universities, and other schools. The current cap is $2,500 for undergraduate college courses and $3,500 for graduate courses. Effective 1 October 1998, the cap will be $3,500 for all courses; however, there will be a credit hour cap of $187.50. PACE offers courses on Navy ships and at selected remote locations. It offers free college as well as academic skills (noncredit remedial modules) education in English, language arts, reading, math, and basic science. PACE courses are taught either by onboard instructors (instructor PACE) or through electronic means (technology PACE). The Academic Skills Learning Centers provide free self paced software instruction in reading, writing, math, science, and work skills. As of March 1998, 14 ASLCs were operational, but the Navy is establishing ASLCs at all major installations (about 1 per month), for a total of 52 by the end of FY01.","The Voluntary Education (VOLED) Program provides off duty educational opportunities integrating a variety of continuing education programs to Sailors seeking to enhance their professional and personal growth."
"DOD Education Benefits: Further Actions Needed to Improve Oversight of Tuition Assistance Program. Testimony before the Subcommittee on Federal Financial Management, Government Information, Federal Services, and International Security, Committee on Homeland Security and Governmental Affairs, United States Senate. GAO-11-389T.","https://scispace.com/paper/dod-education-benefits-further-actions-needed-to-improve-1qm2cfarpn","2011","","","George A. Scott","","https://scispace.com/pdf/dod-education-benefits-further-actions-needed-to-improve-1qm2cfarpn.pdf","Abstract : In fiscal year 2010, the TA Program provided $531 million in tuition assistance to approximately 302,000 service members who elected to pursue off-duty postsecondary education. DOD offers these benefits to service members in order to help them fulfill their academic goals and enhance their professional development. Program oversight for voluntary education programs is the responsibility of the Undersecretary of Defense for Personnel and Readiness. In addition, the military services are responsible for establishing, maintaining, operating, and implementing the programs at 350 education centers on military installations worldwide. Education centers are managed by an education services officer (ESO) and staff, such as education guidance counselors.","In 2010, the TA Program provided $531 million in tuition assistance to approximately 302,000 service members who elected to pursue off-duty post-secondary education as mentioned in this paper, which is the largest TA program in history."
"The Labor Market Trajectories of 20-24 year old Veterans","https://scispace.com/paper/the-labor-market-trajectories-of-20-24-year-old-veterans-274lf0ymc8","1800","","","Julia Lane","","","of Study This report examines the labor market outcomes of 20-24 year old veterans at intervals of 1, 13, 26 and 39 weeks after they exit the military. The data includes information on the respondents’ demographic characteristics, the family structure in which they grew up, detailed characteristics of their parents and grandparents, and their educational histories. The data set also contains histories on the respondents’ enrollment in school, employment, labor market status, cohabitation and marriage, and program participation. The study focused on four key labor market outcomes: whether the respondent is employed, unemployed, out of the labor force, or in military service in the weeks after they exit the military.","This article examined the labor market outcomes of 20-24 year old veterans at intervals of 1, 13, 26 and 39 weeks after they exit the military, focusing on four key outcomes: whether the respondent is employed, unemployed, out of the labor force, or in military service."
"Post Service Labor Market Performance of Immigrant Veterans","https://scispace.com/paper/post-service-labor-market-performance-of-immigrant-veterans-46qszqhpny","2023","Journal Article","Defence and Peace Economics","","10.1080/10242694.2023.2291839","","My research examines the labor market performance of prime-age (20-54) male immigrant veterans in the all-volunteer era, using the American Community Survey (2010-2019) and a linear regression model. I compare them with two reference groups: U.S.-born male veterans and non-veteran male immigrants. Immigrant veterans show higher labor force participation and employment rates compared to U.S.-born veterans. Conversely, when compared to non-veteran immigrants, the trend is reversed. Overall, no statistically significant disparities are found in labor income and wage analysis. However, heterogeneous effects emerge based on education level, race, and birthplace. Immigrant veterans earn less income compared to U.S.-born veterans in the non-Hispanic White group, while no significant differences are observed in other races. Furthermore, compared to non-veteran immigrants, Hispanic/Latino and non-Hispanic Black immigrant veterans have higher labor incomes or wages, especially for those with a high school education as their highest level of attainment. In contrast, non-Hispanic White immigrant veterans earn less, particularly among individuals with a college education. Additionally, immigrant veterans from developed countries have lower incomes and wages compared to their non-veteran counterparts, whereas no such disadvantage is observed for immigrants from developing countries. These findings suggest potential advantages associated with military service in minority groups. ","This study examines labor market performance of prime-age male immigrant veterans (2010-2019) using the American Community Survey, finding mixed results: higher labor force participation, but lower income for non-Hispanic White immigrant veterans, and higher income for minority groups."
"Vocational education and labor market outcomes","https://scispace.com/paper/vocational-education-and-labor-market-outcomes-3hecbq0kbdux","2025","Journal Article","","Thijs Bol
Andrea Förster","10.4337/9781035309917.00008","","Next to the amount of education attained, the type of training shapes labor market outcomes. In this line, the chapter provides an overview of research on the relationship between vocational education and work. Vocational education has been shown to facilitate a smooth transition from the educational system to the labor market. However, the initial advantage enjoyed by vocational graduates diminishes over the life course. There is discord about whether it even turns into a penalty for late-career workers. The authors argue that discrepancies in findings stem from differing definitions of vocational education within specific research traditions. They delineate three approaches to measuring vocational education: (1) at the macro-level of VET institutions; (2) at the meso-level examining links between fields of study and labor market positions; and (3) at the micro-level of specific programs. The authors recommend that future research includes an in-depth discussion on the definition of vocational education, the identification of causal effects, and the expansion of research beyond Western Europe to better understand how national contexts influence the labor market effects of vocational education. ","Vocational education facilitates labor market transition, but initial advantages diminish over time, with discrepancies in findings due to varying definitions and research approaches, highlighting the need for standardized measurement and contextual analysis."
"Race and Ethnicity Matter: Heterogeneous Effects of the Post-9/11 GI Bill on Veterans’ College Enrollments","https://scispace.com/paper/race-and-ethnicity-matter-heterogeneous-effects-of-the-post-foxx0xtajt","2021","Journal Article","","Joaquin Alfredo Angel Rubalcaba
David N. van der Goes","10.1007/S41996-019-00048-8","","The Post-9/11 GI Bill provided a generous increase in veterans’ education benefits. Using the Current Population Survey and American Community Survey, this paper examines the impact of the Post-9/11 GI Bill on college enrollments among Black and Hispanic veterans. Evidence from a difference-in-difference evaluation reveals the Post-9/11 GI Bill increased veteran college enrollments by 4 percentage points, while disproportionately increasing college enrollments for Black veterans by 4.7 percentage points. The evidence reported in this study suggests military service and veterans’ education benefits play a positive role in the efforts to reduce racial and ethnic disparities in higher education.","The authors examined the impact of the post-9/11 GI Bill on college enrollments among Black and Hispanic veterans using the Current Population Survey and American Community Survey and found that the GI Bill increased veteran college enrollment by 4 percentage points, while disproportionately increasing college enrollment for Black veterans by 4.7 percentage points."
"Are Current Military Education Benefits Efficient and Effective for the Services","https://scispace.com/paper/are-current-military-education-benefits-efficient-and-27d1z2m7p9","2017","Book","","Jennie W. Wenger
Trey Miller
Matthew D. Baird
Peter Buryk
Lindsay Daugherty
Marlon Graf
Simon Hollands
Salar Jahedi
Douglas Yeung","","https://scispace.com/pdf/are-current-military-education-benefits-efficient-and-27d1z2m7p9.pdf","A primary purpose of military education benefits is to assist service members' transitions back to civilian life, but the benefits likely have implications for recruiting and retention as well. This research takes a mixed-methods approach to examine the effects of education benefit programs on recruiting and retention–related outcomes, and to assess how the two largest education benefits may work together.","This research takes a mixed-methods approach to examine the effects of education benefit programs on recruiting and retention–related outcomes, and to assess how the two largest education benefits may work together."
"Race and Ethnicity Matters: Heterogeneous Effects of the Post-9/11 GI Bill on Veterans' College Enrollments","https://scispace.com/paper/race-and-ethnicity-matters-heterogeneous-effects-of-the-post-1vpbj7a4a9","2015","","","Joaquin Alfredo-Angel Rubalcaba","","","The Post-9/11 GI Bill provided a generous increase in veterans’ education benefits. Using the Current Population Survey and American Community Survey, this paper examines the impact of the Post-9/11 GI Bill on college enrollments among Black and Hispanic veterans. Evidence from a difference-in-difference evaluation reveals the Post-9/11 GI Bill increased veteran college enrollments by 4 percentage points, while disproportionately increasing college enrollments for Black veterans by 4.7 percentage points. The evidence reported in this study suggests military service and veterans’ education benefits play a positive role in the efforts to reduce racial and ethnic disparities in higher education.","Evidence from a difference-in-difference evaluation reveals the Post-9/11 GI Bill increased veteran college enrollments by 4 percentage points, while disproportionately increasingCollege enrollments for Black veterans by 4.7 percentage points."
"Closing the Gap or Widening the Divide: The Effects of the G.I. Bill and World War II on the Educational Outcomes of Black Americans","https://scispace.com/paper/closing-the-gap-or-widening-the-divide-the-effects-of-the-g-kh50n2gv3k","2003","Journal Article","The Journal of Economic History","Sarah Turner
John Bound","10.1017/S0022050703001761","https://scispace.com/pdf/closing-the-gap-or-widening-the-divide-the-effects-of-the-g-kh50n2gv3k.pdf","The effects of the G.I. Bill on collegiate attainment may have differed for black and white Americans owing to differential returns to education and differences in opportunities at colleges and universities, with men in the South facing explicitly segregated colleges. The empirical evidence suggests that World War II and the availability of G.I. benefits had a substantial and positive impact on the educational attainment of white men and black men born outside the South. However, for those black veterans likely to be limited to the South in their educational choices, the G.I. Bill had little effect on collegiate outcomes.","The effects of the G.I. Bill on collegiate attainment may have differed for black and white Americans owing to differential returns to education and differences in opportunities at colleges and universities, with men in the South facing explicitly segregated colleges as mentioned in this paper."
"Long-Term Effects of Vietnam-Era Conscription: Schooling, Experience and Earning","https://scispace.com/paper/long-term-effects-of-vietnam-era-conscription-schooling-31nl6v534m","2007","Journal Article","Social Science Research Network","Joshua D. Angrist
Joshua D. Angrist
Joshua D. Angrist
Stacey H. Chen","10.2139/SSRN.1015399","https://papers.ssrn.com/sol3/Delivery.cfm/SSRN_ID1015399_code868255.pdf?abstractid=1015399&mirid=5&type=2","Instrumental variables (IV) estimates using the draft lottery show that white Vietnam-era draftees suffered substantial post-service earnings losses in the 1970s and 1980s. Angrist (1990) explains these losses as due primarily to lost labor market experience. Non-public use data fromthe 2000 Census allow the first longerterm follow-up for a large sample from the draft-lottery cohorts. We use these data to estimate the effects of military service on earnings, schooling, and a number of other variables. Consistent with the loss-of-experience model, IV estimates of the effects of Vietnam-era service on earnings are close to zero in 2000, when the draft-lottery cohorts were middle-aged and experience profiles relatively flat. On the other hand, draft-lottery estimates show a marked increase in schooling for Vietnam-era veterans. A variety of evidence suggests this increase reflects the impact of the Vietnam-era GI Bill more than draft-avoidance behavior. The economic return to the increased schooling generated by Vietnam-era service,estimated in a wage equation that constrains the impact of Vietnam-era military service to run solely through the experience and schooling channels, appears to be less than the OLS return. Finally, we look at measures of disability. The IV estimates point to an increase in non-work-related disability rates and non-SSA disability income, but the fact that there is no corresponding effect on employment, hours worked, or work-related disability rates suggests health was affected little by Vietnam-era service. Allowing for excess disability among veterans raises the estimated returns to GI-Bill schooling slightly.","In this paper, the effects of military service on earnings, schooling, and a number of other variables were investigated. But the authors focused on the effect of the Vietnam-era GI Bill more than draft-avoidance behavior."
"Does the GI Bill Support Educational Attainment for Veterans with Disabilities? Implications for Current Veterans in Resuming Civilian Life","https://scispace.com/paper/does-the-gi-bill-support-educational-attainment-for-veterans-2f9tgvk5kz","2009","Journal Article","Journal of Sociology and Social Welfare","Alexa Smith-Osborne","","https://scispace.com/pdf/does-the-gi-bill-support-educational-attainment-for-veterans-2f9tgvk5kz.pdf","A secondary data analysis of the 2001 National Survey of Veterans (NSV) for 2075 Gulf War-era veterans was conducted to investigate whether the GI Bill (the Servicemen’s Readjustment Act of 1944, most recent provisions of which have been entitled the Montgomery GI Bill and the Post 9/11 GI Bill), considered as a social welfare policy, demonstrated protective effects for veterans with disabilities in terms of successful re-entry and sustained enrollment in higher education. Regression analyses to test the mediation effects of use of the GI Bill, use of non-Veterans’ Administration (VA) financial aid, and use of VA health services sug gested mediation effects; however, post hoc testing did not yield significant results. Analysis of this and an alternative multiple mediator model using bootstrapping strategies for assessing indirect effects suggested that total and non-labor income and social support, not the GI Bill, mediate the effects of disability on educational attainment among this population. Implications for social welfare policies and programs to support this population’s access to and success in post-secondary institutions are highlighted.","In this article, a secondary data analysis of the 2001 National Survey of Veterans (NSV) for 2075 Gulf War-era veterans was conducted to investigate whether the GI Bill (the Servicemen's Readjustment Act of 1944, most recent provisions of which have been entitled the Montgomery GI Bill and the Post 9/11 GI Bill), considered as a social welfare policy, demonstrated protective effects for veterans with disabilities in terms of successful re-entry and sustained enrollment in higher education."
"A Great Place to Start: The Role of Military Service on Human Capital Formation","https://scispace.com/paper/a-great-place-to-start-the-role-of-military-service-on-human-47fqq1ierf","2003","Journal Article","Labour","John J. Hisnanick","10.1111/1467-9914.00220","","The earnings of African–American males have increased over the past 50 years, but differences remain in their economic progress relative to either white or Asian Americans. Labor market disadvantages in the past were the result of overt discrimination; however, the earnings gap experienced over the last four decades has been linked to human capital differences. It is hypothesized that military service provides a buffer for adverse labor market characteristics for young African–American males and this paper discusses the returns from military service as reflected in their post–service wages.","This article found that military service provides a buffer for adverse labor market characteristics for young African-American males and discussed the returns from military service as reflected in their post-service wages. But, they did not examine the relationship between military service and economic performance."
"What Shall We Do with Our Boys? An Impact of the GI Bill on the US Economy","https://scispace.com/paper/what-shall-we-do-with-our-boys-an-impact-of-the-gi-bill-on-un904jjkir","2016","Journal Article","Annales. Ethics in Economic Life","Kamil Kowalski","10.18778/1899-2226.19.4.12","https://scispace.com/pdf/what-shall-we-do-with-our-boys-an-impact-of-the-gi-bill-on-un904jjkir.pdf","The GI Bill of Rights (The Servicemen’s Readjustment Act of 1944) was a comprehensive program to aid returning veterans in their speedy readjustment to a civilian life. Its role was also to enable the veterans to fit them into the civilian economy. In the first part of the text, the economic and political context of the discussion around the Bill is discussed. The author refers to the popular belief that the end of the war was expected to result in the return of another economic depression. The latter was to be deepened by winding down war production and speeded up by returning servicemen. The text examines how the Bill was to tackle that challenge. The main body of the article is built around the analysis of the provisions of the Act that relate to the benefits for the former soldiers. This includes a mustering-out pay, education benefits, medical care for the disabled in the war, unemployment insurance, an allowance credit and pensions for disabled veterans. The requirements, terms of funding and sum of benefits are presented and discussed. The last part concludes with the general remarks about the significance of the Bill and its contemporary perception in the USA.","The GI Bill of Rights (The Servicemen's Readjustment Act of 1944) was a comprehensive program to aid returning veterans in their speedy readjustment to a civilian life as mentioned in this paper."
"How Military Veterans Are Using the Post-9/11 GI Bill and Adapting to Life in College","https://scispace.com/paper/how-military-veterans-are-using-the-post-9-11-gi-bill-and-59jef3dg3i","2010","","","Jennifer L. Steele
Nicholas Salcedo
James Coley","","https://www.rand.org/content/dam/rand/pubs/research_briefs/2010/RAND_RB9560.pdf","The Post-9/11 GI Bill increased the higher education benefits available to eligible individuals Offering benefits to nearly 2 million veterans, it is more generous than previous bills but beneficiaries report challenges in using the new benefits","Examination of students’ experiences using the Post-9/11 GI Bill during its first year of availability seeks insights regarding how higher education institutions can more effectively support returning veterans and highlights some of the ways that colleges and universities can ease military veterans’ transition into higher education."
"A Great Place to Start: The Role of Military Service on Human Capital Formation","https://scispace.com/paper/a-great-place-to-start-the-role-of-military-service-on-human-24751nqefw","2003","Posted Content","Social Science Research Network","John J. Hisnanick","","https://papers.ssrn.com/sol3/Delivery.cfm/labr_220.pdf?abstractid=416791&mirid=1","The earnings of African-American males have increased over the past 50 years, but differences remain in their economic progress relative to either white or Asian Americans. Labor market disadvantages in the past were the result of overt discrimination; however, the earnings gap experienced over the last four decades has been linked to human capital differences. It is hypothesized that military service provides a buffer for adverse labor market characteristics for young African-American males and this paper discusses the returns from military service as reflected in their post-service wages.","This paper found that military service provides a buffer for adverse labor market characteristics for young African-American males and discussed the returns from military service as reflected in their post-service wages, concluding that the benefits of military service can be attributed to human capital differences."
"Long-Term Effects of Vietnam-Era Conscription: Schooling, Experience and Earnings","https://scispace.com/paper/long-term-effects-of-vietnam-era-conscription-schooling-3iqheiged4","2007","Posted Content","Research Papers in Economics","Joshua D. Angrist
Stacey H. Chen","","","Instrumental variables (IV) estimates using the draft lottery show that white Vietnam-era draftees suffered substantial post-service earnings losses in the 1970s and 1980s. Angrist (1990) explains these losses as due primarily to lost labor market experience. Non-public use data from the 2000 Census allow the first longerterm follow-up for a large sample from the draft-lottery cohorts. We use these data to estimate the effects of military service on earnings, schooling, and a number of other variables. Consistent with the loss-of -experience model, IV estimates of the effects of Vietnam-era service on earnings are close to zero in 2000, when the draft-lottery cohorts were middle-aged and experience profiles relatively flat. On the other hand, draft-lottery estimates show a marked increase in schooling for Vietnam-era veterans. A variety of evidence suggests this increase reflects the impact of the Vietnam-era GI Bill more than draft-avoidance behavior. The economic return to the increased schooling generated by Vietnam-era service, estimated in a wage equation that constrains the impact of Vietnam-era military service to run solely through the experience and schooling channels, appears to be less than the OLS return. Finally, we look at measures of disability. The IV estimates point to an increase in non-workrelated disability rates and non-SSA disability income, but the fact that there is no corresponding effect on employment, hours worked, or work-related disability rates suggests health was affected little by Vietnam-era service. Allowing for excess disability among veterans raises the estimated returns to GI-Bill schooling slightly.","In this paper, the effects of military service on earnings, schooling, and a number of other variables were investigated using a loss-of-experience model, and the authors found that the economic return to the increased schooling generated by Vietnam-era service, estimated in a wage equation, appears to be less than the OLS return."
"Closing the Gap or Widening the Divide: The Effects of the G.I. Bill and World War II on the Educational Outcomes of Black Americans","https://scispace.com/paper/closing-the-gap-or-widening-the-divide-the-effects-of-the-g-2ziiufpg01","2002","Posted Content","Research Papers in Economics","Sarah Turner
John Bound","","","The effects of the G.I. Bill on collegiate attainment may have differed for black and white Americans owing to differential returns to education and differences in opportunities at colleges and universities, with men in the South facing explicitly segregated colleges. The empirical evidence suggests that World War II and the availability of G.I. benefits had a substantial and positive impact on the educational attainment of white men and black men born outside the South. However, for those black veterans likely to be limited to the South in their educational choices, the G.I. Bill had little effect on collegiate outcomes, resulting in the exacerbation of the educational differences between black and white men from southern states.","The effects of the G.I. Bill on collegiate attainment may have differed for black and white Americans owing to differential returns to education and differences in opportunities at colleges and universities, with men in the South facing explicitly segregated colleges as mentioned in this paper."
"Young Veterans and the Transition to Civilian Employment: Does Marital Status Matter?","https://scispace.com/paper/young-veterans-and-the-transition-to-civilian-employment-1h9st8fegu","2014","Book Chapter","","Meredith Kleykamp
Sidra Montgomery","10.1007/978-1-4614-8712-8_11","","The sequencing and timing of employment, education, and family formation differs between veterans and nonveterans due to the overlapping nature of military service with other commitments such as higher education and civilian labor force participation. Labor market opportunities and outcomes for these young veterans are an important step in their transition to adulthood, likely influencing and being influenced by, in particular, family decisions, such as marriage and becoming a parent. Using nationally representative data, we examine how veteran and marital status influence labor force participation, employment, earnings, and college enrollment. In summary, veterans appear to do worse than their peers in terms of labor force participation and employment. The veteran “penalty” in labor force participation is only significant for married veterans, compared against married nonveterans. All veterans, single, married, divorced or separated, male or female appear to have lower odds of employment than civilians. Accounting for compositional differences only increases this gap. Among those who do find paid work, male veterans appear to out earn their civilian peers.","The authors examined how veteran and marital status influence labor force participation, employment, earnings, and college enrollment, and concluded that veterans appear to do worse than their peers in terms of participation and employment."