"Paper Title","Paper Link","Publication Year","Publication Type","Publication Title","Author Names","DOI","PDF Link","Abstract","Relevant Excerpt"
"Institutional theory and human resource management","https://scispace.com/paper/institutional-theory-and-human-resource-management-27s2ncdkbv","2014","","","Ali Najeeb","","https://scispace.com/pdf/institutional-theory-and-human-resource-management-27s2ncdkbv.pdf","The study of institutions traverses the academic fields of economics, sociology, political science and organisational theory. The common denominator for institutionalism in various disciplines appears to be that of, 'institutions matter' (Kaufman 2011). An underlying assumption in the study of institutions is that organisations are deeply embedded in the wider institutional context (Powell 1988; DiMaggio & Powell 1991). Thus, ""organisational practices are either a direct reflection of, or response to, rules and structures built into their larger environment"" (Paauwe & Boselie 2003, p. 59).This institutional environment is the source of legitimisation, rewards or incentives for, as well as constraints or sanctions on, organisational activities (Meyer & Rowan 1977). The relevance of institutional theory to Human Resource Management (HRM) was initially derived from this view (Rosenzweig & Nohria 1994).","Title: Institutional theory and human resource management Institutional theory and human resource management Keywords: theory, human, institutional, resource, management"
"Evaluating the implementation of E-Government in developing countries : the case of Nigeria","https://scispace.com/paper/evaluating-the-implementation-of-e-government-in-developing-3rkrgrac27","2014","Dissertation","","Olusoyi Olatokunbo Richard Ashaye","","https://scispace.com/pdf/evaluating-the-implementation-of-e-government-in-developing-3rkrgrac27.pdf","....................................................................................................................... i Acknowledgements .................................................................................................. iii Dedication ................................................................................................................... v Declaration, Biography and List of Publications ................................................... vi Declaration .............................................................................................................. vi Biography ................................................................................................................ vi List of Publications ..................................................................................................vii Table of","by when they explore Institutional theory with Sense Making theory with a case study in a health care setting. The benefit of combining two theories is that it enables alternation between levels of analysis, and this expedites a more affluent interpretation of IS adaptation. Institutional Theory:
 However, a review of literature suggests there have been studies that have adopted institution to explore how organisations are institutionalised by political, economic, legal, or cultural context. For instance,  examines the use of institutional theory in information system research, and the findings are that most institutionalist accounts within information systems research adopt an organisational unit of analysis as opposed to a multilevel approach which encompasses societal and individual levels.  illustrates the narrow use of the theory adopted by the IS community and suggests that a more fruitful approach is to use a wider multi-level and multi-method approach. It was however argued that IS researchers need to become more aware of the wider debates within the institutional theory literature, particularly as the theory is conceptually ambiguous, yet not amenable to over-simplification as a means to achieve methodological rigour. Institutional Theory:
 The above suggests that this research embraces to have an understanding of e-Government in respect of organisational change, which is often influenced by important factors such as organisational, political, economic, legal or critical mass. This approach is comparable to other e-Government adoption and implementation studies . For these reasons, the researcher applies the methodology of using an institutional theory as the perspective lens where the theory is used as principal frame of reference for categorising the environmental forcesboth external and internal factors -impacting on e-Government implementation. Institutional Theory:
 2.6.9 The Drivers -Barriers Model Institutional Theory:
 The Drivers and Barriers model was developed by  in the research into e-Commerce and economic development in Libya. The model postulates a number of barriers experienced in public sector organisations that prevent the realisation of anticipated benefits and degrade successful implementation of e-Government projects. On the other hand, there are potential benefits and motivations arising from e-Government literature that could promote the top management to adopt it. The classifications of e-Government benefits, barriers and risks have been reviewed and analysed (see Tables )."
"Mot en ny vuxenutbildningspolitik? : Regional utveckling som policy och praktik","https://scispace.com/paper/mot-en-ny-vuxenutbildningspolitik-regional-utveckling-som-2t7jopgjbu","2007","","","Erik Jakobsson","","https://scispace.com/pdf/mot-en-ny-vuxenutbildningspolitik-regional-utveckling-som-2t7jopgjbu.pdf","Avhandlingen beskriver och analyserar ett regionalt utvecklingsinitiativ i natverksform, genom vilket de kommunala larcentrumen i Orebro lan samverkar for att utveckla en gemensam infrastruktur for ...","större förutsättningar att lyckas än radikala sådana. Som och visar erbjuder institutionell teori flera olika tänkbara förklaringar till institutioners trögrörlighet. $ %:
 Reformarbete sker ofta i komplexa fleraktörsmiljöer, som inte behöver vara problematiska på en policynivå men som kan innebära stora svårigheter i en praktisk implementering. Problemet är att politiken -de nya idéerna och koncepten -ofta lever sitt liv skilt från konkreta strategier för genomförande. Regionala och lokala beslutsfattare, som behöver vara 'med på tåget' för att ett genomförande ska vara möjligt är ofta inte det. Det är också stor skillnad mellan att ställa sig bakom målen för en utvecklingssatsning och att sedan ta ansvar för att den verkligen genomförs, av en rad olika skäl . $ %:
 Den offentliga sektorn uppvisar stora svårigheter med att organisera resurser och verksamheter professionellt, utifrån behoven. Det som kommer till uttryck i den politiska retoriken, exempelvis beträffande samverkan, visar sig av olika skäl besvärligt i praktiken. Den logik och systematik som råder i olika organisationer befrämjar inte samverkan 'över gränserna' . $ %:
 Vilka är då slutsatserna och vari ligger möjligheterna? Den viktigaste slutsatsen är sannolikt att reform-och utvecklingsarbete i den del det handlar om genomförande av materiella förändringar kräver särskilda kunskaper, strategier och medel. Det finns inte någon omedelbar förbindelselänk mellan å ena sidan uttalade avsikter och fattade beslut och å andra sidan praktisk handling. En planeringsstrategi som bygger mycket på en föreställning om en sådan förbindelselänk löper stor risk att haverera. Hur kan man få kunskap om förhållandena på praktiknivån? Går det att engagera och aktivera praktiknivån redan tidigt i policyprocesserna, för att också underlätta genomförandet?"
"Teoria Institucional: uma contribuição para a gestão pública do desenvolvimento","https://scispace.com/paper/teoria-institucional-uma-contribuicao-para-a-gestao-publica-d5ow9bue05","2021","Journal Article","","Fabrini Quadros Borges
Fabricio Quadros Borges","10.32813/2179-1120.2021.V14.N1.A759","https://scispace.com/pdf/teoria-institucional-uma-contribuicao-para-a-gestao-publica-d5ow9bue05.pdf","The research aims to analyze the contribution of institutional theory to the understanding of the relationship between public management and development. The environments of planning and control in public management are part of a wide and relevant worldwide debate for the construction of mechanisms capable of regionally improving management capacity in favor of promoting the well-being of populations. The investigation comprises a theoretical study, exploratory, bibliographic and documentary in nature. The study concluded that the contribution of institutional theory to public management of development lies basically in providing elements of understanding about the structure and functioning of organizations according to the rules, procedures and values ​​that characterize a given reality. The discussion structure of this Theory brings as perspective, that the organizations need legitimacy of the interested parties and for that they adopt tangible elements like the structure and the processes to correspond to a set of norms and intangible values ​​in the institutional environment.","Title: TEORIA INSTITUCIONAL: uma contribuição para a gestão pública do desenvolvimento Keywords: Gestão, Organizações, Setor público, Desenvolvimento, Teoria institucional Management, Organizations, Public sector, Development, Institutional theory"
"Direct and Moderating Effects of Organizational Factors on System USAge in Colleges: a Resource-based Perspective","https://scispace.com/paper/direct-and-moderating-effects-of-organizational-factors-on-1wgysvvlbs","2018","Journal Article","","Faridiah Aghadiati Fajri
Nurisqi Amalia","10.20885/JAAI.VOL22.ISS1.ART4","https://scispace.com/pdf/direct-and-moderating-effects-of-organizational-factors-on-1wgysvvlbs.pdf","Colleges as a non-profit organization engaged in the educational sector have a crucial role, especially in emerging countries. Significant improvement can be achieved by continuously strengthening the information system infrastructure. Prior studies mentioned the system implementation is tricky because it involves not only hardware and software but also users and operational procedures. The investment of information system poses challenges for management. The system failure can be the grave of an organization. Therefore, the end-users participation becomes acute that puts organizational factors have to be considered. This study aims to examine and analyze the information system success model by adding the existence of facilitating condition, institutional pressure, and incentives as organizational factors. Data were obtained through questionnaires filled by the users of colleges’ system. The results found that two constructs of organizational factors including facilitating condition and institutional pressure were able to increase the role of system usage to organization performance. Managers have to be proactive to motivate the end-users by designing better organizational factors and the future study may improve the construction of these factors.","advantages, education institutions may relish their information system investment. Information system improves the ability to build effective communication and data exchange among all departments across the boundaries. Moreover, it also increases operational productivity, raises the information quality, and reduces the organization's expenditures. Introduction:
 Structural Capital  is the infrastructure including both direct and indirect supports. Direct support is things which immediately related to human resource, for instance, computers, telephones, and computer software. On the other hand, the examples of indirect support are buildings, electricity, and plumbing. The existence of structural capital boosts institutes to obtain the organizational knowledge and transform it into intellectual assets. Recent studies found that intellectual capital is the main root of value and productivity leverage which has a bigger impact than three components of conventional business lore conditions (customer needs fulfillment, legally protected, and become pioneer). Introduction:
 The theory of organizational information processing  mentioned that an organization has to process their data as basic tasks which provide relevant information for decision-makers. Adequate information improves their planning ability, environment changing adaptability, and cost reducing for better productivity.  technology information become significant to assist management dealing with competitive conditions, mainly in environment uncertainty. Organization methods to collect, process, and disclose information are necessary to be well managed while the growth of disclosure requirements push them to disclose their precious information which may create their competitive disadvantages . Introduction:
 Theory of human motivation known as Self-Determination Theory developed by  provides a platform study of organizational positive outcomes. Employees' performance is not only affected by individual levels, such as personality, but also by organizational levels, such as human resource practices and organizational climate. The strength of human resource management system showed that in organizational level, the relation between positive managerial goals and organizational climate resulted on positive individual attitudes and behaviors . Introduction:
 This paper is one of the studies which is adding the organizational factors and its implications. The hypotheses are validated empirically using data from college system survey. Firstly, this research is addressed to analyze the system used as an impact of organizational factors. In addition, it also identifies how the perceptual measurement of organizational factors moderates the interaction between system usage and organization performance. Literature Review Organizational Factors:
 The goals achievement of system implementation is influenced by the successful attainment of system elements. One main element is the end-users. Users can be managed in many ways, such as authority definitions, hierarchy controls, policies, and procedures. Focused on the system implementation, organizational factors become a foundation for end-users management which is expected to increase the system utility. Literature Review Organizational Factors:
 On the context of personal computer (PC) use, specifically for direct effect examination, facilitating condition become a key factor which can drive system utilization.  posited that there are three direct determinants of intention to use (performance expectancy, effort expectancy, and social influence) and two direct determinants of usage behavior (intention and facilitating conditions). Facilitating conditions are referred to the organization's support included technical service and infrastructure availability resulting in the ease of system usage and barriers reduction ."
"African bureaucracy and public administration: Analysing the normative impediments and prospects","https://scispace.com/paper/african-bureaucracy-and-public-administration-analysing-the-19qslxhilx","2019","Journal Article","Africa’s Public Service Delivery and Performance Review","Chinyeake J. Igbokwe-Ibeto","10.4102/APSDPR.V7I1.323","https://scispace.com/pdf/african-bureaucracy-and-public-administration-analysing-the-19qslxhilx.pdf","Background: Public perception of bureaucracy and public administration is key to determining how much they can accomplish in a given environment. The pejorative view of bureaucrats and public administrators is not restricted to Africa. Although they are sometimes seen as one and the same, analytically they can be divorced. Aim: Within the framework of system theory, this article analysed the interface between African bureaucracy and public administration with the aim of identifying its impediments and prospects. Setting: Relevant sources of this research were fairly and professionally scrutinised, understood and tested with the available literature for the research purpose. Inter alia , it included scan-reading, comprehensive and critical reading and writing down ideas. Authoritative scholarly sources were reviewed during a desktop study. The purpose was to identify the relevant publications and apply them in the research. Methods: This article utilised qualitative research design and descriptive methods to gain an insight into the nature and character of African bureaucracy and public administration. It is also exploratory because the article attempts to explore the nexus between African bureaucracy and public administration. Result: This article argues that African bureaucracy is losing its potency and ability to give intellectual leadership to public administrators. Bureaucrats in the field rely too much on discretion that often does not sit well with the people and result in poor service delivery. Conclusion: It therefore concludes that the poor state of affairs in African bureaucracy could change if the bureaucracy opens up to administrative reforms, particularly those that add value to their activities and actions. In this era of globalisation, international best practices should be domesticated.","to time may give the student a truer and truer insight into the problems involved. This is a more convenient point to leave the subject and move on because there may never be a winner over this issue among the gladiators in this contest. Conceptual and theoretical exploration:
 Another issue that has not lent itself a position, generally agreed upon, in public administration as a field of study is the question of the theoretical approach that adequately captures the issues involved in public administration. Several theoretical orientations have emerged over time without anyone gaining ascendancy. There are, among others, bureaucratic, system, institutional, political economy and public choice theories. Despite newer theories on public administration like the public choice theory and new public management, the institutional and system theories remain relevant for our level of development on the African continent. It is only logical that a child should learn to crawl before he or she walks. Most African states have not mastered the act of respecting organisational legal rules and regulations, let alone to embrace rational choice in making public policy. In addition, illiteracy is still very high; conservative figure put it at 75% of the population. The ability of public officials to follow institutional rules and regulations is an important starting point to respect other demands of organisations .  and  argued that the system theory and all its shortcomings provide us a veritable tool to unlocking numerous questions that public administration raises in modern times. Analysing public administration as a system proposes that it has different parts that should interact and be interdependent on each other.  in  argue that the system theory is basically concerned with problems in the relationship of structures and their interdependences rather than the constant attributes of objects. Certainly, there is merit in analysing the whole part from the part because without the whole there cannot be the parts. Therefore, the system analysts are only interested in the parts as they relate to the whole. Also,  and  in  use the system theory to understand and manage behaviour in organisations. They come to the conclusion that an organisation has many subsystems that are interrelated and interdependent. Therefore, they argue that an organisation can only be effective and efficient when it has '… the ability to adopt a sense of identity, the capacity to test reality and the ability to be well integrated and to simultaneously consider' three interrelated perspectives: (1) structural design, (2) flow and (3) the human factor. What comes across in Africa over the years is that structure in administrative and political systems is standing aloof and hardly interacting to ensure effectiveness and efficiency in their roles and responsibilities. This mostly accounts for why there is a lack of synergy between what government does in each ministry, department and agencies, operating as if they are in functional terms independent of one another . All these factors go a long way in determining the success rates of public policies and programmes."
"Saving Mangrove Forest Extinction in Urban Areas: Will Government Interventions Help?","https://scispace.com/paper/saving-mangrove-forest-extinction-in-urban-areas-will-2j74waja","2022","Journal Article","International Journal of Sustainable Development and Planning","","10.18280/ijsdp.170203","https://scispace.com/pdf/saving-mangrove-forest-extinction-in-urban-areas-will-2j74waja.pdf",".","public. Failure, on the other hand, implies a loss of opportunity (loss of opportunity), which reflects the reality of budget restrictions (budget constraint); hence every policy option involves a trade-off that includes a dilemma that must be decided due to limitations . Public policy implementation performance:
 Understanding the policy implementation is closely related to the concept of governance, is a widely used idiom, and is frequently used to explain policy implementation. Networking and decentralization, a venue where a plurality of actors congregate to create policy choices and implement, and multiorganizational linkages between key actors participating in policy implementation are all characteristics of implementation in the governance idea. The final point is about the public value system, what is acceptable, what is more legitimate, what is more creative, what is more responsive, and what is even better. Furthermore, policy implementation is a process of accomplishing public goals carried out by actors: plurality of organizations with more flexible vertical and horizontal relationships, all motivated by public values such as legitimacy, responsiveness, and inventiveness. This implementation is done in the spirit of equality and strong networking to attain accountable public goals . Implementation can be examined through the levels of institutional theory (institutionalism) and network theory from a structuralist perspective. First, on the institutional level. Implementation is focused on the levels of the value system and is tied to the institutional level. This dimension includes a value system, official or informal norms with a high level of institutionalization: how the hierarchy is organized, the extent to which borders are agreed upon, procedures, and the regime's collective values. Administrative law and other types of legal regulation, ideas relating to the operation of the bureaucracy on a large scale, politicaleconomic theory, and theory of political control over the bureaucracy are all included in this paradigm. Institutional theory, rent-seeking theory, bureaucratic control theory, and the theory of government goals and philosophy are all included in this element. Second, on organizational and managerial implementation. Typically, it is associated with hierarchical bureaucracies, departments, commissions, government agencies, and organizations that work with the government. The role of implementation is to accelerate public interests in an inter-institutional network. At this level, the agendas: administrative freedom and independence, performance measurement in the public service process, become essential issues. Significant theories to explain this phenomenon include principal-agent theory, transaction cost analysis theory, collective action theory, and network theory. Third, implementation at the technical level. This is how the first and second approaches values and public interests must be operationalized in real-world actions. At this point, technology, notably information technology, becomes important. In this setting, issues of professionalism, technical competency norms, responsibility, and performance are critical. Theories relevant to this theme include measures of efficiency, technical management of organizational culture, leadership, accountability mechanisms, and measurements. As a result, governance at this level is primarily concerned with the actual implementation of government policies (public policy at the street level). The research focuses on how public ideals and interests are operationalized in real actions in the form of meaningful interventions at the technological level ."
"The implementation of Health in All Policies initiatives: a systems framework for government action.","https://scispace.com/paper/the-implementation-of-health-in-all-policies-initiatives-a-5eegd1oky6","2018","Journal Article","Health Research Policy and Systems","Ketan Shankardass
Ketan Shankardass
Carles Muntaner
Lauri Kokkinen
Faraz Vahid Shahidi
Alix Freiler
Goldameir Oneka
Ahmed M. Bayoumi
Patricia O'Campo","10.1186/S12961-018-0295-Z","https://scispace.com/pdf/the-implementation-of-health-in-all-policies-initiatives-a-5eegd1oky6.pdf","There has been a renewed interest in broadening the research agenda in health promotion to include action on the structural determinants of health, including a focus on the implementation of Health in All Policies (HiAP). Governments that use HiAP face the challenge of instituting governance structures and processes to facilitate policy coordination in an evidence-informed manner. Due to the complexity of government institutions and the policy process, systems theory has been proposed as a tool for evaluating the implementation of HiAP. Our multiple case study research programme (HiAP Analysis using Realist Methods On International Case Studies – HARMONICS) has relied on systems theory and realist methods to make sense of how and why the practices of policy-makers (including politicians and civil servants) from specific institutional environments (policy sectors) has either facilitated or hindered the implementation of HiAP. Herein, we present a systems framework for the implementation of HiAP based on our experience and empirical findings in studying this process. We describe a system of 14 components within three subsystems of government. Subsystems include the executive (heads of state and their appointed political elites), intersectoral (the milieu of policy-makers and experts working with governance structures related to HiAP) and intrasectoral (policy-makers within policy sectors). Here, HiAP implementation is a process involving interactions between subsystems and their components that leads to the emergence of implementation outcomes, as well as effects on the system components themselves. We also describe the influence of extra-governmental systems, including (but not limited to) the academic sector, third sector, private sector and intergovernmental sector. Finally, we present a case study that applies this framework to understand the implementation of HiAP – the Health 2015 Strategy – in Finland, from 2001 onward. This framework is useful for helping to explain how, why and under what circumstances HiAP has been successfully and unsuccessfully implemented in a sustainable manner. It serves as a tool for researchers to study this process, and for policy-makers and other public health actors to manage this process.","Hummelbrunner calls an ""open change process"" ( , p. 395). Thus, the systems framework described below is intended as a tool for researchers to study this process and for policy-makers and other public health actors to manage it. A Systems Theory primer:
 This framework was developed by our team iteratively over the course of many discussions between 2015 and 2016, with a focus on articulating the most important and unique facets of government systems relevant to the implementation of HiAP. These discussions were informed by (1) several existing theories about policy implementation (e.g. ), including our own initial frameworks about the implementation of HiAP , and (2) a wide range of evidence on the topic of implementing intersectoral action for health equity , including our analysis of three case studies of HiAP implementation in Sweden, Quebec and South Australia . Importantly, we also apply a realist scientific approach to our case studies, which is an ontology that has focused our work on understanding the oft-hidden generative mechanisms that explain implementation outcomes (described further below) . A Systems Theory primer:
 The framework below presents HiAP implementation as a process involving interactions between system components and subsystems in our model that leads to the emergence of both favourable and unfavourable implementation outcomes, as well as effects on the system components themselves (i.e. feedback). Figure  and Table  outlines our systems framework for HiAP implementation in terms of a series of components pertaining to three subsystems, including the executive (heads of state and their appointed political elites), intersectoral (the milieu of policy-makers and experts working with governance structures related to HiAP) and intrasectoral (policy-makers within policy sectors). A Systems Theory primer:
 The implementation of HiAP often requires policy coordination across multiple government levels or systems (e.g. national, provincial/state, regional and local), as well as with other systems outside of government that affect health equity (that do not necessarily look like Fig. ). Therefore, we also include a role for extra-governmental systems, which can influence the implementation of HiAP in many ways (described further below). A Systems Theory primer:
 In HARMONICS, systems theory has been useful for testing hypotheses and explaining phenomena about two favourable outcomes of the implementation process, namely the acceptability (i.e. are sectors willing to collaborate on health and equity?) and feasibility (i.e. do sectors have the capacity to effectively collaborate on health and equity?) of HiAP implementation for partners in diverse policy sectors related to the ongoing process of implementation . Acceptability and feasibility are favourable inasmuch as they contribute to more sustainable implementation of HiAP and they may also lead to stronger types of HiAP. A Systems Theory primer:
 For example, acceptability and feasibility may facilitate a broader inclusion of policy sectors that participate in HiAP over time, reflecting both a larger number of sectors and greater diversity among those sectors, e.g. including social and economic-oriented sectors. There may also be stronger equity interventions (i.e. interventions that are more upstream), as reflected by the values and ideas implicit in the theory of change for resulting health equity interventions."
"The Effect of Balanced Scorecard as a Strategic Implementation Tool to Enhance Efficiency at Kenya Bureau of Standards","https://scispace.com/paper/the-effect-of-balanced-scorecard-as-a-strategic-7scpirb57g","2016","Journal Article","IOSR Journal of Business and Management","Listone Kipkirui Langat
Daniel M. Wanyoike","10.9790/487X-180803112125","https://scispace.com/pdf/the-effect-of-balanced-scorecard-as-a-strategic-7scpirb57g.pdf","The Government of Kenya has made substantial investment in the public sector through creation of diverse corporations. However, most public sector firms have not shown the required levels of efficiency and effectiveness that would be required of them. This has necessitated diverse measures such as the Results Based Management System (RBMS) which was initiated by the Government of Kenya in 2005. This management system has been put in place to ensure efficiency and effectiveness in service delivery in public sector organizations. Therefore the Kenya Bureau of Standards (KEBS), like any other public sector organizations, is required to operate under the RBMS of which Performance Contracts (PC) are a key component. The application of the Balanced Score Card (BSC) in the strategy management process has been found to be a useful tool in the clarification of the vision and mission of organizations and the rallying of the organizational members towards its achievement. This study examined the role of the BSC as a strategic implementation tool to enhance efficiency at KEBS. The specific research objectives included the examination of financial perspective, customer perspective, internal business processes perspective, and learning and growth perspective of the BSC on the efficiency at KEBS. The theoretical underpinning of the study was open systems theory and the institutions' theory. The study was based on the descriptive research design with the target population of 150 management staff at KEBS. The sample size is 109 respondents. The study out the following; that there was a significant relationship between financial perspective of the balanced scorecard and organizational efficiency at KEBS. This was attributed to the availability and sufficiency of resources at both the organizational and departmental levels for KEBS to execute its mandates at those levels on time, and in the required scope hence improving on the organizational efficiency. Secondly, there was a significant relationship between the customer perspective aspect of the BSC and organizational efficiency at KEBS. The customer perspective was important to the organizational efficiency at KEBS through reduction of turnaround timelines in service delivery. There was also a significant relationship between the internal business process perspective of the BSC and organizational efficiency at KEBS. This was attributed to the internal business processes ability to influence customer satisfaction. Lastly, there was a significant and positive relationship between learning and growth perspective aspect of the BSC and organizational efficiency at the organization. This significance was attributed to the ability of KEBS to benchmark and learn on best practices on diverse aspects of its mandates. The study recommends that KEBS should focus on the learning and growth perspective of the balanced scorecard as it had the greatest influence on its organizational efficiency. The study suggests further studies on the examination on other financial perspective metrics of the balanced scorecard and the ways in which it can help in organizational efficiency at KEBS.","Strategic Implementation Tool to Enhance Efficiency at Kenya Bureau of Standards Authors: Listone Kipkirui Langat,Daniel M Wanyoike Keywords: Balanced Scorecard, Customer Perspective, Financial Perspective, Internal Business Perspective, Learning & Growth Perspective Introduction:
 Governments have demanded greater transparency and accountability in regard to the use of public funds. Therefore, public sector organizations have turned to private sector performance management practices as potential means of improving and demonstrating their own performance and accountability . In particular, there has been a move towards specifying strategic goals, which then form the basis for setting published performance targets against which public sector organizations must report . Balance scorecard is widely advocated as having the potential to support these performance management. In particular, the BSC is thought to present a multi-dimensional view of performance across different objectives and stakeholders, as is required for many public sector organizations . Further, the BSC's focus on Key Performance Indicators (KPIs) that directs managerial attention to important drivers of organizational results, and informs performance management by linking these KPIs in causal relationships with desired outcomes . Despite this apparent match between the BSC and public sector performance Theoretical Review:
 The study used the open systems theory and institutional theory. The open system theory was developed by the biologist Ludwig Von Bertalanffy . The system is defined as a set of objects or entities that interrelate with one another to form a whole . The system theory is concerned with the problems or relationships, of structures, and of inter-dependence, rather than with the constant attributes of object . The systems theory views an organization as a social system consisting of individuals who cooperate within a formal framework, drawing resources, people, finance from their environment and putting back into that environment the products they produce or the services they offer . The Open systems theory is concerned with understanding organizations in their entirety: therefore it takes a holistic rather than a particularistic approach thus reflected on its approach to change . Theoretical Review:
 The corner stone of the open systems theory is that the organizations are influenced by the environment in which they operate in. These organizational interactions occur through the use of the environment for provision of inputs and the release of outputs that is products and services to the environment . Therefore, the organizations must consider the environment in their operations to ensure efficiency and success in their operations. This theory is applicable in this study because the BSC is concerned with the driving of future direction, building in cause and effect linkages while simultaneously taking into account both financial and intangible resources that can determine success or failure. The theory is also relevant because one of the BSC components is the customer which refers to a component within the organization's environment in which the organization must cater for to enable its efficiency in service provision. Theoretical Review:
 On the other hand, the institutional theory was advanced by Selznick in 1957. The institutional theory is concerned on the transformation of organizations into institutions, focusing on routines, roles, beliefs and processes by which value is infused . The institutional theory considers the processes by which structures, including ethics; rules, norms, and routines, become established as authoritative guidelines for social behavior which is an important aspect in change management. This change management is critical to enable the organizational efficiency as the organization keep on adjusting to arising issues."
"Dictionary of Public Administration Management","https://scispace.com/paper/dictionary-of-public-administration-management-2ppwosnv","2022","Book","","","10.51936/978-961-295-026-2","https://scispace.com/pdf/dictionary-of-public-administration-management-2ppwosnv.pdf","","States) following the Pre-Election Presidential Transition Act (2010) and Presidential Transitions Improvements Act (2014). The check and balances system has put in place a necessary validation of one-third of these officials by Congress to avoid such problems. System theory:
 is an interdisciplinary concept that addresses interrelated and interdependent structures-systems. This theory springs from natural sciences and is suitable for the constitution of public administration and management. It suggests that a system consists of a variety of elements that are bonded and function together. System theory argues that the open system approach is key, considering that the environment works closely with each element that constructs the system. The approach highlights the limitations public administrations face and proposes a comprehensive analysis of the system as a whole in its environment. System theory divides organisations that work through an open system that consists of inputs (resources, materials, capital, information, technology), transformational processes (employee work activities, management activities, operations methods), outputs (products or services, financial results, information, human results), feedback (results from outputs influence inputs), and the environment (internal and external factors that affect the system). The theory is based on effectiveness that reflects long-term growth or sustainability. When all elements of a system work together, this creates a state of homeostasis, which provides growth. Systems theory explains the effectiveness of organisations through their adaptability to external environments, which can be static or dynamic, meaning that some are more and some less predictable, which range from static to dynamic, meaning some environments are more predictable than others. The concept of system theory can be used in implementing protocols for regular feedback to the organisation. This theory is also adaptable when trying to understand the role of research and feedback in creating a strategy in public management. Public management should be studied and approached as a whole, inspecting all elements of its work areas, which will result in a better understanding of organisation processes, their compatibility and providing better results."
"Government's role for transport infrastructure: theoretical approaches and historical development","https://scispace.com/paper/government-s-role-for-transport-infrastructure-theoretical-28x7js22dq","2013","","","Björn Hasselgren","","https://scispace.com/pdf/government-s-role-for-transport-infrastructure-theoretical-28x7js22dq.pdf","This thesis analyzes and discusses the development of the Swedish government’s role as owner and financier of roads and railroads from the 1930s until the 2010s. The influence on the development of ...","Economics Can't Explain the Modern World (2010), the tendency for a majority of the bourgeoisie to encompass values like the search for new knowledge and the creative destructive power of that knowledge in transforming societies is brought to the forefront in understanding change and growth. Institutional theory and organizational focus:
 This latter view might be seen as pointing in the direction of different layers or aspects of factors that explain growth and change in societies. A model where different such levels of societal systems and their connection are displayed has been discussed by . Four levels are included in the model presented by Williamson. These range from: (1) slowly changing cultural factors like customs and tradition; (2) the institutional environment, with judicial systems like property rights; (3) governance; and (4) most rapidly changing, resource allocation dilemmas facing most organizations, such as pricing and incentives. The model also entails interrelated loops between the different levels, pointing at the dynamism of the institutional perspective. Institutional theory and organizational focus:
 Institutional theory and its application in the transport policy sector have been discussed by . They point to the importance of property rights for the spread of road systems financed with tolling. Transaction costs connected to borders can explain why cross-border trade has been smaller in size than otherwise could have been expected. The size of trade and lack of economic integration between Sweden and Denmark in the Öresund region, as an example, have been discussed in these terms. Institutional theory and organizational focus:
 For the future, Rietveld and Stough single out institutional settings that support a development in line with claims for sustainability, the further regulatory reform to strengthen institutions that support efficiency, and the prospect for successful Public Private Partnerships (PPP) projects as important.  has also later commented on cross-border aspects of transport from an institutional perspective. Institutional theory and organizational focus:
 Transaction cost theory is part of Williamson's model and an area that has been developed for analyzing the boundaries of organizations and the balance between markets and organizations/hierarchies. These theories can be applied to the transport infrastructure area to deepen the understanding of how and why different organization models are chosen. One such attempt has been presented by , while  discusses the importance of technological creativity and change in a development perspective. Institutional theory and organizational focus:
 One of the themes in institutional theory has been the existence of transaction costs representing friction in the economic system, which can explain how and why different organizational solutions are chosen. Transactions costs can be analyzed in the short run as being stable, while in the long run are more flexible and dynamic. As mentioned above,  presented a major analytical application of transaction cost theory to the railroad sector. Stable and dynamic transaction costs:
 For one of the purposes in this thesis, which is to discuss the balance between public and private sector provisions of transport infrastructure systems, transaction cost theory is one possible analytical tool. The transaction cost approach was introduced by  and developed by . The original theories, which were developed for private sector organizations, have later been adopted for public sector organizations by  and further by ."
"Evaluating the institutional factors affecting e-government implementation","https://scispace.com/paper/evaluating-the-institutional-factors-affecting-e-government-44hiz6pl0t","2011","Dissertation","","Moaman Mohamed Al-Busaidy","","https://scispace.com/pdf/evaluating-the-institutional-factors-affecting-e-government-44hiz6pl0t.pdf","",", , , , , , , and to study the implementation of electronic services in the public sector. Thus, the next section examines institutional theory as the most relevant theory for understanding the various changes that take place in an e-government context and associated challenges. Institution Theory:
 Various studies have examined the basis of power within organisations [see Weber  and ]. These studies begin by introducing the earlier works conducted by social exchange theorists and political scientists. For example, early studies by Robert  have discussed various aspects of bureaucracy and behaviours of the organisation . Following on from these ideas, many researchers have produced new ideas around the organisation's environment, including intra-organisational relations and relationships between organisations . Moreover, for many decades the agendas of many researchers have begun with a focus on sociological studies of organisations . Thus, the idea of institutional theory is surrounded by the question of why different organisations that have developed in different environments are often so similar in structure. According to  and  institutional theory has no set of standard variables and it is not associated with a standard research methodology, therefore studies which have adopted institutional theory as a theoretical lens have depended on a different selection of techniques, including case analysis, cross-sectional regression and so forth . Before analysing institutional theory, the reader needs to understand the meaning of institutions.  suggested that institutions act as ""habits of life, particularly with the changes which the modern era brings in industry and in the economic organization of society"". There is no single and universal agreed definition of an institution theory among the researchers and practitioners. For instance,  assert that ""The new institutionalism in organization theory and sociology comprises a rejection of rational-actor models, an interest in institutions as independent variables, a turn toward cognitive and cultural explanations, and an interest in properties of supra-individual units of analysis that cannot be reduced to aggregations or direct consequences of individuals' attributes or motives"". However, various researchers (such as  have offered different definitions to explain the concept of institution theory, but the most useful and suitable definition for this paper is the following definition: ""Institutions are social structures that have attained a high degree of resilience.  are composed of cultural-cognitive, normative, and regulative elements that, together with associated activities and resources, provide stability and meaning to social life. Institution Theory:
 Institutions are transmitted by various types of carriers, including symbolic systems, relational systems, routines, and artifacts. Institutions operate at different levels of jurisdiction, from the world system to localized interpersonal relationships. Institution Theory:
 Institutions by definition connote stability but are subject to change processes, both incremental and discontinuous"" . Institution Theory:
 In the modern business environment, 'institution' has become a broader term with more complicated movements, rules and mechanisms to realise core business objectives .  noted that ""Institutionalization is both a process and a property variable… Institutionalized acts, then, must be perceived as both objective and exterior"", though this process and property are dependent on the level of institutionalisation. Institution Theory:
 Thus, researchers treated organisations in much earlier times as general social problems, however, Merton with his students changed to more focus analysing field of studies. They recognised that the idea behind the term of organisations widely represents independent social actors in modem societal processes ."
"Exploring the Role of Human Capital Management on Organizational Success: Evidence from Public Universities","https://scispace.com/paper/exploring-the-role-of-human-capital-management-on-4oqvwz5kxb","2016","Journal Article","Management Dynamics in the Knowledge Economy Journal","Odunayo Paul Salau
Hezekiah Olubusayo Falola
Ayodotun Stephen. Ibidunni
Ebeguki Edith Igbinoba","","https://scispace.com/pdf/exploring-the-role-of-human-capital-management-on-4oqvwz5kxb.pdf","The demand for higher education in Nigeria has been considered as not only an investment in human capital, but also a pre-requisite for economic development. Consequent upon the expansion of higher education in Nigeria, quite a number of institutions have suffered decay due to poor work environments, inadequate educational facilities and poor funding which have resulted into unabated brain drain, strike and turnover. However, the need to develop talents is no longer hidden, what remains controversial is knowing the best method for managing human capacity especially in Nigerian State owned universities. Thus, this study examined the relationship between human capital management and organizational success using three State owned universities in Southwest, Nigeria. These universities (Ekiti State University (EKSU), Lagos State University (LASU), Tai Solarin University of Education (TASUED) were chosen for their uniqueness. Survey research design was adopted with 398 respondents (staff). Self-administered questionnaire was adopted and analyzed with the adoption of Structural Equation Modelling (SEM). However, the results indicated that adequate leadership practices; learning capacity; workforce optimization; knowledge accessibility; workplace culture and; mentorship are significant predictors of organizational success in higher education.","Ghana occupied first position with allocation to the education sector of 31.0% as South Africa and Kenya 5th and 8th positions with percentages of allocation to education sector at 25.8% and 23.0% respectively. Human Capital Management and academic excellence: the Nigerian perspective:
 Several attempts have been made by government to reverse the deteriorating trend in the university system, among which is the introduction of tertiary education trust fund (Tetfund) to meet the need of the academics in order to develop them. The ugly part of this is that many of the beneficiaries have abused the fund while some academics have refused to explore the opportunities due to one reason or the other. Academics in the private universities have also criticized their exclusion from the fund. Rotimi Ajayi (2013) supported the notion that it is very wrong for the educational authorities in the country to exclude the private universities from the funding opportunities offered by the Tertiary Education Trust Fund (TETFund) just on the weak claim that they are privately-owned. It has been observed that educational institutions (public and private) in Exploring the Role of Human Capital Management on Organizational Success: Evidence from Public Universities:
 developed countries like the United States, United Kingdom and Canada are heavily funded by governments as they realize that their success is the governments' success. It is when these institutions are strong and viable that the government would be able to derive the greatest benefits in taxes, social development, employment generation and benefits of social reengineering from them."" Theoretical framework:
 Quite a number of theoretical grounds can be explored to explain the relationship between the variables in this study. Human capital theory can be associated with the resource-based view of the firm as developed by . This proposes that sustainable competitive advantage is attained when the firm has a human resource pool that cannot be imitated or substituted by its rivals. Human capital theory views schooling and training as an investment in skills and competences . The human capital theory (HCT) extended the ground as it prescribes education, training and skills acquisition as mechanisms for attaining productivity and workers' efficiency. It is thus imperative for higher institutions to develop its human capital since performance of academics contributes to students' academic excellence . Theoretical framework:
 The cybernetic theory which explains the input-throughput-output model is also adoptable in this study. The input, throughput, and output or outcome: (1) input in this model includes human knowledge, skills, and abilities; (2) throughput, which is transformation of input, refers to human capital development; and (3) output, which results from input and throughput phases, can be performance or delivery. This cybernetic systems model suggests that human capital development results in employee competence, such as knowledge, skills, and abilities (input); and employee competence leads to employee behavior (throughput), which subsequently influences employee performance (output)."
"Exploring strategic leadership challenges in achieving an ICT enabled transformational government","https://scispace.com/paper/exploring-strategic-leadership-challenges-in-achieving-an-19b6kxfilz","2011","Dissertation","","Marwan Elnaghi","","https://scispace.com/pdf/exploring-strategic-leadership-challenges-in-achieving-an-19b6kxfilz.pdf","Acknowledgement, and Table of contents Marwan Elnaghi II Abstract This empirical research focuses on exploring the role of strategic leadership in the shift from Electronic Government (eGovernment) to Transformational Government (tGovernment). Despite the fact that many countries have implemented eGovernment, the literature reports a number of themhave failed to reach the promised seamless transformation. Moreover, there is a dearth of research into the domain of tGovernment; the research which exists is limited in extent thus leaving scope for timely and novel research contributions. This thesis reveals that a valuable contribution to knowledge could be derived from exploring the domain of transformational government. The leadership motivationand incentives to conduct a radical government organisational change have become an area of great importance. There is limited research on the strategic role of leadership in achieving transformational government domain; hence, the implications of seamless integration for transformational government have yet to be explored. This research discusses transformational government by using a qualitative, multiple case study research strategy. Data is triangulated and analysed according to its explanatory properties and underlying structural context. This researchextends established norms in literature for tGovernment implementation by incorporating established theories in organisational change from other related disciplines. This is to explain the significance of the underlying philosophical nature of the emerging themes, thus enabling government leaders to create robust strategic proposals for tGovernment. This empirical research is conducted in a Middle Eastern cultural context based in Dubai, United Arab Emirates. The research arrives at several key findings and themesthat contribute to the body of knowledge. A primary finding is the need for a radical change and an innovative managerial approach in using ICT to enable radical change in government organisations. A related finding of this research is that many assumptions underlying the various tGovernment models for transformation fall short to empirically explain the transformational government domain.The government visionary leadership has been proven to be a powerful driver for change in terms of initiating and leading the process for transformational government. A Abstract, Acknowledgement, and Table of contents Acknowledgement, and Table of contents Marwan Elnaghi III Acknowledgement I would like to express my sincere gratitude and thanks to all those who have offered help, and advice over those years of enduring doctoral research. It is recognised that research activity is a collaborative effort in nature; and the research presented in this thesis is no exception. The support of a number of individuals and organisations is gratefully acknowledged. I would like to express my gratitude to my supervisors Dr. Sarmad Al-Shawi and Professor Zahir Irani for their enthusiastic support, advice, patience and constant energy for ideas’ sharing throughout the research effort. Their influence is inherited in both the theoretical and practical aspects of this work. I would like to thank Dr. Vishanth Weerakoddy, Dr Muhammad Kamal, Professor Ibrahim Osman, Dr. Farouk Missi, and Professor E.H. Twizellfor their constant encouragement, guidance and support. My additional big thanks also go to Professor Irani rectifying me throughout my doctoral studies and offering me a part-time lecturer position at Brunel Business School. I owe special thanks to my father (Mustapha Elnaghi) who managed to help me to get to the stage due to his struggle and hard work throughout his life, as a motor mechanic, and supporting his children for the best education, and for this I am proud of him. I also extend my great debt to H.E. Mr. Moustafa Durnaika Chairman of SOGEX Services International Ltd for his benevolent support to come to the United Kingdom to pursue my further education. I again owe big special thanks to my wife Fatima for her immense support (morally, emotionally, intellectually, and financially!) all the way through my doctoral studies and my beautiful daughters Sarah and RayenNaghiand my son Mustapha. Last but not the least, in terms of exchange of ideas, support, criticisms and intellectual stimulation, thanks is offered to all my fellow members of academic staff at the Brunel Business School. I also acknowledge, with great thanks, the case government organisations of Dubai Government namely: (Dubai Municipality, Dubai Police, and Dubai Naturalisation & Residency Department) and their staff, who contributed to the empirical side of this work with their transparent openness, for their welcoming generosity with time, support and professionalism. A Abstract, Acknowledgement, and Table of contents Acknowledgement, and Table of contents Marwan Elnaghi IV Declaration I declare that, to the best of my knowledge, no portion of the study referred to in this thesis hasbeen submitted in support of an application for another degree, or qualification, to any other university, or institution of academic learning. The thesis conforms to the British Standard BS 4821: 1990, the `British Standard Recommendation for the Presentations of the Thesis and Dissertations', and follows theHarvard referencing system.","Institutional Theory: From a socio-organisational perspective, there was attempt to develop taxonomy of organisations within an institutional environment in order to conceptualise how organisations respond to violations of institutional norms and the resultant implications these actions have on the potential for change . Institutional Theory:
 There is a mediating effect of institutional pressures on ICT assimilation in large-scale enterprise systems . This is drawn from institutional theory as a conceptual lens to examine the impacts of specific institutional factors (such as top management advocacy, strategic investment rationale and coordination) on the extent of assimilation of Web technologies into eCommerce strategies and activities in firms. In particular, the authors test the relationships among these factors using quantitative measures and the extent of the impact they have on organisational assimilation of Web technologies, whereas authors such as Marks (2007) and  have used institutional theory to evaluate the National Programme of Information Technology (NPfIT) in the UK, the world's largest public sector IT programme. In this context, they have used institutional theory to evaluate the wider organisational factors that influence the NPfIT programme. On the other hand, of course, there is no theory application in any domain without its due criticism. And to that effect, for example, Marks (2007) also examined the appropriateness and applicability of the method chosen (institutional theory) by  in the light of the complex and dynamic process that is involved in the transformation of the National Health System (NHS) in the UK. Institutional Theory:
 The relevance of institutional theory is particularly notable in the context of understanding the impact of internal and external influences on organisations that are engaged in various change programmes, particularly those that involve ICT-enabled change in government organisations. Institutional Theory:
 Thus far, while many studies have applied an institutional perspective to study social and political phenomena in an organisational context, few have focused on using the theory to understand the implementation or the impact of technology enabled change in organisations . Institutional theories, then, suggest that the creation of supportive institutions may have broad implications for the capacity to innovate over time in other policy areas as well. Institutional Theory:
 More recently, institutional theory has been used to study the effects of internal and external influences on large-scale IT implementations. For instance, a study by  focused on the influence of top management. This work further focused on the application of institutional theory to examine the adoption of IS in organisations. That research was further developed and tested a theoretical model to investigate the assimilation of enterprise systems in the post-implementation stage within organisations. They also use the research model to explain how top management mediates the impact of external institutional pressures on the degree of usage of Enterprise Resource Planning (ERP) systems. Another study, in a similar context,  is also relevant in that the authors combine institutional theory with three other methods (organisational politics, organisational culture and organisational learning) to study the organisational consequences of information technology (i.e. the transformational effects of IT)."
"Conflicting theories of social and educational change : a typological review","https://scispace.com/paper/conflicting-theories-of-social-and-educational-change-a-51q1t0nlwc","1976","Book","","Rolland G. Paulston","","https://scispace.com/pdf/conflicting-theories-of-social-and-educational-change-a-51q1t0nlwc.pdf","","slighted, rejected as ""manipulative"" or ignored completely. Often much more attention is put on constructing the innovation itself than pl-. mg and cartync: t.--tt the strategy fo! gaining its adoption"" (p. 647). SYSTEMS THEORY:
 When one examines the vast literature on educational change efforts in the following Miles' assessment of the field, it is clear hat the research and development model in vogue during the 1960s largely conc.:teated on the change process in isolation and continues to ignore the ptoblem .1f who determines a system ""malfunction"" . Herzog (quoted in CERI, 1973) criticizes the P-R-D-D or systems model as being ""naively profession-o-centric"" in viewing ""schools as objects to be manipulated."" Systems approaches, he contends, ""fail to recognize that most people are attached to whatever they are doing because they believe in the value of it, not because they are resistant to change"" (p. 37), and when systems approaches are used in technical assistance efforts overseas, the problem is often compounded by chauvinism as well. , a pioneer in input-output analysis, claims, for example, that ""the process of development consists essentially in the installation and building of an approximation of the system embodied in the advanced economies of the US. and Western Europe, and more recently, of the USSR"" (p. 159). Only rarely have those involved in planning change attempted to identify, include, and operationalize contextual variables such Normative-Re-educative as competing ideologies, power, value dis-census, and the like, which might question the conservative notions of equilibrium and consensus inherent in the functionalistcum-systems perzpective . Stufflebearn's systems-conservation bias (see Figure ) of why and how change occurs in educational systems is illustrative.  have attempted to refine and advance systems theory in ways that will permit dynamic descriptions of structural-change processes. They argue that ""structural change is the sine qua non of true growth, yet models that predict structural change have not been developed"" (p. 41). The problem, they contend, lies largely in the limitations of applied systems theory SYSTEMS THEORY:
 where ""traditionai input-out analysis carries with it. the burdens of 1) the assumption of linearity, 2) the requirements of quasi-stationary time series and of data, good in quantity and quality, 3) its intrinsically descriptive, non-projective characteristic, i.e., it has no provision for predicting structural change, 4) its assumption of the U.S. economy as a normativ,:: goal of development, and 5) its positivist orientation, that is, it provides no insight into mechanisms of the socio-economyit is r black-box, operational method"" (p. 41). SYSTEMS THEORY:
 In a broad critique of the equilibrium paradigm,  perceptively analyzes the post-1960 work of neo-evolutionists and S/F theorists that tries to account for violence, conflict, and revolution, i.e., the phenomena that functionalism has been accused of neglecting while concentrating on value-integration and continuity in social forms via ""moving equilibrium."" Despitu efforts by S. N."
"The complexities of electronic services implementation and institutionalisation in the public sector","https://scispace.com/paper/the-complexities-of-electronic-services-implementation-and-3qxrv36g2g","2013","Journal Article","Information & Management","Ramzi El-Haddadeh
Vishanth Weerakkody
Shafi Al-Shafi","10.1016/J.IM.2013.02.005","https://bura.brunel.ac.uk/bitstream/2438/9091/2/Fulltext.pdf","","Title: The Complexities of Electronic Services Implementation and Institutionalisation in the Public Sector Authors: Ramzi El-Haddadeh,Vishanth Weerakkody Keywords: public sector, electronic services, IT implementation, institutional theory, organisational transformation"
"Impacts of International","https://scispace.com/paper/impacts-of-international-4y0hmh3t59","1995","","","A Steve
Oak Brook
Descriptors Adult
Bryony A. Thompson
D. Knutson
Benny L. Lockett
E. Tomlin
D. Hamilton
Michael D. Woods
Warren L. Trock
A. Weber
R. Harvey
C. Pulver
L. Gardner","","https://scispace.com/pdf/impacts-of-international-4y0hmh3t59.pdf","","legislatures across the country (Vold and DeVitis) and spending on public schools increased in real terms. But despite the enacted reforms and increased spending, little improvement in traditional measures (test scores and dropout rates) of public education performance has occurred. Issues and Blocks to Institutional Change:
 The Role of Family, Community and Support Services The failure of reforms and increased funding to be matched by improved performance led to a search beyond the school for reasons and they have been found. It has been found that changes in families and communities and the distribution of income cannot be separated from students' performance in school. Poor children, for a wide variety of reasons, including health and nutrition, carry deficits with them to school and they greatly affect performance. In the words of Ernest Boyer, ""Education problems cannot be divorced from the problems of the poor"" (p. 182). More directly, in an extensive review of the productivity-of-schooling literature, Ganderton and Griffin find strong support for the hypothesis that, ""the primary sources of variations in the rate of return to education are the variations in child quality"" (p. 40). They also find that child quality measures have a greater impact on the rates of return to education for minority groups than for whites; conditions within the family play a larger role in determining educational success in minority families than in white families. Issues and Blocks to Institutional Change:
 Broadening the Definition of Human Capital These, and an impressive body of research documenting the effect of social deficits on the production of human capital, have led some researchers to extend the concept of capital to refer to social capital  and cultural capital. These concepts have been coined in an effort to conceptualize the significant role of family and community in affecting school performance and, eventually, the production of human capital. An effect of the research and further conceptualization has been to broaden the concept of human capital and, therefore, potentially the range of public policies having a role to play in producing it. Issues and Blocks to Institutional Change:
 Salamon offers such a broadened definition: Conceptually anything that contributes to population quality can be considered a form of human capital, particularly if it extends the useful life of the human capital stock or otherwise enhances the ability of people to contribute to the production process. These improvements in nutrition, in health, in housing, and in the quality of life generally can be considered forms of human capital (p. 6). S5:
 Such a definition is not simply academic; it is pertinent to how and what public policies are considered an integral part of human capital development. It also implies consideration of what human capital investments are likely to produce the greatest returns and, further, as we elaborate in the next section, a need for human capital investment strategies that place greater emphasis on coordination and linkage among the suppliers of services that are known to be pertinent to eventual human capital production. S5:
 The problems of public education are embedded in the ""mix"" of institutions in the society. Some analysts see the preoccupation with the failures of public schools as a way of avoiding confronting broader social problems . As suggested by Passow, ""Reforming schools is very different from reforming society. . . . (but) Both must occur simultaneously if real reform is to take place"" (p. 683). Or Boyer states it more succinctly: "". . . we must realize that schools cannot do the job alone"" (p. 190)."
"Factors influencing project funds utilization in water service boards in Kenya: the case of Tana water services board","https://scispace.com/paper/factors-influencing-project-funds-utilization-in-water-1vu5ef5mij","2014","Dissertation","","Issa Mohammed Ismail","","https://scispace.com/pdf/factors-influencing-project-funds-utilization-in-water-1vu5ef5mij.pdf","Kenya faces serious challenges with regards to provision of water services despite the efforts of investments provided in the past years by the Government and development partners since existing facilities have continued to deteriorate and fail to meet the demand of the increasing the population, particularly in many rural areas and the very rapidly growing settlements of the urban poor. This challenge is more so due to over reliance of external funding to build sustainable water systems. Poor project funds utilization makes many water projects not to see the day light. Therefore, this study set out to investigate factors affecting projects funds utilization in Water Service Boards in Kenya. It therefore focused on the influence of funding requirements, institutional capacity, management information systems and policy framework or project funds utilization. The study was conducted through a descriptive research design. The study targeted workers in Tana Water Service Board in Nyeri. The study was conducted through a census. Both primary and secondary data were used to collect information for the study. Descriptive statistics as well as inferential statistics was used for the analysis. This infers that institutional capacity contributes most to the project funds utilization followed by management information system, policy frame work and institutional capacity. This study also established that funds allocated to projects by the government and other organizations should be disbursed in time. The study also found that most of the projects were not staffed appropriately. This study therefore recommends that more staff should be employed to work in projects so as to staff projects appropriately.","implement and sustain projects. Increasing resource flows to finance programs/ projects at district / constituency levels have come without corresponding investment in capacity building. The additional project case work created by DFs puts heavy pressure on the limited technical staff at District level and below. Government as a partner in Development Projects:
 Second, there is lack of stakeholders' participation: Even though the governing principle of the DF is to encourage community participation, an institutional framework for community involvement is missing. The overall characteristics of the DFs therefore is that: Local councils as well as parliament retain control of resources and Local communities lack awareness about the objective, rules and procedures governing their access to DFs, and their roles and mandates. Government as a partner in Development Projects:
 Appropriate community participation tools and approaches such as Participatory Rural Appraisal (PRA) have not been adequately utilized for entrenching community participation. Government as a partner in Development Projects:
 Consequently, there is inadequate transparency and accountability. Within the highly contested political environment in Kenya, DFs have also been a locus for intense political competition due to the over involvement of political leadership which has caused prejudice to the planning, participation and implementation processes. Many projects are being used to leverage political support. Accountability mechanisms also appear weak as a result of inadequate mechanism for communities to exact public accountability. Government as a partner in Development Projects:
 Lastly, there are poor monitoring and evaluation mechanisms. In general, since capacities for districts and constituencies to monitor and evaluate projects are inadequate, M&E mechanisms are not well developed. At the community level, there is a lacuna in terms of who and how projects should be monitored. In addition, there is a glaring lack of computers and modern data storage and retrieval systems for enhancing financial management. Systems Theory In Institutional Capacity:
 The institutional theory examines the influence of the external factors of the firm and how enterprises adopt policies and implement strategies that are legitimate within their organizational fields Organizations consider industry norms, firm tradition and management fads among other concerns to formulate their strategies. There are three major sources of external pressures: functional, political and social which force organizations to implement appropriate strategies actions . Systems Theory In Institutional Capacity:
 One way to address institutionalization is to revive the institution theory that has been used in organizational analysis, as well as in number of other areas of social science. In this theory, organizations are defined in terms of their capacity to create and maintain a boundary from the environment and from other organizations must import resources from the environment but the more institutionalized are hypothesized to have effective gatekeepers to control those transactions . Systems Theory In Institutional Capacity:
 Capacity is the ability of people, organization and society as a whole to manage their affairs successfully. Capacity refers to the overall ability of a system to perform and sustain itself; the coherent combination of competencies and capabilities. As top the role and purpose of capacity building there is an underlying agreement that capacity building is about change making things better, adding value, developing new assets or talents. It is about how best to develop new capabilities (i.e. institutional assets or collective skills) and new competencies (i.e. individual skills and energy or new personal behaviors). These can take place at many different levels (micro, meso and macro) with different elements of target groups ."
"Internal Financial Controls and Working Capital Management in Public Universities in Uganda: A Case Study of Makerere University Kampala","https://scispace.com/paper/internal-financial-controls-and-working-capital-management-4vkij38lx2","2020","Journal Article","International Journal of Business Administration","Eric Nzibonera
James Ninsiima","10.5430/IJBA.V11N3P72","https://scispace.com/pdf/internal-financial-controls-and-working-capital-management-4vkij38lx2.pdf","The objective of the study is to examine the extent to which internal financial controls affect working capital management in Public Universities in Uganda. Working capital is vital for running of institutions because it provides the financial liquidity needed to effectively manage day-today operations. A cross-sectional research design was adopted using a quantitative approach. Data was collected from staff of Finance and Internal Audit Directorates, and heads of Departments, Schools and Colleges of Makerere University using a self- administered closed ended questionnaire. Empirical data was analyzed using descriptive statistics, Pearson’s correlation and regression tests. Findings indicate that the elements of internal financial controls which include; the control environment, risk assessment process and budget control have a positive and significant effect. The effect of control activities is not statistically significant. Therefore, Public Universities should strengthen financial control policies and procedures, risk assessment processes and budgetary control mechanisms to effectively manage working capital.","Uganda and to establish the relationship between internal financial controls and working capital management in Public Universities in Uganda. The study contributes to literature on the effectiveness of internal financial controls in managing use of public funds needed for day-today operations in the public sector. Introduction:
 The structure of the paper comprises five areas which includes the following: The first part is the introduction which describes the general context and background information of the study. The second part is the theoretical and literature review which discusses the existing theories and literature about the effectiveness of internal financial controls in working capital management. The third area covers the study design and methodology. This describes the approach used, the sampling framework and methods of data collection, testing for validity and reliability of data collection instruments and the research model using the regression equation. The fourth part of the paper presents the discussion of main findings and the last part describes the conclusions, implications and the contribution of the study. Efficiency Theory:
 This research is based on the efficiency theory developed by an American economist called Havey Leibenstein in the year 1993.  observed that the general efficiency of a firm's management is found in its ability to transform inputs at minimum cost into maximum profit. This theory compares the inputs and output to establish the level of fairness in the efficient utilization of resources. This theory is applicable in the university system in that for the university system to effectively manage funds, internal financial control measures must be put in place to ensure that available resources are effectively and efficiently used in order to achieve the set goals and objectives. In some cases, it is not poor funding that is the problem but mismanagement, misappropriation and other fraudulent practices that are responsible for the lack of effective working capital management. Managers of public university funds need to be prudent in their financial control systems in order to manage available resources for proper working capital management. Institutional Theory:
 The theory is associated with Blacke & Moseley (2010) and is described from the perspectives of Max Weber's bureaucracy and Fredrick W Taylor theory of scientific management. It considers institutional systems as social organization structures with schemes, rules, norms, unit and chain of command, division of authority with established and authoritative guidelines which work towards strengthening control systems. The theory postulates that institutions should have mandate and well established systems to enable people work and minimize opportunistic human behavior. This improves operation systems and enhances management of working capital. The theory further explains how structures and systems of an organization are coordinated to improve operations of an organization and enhance effective use of organizational resources."
"Risk Management as Strategic Change in National Homeland Security Policy","https://scispace.com/paper/risk-management-as-strategic-change-in-national-homeland-3xa7c0btu9","2007","","","John P. Paczkowski","","https://scispace.com/pdf/risk-management-as-strategic-change-in-national-homeland-3xa7c0btu9.pdf",": Secretary Michael Chertoff has said that the core principle that animates the Department of Homeland Security (DHS) is risk management. Risk management is a process of choosing trade-offs between available resources and the cost of minimizing the risk of unwanted consequences through an ongoing cycle of objective setting, risk assessment, alternatives evaluation, and implementation, in a way that buys down risk over time. The statements of national leaders, federal legislation, and the Department of Homeland Security s own strategy documents have set risk management as homeland security policy. Nonetheless, DHS has been challenged to implement a coordinated and integrated risk management program to include compatible risk assessment methodologies among its component agencies. The National Infrastructure Protection Plan (NIPP), released in 2006, for the first time sets out a vision for a national risk management framework. That vision now extends the application of risk management to the nation s critical infrastructure owners and operators. This paper explores the challenges involved in implementing the risk management framework under the NIPP, examines how implementation has been managed as strategic change through the lens of change management theory, and offers recommendations for improvement. It is hoped this paper will motivate further study into homeland security strategic change.","of limited consultation with the affected parties,"" is unlikely to be effective in dealing with the complex problems associated with this domain. The challenge instead calls for an understanding of systems thinking, complexity, and the effective management of intra-and inter-organizational networks. C. and Complexity:
 the system's individual parts and as well as the system as a whole within its external environment. As that interchange occurs, the system adapts and new propert means. Open systems theory not only reinforces the fact that organizations operate in and interact with the external environment, but that they are also embedded in another, larger system. That system consists of other organizations and external processes that exert various political, social, technological, and/or economic forces on the organization, which in turn influences performance, change, and organizational survival. A system that changes its Organizations as Open Systems:
 The rubric of systems theory has evolved over the years as a way to better understand all manner of scientific, engineering, biological, and social constructs. In its simplest form, a system is an organized set of parts or subsystems that are related to accomplish a common purpose. It has various inputs, processes and outputs. The parts or subsystems are interdependent so if one part of the system is changed, the nature of the overall system will often change as well.  With regard to its application in the sociology of organizations, the systems approach emphasizes the dynamic interrelationships between ies emerge. Thus systems theory provides ""a view of organizations that focuses on the arrangement of roles and responsibilities, internal operations, and boundaryspanning activities that enable the organization to persist and evolve over time."" Stephen Littlejohn defines an open system as…""a set of objects with attributes that interrelate in an environment. The system possesses qualities of wholeness, interdependence, hierarchy, self-regulation, environmental interchange, equilibrium, adaptability, and equifinality."" Equifinality is the theory that organizations, using the same inputs, can arrive at the same end or goal through different  Carter McNamara, ""Basic Definition of Organization -Organizations as Systems,"" adapted from Field Guide to Consulting and Organizational Development (Minneapolis: Authenticity Consulting, LLC,  2007). Organizations as Open Systems:
 229 Patricia Andrews and Richard Herschel, Organizational Communication -Empowerment in a  Technological Society (Boston: Houghton Mifflin Company, 1996), A-20.  Stephen Littlejohn, Theories of Human Communication, 2nd ed. (Belmont, CA: Wadsworth  Publishing Company, 1983), 32.  behavior in response to its environment is often known as an adaptive system. Open systems theory is well suited to understanding complex public sector organizations and the bureaucratic structures responsible for th policy, in that the sole pu Complex Adaptive Systems and Emergence:
 All have niches they can exploit, filling up one niche often opens up new ones that can be exploited; thus they never reach equilibrium, and though they can e implementation of public rpose of government is to be responsive to the public and the greater public good."
"The Effects of Information Communication Technology on Administrative Efficiency of Tamale Technical University","https://scispace.com/paper/the-effects-of-information-communication-technology-on-62hxiltv","2023","Journal Article","American Journal of Industrial and Business Management","Abdul-Razak Abubakari","10.4236/ajibm.2023.135025","https://scispace.com/pdf/the-effects-of-information-communication-technology-on-62hxiltv.pdf","The aim of the study was to assess the effect of Information Communication Technology (ICT) on administrative efficiency using the Tamale Technical University (TaTU) as a study area. A descriptive quantitative design was adopted. The total population was stratified into teaching and non-teaching and samples were drawn from each stratum by the method of purposive sampling and a total of 214 respondents were arrived and used for this study. Structured questionnaire was used in collecting data. The study found that TaTU has deployed ICT in administrative functions to some extent even though the ICT logistics are still not available in offices for the administrative functions. The deployment of ICT at the administrative functions improves efficiency and effectiveness. The study however revealed: the lack of human resource management software as well as antivirus software; the lack of proper maintenance; inadequate budget allocations; lack of in-service trainings; using different brands of ICT logistics; and unstable internet connections are the challenges bedeviling the ICT deployment in the University. Standardized brands of modern ICT facilities need to be provided together with reliable internet facilities at all times to avoid unnecessary interruptions which affect efficiency. The maintenance culture of the ICT logistics should also be improved and training of in-service personnel on the usage of the ICT facilities to help ensure their efficient utilization in the University. ","Theory: Owing to the gaps left by the organizational theory in trying to explain how we can achieve administrative efficiency, other theories emerged. Notable amongst them are Systems theory and Technology Acceptance Model. These theories will be looked at in the ensuing sections. Systems Theory:
 Systems theory was propounded in 1920 by Bertalanffy. It is also a useful theory to our study. The organization is viewed as a system made up of interconnected and interdependent pieces in which the interaction of any portion of the system impacts the entire system, according to systems theory. As a result, in order for one portion of the system to work well, it must interact with and rely on the other elements in the system. Because the concept of interaction and interdependence of pieces within the education system, like all other social systems, has same qualities, systems theory can be said to be applicable to education. A system must be viewed as a whole . A system can either be closed or open. A closed system has the tendency to run down whiles an open system does not. If an open system has to survive, it must be able to use up enough input from the environment to offset its output, as well as the energy and the material used in running the system. For a dynamic equilibrium to be achieved there has to be a feedback system-the systems theory flow chart is represented in Figure  below. People, materials, money, and information are all inputs that an organization receives from society. It then translates these inputs into products and services as outputs. Money and the market provide a way for groups to recycle resources. Systems Theory:
 The system reveals critical variables and other interaction with one another in any problem. The system makes us conscious of the fact that a single problem should not be treated with regard to consequences or other relating systems. Researchers have been grappling with systems and components in terms of their contents and relative dynamics since Aristotle's contention that knowledge is gained from understanding of the whole rather than individual parts (Aristotle's Holism). During the last century, this historic endeavor evolved into what is now known as ""systems theory"" . Systems Theory:
 Systems theory is an interdisciplinary theory that applies to all systems in nature, society, and many scientific areas, as well as a framework for investigating events from a holistic perspective. The shift of attention from the part to the whole is systems thinking , considering observed reality as an integrated and interacting unicum of occurrences, in which the particular qualities of the separate components become obscure. The relationships between the parts themselves and the events they cause as a result of their interaction, on the other hand, become considerably more essential, resulting in ""system elements being rationally coupled"" towards a common goal . The systemic perspective argues that we are not able to fully comprehend a phenomenon simply by breaking it up into elementary parts and then reforming it; we instead need to apply a global vision to underline its functioning. In the educa- systems theory is that it regards an organization as having been made of several different units or parts that interact to achieve set goals but does not specify the roles of each unit or part. Also, according to , systems theory is too prone to generalizations and reduces the organization to a mechanical work. Thus, the theory works on the assumption that the organization is me-"
"Corporate Strategy, Governance Structure and Organization Performance: A Research Agenda","https://scispace.com/paper/corporate-strategy-governance-structure-and-organization-300o6loxv2","2018","Journal Article","Business and Management Research","Fatuma B. Omar
James M. Kilika","10.5430/BMR.V7N2P49","https://scispace.com/pdf/corporate-strategy-governance-structure-and-organization-300o6loxv2.pdf","Corporate strategy plays a critical role in the proper functioning of an organization as it provides the blueprint that guides the corporate direction of an organization while governance structure presents an organization with a framework for the distribution of responsibilities and resources to achieve organization performance. While the constructs have been sufficiently studied and documented in various studies separately in relation to organization performance, few studies have been undertaken to study the two constructs together to understand how they jointly explain organization performance. This paper presents a review of the extant theoretical and empirical literature on the two constructs in relation to organization performance. Relevant underpinning theories are reviewed, constructs described and their operational indicators identified and compared with empirical work and emergent knowledge gaps identified. The paper finally proposes a multidisciplinary based theoretical model suitable to address the gaps identified to advance knowledge in the area and calls upon future research to empirically test the propositions of the study.","when they perceive unfair treatment, they punish it often at a cost to themselves through negatively reciprocal behaviors and thus principal-agent relations in an organization stand to influence its performance. This theory informs the constructs of corporate strategy and governance structure and eventually the organization performance. Institutional Theory:
 Institutional theory postulates that organization corporate executives often make reference to norms and traditions applied in their industry to propose and formulate corporate policies to direct and control their entity . The theory fronts the principles where systems are developed and adopted as guidelines to direct organizational behavior and norms. It explains how elements of organizational systems are created, adapted and eventually become obsolete.  argued that institutional theory emphasizes formal and legal aspects of governance structures. According to , institutional theory is a widely accepted theoretical framework that postulates rational myths and legitimacy. Institutional Theory:
 The roots of institutional theory can be traced from the studies of economics, politics and sociology. Institutional theory focuses on the environmental factors experienced by an organization such as external or societal norms, rules, and requirements that organizations must conform to, in order to receive legitimacy and support. The theory depends heavily on the social constructs to help define the structure and processes of an organization. It postulates that society as a whole plays a vital role in determining the legitimacy of an organization and has much more power in the operations of an organization. It asserts that the institutional environment can strongly influence the development of formal structures in an organization, often more profoundly than market pressures. Institutional Theory:
 Institutions are social structures that have attained a high degree of resilience. They are composed of cultural-cognitive, normative, and regulative elements that, together with associated activities and resources, provide stability and meaning to social life. According to the political and historical branches of institutional theory, institutions are emergent higher order factors above the individual level constraining or constituting the interests and political participation of actors. Thus institutions are formal or informal procedures, routines, norms and conventions in the organizational structure of the polity or the political economy. The sociological branch adds a cognitive script, moral templates and symbolic systems that may reside at suprastate or supraorganizational levels. Institutional theory underpins that for corporate strategy and governance structure to work and result in organizational performance, institutions must have proper systems, cultural settings and good governance structure. Upper Echelon Theory:
 The theory was advanced by  and it postulates that organizational strategic choice, performance level and outcomes are partly determined by managers' characteristics and backgrounds. The theory was updated and the concept of managerial discretion was introduced .  updated the theory to include more elements of top management attributes in an organization. The theory is applied in human capital management and helps in hiring new corporate managers. The theory has two interlocked assertions; executives act based on their personal interpretations of the strategic scenario they counter and these personal construals are attributes of the top managers' values, personalities and experiences. Equally, the theory is anchored on the foundation of bounded rationality  emphasizing the fact that information complexity and uncertainty are not objectively 'knowable' but are simply interpretable. The theory postulates that for organizations to perform effectively, top management team must apply their values, personalities and experiences in order to influence their understanding of the situations they counter and in turn affects their strategic choice and other similar human factors. Thus corporate strategy and governance structure and eventually organization performance are impacted."
"Research and Planning for Higher Education.","https://scispace.com/paper/research-and-planning-for-higher-education-4i0tatfxra","1978","","","Robert H. Fenske
Paul J. Staskey","","https://scispace.com/pdf/research-and-planning-for-higher-education-4i0tatfxra.pdf","","theories can help policy makers to be more efficient in the utilizatior of resources and more effective in the accomplishing of objectives. A clear notion of the major theories provides a strong base from which to attack the efficiency questions faced by institutional administrators. RECENT ADVANCES IN ECONOMIC THEORY: THEIR RELEVANCE TO EDUCATIONAL POLICY:
 It is usually assumed that planners are dear about university outputs as well as inputs, that they understand both the purposes of higher education and the processes involved in achieving them. Every adniinistrator and each academic has a theory of education; that is, what its objectives are and how those-objectives are reached. The traditional vices, on which most of modern higher education rests; is called by economists the human capital approach It holds that education improves individuals by making them more productive and that individuals undertake education beyond school because it offers increased lifetime earnings (arising from enhanced productivity). An investmen. in human capital pays off in the future, just as does a worthwhile investment in physical capital. Education is a good thing because it changes individuals in socially desirable ways and enables those individuals to increase social net output more than would otherwise be the case. Individual output (and, therefore, income) is enhanced; but spillover effects magnify the impacts of education even more. The trained physician not only enjoys a high income; he also improves public health, decreases worker absenteeism, reduces pain and suffering, and so on. Governments are willing to support higher education because they value the perceived net social gains from it. RECENT ADVANCES IN ECONOMIC THEORY: THEIR RELEVANCE TO EDUCATIONAL POLICY:
 In contrast, theories of higher education recently developed by economists characterize the university as a filtering mechanism, the fundamental purpose of which is to sort and label individuals for the job market. Universities do not change or improve students; instead, they provide employers with information. Insofar as this view describes reality (or elements or it), the implications for institutional planning and administration are profound. This paper first reviews traditional cconomie theory of higher education (human capita!) and then explains newer ideas (filtering, testing, screening, self -selection). RECENT ADVANCES IN ECONOMIC THEORY: THEIR RELEVANCE TO EDUCATIONAL POLICY:
 Both educational and policy implications are discussed. It will be argued that, even when the newer theories appear to have some validity in the present situation, universities serve a different but socially useful allocative function.' Human Capital Theory:
 The most widely accepted objectives of higher education are based'apon a theorythe human capital theorywhich by the early 1960s had appeared in the literature of economics in we form . Its definitive tenet is that education improves abilities, or job skills."
"The gender gap of returns on education across West European countries","https://scispace.com/paper/the-gender-gap-of-returns-on-education-across-west-european-z8dfcox6as","2014","Journal Article","International Journal of Manpower","Concetta Mendolicchio
Thomas Rhein","10.1108/IJM-02-2013-0026","https://scispace.com/pdf/the-gender-gap-of-returns-on-education-across-west-european-z8dfcox6as.pdf","Purpose – The purpose of this paper is to study the gender specific private returns on education (RE) in Europe in a comparative perspective. The authors extend the model of de la Fuente (2003) by estimating the parameters by gender and introducing maternity leaves and benefits. The paper analyses the impact of the public policy variables evaluating the elasticities with respect to unemployment benefits, marginal and average tax rates, maternity leave and childcare benefits. Design/methodology/approach – The authors estimate the Mincerian coefficients, with the Heckman’ selection model, for 12 West European countries using the EU-SILC data. The authors then use them as input to calibrate the decision model. Findings – The RE of females tend to be higher than those of males in all the Europeans countries but Germany, the Netherlands and Sweden. The gender gap can be explained mainly by the wage premia and labour income taxes which more than compensate the negative effects on females’ returns triggered by h...","Keywords: human capital, rate of return, public policy"
"Теорія організації в публічному секторі","https://scispace.com/paper/teoriia-organizatsiyi-v-publichnomu-sektori-29jz0nva","2022","Journal Article","Актуальні питання у сучасній науці","І. М. Васькович","10.52058/2786-6300-2022-3(3)-12-22","https://scispace.com/pdf/teoriia-organizatsiyi-v-publichnomu-sektori-29jz0nva.pdf","","partly conflicting goals. The author also proposed a linear function of the influence of management on the organization of the non-profit sector. ORGANIZATION THEORY IN THE PUBLIC SECTOR: Keywords: organization theory, public administration, public sector, public organization. ORGANIZATION THEORY IN THE PUBLIC SECTOR: Постановка проблеми. На сьогодні необхідно здійснити перегляд теорії організації для державного сектора з особливим акцентом на тому, як державний сектор організований у представницьких демократіях. Центральним питанням є зв'язки між громадськими організаціями та змістом державної політики. Люди, які формують державну політику, зазвичай діють від імені офіційних організацій. Ключове припущення полягає в тому, що організаційна приналежність цих учасників та організаційне середовище, в якому вони діють, впливатимуть на їхній спосіб мислення та поведінку, а отже, і на зміст державної політики. Підхід до державного сектору в теорії організації припускає, що неможливо розуміти зміст державної політики та прийняття державних рішень без аналізу способу організації політико-адміністративних систем та способів їх функціонування і підвищення ефективності. Перш за все, теорія організацій традиційно фокусується на приватних організаціях загалом і на приватних компаніях зокрема. По-друге, теорія організації лише в обмеженій мірі вкорінена в політичній науці, черпаючи свою академічну суть більше з соціології, теорії управління та психології. На"
"Literature Review Article: Institutions and Economic Development","https://scispace.com/paper/literature-review-article-institutions-and-economic-1irx7samme","2019","Book","","Jakob de Haan","10.4337/9781788118859","https://scispace.com/pdf/literature-review-article-institutions-and-economic-1irx7samme.pdf","","middle# and high#income countries the effect is positive. Human Capital: Nevertheless, in the case of , while analysing 51 countries #180# between 1960 and 1987, shows that such interaction terms are seldom statistically significant. Human Capital:
 In sum, empirical studies prevalently show that openness has positive effects for industrialised countries, while not necessarily for the case of developing countries. Again, this leads one to suspect that institutional quality may affect absorptive capacity, which in turn affects productivity growth. Although the trade channel could in principal facilitate technology transfer, the absorptive capacity of the recipient country, mainly depending on human capital and capital intensity, determines the magnitude of technology transfer. Human Capital:
 Other than trade openness and FDI, financial openness also raises the issue of financing capital accumulation, which may have repercussions for productivity growth ). In economies where the financial system is well developed, investment opportunities can readily be seized, resources are more likely to be allocated optimally. Specialisation can thus be promoted. Human Capital:
 However, in developing countries with less sophisticated financial systems, firms may have to rely on retained earnings for investment or forego the opportunity. Financial constraints therefore may prevent poor countries from taking full advantage of technology transfer. Financial repression, often exemplified by negative or artificially low real interest rates, thwarts incentives to save. It also distorts the efficient allocation of savings into investment and hence brings negative effect on TFP growth. Human Capital:
 The association between financial development and productivity growth receives great research interests lately.   factor productivity with no significant gains in employment. These productivity gains from both learning and selection effects may also have to spread over longer periods. It may turn out the net effect on TFP seems insignificant. Institution and Macroeconomic Policies:
 The institution view argues that differences in efficiency across countries are the results of the underlying market#friendly institutions, including the set of formal and informal constraints that shape an individual's ability to act productively and cooperatively in the society. The role of institutions ensures efficient allocation of resources across sectors. On the other hand, policy instruments may also compensate for weak underlying institutions. Institution and Macroeconomic Policies:
 According to 's survey, the existing literature generally highlights three main institutional issues, namely, (i) enforcement of property rights (encourages investment), (ii) constraints on the actions of elitist, political and other groups with power (thus reduce risks of expropriation of incomes and #182# others' investments), and (iii) equal opportunity for broad segments of society (e.g. enhanced investment in human capital and participation in productive activities). Theories argue that better security of property rights creates more incentives for savings and investment, leading to TFP growth. As defined in Chapter 2, we consider institutions as a measure composed of economic and political institutions, macroeconomic policies and regulations."
"Analiza utjecaja teorije agenata u privatnim i javnim poduzećima na primjeru hrvatskog zdravstvenog sustava","https://scispace.com/paper/analiza-utjecaja-teorije-agenata-u-privatnim-i-javnim-2e0ftn8x8m","2018","Journal Article","","Martina Sopta
Mihaela Mikić
Matej Botički","10.32676/N.3.9","https://scispace.com/pdf/analiza-utjecaja-teorije-agenata-u-privatnim-i-javnim-2e0ftn8x8m.pdf","Republika Hrvatska godinama se suočava s izazovom održivosti vlastitog zdravstvenog sustava zbog neučinkovitosti ustanova javne zdravstvene zaštite. Prevladava mišljenje kako uzrok tome leži u samoj strukturi zdravstvenog sustava, koji pruža zdravstvenu zaštitu svim građanima. Ovaj rad nastoji istražiti mogu li javne zdravstvene ustanove biti učinkovitije unatoč samoj strukturi sustava. Osnovna pretpostavka rada je da su javne zdravstvene ustanove neučinkovite zbog utjecaja agencijske teorije. Da bismo ispitali tu pretpostavku, potrebno je usporediti javne i privatne zdravstvene ustanove. Cilj ovog rada je utvrditi postoji li veći utjecaj agencijske teorije u ustanovama javnog zdravstva u odnosu na različiti utjecaj privatnog i javnog vlasništva na metode upravljanja. Metodologija istraživanja odnosi se na financijsku analizu odabranih privatnih i javnih zdravstvenih ustanova. Ispitivanje stručne osposobljenosti ravnatelja u ustanovama pokazalo je da nema velikih razlika u udjelu stručnjaka iz područja ekonomije u privatnim i javnim institucijama. Analiza učinkovitosti temeljena na specifičnim ustanovama pokazala je da su javne zdravstvene ustanove neučinkovitije od privatnih s obzirom na upravljanje troškovima. Na temelju toga zaključak je da je utjecaj agencijske teorije dominantniji u javnim zdravstvenim ustanovama.","it clear that public institutions have problems with efficiency. The main reason for this is the specific nature of the public sector due to the absence of market mechanisms, but also the emergence of multiple principals to which the agents answer and the multiple tasks they have to fulfill. Because there is no major difference in the professional qualifications of directors in private and public institutions, it is assumed that the impact of the agent theory is more pronounced in public institutions."
"Optimizando la Teoría General de Sistemas: Un Enfoque Centrado en la Planificación","https://scispace.com/paper/optimizando-la-teoria-general-de-sistemas-un-enfoque-z3iwtoqjlh","2024","Journal Article","Revista Científica Ciencia y Tecnología","Francisco Javier Andrade Domínguez
Deborah Pérez Morfi","10.47189/rcct.v24i41.640","https://scispace.compdf/optimizando-la-teoria-general-de-sistemas-un-enfoque-z3iwtoqjlh.pdf","El objetivo de esta investigación consiste en examinar los sistemas de planificación y sus procedimientos homeostáticos, con el objetivo de comprender cómo se estructuran y regulan parcial o completamente, en función de la organización pública o privada, para lograr similitudes en la consecución de metas. Las contribuciones teóricas de este estudio se centran en la conceptualización de la teoría de sistemas y los isoformismos. La metodología empleada permite la identificación, selección y análisis de fuentes de información de manera sistemática, en relación con la teoría general de sistemas. La metodología es de tipo cuantitativa, los resultados se basan en la creación de un esquema lógico y secuencial, utilizando un dendrograma de variables que facilita la eliminación de redundancias entre los diversos conceptos examinados. Las conclusiones obtenidas a partir de esta investigación confirman que las organizaciones públicas son entidades dinámicas y cambiantes que se ven inevitablemente influenciadas por su entorno operativo. La novedad científica de este estudio radica en el desarrollo de una metodología para formular sistemas de planificación basada en la teoría general de sistemas, alineada con la planificación institucional y enfocándose en los objetivos institucionales de una institución pública. ","Planificación Optimizing General Systems Theory: A Planning-Centered Approach Authors: Francisco Javier Andrade Domínguez,Deborah Pérez Morfi (Corresponding Author) Keywords: Systems Theory, Isoformism, Institutional Planning, Planning Systems Introducción:
 La administración pública enfrenta en la actualidad una serie de desafíos cruciales relacionados con la gestión efectiva de sus metas institucionales. Introducción:
 Este desafío es especialmente relevante para aquellas instituciones cuyo propósito fundamental es la prestación de servicios públicos, ya que su funcionamiento tiene un impacto directo en la calidad de vida de los ciudadanos. Introducción:
 La necesidad de integrar y desarrollar un nuevo paradigma de gestión institucional se ha vuelto imperativa en un mundo en constante cambio y transformación. Introducción:
 En este contexto, la creación y ejecución de procesos interconectados desempeñan un papel fundamental en el control y la sistematización del cumplimiento de las actividades, lo que a su vez contribuye al logro de las metas institucionales. Introducción:
 Esta investigación se enfoca en abordar estos desafíos a través del enfoque de la teoría de sistemas, explorando cómo esta perspectiva puede ofrecer respuestas valiosas en el ámbito interdisciplinario de las ciencias, particularmente en lo que respecta a la gestión de organizaciones públicas. Introducción:
 En este contexto, se llevará a cabo un análisis bibliográfico que permitirá comprender mejor las múltiples dimensiones de este enfoque diferenciado y su aplicación en la administración pública moderna. Introducción:
 Revista Científica Ciencia y Tecnología Vol 24 No 41 http://cienciaytecnologia.uteg.edu.ec Introducción:
 En el vasto campo de la administración y la gestión organizacional, varias teorías han surgido a lo largo del tiempo, cada una ofreciendo perspectivas únicas sobre cómo las organizaciones pueden funcionar de manera efectiva y alcanzar sus objetivos institucionales. Introducción:
 Estas teorías incluyen la teoría de sistemas, desarrollada por visionarios como Ludwig von Bertalanffy, Robert Katz y Franz Rosenzweig; la teoría científica, cuyos pilares fueron establecidos por Introducción:
 Frederick Taylor, Henry L. Gantt, y las contribuciones de Lilian y Frank Gilbreth; la teoría burocrática, delineada por Max Weber; la teoría institucional, con sus fundamentos en el trabajo de John W. Meyer, Brian Rowe, P. J. DiMaggio y W. Powell; la teoría de los recursos y las capacidades, estudiada y perfeccionada por Jay Barney; y, finalmente, la teoría adaptativa compleja, cuyo análisis ha sido profundizado por investigadores como Stuart Kauffy, Stuart Kauffy, P. J. DiMaggio y W. Powell, entre otras."
"Development of knowledge economy framework in the life science sector in the Kingdom of Saudi Arabia","https://scispace.com/paper/development-of-knowledge-economy-framework-in-the-life-4cyl601ebp","2018","Dissertation","","Omar A. Al-Harbi","10.23889/SUTHESIS.43855","https://scispace.com/pdf/development-of-knowledge-economy-framework-in-the-life-4cyl601ebp.pdf","Use policy: _________________________________________________________________________  This item is brought to you by Swansea University. Any person downloading material is agreeing to abide by the terms of the repository licence: copies of full text items may be used or reproduced in any format or medium, without prior permission for personal research or study, educational or non-commercial purposes only. The copyright for any work remains with the original author unless otherwise specified. The full-text must not be sold in any format or medium without the formal permission of the copyright holder. Permission for multiple reproductions should be obtained from the original author.","represent the theoretical framework and the underlying threshold pillars for this research, they have been discussed in not too much detail as that would be outside the scope of the study. It is believed that this brief review is enough and satisfies the objective for this chapter. Chapter Summary:
 In this chapter, three relevant theories have been reviewed: systems theory, human capital theory and innovation diffusion theory. These theories constitute the theoretical foundation for this study. This study concerns the development of a life science innovation system in the Kingdom of Saudi Arabia; this system is supposed to have many organizations and members such as universities, firms, and government working and collaborating to align their different interests and achieve collective aims. For that reason there is a strong rationale to adopt a systems theory in developing the Saudi LS innovation system, to consider collective work relationships, sharing of decision-making and how different perspectives (actors) are aligned so that human capacity can be exploited and continuous learning can occur. As such the system will learn and improve the efficiency with which innovations are exploited enabling the system to respond to the changing environment and to exploit innovation the infrastructure and landscape. Only by this form of mutuality, transparency and value exploitation will a systems approach yield economic value. Chapter Summary:
 With respect to the concept of systems adaptation and ""continuous learning"", system theory intersects with the human capital theory as the innovation system would not work effectively without high quality and highly skilled peopleboth researchers and managers, in turn developing new innovations; therefore the investment in human capital is an inevitable requirement for developing innovation systems. Following on from the development of innovations it is necessary to study its origination and diffusion, so that suitable strategies can be well perceived and developed. The researcher is of course aware that, due to the abundance of theories and theoretical approaches, there are other theories that could have some relevance and contribute, to some extent, to the theoretical foundation for this thesis; however it is perceived that, in light of the aforementioned considerations, the three theories reviewed in this chapter (system, human capital, and innovation diffusion theory) satisfy the theoretical basis for this thesis. Key Issue for an effective system Theory:
 Actors must be aligned to achieve the same intended results and to optimize the flow of innovation in a system Systems Theory:
 Transparency must exist to show what each actor is intending so that investments can be made in the most effective manner to stimulate innovation. Systems Theory:
 Collaboration is favored above competition or adversarial relationships to share risks and gain synergies from working together. Systems Theory:
 Communication between national actors (including attracting new global investors) is very important for improving the national system and responding to environmental change. Systems Theory:
 There must be a free flow of ideas from a developed scientific academic base and low rigidities in the labour market and in other government policies that would restrict flexibilities. Capital Theory:
 Building capabilities is crucial for developing innovation system (availability and quality of human resources) Human Capital Theory:
 Human beings are valuable assets, and investment in them is very profitable. Human Capital Theory:
 Continuous learning is crucial for system sustainability and adaptation Human Capital Theory Innovation should come from both ways: academia to industry and vice versa including labour mobility between actor organisations. Theory:
 The academic system must have formalized processes that disseminate innovation and attract research funding. Theory:
 Considering advantages and priorities of the context very important for success of innovation. Theory:
 There are two key innovation diffusion strategies: innovation push, and market pull"
"Institutional Theory: Problems and Prospects","https://scispace.com/paper/institutional-theory-problems-and-prospects-4ulilgtc0b","2000","","","B. Guy Peters","","https://scispace.com/pdf/institutional-theory-problems-and-prospects-4ulilgtc0b.pdf","Institutional theory in political science has made great advances in recent years, but also has a number of significant theoretical and methodological problems. The most important of these problems is the generally static nature of institutional explanations. Also, there is a nagging problem of the difficulties in measuring institutional variables in other than simplistic, nominal categories. As well as discussing these problems this paper addresses the static nature of institutional theory by examining the concept of ""institutionalization"", and the creation (and tearing down) of institutional structures. The paper argues that by considering institutionalization as a continuous variable rather than a nominal variable we can beginto understand better the dynamics of institutions themselves, and therefore also develop better institutional explanations for other social and political phenomena.;","disucssion of institutinal development, as well as from the other students of institutionalization are useful they may not capture all the complexity of institutionalization. T wo additional factors (see appear important in defining institutionalization in contemporary public sector structures. 5.:
 Congruence. This variable reflects a concern with the extent to which relationships within political institutions match the social relations they are supposed to regularize and maintain. If political institutions are not congruent then they can not be expected to survive and be effective. Also, this reflects a concern about differences between the values of poltiical elites and the values of the masses. 6.:
 Exclusivity. The final variable related to the intensity of functional competition among institutions. When there is little or no competition then the institutions can expect longterm survival. When there are multiple institutions attempting to perform the same tasks then the competition will have to be resolved in some way, often by the termination of one or more institutions. Systems Theory and Institutionalization:
 Another way to address institutionalization is to revive the systems theory that has been used in organizational analysis , as well as in a number of other areas of social science . In this theory, organizations are defined in terms of their capacity to create and maintain a boundary from the environment and from other organizations. All organizations must import resources from the environment but the more institutionalized are hypothesized to have effective gatekeepers to control those transactions. Systems Theory and Institutionalization:
 We will return to the measurement question in a later section of the paper, but the conceptual issue is more important here -one aspect of institutional change is in the creation of institutions, and not all institutions are as fully formed as are others. Likewise, institutions may deinstitutionalize, and become less autonomous, or less coherent. These changes in the attributes of institutions may predict something of their own behavior, as well as their effects on policy. Changing Values and Structures:
 The second aspect of institutional change is changing the content of what institutions do, or what they believe. Here there are marked differences among the approaches, with the rational choice versions standing out in their assumptions of the ease o f change. For the other approaches, however, change is a real problem if institutional analysis is to be an organizing concept for political science. The stereotypical conception of institutionalism is that it is at best static, and even if it can provide useful explanations of different policy outcomes or different types of decisions, it can not provide an explanation for change. Changing Values and Structures:
 The above discussion is to some extent a restatement of the familiar structure/agency problem in constructing social theory . Should we focus on structure and thereby run the risk of hyperstability in our explanations, or do we focus on agents of change and thereby encounter the risk of unpredictability and instability in our understanding of the social world? Both of these horns of the dilemma can be overstated, but broadly this is the type of choice that social theory inevitably must confront."
"Litigation strategy and public sector reform: the case of New Jersey's Division of Family and Youth Services","https://scispace.com/paper/litigation-strategy-and-public-sector-reform-the-case-of-new-2tagog104k","2011","","","Ariel Alvarez","10.7282/T30G3JJV","https://scispace.com/pdf/litigation-strategy-and-public-sector-reform-the-case-of-new-2tagog104k.pdf","","by the American political system are often the salient factor and frequently take precedence over technical and managerial considerations"" . Political Accountability: According to , within all these systems, the appropriateness of which system to apply to the publicly administered agency is influenced, Political Accountability:
 The nature of the agency's tasks (technical level accountability); the management strategy adopted by those heading the agency (management level accountability); and the institutional context of agency operations (institutional level accountability). Ideally, a public sector organization should establish accountability should establish accountability mechanism which ""fit"" at all three levels simultaneously. (p.230) Implementation Theory:
 Policies created by legislative or judicial decisions are considered as public policies and can influences changes in organizational behavior including child welfare policy . Problems and disputes that arise prior to and during the course of a court trial are addressed most often by the court's ruling. Implementation of these newly created policies are what public administrators such as child welfare workers are most involved with after the ruling. Implementation Theory:
 Implementation refers to the process of translating policy into action; the interaction between setting goals and achieving them . Implementation Theory:
 Implementation can involve carrying out basic policies incorporated in statues or court mandated executive orders . Implicit or explicit in these definitions is the idea that implementation links policy to action. In relation to litigation,  described implementation as, The stage of policymaking between the establishment of a policy-such as the passage of a legislative act, the issuing of an executive order, the handling down of a judicial decision, or the promulgation of a regulatory rule and the consequences of the policy for the people whom it effects.  The implementation process consists of: Implementation Theory:
 Issuing and enforcing directives, disbursing funds, making loans, awarding grants, signing contracts, collecting data, disseminating information, analyzing problems, assigning and hiring personnel, creating organizational units, proposing alternatives, planning for the future and negotiating with private citizens, businesses, interest groups, legislative committees, bureaucratic units and even other countries.  When discussing any theory of implementation, it is important to remember that policy-making does not take place in a vacuum. Organizational entities are dynamic and it is difficult to completely separate the specifics of a single policy and actions from the influences of other policies . According to , ""The passage of time wreaks havoc with efforts to maintain tidy distinctions. In the midst of action the distinction between the initial conditions and the subsequent chain of causality begins to erode. . . . The longer the chain of causality, the more numerous the reciprocal relationships among the links and the more complex implementation becomes"" (p. xxi). In other words, when assessing the effectiveness of policy and subsequent actions, care must be taken not to examine the policy in isolation of other policies. This will prevent attributing outcomes solely to that policy when, in fact, other factors and policies may have made a significant contribution to the outcomes observed . Implementation Theory:
 Over time between the policy and its implementation in practice, a gap or deficit develops over time in the implementation of policies . The challenged for public administrators is closing the gap between the policy and action . The increase of decrease of the gap is affected by the several factors that include: Implementation Theory:
 1. The extent that policies are written that make them actionable. Implementation Theory:
 2. Resources (expertise, money, time) available to use toward the implantation of the policy."
"Теоретичні концепції трансакційних витрат держав-них інституцій в економічній науці","https://scispace.com/paper/teoretichni-kontseptsiyi-transaktsiinikh-vitrat-derzhav-nikh-35a2fpufkg","2020","Journal Article","","Н.М. Крючкова
В.В. Мацьків","10.37320/2415-3583/12.2","https://scispace.com/pdf/teoretichni-kontseptsiyi-transaktsiinikh-vitrat-derzhav-nikh-35a2fpufkg.pdf","Одним із важливих питань економічного розвитку є визначення ефективності функціонування державних інституцій, рішень, що приймаються ними, та методів реалізації цих рішень. Проте наявні методи оцінювання ефективності їхньої діяльності є доволі суб’єктивними та суперечливими. Вирішити цю проблему можливо, залучивши трансакційні витрати, які виступають показником ефективності операцій. В економічній науці теорія трансакційних витрат є досить добре опрацьованою в контексті фірми, проте значно рідше зустрічається їх розгляд у контексті державних інституцій. Тому в статті здійснюється критичний аналіз іноземних та почасти українських концепцій трансакційних витрат у контексті функціонування державних інституцій та прийняття рішень на державному рівні. У підсумку виділяються недоліки та нерозкриті питання цих досліджень.","теоретичних досягнень Нової інституційної економіки."
"Barriers to effective supply chain management implementation in the zimbabwean public sector: a case study of public procuring entities in harare, zimbabwe","https://scispace.com/paper/barriers-to-effective-supply-chain-management-implementation-jxue6g2z","2022","Journal Article","Eurasian journal of business and management","Denias Kagande
David Madzikanda
Maxwell Sandada
Faustino Taderera","10.15604/ejbm.2022.10.02.001","https://scispace.com/pdf/barriers-to-effective-supply-chain-management-implementation-jxue6g2z.pdf","This study investigated the barriers to effective supply chain management implementation in the context of Zimbabwean public sector. We aimed to identify strategic barriers affecting supply chain management implementation among public procuring entities in Harare and establish the technological barriers affecting supply chain management implementation among public procuring entities in Harare. It was also premised to uncover the organizational barriers affecting supply chain management and implementation amongst public companies in Harare. The study was a cross sectional survey of selected public procuring entities in Harare. These included the Ministry of Health, Ministry of Agriculture, Ministry of Transport, Ministry of Finance and Ministry of Economic Development. A total of 132 respondents took part in the study. The findings revealed that the government departments under study lacked supply chain management planning that is well synchronized with the respective ministries’ overall strategic planning. Inconsistencies were identified between the departments’ supply chain structure and information systems that had been implemented and it had become difficult to incorporate real-time information sharing into supply chain operations.","Keywords: Organizational Public Sector, Strategy, Supply Chain Management, Technology, Barrier"
"Performance evaluation study of public administration institutions","https://scispace.com/paper/performance-evaluation-study-of-public-administration-3m5op41apa","2012","Journal Article","Economics and Management","Milita Vienažindienė
Rūta Čiutienė
Rūta Adamonienė","10.5755/J01.EM.17.1.2295","https://scispace.com/pdf/performance-evaluation-study-of-public-administration-3m5op41apa.pdf","Efficiency of public sector enterprises activity is a complex problem which requires complex decisions in public services. Successful public institutions have to improve their activity methods by integrating technologies of management and administration. Public institutions should remember principles of quality management as well as the importance of planning, organizing, and control and evaluation systems. One of the most important factors determining efficiency of institution’s activity is an employee. Only properly motivated employee can reveal own potential in full and to use his/her professional abilities to perform qualitative work in full. The paper aims to analyze activity of municipal administration, to identify efficiency determining factors and problematic areas of activity on base of public administration institutions management dimensions. Summarizing the results of the research the statement could be made that efficiency of analyzed municipal administration subdivisions activity is determined by both external and inner factors of organization’s environment. During the study some problems were determined related to subdivisions managers very increased work load and lack of skills for efficient organization of subordinates’ work, which could be solved by organizing trainings of management skills improvement for subdivisions managers. DOI: http://dx.doi.org/10.5755/j01.em.17.1.2295","to identify efficiency determining factors and problematic areas of activity on base of public administration institutions management dimensions. Introduction: Research methods. The study was performed by using methods of descriptive content analysis and synthesis (scientific literature and content of documents) questionnaire and focus group. Theoretical aspects of management of public administration institutions:
 During the last decades of XX century many countries in the world including Lithuania stared the performance of reforms of public sector by which it was striving for transformation of ideal, legal and rational bureaucracy described by M. Weber and increase efficiency of activity of public institutions. According to the theoreticians of these reforms , inflexible centralized bureaucracies developed during industrial period and working according to the strict rules and regulations, keeping the order of hierarchic subordination are not efficient and productive already. They cannot act successfully in the rapidly changing society and economic of knowledge. Traditional bureaucratic management model is stiff and caring only about structure and processes therefore it should be replaced by flexible and more rapidly acting modern management model oriented towards results that is based on principles and methods of modern management successfully tested in the market. This striving is the main stimulus to proceed to new public management (NPM) based on business sector experience and market conditions by updating structures of administration system, control methods and administration culture considering challenges of new period. Niven, (2008) highlights that enhanced productivity, performance improvements and strategy execution will be transformed from private sector for every public sector. Theoretical aspects of management of public administration institutions:
 As in business sector, activity of organizations of public sector is based on mission-oriented tasks, to meet stakeholder's expectations in environment marked by shrinking budgets, strict regulations and changing workforce demographic. Nowadays organizations of public sector are suffering both social and economical pressure for greater efficiency, quality of service and effectiveness providing public services. Besides as well as business organization they have to reach not only financial results, but align employees with organization goals, enhance resource allocation decisions, improve collaboration and most critically execute their strategies . In striving to satisfy social, economical and even political; interests of parts interested, organizations of public sector have to be constantly striving for efficiency of activity. This is stimulating the organizations of public sector for changes, development of process management activity indices, systems of financial management and activity evaluation etc. . Theoretical aspects of management of public administration institutions:
 Possibilities of development of public sector activity efficiency are being perceived as supply of more qualitative public services with the same recourses. Efficiency of public sector activity could be reached by ): Theoretical aspects of management of public administration institutions:
 • increasing quantity of production (services), while keeping the same number of employees;"
"Theoretical and practical implications from the use of structuration theory in public sector information systems research","https://scispace.com/paper/theoretical-and-practical-implications-from-the-use-of-3weehtdlw4","2014","Proceedings Article","European Conference on Information Systems","A.F.E. van Veenstra
Ulf Melin
K. Axelson","","https://scispace.com/pdf/theoretical-and-practical-implications-from-the-use-of-3weehtdlw4.pdf","To gain better understanding of the development, im plementation and use of information technology (IT), many scholars in the field of information sys tems (IS) use structuration theory (ST) However, S T is, so far, more seldom applied to, and reflected u pon, in studies of public sector IS to account for (unexpected) outcomes of IT development and impleme ntation This paper creates an overview of the use of ST in studies on public sector IT in order ttheoretical and practical implications f the digital public sector Most (ten out of twelve) papers in this field apply ST to empirical studies , while three papers were found to adapt ST to fit pu blic sector settings, and none were found to critically address ST While ST as a lens for study ing public sector IT was thus seen to have practica l usefulness, theoretical usefulness is still underde veloped regarding theory adaption and contextualization Based on this study we argue tha t there is a need to further investigate the risks associated with the transfer to the public sector a s it is important to achieve conscious adaptation a nd use of ST in public sector IS in order to progress with using ST in that context","Title: THEORETICAL AND PRACTICAL IMPLICATIONS FROM THE USE OF STRUCTURATION THEORY IN PUBLIC SECTOR INFORMATION SYSTEMS RESEARCH Authors: Complete Research Keywords: Structuration Theory, Public Sector, Digital Government, Information Systems"
"Economia del sector publico","https://scispace.com/paper/economia-del-sector-publico-2eiz41ykmk","2015","","","Miguel-Angel Lopez Garcia
Salvador Lopez Garcia
Joan Pasqual
Guadalupe Souto","","https://scispace.com/pdf/economia-del-sector-publico-2eiz41ykmk.pdf","Tema1: Introduccion al Sector Publico. Tema 2: Actividad Economica y Sector Publico. Tema3: La intervencion del Sector Publico y efectos economicos. Tema4: El Sector Publico y el Estado del Bienestar. Tema 5: El presupuesto: los principios presupuestarios.","potenciales. Costes medios decrecientes, servicios públicos y monopolio natural. Eficiencia, equidad y rentabilidad en la política de fijación de precios públicos. Información asimétrica y regulación. ELECCION COLECTIVA Y COMPORTAMIENTO DEL SECTOR PUBLICO:
 El problema de la elección colectiva. Reglas de elección colectiva. El teorema de la imposibilidad de Arrow. Consecuencias del teorema y alternativas. El teorema de Gibbard-Satterhwaite. La regla mayoritaria y la provisión de bienes públicos. El teorema del votante mediano. Cuestiones unidimensionales y multidimensionales. El intercambio de votos. Mecanismos para la revelación de preferencias por los bienes públicos. Democracia directa y democracia representativa. El ""reparto de papeles"" en el sector público. Los representantes políticos. La teoría de la burocracia. Los modelos de la burocracia de Niskanen y de Migué-Bélanger. Los grupos de presión y la teoría de Olson. La teoría de los ""fracasos del sector público"". 9. LA EFICIENCIA EN EL SECTOR PUBLICO Una aproximación a la eficiencia productiva: eficiencia técnica y eficiencia asignativa. El análisis de la eficiencia pública. Evaluación de la eficiencia en la producción pública de bienes y servicios: análisis coste beneficio y análisis coste-efectividad. Eficiencia en términos de outputs y eficiencia en términos de inputs. El análisis de frontera y el ""análisis de envolvente de datos"". La institucionalización del control de eficiencia del sector público. ANALISIS COSTE-BENEFICIO:
 El análisis coste-beneficio como análisis de rentabilidad social. Fundamentos en términos de bienestar. Criterios para la selección de proyectos. Identificación y cuantificación de los efectos de los proyectos públicos. Valoración de costes y beneficios. Precios de mercado, precios sombra e intangibles. La elección de la tasa de descuento del sector público. El papel de las consideraciones distributivas. Las consecuencias del riesgo y la incertidumbre. La incidencia de los beneficios del gasto público. PROGRAMAS DE GASTO: EL SISTEMA DE PENSIONES PUBLICAS:
 El sistema de pensiones de la seguridad social. Argumentos en favor de la existencia de un sistema de pensiones. Diferentes concepciones del sistema de pensiones: asignación frente a redistribución. El método de reparto y el método de capitalización. La ""quiebra"" de la seguridad social. Efectos sobre el ahorro y la oferta de trabajo. La reforma del sistema de pensiones."
"How to manage barriers to formation and implementation of policy packages in transport","https://scispace.com/paper/how-to-manage-barriers-to-formation-and-implementation-of-tawior4k1v","2011","","","Jonas Åkerman
Henrik Gudmundsson
Claus Hedegaard Sørensen
Karolina Isaksson
Silvia Olsen
Florian Kessler
James Macmillan","","https://scispace.com/pdf/how-to-manage-barriers-to-formation-and-implementation-of-tawior4k1v.pdf","The aim of this study has been to explore success factors and barriers to the formation and implementation of single policy measures and policy packages in transport, and to identify strategies to ","'institutional', that means that it is a ""super-individual, routinized practice including connected understandings"" located within a certain organisation, for instance a Ministry or a planning department, or in the patterns of interaction between organisations or administrative units . Barriers and success factors:
 Within the road pricing literature, barriers are often related to public attitudes and the term 'barrier' can be derived as the public's lack of acceptance, i.e. problems with negative attitudes and resistance to a certain policy measure among the public or other key actors . The reason behind this can be traced back to various factors, such as deeply embedded social norms  or low trust in whether the policy measure will really have the intended effect . Within transport policy literature, it has been stated that financial aspects/lack of funding  and unfavorable physical conditions  may also constitute barriers in practice. Barriers and success factors:
 Fewer authors deal with success factors or 'key implementation factors' .  applies the term 'institutional potentials', using the term 'institutional' as explained above. Altogether, success factors represent a diverse collection of phenomena. In another article dealing with municipal road noise abatement  derives some ""conditions which seems to be important for making municipalities actively provide for and implement road noise abatement measures"". A broad definition like this is characteristic of the perception of success factors that we can derive from the literature (e.g. . Barriers and success factors:
 In our work, we apply broad definitions of barriers and success factors -as is done in most of the literature. We define a success factor as any factor contributing to policy making processes of single policy measures or policy packages, and a barrier as any factor impeding or hindering policy making of measures or packages. In principle, any policy making process involves barriers as well as success factors, although barriers and success factors can be latent and not manifest, or manifest over time due to contextual changes."
"Building a Culture of Innovation: A Case Study in Digital Integration","https://scispace.com/paper/building-a-culture-of-innovation-a-case-study-in-digital-2y9mwjunks","2013","","","Anthony H. VonBank","","https://scispace.com/pdf/building-a-culture-of-innovation-a-case-study-in-digital-2y9mwjunks.pdf","This case study dissertation examines the implementation of digital technology in a mid-sized public school district in southern Minnesota. The methodology involved unstructured interviews and close observation of several teachers, administrators and related staff in the junior-senior high building. These observations were presented in informative vignettes that help to tell the story of the culture of innovation in this school, as well as highlight some of the implementation strategies that aid this school and district in meeting its goal to meet all learners in a 21 century society. The study identifies common barriers such as staff resistance, funding, and technology equity among students, as well as identifying some positive strategies that have met these challenges in an effective way. The resulting information paints the picture of a district that uses digital technology to build an innovative culture.","district is yet another. The researcher believes that there are specific organizational influences that dictate the success in this case. Theory of Scientific Organization is the origination of the modern view of organizations, but it certainly is not the only voice in this complex discussion. Organizational Change Models:
 Taylor developed a program for organizational improvement upon which four basic principles were held; finding the right way to do a task, finding the right people to perform the task, and replicating indefinitely.  builds upon this basic structure by suggesting that managers and administrators get the right people on the bus, get them in the right seats, and get the bus going the right direction. While Collins' vision is congruent with Taylor, the true question of how this generalized approach can be seen in varied situations, as we see in public schools. The principles can be seen at work in most school environments today. The concepts of best practices and ability grouping certainly seem rooted in Taylor's efficiency plans, or Collins' bus analogy. The criticism, according to , is that ""the philosophy of 'production first, people second' has left a legacy of declining production and quality, dissatisfaction with work, loss of pride in workmanship, and a near complete loss of organizational pride"" (p.1). While the statement itself refers to organizations in general, it is clear that a similar effect can be observed in modern school organizations. In this model, the roles of the superintendent, principal, and other school leaders would be the linchpins of the organization. Indeed, this view has permeated the public school institution for much of its existence. Most current models do not support this theory of effective organizational management. While , and other related theories of organizational management have accurately described and informed most businesses and institutions for the breadth of nearly a century, other models were developed to accommodate a changing world. Systems theory, a re-thinking of traditional organizational management suggests that not only are there few clear-cut answers when seeking Taylor-or Collins-style management efficiency, but that the environments and systems within which they reside can have far more impact on outcomes and efficiency than previously thought. Systems theory dwells more on relationships.  outlined them as integration (the way activities are coordinated), differentiation (the way tasks are divided), the structure of the hierarchical relationships (authority systems), and formalized policies, procedures, and controls that guide the organization (administrative systems) (p. 1)."
"Public Administration in Ethiopia : Case Studies and Lessons for Sustainable Development","https://scispace.com/paper/public-administration-in-ethiopia-case-studies-and-lessons-sn2m7ukzhi","2020","Book","","Bacha Kebede Debela
Geert Bouckaert
Meheret Ayenew Warota
Dereje Terefe Gemechu","10.11116/9789461663634","https://scispace.com/pdf/public-administration-in-ethiopia-case-studies-and-lessons-sn2m7ukzhi.pdf","and quantitative research can be completed on current and historic NPM reform trends to test assumptions stated by PEMs about the factors necessary for the effective adoption and performance of NPM reform technologies","of the human resource capacity necessary for e ective execution of reforms. e fourth section highlights the need for inclusive political se lements, which it argues would open the door for positive and sustainable institutional change. e nal section provides brief conclusions and implications. Institutions and Institutional Changes: Concepts and Theories . . Conceptualizations:
 Institutions ere is a considerable literature dealing with the question of how best to de ne institutions . However, there has not yet appeared a universally accepted de nition across the literature. Instead, the di erent theories (which shall be brie y discussed below) de ne institutions variously and authors use di erent de nitions, 2 which vary depending on the theoretical perspectives they adopt. Institutions and Institutional Changes: Concepts and Theories . . Conceptualizations:
 Among others, one relatively common de nition of institutions considers them as the rules of the game in a society . However, according to Le wich ( ), institutions are best understood in broadly Northian terms , which de ne institutions as the humanly devised constraints and/or enabling mechanisms that structure political, economic, and social interactions. e constraints and enabling mechanisms as stated in the la er de nition can further take the form of either formal or informal institutions. Formal institutions exist in the form of laws, acts, regulations, constitutions etc., which are enacted and (usually) wri en. Informal institutions, on the other hand, are the unwri en but socially shared norms and codes of behavior enforced outside o cial channels . Institutional Change:
 Since institutions are humanly devised, they exist only as far as a su ciently high number of individuals believe they exist and act accordingly . In other words, dissent can lead to collective actions that may result in changing existing institutions or the establishment of new ones. Institutional change thus refers to changes in formal and informal rules of behavior both between agents and between agents and organizations . e changes so de ned may further take the form of either a deinstitutionalization, where existing institutions become discontinued, or a re-institutionalization, which implies either a retrogression or a transformation from one set to another (new) set of institutions . Institutional Change:
 In short, every institution is vulnerable to in uences and hence to change, which means that formally organized public sector institutions that maintain a certain kind of order are nonetheless liable to change under certain conditions. Institutional Change:
 ese conditions for change can arise from deliberate reforms embarked upon by governments or from collective dissent and revolutionary movements against incumbent governments that may contribute as much as peaceful reform to the change of existing institutions or the establishment of new ones . Public Sector Institutional Reforms:
 Reform implies a deliberate action taken toward a change for the be er as a way of correcting wrongdoing or defects in a system . e change so implied may range from minor adjustments to management arrangements to fundamental changes in governance and management arrangements . Given the diverse scope of the concept of reform itself, it is no wonder that there also exist numerous de nitions of public sector reforms, depending on the scope and context of the reform one is dealing with."
"The influence of policy change on organizational structure","https://scispace.com/paper/the-influence-of-policy-change-on-organizational-structure-2z6qqggi","2023","Dissertation","","ASA","10.32469/10355/93955","https://scispace.com/pdf/the-influence-of-policy-change-on-organizational-structure-2z6qqggi.pdf","Public organizations respond to policy change in varied and unpredictable ways. The democratic control of these implementing agents represents one of the greatest challenges in the field of public administration. The current study took a mixed methods approach to exploring how one public organization that experienced a significant policy change responded as well as the policy-relevant effects that resulted from the response. Missouri Vocational Rehabilitation (VR) experienced a significant change in policy as a result of the passage of the Workforce Innovation and Opportunity Act (WIOA). Contingency theory tells us that in response to significant environmental changes, organizations will seek a structural response that aligns with the contingency demands of the environment, but also serves to protect or enhance performance. Describing the current case through the lens of contingency theory allows for attention to be drawn to important aspects of the organizational response that may have otherwise appeared unrelated. The results of this study point to the significant role that task uncertainty played in motivating the organization's structural response to the policy change, as well as provide evidence that the specific response designed by Missouri VR led to anticipated results supporting high level policy goals, but also may have caused unexpected effects on student access to VR services. ","structure within the larger public policy implementation processes. The remainder of the chapter will rely on a description of organization theory, specifically structural contingency theory and related salient research to explain how public organizations adapt to demands coming from the environment such as significant policy change. Public Policy Implementation Research:
 While a unified theory of public policy implementation does not exist, the past four to five decades have produced research that addresses implementation problems and questions from a wide range of approaches. For the most part, implementation researchers point to  as a key moment in the history of modern public policy implementation research. In their book, the authors sought to understand how well a federal economic development program in Oakland, California was ultimately implemented, and also understand how it might have been better implemented. Inspired by the case study depicted in their book, the field of policy implementation research has subsequently focused largely on discovering and understanding key policy implementation variables that impact policy goal achievement. Public Policy Implementation Research:
 While the volume of implementation research focusing specifically on factors that influence policy goal achievement peaked in the decade after Pressman and Wildavksy's inspirational work, the past two to three decades have seen a substantial amount of research that, while published under other labels, can certainly be classified as falling within the public policy implementation research domain. For example, labels such as public administration, public management , regulatory enforcement , policy compliance , street-level bureaucracy , principalagent theory , governance , as well as policy design and policy instruments  each involve the study of policy implementation. While these labels may seem to be indicative of a tangential research agenda, each area contributes to the literature and knowledge base united by a drive to address the central research problem described in this study, namely deepening the understanding of how public organizations respond to policy demands. While each of the studies mentioned above help to explain various aspects of policy implementation processes, we see that in order to more fully address the public policy implementation problem, one must isolate specific aspects of the complex public policy implementation process to be studied, breaking the myriad factors and processes down into manageable objects of academic interest."
"Government Capacity and the Acquisition, Implementation, and Impact of ARRA Funds","https://scispace.com/paper/government-capacity-and-the-acquisition-implementation-and-b0jjpy4uz7","2016","Dissertation","","NakHyeok Choi","10.25148/ETD.FIDC001252","https://scispace.com/pdf/government-capacity-and-the-acquisition-implementation-and-b0jjpy4uz7.pdf","OF THE DISSERTATION GOVERNMENT CAPACITY AND THE ACQUISITION, IMPLEMENTATION, AND IMPACT OF ARRA FUNDS","open to the environment. As organic or living systems, organizations react to the impact of the environment and interact with each other. Brief review of Systems theory: However, the modern organization theory is more in tune with the open systems theory -W. . Brief review of Systems theory:
 As an open system organization, a government: receives ""inputs of resources"" (e.g., equipment and the energies or labor of employees), conducts transformational processes in the throughputs phase, and then produces outputs (public services). Even after outputs, the open-system functions as a feedback loop, which is a learning process for a government (organization) to reflect a positive or negative experience to the new recurring process. . By cycling through the phases of the system, a government becomes a more effective and efficient organization. Brief review of Systems theory:
 For any organization, the most important thing is self-preservation. To do so, systems theory focuses on the purpose of government (organization) and seeks the best way to achieve that purpose-via the process of translating inputs into outputs. Two abilities are critical to an organization's successful processes and viability: (1) ""capacity to manipulate or adapt to its external environment"" and (2) ""capacity to suppress or moderate internal threats"" . That is, the systems theory implies that as an open-system, a government (organization) must continue to enhance its capacity, monitor environmental changes, and adapt to make the best use of the changes. Resource Based Theory:
 Government capacity (GC) is closely related to resources. Resources significantly affect strategies to build capacity; resources are a characteristic of higher capacity organizations. Public administration researchers have acknowledged the emerging importance of resources by citing Resource Based Theory in recent studies . Resource Based Theory:
 Resource Based Theory (RBT) or Resource Based View (RBV) emerged when  proposed the concept, which contends that a firm's performance is dependent on its resources. Before the RBT, the dominant paradigm in industrial organization economics was the structure-conduct-performance (SCP) paradigm, which contends that performance is impacted by a firm's market power in the industry structure (J. B. . According to RBT, organizations that outperform others have a different portfolio of idiosyncratic resources (J. B. ; J. B. . RBT had been previously discussed mainly in the areas of business administration and economics; however, several scholars in public administration have accepted and utilized the theory . In the present study, instead of performing an in-depth investigation into the theory itself, I explore characteristics of RBT and apply them to frame the concept of government capacity. Resource Based Theory:
 Recognizing that resources are essential to the performance of a firm (or organization), we must first define the concept of resource. J. B.  proposed four attributes that a firm's resource should have: Resource Based Theory:
 (a) it must be valuable, in the sense that it exploits opportunities and/or neutralize threats in a firm's environment, (b) it must be rare among a firm's current and potential competition, (c) it must be imperfectly imitable, and (d) it must be able to be exploited by a firm's organizational process (p. 57)."
"Why Elephants Gallop: Assessing and Predicting Organizational Performance in Federal Agencies","https://scispace.com/paper/why-elephants-gallop-assessing-and-predicting-organizational-3a032da7h4","2000","Journal Article","Journal of Public Administration Research and Theory","Gene A. Brewer
Sally Coleman Selden","10.1093/OXFORDJOURNALS.JPART.A024287","https://scispace.com/pdf/why-elephants-gallop-assessing-and-predicting-organizational-3a032da7h4.pdf","'In a recent article published in this journal, the authors argued that elephants and public organizations have something in common. Both are saddled with inaccurate stereotypes. Elephants are believed to be slow and insensitive creatures, when in fact they can run very fast and are very sensitive. Similarly, public organizations are believed to be low-performing and unresponsive, when in fact many public organizations perform very well and are models of responsiveness. After making (he crucial point that some public organizations are doing a good job, the authors propose a theory of effective public organizations and urge the research community to test this theory empirically.","of change, and impact of budget cuts and downsizing on agency productivity. Overall, the final solution was robust and stable. Adding or removing additional variables had little effect on the overall fit of the model or the relative predictive power of the independent variables. CONCLUSION:
 Patrick  examined seven theories of organizational effectiveness and concluded that we do not need more theories; we need to begin testing those that already exist.  agreed with Wolf and tried to synthesize these theories into a more testable framework. This study has taken the next step and examined common elements of these theories empirically. Accordingly, this study makes two noteworthy contributions to the literature on public administration. First, we have broadened the concept of organizational performance to include internal and external dimensions of efficiency, effectiveness, and fairness. Importantly, past research on organizational performance has neglected fairness and equity concerns, but past experience shows that these concerns are crucial in the public sector . Second, we have advanced the state of knowledge about organizational performance in the public sector by testing common elements of existing theoretical frameworks empirically. Specifically, we have modeled organizational performance in an important subset of public organizations-the twenty-three largest federal agencies. CONCLUSION:
 The variables that most affect organizational performance are efficacy, teamwork, building human capital, structure of task/work, protection of employees, concern for the public interest, and task motivation. These variables have one thing in common: They are elements of a high-involvement workplace strategy. Performance is higher in agencies that empower employees, clients, and other stakeholders, and lower in agencies that rely on autocratic or top-down management strategies (also see . Interviews and focus groups conducted incidental to this research confirm this interpretation. 13  Several NASA, Army, and Air Force employees noted the simultaneous loose-tight properties of their organizations. All three are rigid command and control bureaucracies in some ways, but they value employees and involve them in work-related decisionmaking processes. Conversely, an Agriculture Department focus group described how top agency management-which champions itself as a leader of the reinvention movement-failed to consult employees and clients when they closed approximately one-third of the agency's field offices; they also tried to shift the blame for chronic discrimination to farmer-elected committees and streetlevel employees. The SSA has also been billed as a leader of the reinvention movement, and some observers rate it as one of the most improved agencies . Yet several agency employees told us that management has implemented changes in a top-down fashion, without consulting or involving front-line employees and clients in the decisionmaking process."
"Political-institutional barriers to energy efficiency","https://scispace.com/paper/political-institutional-barriers-to-energy-efficiency-2u29l78akk","2015","Journal Article","Energy Strategy Reviews","Simon Langlois-Bertrand
Mohamed Benhaddadi
Maya Jegen
Pierre-Olivier Pineau","10.1016/J.ESR.2015.08.001","","","during policy formulation , or non-existing labels/standards for energy-efficient products/processes . Other recent studies have also pointed to different government or regulatory barriers, but again merely provide an incomplete list of some examples found in empirical studies (e.g., ). Methods and literature review:
 To our knowledge, there exists no systematic attempt to conceptualize this type of barrier and categorize the different possibilities. One interesting contribution is Cagno et al. , who proposed an expansion of Sorrell et al.'s framework, pointing to shortcomings and empirical difficulties. Cagno et al. introduce the notion of barriers that are ""external"" vs. ""internal"" to the firm, and leave a place for ""government/politics"" barriers, insisting that ""regulation and policy may affect the diffusion of technologies and/or energy suppliers imposing standards or particular policies to regulate the market, modifying the price and/or the availability of services/products, as well as influencing a single firm through various policies"" ]. However, they not only simplify this category down to either ""lack of proper regulation"" or ""distortion in fiscal policies"", but also end up incorporating these two possibilities within internal ""information"" barriers as part of the empirical framework. The same can be said of Thollander and Palm's comprehensive discussion of barriers , which explicitly includes Weber's ""institutional"" barriers, but remains limited to briefly listing ""codes and standards"" and ""government fiscal and regulatory policies"" as ""structural barriers"", with little development. Methods and literature review:
 Another interesting attempt to provide a more complete framework comes in Reddy's ""actor approach"" taxonomy , which differentiates barriers at the micro (project) level, the meso level (related to the organizations affiliated with the project), and the macro level (state, market or society). This approach provides an important contribution in detailing the causal mechanisms linking barriers to outcomes. Reddy provides examples of barriers of the political type, which are spread across the meso level (understaffed implementing agencies, for instance) and the macro level (energy policy legislation, for instance), and argues for the identification of actors and institutions having different responsibilities and roles depending on the level of the barriers identified. Methods and literature review:
 This leaves several gaps to address. It is our contention that efforts to identify and suggest ways to remove barriers to improvements in energy efficiency will remain incomplete or prove ineffective without proper consideration for barriers of the political-institutional type. Many of the contributions of these literatures downplay or give little attention to political-institutional barriers, and although some of these barriers are indeed considered by several authors, many issues remain regarding the understanding we have of them. Despite a tacit recognition of their presence and importance by several studies, they are loosely classified (when they are classified at all), alternatively termed regulatory , institutional , government-related , or contextual , often with no specific delimitation, and accompanied with few examples. In our view, these efforts also provide insufficient conceptualization of these barriers, give little attention to the political process behind changes in legislation and regulation -or the absence thereof -and provide us with limited information as to how these ""external"" barriers affect the decision by firms to invest or not in measures to improve energy efficiency."
"Obstacles to the Effective Implementation of Performance Funding: A Multistate Cross-Case Analysis","https://scispace.com/paper/obstacles-to-the-effective-implementation-of-performance-30cfzz9m61","2014","","","Lara Elaine Pheatt
Hana Lahr
Kevin J. Dougherty
Sosanya M. Jones
Rebecca S. Natow
Vikash T. Reddy","10.7916/D8V123HV","https://scispace.com/pdf/obstacles-to-the-effective-implementation-of-performance-30cfzz9m61.pdf","This paper examines the major obstacles that hinder higher education institutions from responding effectively to the demands of performance funding 2.0 programs, in which state appropriations tied to colleges’ performance are embedded in base allocations rather than provided as a bonus. The authors interviewed administrators and faculty at 18 public higher education institutions (nine community colleges and nine universities) in three states with notable examples of performance funding 2.0 programs: Indiana, Ohio, and Tennessee. Across the three states, public colleges and universities experienced the performance funding programs in different ways, but there is broad consensus on some factors that hinder institutions from responding effectively to the programs. Respondents at universities and community colleges indicated that among a large set of obstacles, student body composition, inappropriate performance funding measures, and insufficient institutional capacity most often made it difficult for their institutions to respond to performance funding. The authors draw on policy implementation theory and principalagent theory to explain why the local response to performance funding programs may deviate in form and results from the directions intended by policy framers. They conclude by offering policy suggestions aimed at reducing the obstacles to performance funding implementation.","and Theoretical Perspectives: In order to understand the obstacles that performance funding for higher education may encounter in implementation, we draw from the research literature on performance funding implementation and impacts, performance management in government agencies, policy implementation theory, and principal-agent theory. Performance Funding in Higher Education:
 A good number of studies have documented, if only in passing, various implementation obstacles that performance funding programs encounter.  reviewed this literature and found widespread evidence that performance funding programs encounter a broad range of impediments: the use of inappropriate performance measures; instability in funding, indicators, and measures; the brief duration of many performance funding programs; performance funding levels that are too low; shortfalls in regular state funding for higher education; inequalities in institutional capacity; unequal distribution of knowledge and expertise about performance funding within institutions; and resistance and ""game-playing"" by institutions. Performance Funding in Higher Education:
 Unfortunately, the studies reviewed by  do not provide a careful and sustained analysis of how the obstacles cited vary by state, institution type, and position of the respondent. Moreover, those studies are not strongly rooted in organizational theory. Our study therefore extends the literature on performance funding by incorporating theoretical perspectives from implementation theory and principal-agent theory that can further illuminate the nature of the obstacles identified. Performance Management in Government Agencies:
 It is clear that the patterns discovered so far in the study of performance funding in higher education are part of a more general pattern. Many of the obstacles identified in the performance funding literature also appear in studies of performance management in K-12 education and government agencies .  provides a useful definition of performance management: ""a system that generates performance information through strategic planning and performance measurement routines and that connects this information to decision venues."" Performance Management in Government Agencies:
 Moynihan identifies several obstacles encountered by performance management programs. These include lack of resources on the part of target agencies and difficulty coping with rapid changes in state performance indicators . Performance Management in Government Agencies:
 But the most fundamental obstacle is the difficulties agencies encounter in interpreting and evaluating the data they collect and devising solutions to the problems they discover . Those difficulties are in turn rooted in a lack of forums for discussing problems and possible solutions, and in the absence of an organizational culture that promotes non-defensive responses to organizational problems . Other studies have identified another obstacle: gaming by the organizational targets of performance management. This occurs when agencies generate deceptive performance measures (for example, through teaching to the test) in order to create the appearance that they are meeting performance expectations when they may not in actuality be doing so . To gain a theoretical purchase on these obstacles, we turn to studies on policy implementation and principal-agent relations in higher education. Policy Implementation Theory:
 Research on the implementation of all kinds of public policies has emerged from a desire to explain why policies as implemented or enforced are often at variance with the goals of the policy framers . One of the central divides in the literature on policy implementation has been between a perspective that emphasizes the intentions and actions of policy designers and one that stresses the views and reactions of the target populations and the ""street-level bureaucrats"" who deliver services to those target populations. The first perspective, which has been dubbed the ""top-down perspective,"" dominated the first wave of policy studies. The second perspective has been dubbed the ""bottom-up"" perspective and has dominated later waves of policy implementation studies ."
"Vested Interests Obstructing Information Systems Use: Land Administration in a Least Developed Country","https://scispace.com/paper/vested-interests-obstructing-information-systems-use-land-4jaa8szqo0","2011","","","Ahmed Imran
Shirley Gregor","","https://scispace.com/pdf/vested-interests-obstructing-information-systems-use-land-4jaa8szqo0.pdf","While there are identified factors that inhibit information communication technology (ICT) adoption in the public sector of LDCs such as lack of knowledge, attitude and mindset, leadership, socio-economic condition, infrastructure and so on, another implicit and relatively unexplored factor, the „vested interest‟ of some stakeholder groups, often becomes the overriding factor for ICT and information system adoption and use in organizations. This problem was evident in a case study of land administration organization in Bangladesh. This paper attempts to elucidate the nature and interactions of the vested interest factor through an in-depth revelatory case study, and explains this phenomenon in relation to prior literature with possible implications for future IS research. While the „vested interest‟ issue has not been prominent in western society or in the relevant literature, it has been found to be crucial in some developing country environments. The findings warrant further investigations and explanations in order to suggest appropriate strategies to overcome this critical obstruction to information system use in some public sector organizations in least developed countries.","productivity and therefore offer advantage to the young generation. Even the standardization of technologies which are important to create markets and wider applications, not only suffer from rapid changes in IT, but also suffer from the vested interests of different stakeholders in different magnitudes . Resistance to Change with ICT:
 On the other hand, theory that helps explain higher levels and more extreme forms of resistance to change comes from work in economics. In terms of vested interests, the conflict lies between those who receive the benefits and those who bear the costs. It is often a small group who reap the benefits from such policies, without publicizing the costs to the larger part of the society . , in her study on relationships between the government policymakers in health, health care providers and the adoption of health care information systems, also noted the existence of a variety of vested interests by key decision-makers. Outside academia, the term ""vested interest"" has also been used in related fields. For example, an ADB report says::
 Vested interest means that policy makers must also ensure that ICT policies do not unduly favor certain entities at the expense of others, or benefit industry at the expense of civil society or the broader public goods of social and environmental well-being. says::
 Interestingly, one prior study in a developing country has previously observed a lack of progress in a land administration department. However, this study interpreted the cause of the problems differently from the current study. , in his study of Guatemala, found institutional cooperation is key for land administration to operate successfully, where the stakeholders were found to be reluctant to share information. Uncertainty and a fear of losing power led to noncooperation and institutional jealousy, deeply ingrained over a long period. Silva insisted that institutionalization cannot be achieved without attention to local interpretations and particular interests. says::
 In the context of DCs and LDCs, some prior work has examined the link between corruption and uptake of ICT, as well as the resistance to uptake. Examples of such studies include ,  and . Public Sector Organizations and Institutionalization:
 Scott""s (2001) Institutional Theory is useful in explaining the changes bought about by innovation in apparently rigid organizations, such as those in LDC public sectors. This theoretical approach is also popular within public administration , which addresses some deeper issues of social structure and their critical interplay. The theory can be helpful in explaining how employees make choices and how a particular technology is adopted over time. Some argue that, often, the main force driving institutionalization is power (e.g., , where power operates by actors pursuing their particular interests in reflecting or interpreting their own situations . In other words, organizations adapt their internal characteristics in order to conform with the attitudes of the key stakeholders in their environment .  also argue that an institutionalized system is both the result, and a source, of power. In contrast, there are researchers who contend that power is a consequence or an effect, but never a cause, of collective action . Following the old institutionalism, while cultural factors are still the main focus rather than interest and power, some institutional theorists are increasingly shifting the focus on interest and power, not just culture . Public Sector Organizations and Institutionalization:
 On the other hand, public sector organizations across the world have some distinct and unique characteristics that separate them as institutions from private organizations. One of the major differences is bureaucracy. ) describes the typical nature of a bureaucratic organization:"
"The scientific study of bureaucracy: an overview","https://scispace.com/paper/the-scientific-study-of-bureaucracy-an-overview-2y2trsvxv6","2003","Book Chapter","","Kenneth J. Meier
George A. Krause","","https://scispace.com/pdf/the-scientific-study-of-bureaucracy-an-overview-2y2trsvxv6.pdf","The study of bureaucracy is the analysis of how administrative agencies function as organizations within a governmental system. The study includes interinstitutional relationships with democratic institutions such as chief executives, legislatures, or the judiciary as well as intrainstitu-tional activities concerned with explaining the organizational structure and behavior of administrative agencies. Scientific inquiry pertains to the development of systematic, generalizable explanations and subsequent empirical tests of the "" what, how, and why "" of bureaucratic agencies. This book contains essays that emphasize theory building and empirical testing of theories, theories of interest to students of public administration within political science. Our primary concern is how public bureaucracies operate in a democracy. The study of bureaucracy within political science has an intellectual history that harkens back over a century. German sociologist Max Weber's (1947) notion that maintaining a "" rational-legal authority "" was the appropriate way to conduct the business of governance was both a norma-tive and an empirical theory. He advocated the basis for general explanations regarding how bureaucratic institutions should be designed, including the need for a division of labor, career personnel with specialized training and expertise, hierarchical formal organizational structures that do not duplicate other administrative units, and explicit rules and procedures to ensure clear lines of authority and accountability within the organization. This work has had a profound impact on our theoretical understanding of how superior-subordinate relationships within such or","the underpinnings of this theory serve as a means of gauging the flow of information and subsequent behavior of relevant actors. Since human, organizational, and institutional relations are not frictionless, positive transaction costs will be incurred by these entities. Transaction Cost Theory:
 The transaction cost perspective of public organizations complements the research on public organizations that views public bureaucracies as experiencing information deficiencies (e.g., , failing to operate in a neatly ordered, authoritative hierarchical fashion , and having structures and jurisdictions that play a notable role in defining the parameters of performance . While this theory has been applied to studying how chief executives and legislatures bargain to determine whether or not the former wish to delegate administrative authority to the latter (Epstein and O'Halloran 1999; Huber and Shipan 2002), it has yet to be explored by political scientists with regard to specific questions of how public bureaucracies make decisions or how they behave in either a political setting or as organizations in macro-or microlevel terms (see Horn 1995 for some initial work). The analysis of public bureaucracies through a transaction cost lens makes sense since these types of costs can be viewed as the operating costs of a system (Arrow 1969). As a result, the application of transaction cost theory to the study of public bureaucracy could be quite useful for understanding how these entities operate in a larger political environment as well as within their organizational subunits and subfunctions. Transaction Cost Theory:
 Transaction cost approaches can also illustrate some advantages of organizations. If, for instance, one views public institutions, including bureaucracies, as having the potential to generate increasing returns to scale in the production of public goods and services, this can result in greatly reduced transaction costs (Pierson 2000). 6 Government, for example, has the ability to coerce, and thus it can eliminate some transaction costs by fiat (declaring standards for products [e.g., high-definition television] or processes [pollution control]). The ability to apply a uniform pattern of policy to all situations nationwide dramatically reduces the overall transaction costs of implementing a government policy. 7 Organizational Theory Perspectives:
 Although political scientists rarely contribute to organizational theory, they frequently use it to guide their research. Four strains of work in organizational theory are relevant to our discussion here-the open systems approach of Thompson, the organizational behavior approach of Argyris and others, the empirical work on public versus private organizations, and the contributions of Herbert Kaufman. Each will be discussed in turn. Organizational Theory Perspectives:
 Interest in organizational structure per se (rather than in how external political institutions use structure) has roots in the work of  but was brought back to respectability by . Thompson presented the classic theory of organizations as open systems; within this presentation, he provides a series of testable hypotheses about how organizations respond to environmental pressures and how structures influence what the organization does. Al-though Thompson's hypotheses have not been of interest to political scientists, his open systems approach can be found in the work of several scholarly works in political science . Perrow's work, in turn, is a vigorous defense of organizational sociology and the importance of structure in studying organizations. It interprets the literature, stressing structural rather than ""people"" questions. Within sociology, the work of Perrow and Thompson is most fully developed in  research agenda on structural influences in organizations."
"Application Of Performance-based Budget On Performance Motivation Of Environmental Service And Forestry Bengkulu Province","https://scispace.com/paper/application-of-performance-based-budget-on-performance-1kqrzrhwsy","2020","Journal Article","Journal of business management","Iswidana Utama Putra
Melly Susanti
Ermy Wijaya","","https://scispace.com/pdf/application-of-performance-based-budget-on-performance-1kqrzrhwsy.pdf","This study aims to empirically examine the relationship between the application of performance-based budgeting to work motivation in government agencies in the Department of Environment and Forestry of Bengkulu Province. The independent variable is the application of performance-based budgeting using indicators of budget transparency and motivation, budget discipline, budget equity, budget efficiency and effectiveness, while the dependent variable is the performance motivation of government agencies with indicators of motives, expectations and incentives. By using purposive sampling method in sampling and data collection methods by distributing questionnaires to 39 respondents, as for the method in analyzing data using the Spearman Rank Test and hypothesis testing. The results of this study indicate that the three independent variables namely the implementation of performance-based budgeting with indicators of budget transparency and motivation, budget discipline, budget equity, budget efficiency and effectiveness have a positive effect on the work motivation of government agencies.","party (agent) in the hope that the agent will act / do the work as desired by the principal (in this case the delegation of authority occurs). Agreements are formed in institutional structures at various levels, such as behavioral norms and contract concepts. Agency Theory:
 Agency problems arise when the relationship between principal and agent can lead to asymmetrical information or information imbalance because the agent is in a position that has more information about the company than the principal. Assuming that individuals act to maximize their own interests, then the information asymmetry they have will encourage agents to hide some information that is not known to the principal. When viewed from a government perspective, agency problems arise when executives tend to maximize their personal interests, starting from the budgeting process, decision making, to presenting financial statements that are reasonable to show that their performance has been good, and also to secure positions in legislative and people's eyes, . Agency Theory:
 The concept of motivation can be explained using agency theory, which in the broadest sense of motivation can be understood as the obligation of the holder of the mandate in this case the government (agent) to provide accountability, present, report, and disclose all activities and activities that are its responsibility to the trustee in this is the people represented by the DPRD (principal) who have the right and authority to hold them accountable. The concept of agency theory supports the performance motivation variable in this study, . Policy Implementation Theory:
 Wibasono (2016), explained that policy implementation is a study of policy studies that lead to the process of implementing a policy. In practice policy implementation is a process that is so complex that it is often politically charged with the intervention of various interests. To illustrate the complexity of the implementation process can be seen in the statement put forward by a policy study expert Eugene Bardach in , it is enough to make a program and general policy that looks good on paper. Even more difficult to formulate it in words and slogans that sounded wearing to the ears of the leaders and voters who listened to them. It is even more difficult to implement it in a way that satisfies everyone, including those who think they are clients. Policy Implementation Theory:
 Daniel Mazmanian and Paul Sabatier in his book Implementation and Public Policy in Wibasono (2016), defined Policy Implementation as the implementation of basic policy decisions, usually in the form of laws, but can also take the form of important executive orders or decisions or judicial body's decision. Typically, the decision identifies the problem to be addressed, states explicitly the goals or objectives to be achieved, and various ways to structure or regulate the implementation process. Contingency Theory:
 Contingency Theory asserts that the control system design is contingent on the contextual setting of the organization where the control system will operate (Sisaye: . Organizational effectiveness is a function of conformity between organizational structure and the environment in which the organization operates, (Duncan and Moores in Seto . Better fit between the control system and contingency variables is hypothesized to result in improved organizational performance. The use of the concept of conformity (fit) in contingency theory shows the level of correspondence between contextual factors (contingencies) and management accounting systems (such as budgeting systems) will enable managers to improve company performance. Within the government sphere the suitability between contextual factors such as performance and management accounting systems in this case the budgeting system will enable increased performance."
"National Study of Social Welfare and Rehabilitation Workers, Work, and Organizational Contexts.","https://scispace.com/paper/national-study-of-social-welfare-and-rehabilitation-workers-3j3wprs4b7","1971","","","Jean Szaloczi Fine","","https://scispace.com/pdf/national-study-of-social-welfare-and-rehabilitation-workers-3j3wprs4b7.pdf","","proc- esses: (1) those concerned with adaptation to the environment; and (2) those concerned with internal development and execution. Thus it uses its internal processes and energies to continually react to changes in its environment in order to maintain equilibrium with it. SYSTEMS THEORIES:
 Of particular interest to organization theorists is the concept of equifinality. According to this triticiple, a system can reach the same final state from different initial conditions and by a variety of paths . It has special significance for organizations because it points up the importance of ongoing processes adapted for specific situations as major determinants of outcomes. Whereas bureaucratic theories rely upon rules, policies, and precedents to dictate action and theories of decision rely on rationality to indicate the obvieval. solution, systems theory recognizes tfrax rnztions are governed by dynamic t -processes through which problems are approached as they arise and in accordance with their particular nature. SYSTEMS THEORIES:
 One of the most fully developed approaches is that of . SYSTEMS THEORIES:
 According to Parsons, all organizations must solve four basic problems: SYSTEMS THEORIES:
 1. Adaptation: the accommodation of the system to the reality demands of the environment and the actual modification of the external situation. Each organization must have structures and processes that will enable it to adapt to its environment and mobilize the necessary resources to overcome changes in the environment. 2. Goal achievement: the defining of objectives and the attaining of them. SYSTEMS THEORIES:
 Processes are required for implementing goals, to include methods for specifying objectives, mobilizing resources, etc. SYSTEMS THEORIES:
 3. Integration: establishing and developing a structure of relationships among the members that will unify them and integrate their actions. SYSTEMS THEORIES:
 The organization must develop processes aimed at commanding the loyalties of its members, motivating them, and coordinating their efforts. SYSTEMS THEORIES:
 4. Latency: maintenance of the organization's mQtivational and normative patterns over time. Consensus must be promoted on values that define and Lgitimatize the organization's goals and performance standards. SYSTEMS THEORIES:
 Parsons applies his theory to all types of social phenomena. Probably because of his interest in a theory of general social systems, he paints his analysis of forml organizations with a fairly broad brush. Howeyer,  have built upon Parsons' work, together with that of  and , to develop a comprehensive, wide-ranging theory of organizations which is solidly within the systems theory tradition. K atz and Kahn attempt nothing less than a complete explanation of organizational behavior with systems theory concepts. Although certain aspects of organizations require a little forcing to fit systems concepts, the attempt seems reasonably successful in putting into proper perspective such ideas as interchange with environments, operation by process instead of procedure, and the interrelationships among functional units. Systems theory embraces a much more comprehensive set of concepts than is possible to describe here. Accordingly, an outline provided by  will serve to summarize those ideas which have the most relevance for this discussion: SYSTEMS THEORIES:
 1. ...the organization must be conceived of as an open system, which means that it is in constant interaction, taking in raw materials, people, eaergy, and information, and transforming or converting these into products and services which are exporterl in the environment."
"THE NEED TO MEET THE NEED - On the HRM-Performance Linkage","https://scispace.com/paper/the-need-to-meet-the-need-on-the-hrm-performance-linkage-3nz951tdsh","2015","","","Britta Pollman","","https://scispace.com/pdf/the-need-to-meet-the-need-on-the-hrm-performance-linkage-3nz951tdsh.pdf","","Keywords: Performance, HR transformation, reorganization, institutional theory"
"Business Licensing Services Through The Sicantik Cloud Application System in The Environment of The Department of Capital Investment and One-Door Integrated Services (DPMPTSP) Banda Aceh City","https://scispace.com/paper/business-licensing-services-through-the-sicantik-cloud-4exyxojmjj","2024","Journal Article","International Journal of Research in Social Science and Humanities","Cut Putri Ellyana
Syafei Ibrahim
Dwi Suharnoko","10.47505/ijrss.2024.2.9","https://scispace.compdf/business-licensing-services-through-the-sicantik-cloud-4exyxojmjj.pdf","This paper is focused on Business licensing services through the cloud application system. The investment service and one-stop integrated service for the City of Banda Aceh, this research is on the implementation of electronically integrated business licensing services for accelerating business licensing in the City of Banda Aceh. This development is in accordance with the demands of the times as the SiCantik Cloud Online Licensing Application (Integrated Licensing Service Intelligent Application for the Public). The formulation of the problem 1) How to Implement Licensing and Non-licensing Services Through the Si Cantik Cloud Application System at the Investment and One-Stop Services Office (DPM-PTSP) of Banda Aceh City. 2) What are the Supporting and Obstacle Factors in the Implementation of Services in Licensing and Non-licensing throughthe Sicantik Cloud Application System at the Banda Aceh Investment and One-Stop Services Office (DPM-PTSP). Theoretical benefits, as a researcher's effort in translating the results of this research on the one hand to become a build design in the embodiment of the SiCantik Cloud DPM-PTSP application in Banda Aceh City. The practical use of this research is expected to be input and consideration in the Implementation of Non-Business Licensing Services throughthe SiCantik Cloud Application System at DPM-PTSP Banda Aceh City. As for this research approach, it was carried out by using a qualitative descriptive approach, through searching with the benefits of information using interview techniques, documentation, observations and conclusions were made to obtain business licensing services, the beautiful cloud investment service application and one-stop integrated services. The results of the study show that Non-Business Licensing Services are Through the SiCantik Cloud Application System at the Investment Service and One-Stop Services in Banda Aceh City, assuming the applicant's limited ability to fulfill business licensing and non-licensing documents. ","creative goods. Public Policy Implementation Theory: (Implementation is the process of putting a government program into effect; it is the total process of translating legal mandates, whether executive orders or laws passed into appropriate program directives and structures that provide creative services or goods). Public Service Theory:
 Theoretically, public services show that the government as a provider of public services needed by the community must be responsible and continue to strive to provide the best service to improve public services. Basically, every problem must have a supporting or connecting theoretical basis to strengthen the problem. Public Service Theory:
 Due to Sampara, Lukman, quoted by Sinambela (2014: 5), states as follows: Service is an activity or sequence of activities that occurs in direct interaction between a person and another person or physical machine, and provides customer satisfaction. Public Service Theory:
 Meanwhile, in the Big Indonesian Dictionary, service is described as the thing, method or result of serving work. Public Service Theory:
 In the theory of public service or public service as the provision of services by the government, private sector and/or third parties to the community without payment to fulfill their daily needs, in line with the development of services, for clarity, Wasistiono in  states that ""Public service as an action which is carried out in providing services either by the government, private parties on behalf of the government or private parties to the community without payment in order to meet the needs and interests of the community."" Organization Theory:
 Organizational theory embodies organizations as part of administrative science because organizations are an element of administration, so that discussion of organizations will have the impact of organizational science as a branch of administrative science. Organization Theory:
 In line with the development of organizational science, as  states, ""Organization is a system of formal, structured and coordinated associations of groups of people who work together to achieve certain goals."" Organization Theory:
 Etymologically, organization as seen by  states that ""The word organization comes from the Greek word ""Organon"" which means tool or instrument, which at first the organization was only seen as a tool or mechanical device used to help achieve goals. "". Human Resources (HR) Theory:
 Human Resources (HR) theory is actually a vehicle for empowering humans as resources for activities to achieve planned goals. Human Resources (HR) Theory:
 This is the understanding of human resources as according to Bangun (2013: 4) states that ""HR is an asset that must be managed in accordance with the needs of the organization to create competitiveness. Human Resources (HR) Theory:
 Organizational managers must have the ability to combine the various knowledge and skills possessed by their members with other organizational resources."" Human Resources (HR) Theory:
 Human resources are an effort made to develop existing apparatus resources professionally in supporting future national-regional programs by looking for ideal methods in facing global challenges full of competition, challenges from all market niches (market opportunities) in investing assets from application systems SiCantik Cloud in accelerating licensing services in Banda Aceh City. Human Resources (HR) Theory:
 Human Resources (HR) are basically the organization's main resource in organizing as Sedarmayanti (2014: 13) states that ""Human resources are the policies and practices of determining the ""human"" aspect or human resources in management positions, including recruiting, screening, training, rewarding and assessing""."
"Sustainability, Performance and Development:: Towards an Understanding of the Intersections Between Human Resource Development (HRD) and Capacity Building","https://scispace.com/paper/sustainability-performance-and-development-towards-an-2jg9s9tbv0","2018","","","La'aleh Alaali
Chris Rees","10.22324/IJHRDPPR.3.112","https://scispace.com/pdf/sustainability-performance-and-development-towards-an-2jg9s9tbv0.pdf","","options, based on an understanding of environment potentials and limits and of needs perceived by the people of the country concerned. As a result, the need to strengthen national capacities is shared by all countries (United Nations, 1992, p. 1). Systems theory Social Capital:
 ""Capacity-building is a long-term, continuing process, in which all stakeholders participate (ministries, local authorities, non-governmental organizations and water user groups, professional associations, academics and others)"" . Systems theory Social Capital:
 ""… any kind of action or progress which improves [the organization's] abilities to perform activities or functions"" . Systems theory Social Capital:
 Development and performance are central concepts to both HRD and Capacity Building. Systems theory Social Capital:
 ""…the process of increasing the knowledge, the skills, and the capacities of all the people in a society"" . Systems theory Social Capital:
 ""HRD is responsive to a distinct set of need at the individual, organizational, and community societal levels, with outcomes different and unique to each level"" . Systems theory Social Capital:
 ""Processes of organized capability and competence-based learning experiences undertaken within a specified period of time to bring about individual and organizational growth and performance improvement, and to enhance national, economic, cultural, and social development"" . Systems theory Social Capital:
 ""The development and unleashing of human expertise for multiple learning and performance purposes, individual, family, community, organization, nation, region and globe . Systems theory Social Capital:
 ""Human resource development is any process or activity that, either initially or over the long term, has the potential to develop adults' work-based knowledge, expertise, productivity, and satisfaction, whether for personal or group/team gain, or for the benefit of an organization, community, nation or, ultimately, the whole of humanity"" . Systems theory Social Capital:
 ""The approaches, strategies, and methodologies used by developing country, and or external stakeholders, to improve performance at the individual, organizational, network/sector or broader system level"" 2) ""It is generally accepted that capacity building as a concept is closely related to education, training and HRD. However, this conventional concept has changed over recent years towards a broader and more holistic view, covering both institutional and country specific initiatives"" . Systems theory Social Capital:
 ""Capacity building is a process whereby individuals, groups, and organizations enhance their abilities to mobilize and use resources in order to achieve their objectives on a sustainable basis. Efforts to strengthen abilities of individuals, groups, and organizations can comprise a combination of (i) human skills development; (ii) changes in organizations and networks; and (iii) changes in governance/ institutional context"" (ADB, 2004, cited by DFID, Systems theory Social Capital:
 ""Capacity building should be aimed at three levels: Systems theory Social Capital:
 -sectoral level: provision of an enabling environment for effective sector and sub-sector management; -institutional level: development of planning and management processes so that the collective skills of the staff can be effectively used in the achievement of the institution's objectives; -individual level: comprehensive human resources development strategies and programmes to enhance skills of individuals in accordance with institutional needs"" . Systems theory Social Capital:
 ""Complex learning, adaptation and change at the individual, group, organizational and even societal levels"" )."
"How Corruption Is and Should Be Investigated by Economic Theory","https://scispace.com/paper/how-corruption-is-and-should-be-investigated-by-economic-1hw12stg","2022","Journal Article","Economies","Petr Wawrosz","10.3390/economies10120326","https://scispace.com/pdf/how-corruption-is-and-should-be-investigated-by-economic-1hw12stg.pdf","The article analyzes how economic theory usually investigates corruption. It describes the main traditional economic theories dealing with this issue—principal-agent theory (agency theory) and rent-seeking theory—and it emphasizes that both face some problems, especially their neglect of some important factors as to why corruption occurs which prevents them from accurately analyzing this phenomenon and proposing solutions on how to fight against it. The article further discusses whether institutional economics can overcome these problems. We show that it does, but that it needs to more seriously consider the environment in which corruption occurs. Redistribution system theory can serve as a useful aid here because it reveals that the source of corruption is an environment of undesirable redistribution. The article provides the characteristics of this type of redistribution and shows how its reduction also leads to the reduction in corruption. It can be concluded that economic theory should not rely only on traditional approaches to corruption but should at least add institutional economics and redistribution system theory to its methods of corruption analysis.","immediate restructuring of institutions to be more effective. However, a world with positive transaction costs means that inefficient institutions remain in existence for a long time even if conditions change-their change was too small and unprofitable to bring institutional change into effect. Factors Supporting Extractive Institutions and Preventing Institutional Changes:
 Informal institutions in particular change slowly. The slow pace of change in some institutions is economically, evolutionally, and otherwise advantageous-the stability of these institutions gives people confidence and allows them to anticipate the behavior of others. People are not forced to invest time and other scarce resources into constant change. If a system continuously changed all its parts, it would have the character of perfect chaosthe cost of adapting to changes would be greater than the benefit of the adaptation. The cost of adaptation will also be, due to permanent change, spent unnecessarily-adoption to some conditions makes no sense if the conditions immediately change. In such a system, it would not even be possible to cooperate, participate in the division of labor, innovate, and use many other attributes that help improve system performance. The convenience of slow institutional change, however, results in the persistence of ineffective economic institutions. Path dependency is supported by other factors. From our point of view, the most essentials include the following: •:
 Because of the logical structure of their mind , people can overestimate the cost of an activity (costs are usually related to the present and the immediate future) and underestimate the benefits of this activity (the benefits will only manifest in a rather distant future). In this case, they may not be motivated to change inefficient institutions and create more effective institutions. •:
 If the benefits of institutional change will also apply to persons who are not involved in the change (free riders), people providing and implementing the change will probably achieve insufficient yields and their interest in realizing the change disappears. •:
 The consequences of inefficient institutions will usually occur with some time lag. •:
 During the lag part of the system, however, members of the system become accustomed to the institutions, and any change will be too costly for them-they would have to change their mental behavior patterns and models ). It must be emphasized, from the point of view of human capital theory , that it may not be convenient for those persons previously investing in their human capital, including accommodation to the existing institutional design, to change their human capital structure, e.g., due to their life expectancy. If these people have a leading position in the system (which is quite likely), the effort to change inefficient institutions can be hindered, at least for some time. More generally, if the consequences of inefficient institutions manifest themselves with a time lag, the consequences need not (at least for some time) be associated with ineffective institutions. •:
 The human mind can be burdened with prejudices, which are a product of long-term development. People can prefer certain institutions, although these institutions may not be optimal to achieve their goals. The costs of changing the prejudices along with the cost of changing the institutions may be too large, so subjects are not willing to invest in an institutional change. Existing prejudices may even cause people to not even think about a possible institutional change. •:
 If theory and practice want to remove extractive economic and political institutions and so reduce corruption, they must take all the above-mentioned factors into account. They must investigate and characterize the environment in which corruption occurs. Redistribution system theory serves here as a useful tool for analysis."
"Public Sector Downsizing and Public Sector Performance: Findings from a Content Analysis","https://scispace.com/paper/public-sector-downsizing-and-public-sector-performance-1yepbu6a","2022","Journal Article","Sustainability","Shahram Ali Kazho
Tarik Atan","10.3390/su14052989","https://scispace.com/pdf/public-sector-downsizing-and-public-sector-performance-1yepbu6a.pdf","The current literature suggests that downsizing is a popular strategy among public sector managers to improve organizational efficiency, effectiveness, and performance. To extend this line of research, this study aims to empirically examine the effects of public sector downsizing on organizational performance in the context of the Kurdistan Region of Iraq. To determine the effects of the subdimensions of public sector downsizing on the subdimensions of public sector performance, a conceptual model is developed and examined based on qualitative data collected from a sample of 20 public sector managers in various organizations in the Kurdistan Region of Iraq. Content analysis of the interviews reveals that, as a subdimension of public sector downsizing, privatization is suggested to link to the subdimensions of public sector performance. Implications of the findings for theory and practice are discussed, and avenues for future research are recommended.","addressed with an operational meaning in the public sector . In the light of the above, specific performance indicators are clearly expressed and used effectively to improve the processes in performance management and policies based on organizational success. The importance of public performance indicators is discussed below. Efficiency:
 Efficiency can manifest itself in the economic and social environment of the public sector . In practice, efficient performances are defined as un-dominated performances, i.e., performances located on the ""best practice frontier"" . Efficiency is calculated with the effects achieved concerning the resources used to meet the conditions for maximizing the results of an action . Efficiency:
 The public sector can be downsized inefficiently compared to the private sector . One of the main reasons can be the goals that are adopted and pursued in this way. The public sector does not focus on economic benefits like private entities, but aim to provide social benefits for public welfare . In this way, performance is realized depending on sub-services, and the ideal performance must be determined for public institutions . Efficiency:
 On the other hand, there may be problems with resource allocation and technical efficiency in the public sector . How resource allocation and procedures are handled can be considered as significant to performance. The wasting of resources, such as technically inadequate purchases, poor distribution systems, and staffing redundancy, can occur in this context . In addition, inefficiencies can be affected by the political system. The structures and services can be determined in a political way, and regulations can be considered a significant step to increase efficiency . Efficiency:
 In addition, inputs and outputs can be considered among the factors affecting productivity in the public sector. Expenditure for the service and the project may be considered significant in terms of inputs in the public sector. On the other hand, outputs are more difficult than inputs because social and economic consequences are more prominent in the public sector. As social and economic results are more prominent, market value is considered more difficult in terms of the process in the public sector . Effectiveness:
 Prevailing ideas about the effectiveness of economic and social organizational forms have been developed over the past two decades, primarily under the influence of the New Right ideology . Economic efficiency has an essential quality in terms of the efficient social and political fields for governments to achieve their goals . Effectiveness:
 Effectiveness is the indicator given by the ratio of the result obtained to the one intended to achieve . However, effectiveness can affect efficiency. Elements can be considered a significant factor related to awards, participation of employees in the design process, performance improvement training, the scope of senior management support, and the use of multidimensional performance criteria . Management effectiveness, technical training, political support, and external stakeholder engagement are recognized as necessary in performance effectiveness . Transparency:
 Transparency is a significant issue in public policy, non-profit organizations, international relations, and management research . The adoption of transparent policies is thought to provide citizens with the ability to make choices and obtain information . Although transparency is seen as necessary, it may seem difficult to understand in public expenditures. This difficulty may develop due to several technical and political processes . On the other hand, promoting accountability and legitimacy together with governmental and public participation is considered necessary to ensure fiscal discipline in budget evaluations . How transparency mechanisms are structured will shape their impact on public policy and on efficiency, equity, and democratic accountability."
"Institutional theory and IFRS: an agenda for future research.","https://scispace.com/paper/institutional-theory-and-ifrs-an-agenda-for-future-research-1rurf7q7j3","2021","Journal Article","Spanish Journal of Finance and Accounting","Marta Alexandra Silva Guerreiro
Lúcia Lima Rodrigues
Russell Craig","10.1080/02102412.2020.1712877","https://scispace.compdf/institutional-theory-and-ifrs-an-agenda-for-future-research-1rurf7q7j3.pdf","While authentic leadership is highly valued in today’s business world, managers do not necessarily have the resources to attain it. Building on conservation of resources theory, we propose a conceptual model to address how personal and contextual resources predict authentic leadership. Study 1 analyzes the day-to-day variability in managers’ positive psychological capacities as personal resources in relation to changes in authentic leadership. In addition, it tests ethical organizational climates as stable, contextual resources for authentic leadership. In Study 2, we replicate our results on the between-person level and extend the research model by exploring promotion focus as a link in the relationship between personal resources and authentic leadership. Evidence from an experience sampling study with 89 managers surveyed daily on 10 consecutive work days (Study 1) and a field survey of 130 managers at two points in time (Study 2) supports the hypothesized role of personal resources and promotion focus for authentic leadership. In both studies, only principled but not benevolent ethical organizational climates emerged as a contextual resource for authentic leadership. We discuss the implications for current management research and practice.","Keywords: Institutional theory, change process, adoption, implementation, IFRS"
"Influence of strategic responses on the changes in the internal performance among pharmaceutical firms in kisii county, kenya","https://scispace.com/paper/influence-of-strategic-responses-on-the-changes-in-the-1zwzqtp7ik","2015","","","Jacob Mengo Mokua
Willy Muturi","","https://scispace.com/pdf/influence-of-strategic-responses-on-the-changes-in-the-1zwzqtp7ik.pdf","Pharmaceutical firms are challenged with high compensation demanded by qualified workers. Though it is clear that qualified personnel is required for good performance in the health sector, it is not clear what strategic responses are used by pharmaceutical firms to improve the performance in offering their services. Specific research objectives in this study were: to assess the relationship between strategic responses and internal performance in pharmaceutical firms, to find out the level to which setting of targets influence internal performance of pharmaceutical firms in Kisii County, to establish the level to which working environment influences internal performance of pharmaceutical firms in Kisii County and to find out the level to which amount of salary influence internal performance of pharmaceutical firms in Kisii County. Target population comprised of the respondents from 42 pharmaceutical firms operating in Kisii County. A census method was used and the data was analyzed using SPSS. The study found out that most team building workshops were organized once a year. Most pharmaceutical firms provide medical cover to their employees. Most employees take annual leave and it does not have any effect on internal performance of pharmaceutical firms. And that the internal performance of pharmaceutical firms is influenced with employees’ salary per month. Results of this study therefore will help managers of pharmaceutical firms as they understood how different strategic responses influence their subordinates’ performance and decide which strategic responses to use to effectively manage the performance in a bid to improve productivity of the subordinates. Keyword: Target Setting, Remuneration, Working environment, Internal performance, Pharma","Kisii country, Kenya Institutional Theory: The problem of whether performance measurement could improve public service delivery can be examined by applying the institutional theory. One major topic of the institutional theory (for a short summary see has been the role of institutional norms. Institutional Theory:
 After a research project on schools, , back in the 1970s, formulated the hypothesis that a continuum of organizations exists running from those dominated by technical criteria (e.g. manufacturing companies) to those dominated by -institutional‖ criteria (e.g. schools, private nonprofits, public administrations). For organizations dominated by technical criteria -technical‖ efficiency is vital, for those dominated by institutional criteria legitimacy and not technical efficiency is the guiding principle. Conformity to societal and cultural expectations or, more generally speaking, to external institutional norms, are the most relevant factors for this type of organizations. With this type of organizations conformity to the institutional norms of the external environment enhances their survival capabilities, opens access to resources and increases their stability. A technically optimized work flow is of less importance for institutionalized organizations than for those dominated by technical criteria. Following , institutional norms deal with appropriate domains of operation, principles of organizing, and criteria of evaluation. Institutional Theory:
 Values and beliefs external to the organization play a significant role in determining organizational norms. -Institutional‖ organizations may conform to these rules and requirements in order to increase their legitimacy . For this type of organization technical or economic efficiency may not be the driving force as they are forced to make trade-offs between sometimes conflicting external stakeholders interests. Institutional Theory:
 Public organizations have to deal with many external constraints, which potentially decrease the economic efficiency. Wilson for example regards the technical inefficiency of the checks and balances of the American constitution as a small price to pay for freedom and responsiveness of government ). Institutional Theory:
 Looking at the role performance measurement may play in institutionalized organizations one can say that it is an instrument that may contribute to the legitimacy in cases where market-oriented reforms are high on the agenda. Roy and Sèguin (2000, p. 449) are convinced that in the reasoning of the institutional theory, performance measurement is not adopted as technical efficiency-oriented approach for increasing the productivity of public services but mainly for its symbolic values in order to meet important external stakeholder expectations. For Johnsen, such reasoning fits best in an egalitarian public management culture, which stresses the potential of window-dressing and the function of a symbolic and decoupled use of performance measurement . Institutional Theory:
 Likelihood exists that performance measurement is, among other reasons, implemented in order to comply with the rhetoric of the market reforms in the public sector. Performance measurement, with its promises to improve economic efficiency, helps to create an impression of a modern public administration by incorporating management elements, which presumably work in the private sector, in order to meet the productivity challenge. Some proponents of institutionalism would also support the notion that performance measurement with its seeming rationality can also be seen as a step towards mythologizing public service providers as (economically) rational organizations. This may help public service providers to legitimize themselves at least in the eyes of those political decision makers and actors, who are convinced that more market elements will lead to better public services (for performance myths in the public sector)."
"Optimal Turnover Rates and Performance in Public Organizations: Theoretical Expectations.","https://scispace.com/paper/optimal-turnover-rates-and-performance-in-public-6pbjjmfzd1","2019","Journal Article","Social Science Research Network","Seung-Ho An
Kenneth J. Meier
Kenneth J. Meier
Kenneth J. Meier","10.2139/SSRN.3404997","https://scispace.com/pdf/optimal-turnover-rates-and-performance-in-public-6pbjjmfzd1.pdf","This paper advances a theory of optimal turnover rates in public organizations. In doing so, we first illustrate how public labor market conditions would affect optimal turnover rates of public organizations. After that, we develop a decision-theoretic model of public managers to show when turnover incurs costs or benefits to organizations. We also propose a set of testable propositions for future scholars, which posit the turnover-performance relationships being conditioned on various individual, organizational, and environmental contextual factors. We provide suggestions for empirical applications of the theory.","out public programs to avoid civil service restrictions on human resources management . Cross-nationally the variation in public personnel systems varies even more in terms of flexibility or lack thereof (Van der Meer, Raadschedulders, and Toonen 2015). Case 3. Considering Variation in Public Personnel Systems.:
 The consideration of the restrictiveness of the personnel system as a variable generalizes this theory so that it can deal with comparisons among public organizations such as similar agencies across nations, states or cities. The generalization also implies that the theory is applicable to the use of alternative organizational forms to implement public programs such as contracting, the use of non-profits, and the creation of networks. Contracting, in particular, can be used to circumvent restrictive personnel processes . The two previous cases of changing a hiring standard or changes in environmental conditions, as a result, might be considered special cases of simply treating the restrictions on the management of public employment as a variable that affects the linkage between turnover and performance. Case 4. Facing Multiple Labor Markets.:
 Although the theory focused on parsimony by treating public organizations as if they faced a single labor market, that is clearly not the case. Virtually all public organizations hire a wide range of personnel and operate in multiple labor markets simultaneously. A national organization such as the US Department of Agriculture competes in national labor markets for agronomists, entomologists, agricultural economists and other technical specialists, but at the same time faces a local labor market to staff clerical and other support personnel. Given the vast number of field offices of the Department, the agency also must complete in a variety of more narrow markets (e.g., soil conservation experts willing to live in West Texas, urban foresters, etc.). These multiple labor markets qualify many of the existing propositions. Logically, the propositions presented are more likely to apply to mission critical personnel rather than general support personnel such that the Forest Service and its performance is more reliant on turnover among foresters than among its clerical support staff. Similar to all theories, the propositions are posited in general terms but need to be adapted to the specific types of organizations that are being studied. Organizational Size:
 The key idea of cost-benefit theory related to the turnover-performance link is to determine how to better use resources in organizations. If, for instance, organizations spend too much on retention costs, encouraging turnover can be a managerial strategy since they can spend saved resources on other core functions. If the key that determines the turnover-performance link is resource utilization, organizations with more resources are more likely to be in a better position to manage turnover."
"Extending The Human Capital Theory Of Career Success: An Empirical Test In The Ecuadorian Context","https://scispace.com/paper/extending-the-human-capital-theory-of-career-success-an-4fljafra8k","2011","","","Mario Joseph Hayek","","https://scispace.com/pdf/extending-the-human-capital-theory-of-career-success-an-4fljafra8k.pdf","..............................................................................................ii DEDICATION..........................................................................................iii ACKNOWLEDGMENTS.............................................................................iv LIST OF FIGURES....................................................................................vii CHAPTER 1: INTRODUCTION.....................................................................1 Theoretical Development and Formulation of Research Propositions...................4 CHAPTER 2: FORMAL MODEL AND HYPOTHESIS DEVELOPMENT.................17 Human Capital Components................................................................17 Moderating Component......................................................................25 Influential Variables Beyond Those Hypothesized in the Theoretical Model........28 CHAPTER 3: DESIGN, METHODOLOGY, AND RESULTS..................................33 Measures of Independent Variables.........................................................35 Measure of Moderating Variable...........................................................37 Measure of Dependent Variable............................................................38 Measures of Control Variables..............................................................38 Results of Structural Model..................................................................39 Hypothesis Testing............................................................................41 Post-hoc Analysis.............................................................................43","evaluation/appraisal policies and practices adopted by managers. Human Capital Theory of Career Success: Managerial Facet: Proposition 2: When a pay-for-performance system is implemented, performance evaluation scores explain the relationship between human capital components and objective career success. Human Capital Theory of Career Success: Institutional Facet:
 The institutional facet of human capital theory complements the economic and managerial facets by addressing political, socio-cultural, and institutional pressures that managers face. In other words, while the economic and managerial facets of human capital theory provide an explanation for the mechanisms by which investments in human capital, along with the appropriately designed performance evaluation policies and practices, increases performance and eventually objective career success, these facets do not consider the political, socio-cultural, and institutional context in which the policies and practices affecting performance evaluations and objective career success are embedded. Specifically, the implementation of HR policies and practices of performance evaluation and compensation that managers"" design and use is often constrained by formal and informal institutional pressures. Human Capital Theory of Career Success: Institutional Facet:
 The institutional facet of human capital theory posits that performance evaluation and pay practices are constrained by the environments in which they are embedded and therefore this socially thick view of career success may be as explanatory as economic or managerial views. This institutional facet proposes that a firm""s performance evaluation and pay practices become more similar (i.e., isomorphic) with the practices of other companies operating in the firm""s field, as the firm seeks in this way legitimacy of its stakeholders in order to improve its possibilities of survival under competitive and institutional pressures . The specific institutional pressures that influence a firm""s HR practices to become isomorphic with other firms"" HR practices are: coercive isomorphism, mimetic processes, and normative pressures . Coercive isomorphism results from formal and informal pressures driven by resource dependency, cultural expectations, and regulations affecting the HR function. Human Capital Theory of Career Success: Institutional Facet:
 Mimetic processes result from benefits of imitation or modeling of HR practices in terms of reduced uncertainty. Finally, normative pressures stem from professionalization of HR personnel and the formation of their professional networks that favor benchmarking. Human Capital Theory of Career Success: Institutional Facet:
 Managers, facing coercive, mimetic, and normative institutional pressures, may differ in their choices of strategic responses to these pressures . In particular, managers"" choices may vary from passive to proactive responses towards these pressures. Therefore, whether HR managers respond passively or proactively to institutional pressures is likely to impact the strength of the relationships among human capital, performance evaluations, and career success. Human Capital Theory of Career Success: Institutional Facet:
 Most common responses to institutional pressures are based on the labor market data collected by consulting firms because their data reveal practices that are referent for the firm""s legitimacy . The typical practices serve as a referent point to select strategic responses in terms of pay policies which may be to lead, lag, or meet pay relative to the referent companies. A general assumption is that the leading firms prefer to pay higher salaries in order to recruit higher quality personnel, and lower their turnover ."
"Business Experts on Public Sector Boards: What Do They Contribute?","https://scispace.com/paper/business-experts-on-public-sector-boards-what-do-they-48kkamizsm","2017","Journal Article","Public Administration Review","Ian Kirkpatrick
Francesco Vallascas
Gianluca Veronesi","10.1111/PUAR.12754","https://scispace.com/pdf/business-experts-on-public-sector-boards-what-do-they-48kkamizsm.pdf","Although public management reforms around the world have given business experts an enhanced role in the governance of public sector organizations, the impact of this change is poorly understood. Drawing from the literature on board human capital as a theoretical framework and focusing on the case of hospital boards in the English National Health Service, this concern is addressed by investigating whether increasing the presence of individuals with business expertise has any significant relationship with organizational performance. The findings show that while business expertise appears to have no influence on service quality, it does have a positive effect on financial performance. However, this only applies to governing boards that are less experienced in terms of their collective tenure. The findings lend partial support to board capital theory but also show that in certain conditions generic business expertise can be a valuable asset for public sector organizations.","of financial management and efficiency. This is especially in situations where governing boards are inexperienced. On the other hand, the results indicate that business experts do not appear to make a positive contribution on quality outcomes, largely reinforcing the predictions of board human capital theory. Conclusion:
 When drawing these observations, it is important to note certain caveats and directions for future work. An obvious point concerns the need for more data over a longer time period to further strengthen the main findings reported here and being able to interpret the results in a robust causal sense. In addition, there is a need for a greater understanding of how different combinations of human capital on boards translate into decisions that impact on organizational-wide performance outcomes. This might require the use of qualitative data sources, focusing in depth on a limited number of cases. Such work might explore how different forms of human capital influence the power of board members to influence decisions  and could also consider more fully the role of social capital . Furthermore, more work could be done to extend the analysis here reported to gain a better understanding on the collective ability of board members to shape decisions . Conclusion:
 Beyond this, more studies are needed to better understand the conditions that shape these dynamics of board capital. A fruitful line of inquiry might be to explore the importance of the national context. While moves to reform public management have been global, the actual development of corporate style boards and other management practices varies greatly from country to country . Lastly, there is scope to investigate how far the predictions of board capital theory apply to other types of public services, such as those run by legislative councils or which are less professionally dominated than health care."
"Managing Public Performance Through Budgetary Incentives: Appropriate Regardless the Consequences?","https://scispace.com/paper/managing-public-performance-through-budgetary-incentives-1bb7sd2bbl","2011","","","Frans van Nispen tot Pannerden
Maarten de Jong","","https://scispace.com/pdf/managing-public-performance-through-budgetary-incentives-1bb7sd2bbl.pdf","text
The current budgetary crises can be seen as a test case for New Public Management (NPM) reforms that have been adopted worldwide during the last two decades. One of these tools, performance based budgeting (PBB), is the subject of this paper. Although the roots of Performance Based Budgeting can be traced back as far as the early 20thcentury, PBB gained worldwide popularity in the 1990s and early 2000s as part of the NPM agenda. NPM introduced a set of recipes that were meant to transform the public sector towards more result orientation and efficiency. It is not clear yet what the post NPM era will look like exactly, but it looks like NPM’s heyday is well behind us. In the meantime, many traces of these reforms still dominate today’s public sector landscape.
It can easily be argued that PBB has become and remained so popular more because of the promises that it holds than the results that can empirically be attributed to its introduction. Regarding PBB, Allen Schick once noted that: governments that don’t manage for results will not budget for results *Schick 2003+. Expanding on Schick’s observation, the very type of result orientation that PBB was intended to achieve may turn out to be its main unarticulated premise. In other words, did PBB indeed modify public organizations and their steering relationships? Or did it merely codify existing behavior in those cases that report success?
This paper presents a theoretical framework and method to assess this question. Lending from neo-institutional, more precisely principal-agent theory, alternative explanations for the use of performance information will be tested in international cases that share successful PBB implementation. The incentives PBB creates strongly rely on the logic of consequence. The alternative explanations sought follow the logic of appropriateness by focusing on the concepts such as of path dependency, cultural appropriateness and cognitive frames.","for result orientation? Or can successful PBB implementation only result from favorable circumstances for result orientation? Applied to the steering relationship between a government principal and a Public Sector Bureau (PSB) acting as agent, the central question to this research is therefore: Can cases of successful PBB implementation in a PSB-Principal relationship generally be explained by favourable conditions for result orientation that are independent from the adoption of the PBB system?:
 This paper presents a theoretical framework and method to assess this question. Lending from neo-institutional, more precisely principal-agent theory, alternative explanations for the use of performance information will be tested in international cases that share a record of successful PBB implementation. Can cases of successful PBB implementation in a PSB-Principal relationship generally be explained by favourable conditions for result orientation that are independent from the adoption of the PBB system?:
 As NPM in general and PBB in particular have been presented as solutions to challenges characteristic to public sector organizations (lack of incentives to perform, no competition, bilateral monopolies) it is all but impossible to separate the effects of these reforms from their institutional context. In fact it can be argues that PBB is deeply rooted in the neo-institutional tradition. (Neo) Institutional theory:
 Because the institutional context is a likely factor that could explain why PBB does or does not result in the intended effects highlighted here, I will turn to institutionalism and some of its schools of thought. Attention to the influence of institutions on political and social outcomes is known as institutionalism and can be viewed as a wider trend of applying social theory to economic rationalist assumptions. (Neo) Institutional theory:
 Institutionalism can be traced back to the 18th and 19th century as some of its key notions were already discussed by classical philosophers in those days. For example, Rousseau stressed the difference between the public interest and the aggregation of individual interests and De (Neo) Institutional theory:
 Tocqueville saw in local political institutions an antidote for despotism . (Neo) Institutional theory:
 Expanding the definition of an institution beyond the formal arrangement or organization, an institution can be viewed as a relatively stable collection of practices and rules defining appropriate behavior for specific groups of actors in specific situations. That way, institutions socialize individuals by legitimizing behavior associated with roles to be enacted or sanctioning behavior that differs from what is considered appropriate. Practices and rules are also embedded in resources and the principles of their allocation . A more simple definition of institutions was given by William Riker: rules about behavior, especially about making decisions . Institutionalization refers to the emergence of institutions and individual behaviors with them (Olsen 1997). An institutional approach is one that emphasizes the role of institutions and institutionalization in the understanding of human actions within an organization, social order or society . (Neo) Institutional theory:
 At the heart of the institutional debate is a central notion on the drivers of human behavior: Are actions driven by expectations of consequences, also referred to as the 'logic of consequence' or are actions driven by rules that come with a particular role or identity, also referred to as 'logic of appropriateness' ? The answer to this question affects one's view on how political life is organized to a considerable extent."
"The key drivers of organizational culture change in the public sector: an analysis of the Canadian federal government","https://scispace.com/paper/the-key-drivers-of-organizational-culture-change-in-the-4phjfwtnv6","2008","","","Karen Ann Somerville","","https://scispace.com/pdf/the-key-drivers-of-organizational-culture-change-in-the-4phjfwtnv6.pdf","Continuous change has become the norm for many organizations (e.g., Rossi, 2006). Unfortunately, success rates, even for small scale change initiatives, are unimpressive (e.g., Hirschhorn, 2002). These poor success rates may be attributed to the lack of clear guidance regarding the key independent variables, or change drivers, that are available for manipulation in order to effect change (Porras & Hoffer, 1996; Kemelgor, Johnson & Srinivasan, 2000). According to Rodrigues (2006), very little is known about how organizational culture changes over time and what drives the process. This six-year study provided a rare and important opportunity to study a large-scale organizational culture change initiative in the Canadian federal government. Fourteen organizational culture dimensions were identified from the Public Service Employee Surveys conducted in 1999, 2002 and 2005. Fifty one organizations in the Canadian federal government were included in this study. The unit of analysis was the organization. Seven drivers of organizational culture change were examined: vision, leadership actions, changes in leadership personnel, turnover of personnel, changes in human resources practices, communication, and enabling changes in structure and processes. Data on these change drivers were collected from multiple sources including questionnaires sent to each organization and data held by central government agencies. The impact of each of these seven drivers of change on the fourteen culture dimensions was examined using regression analyses and bivariate correlation analyses. Results suggest that organizational culture change drivers include five of the seven change drivers considered in this research: changes in leadership personnel, turnover of personnel, changes in human resources practices, communication and enabling changes in structure and processes. The results suggest that excessive changes in leadership personnel can have a negative impact on a culture change initiative. Finally, the results suggest that a culture shift can be attained in as little as three years.","Theories: According to , policy diffusion theory is particularly relevant for the public sector as it explains why and how public organizations adopt new policies and programs. For example, public sector managers emulate their peers in other governmental organizations to learn about and borrow successful practices . Organizational Change Process Models:
 A comprehensive review of all of the organizational change process models is beyond the scope of this thesis. However, this section will feature some general change process models, as well as change models that are particularly relevant for the public sector. Organizational Change Process Models:
 Considerable research exists relating to change processes, beginning as far back as  conceptualization of change progressing through three successive phases of unfreezing, moving and freezing. Refrec/ing:
 According to , the 1990s saw considerable efforts that built on Lewin's work, with multi-phase models for change advanced by , ,  and . These research efforts are briefly described in this section.   Two additional models were proposed by . The first model considered establishing a readiness for change to minimize resistance. The second model focused on the adoption and institutionalization of the desired change.  also provided influence strategies useful for transmitting change messages such as persuasive communication, human resource management practices, symbolic activities, and management of internal and external information. Refrec/ing:
 In considering the various models related to the change process,  concluded that the change process used to plan and implement organizational change is as important as the state of existing content and contextual factors. They noted that all six implementation models considered in their research revealed two basic lessons. First, the change initiative typically involves multiple steps that take a considerable amount of time to roll out, and that if steps are bypassed, unsatisfactory results are typically experienced. Second, they noted that mistakes in any step can delay implementation, as well as negate successes to date in the change initiative . Refrec/ing:
 There are also change models specifically related to the public sector. For example,  highlighted three models of change that are particularly relevant for public sector organizations that are seeking enhanced productivity. The first model featured command and control, which is particularly useful when key services, such as health care waiting times, must be improved. The second model involved the creation of quasimarkets. These are appropriate for services that differ from a business in that they are universal and equitable, but involve similar management challenges found in the private sector, such as education reforms. The third model combined ""devolution with transparency"", which involved contracting the services to the private sector, and holding the private sector accountable. According to , public sector reforms around the world combine elements of these three change models. Refrec/ing:
 Having briefly discussed definitions, theories, and process models of organizational change, the next section addresses the success of organizational change initiatives. Success of Change Initiatives:
 Despite the wealth of advice related to change management, successful fundamental change is very rare . Success rates, even for small scale change initiatives, are unimpressive . A 1992 survey from Arthur D. Little indicated that only one third of companies believed that total quality management projects had a significant impact upon their activities ."
"Human Capital and Capabilities as Leading Variables for Growth: a Comparative Analysis among Emerging and Transition Economies.","https://scispace.com/paper/human-capital-and-capabilities-as-leading-variables-for-3ih4o5snmi","2009","","","Pasquale Tridico","","https://scispace.com/pdf/human-capital-and-capabilities-as-leading-variables-for-3ih4o5snmi.pdf","This paper attempts to bridge three theoretical approaches to the problem of economic development, using the concepts of human capital, capability approach, social capital. I argue that education alone is no longer sufficient as a crucial variable for growth, and I test this hypothesis with a sample of emerging and transition economies. I assume that education must be seen in conjunction with capabilities . That is, people need to be provided with a set of opportunities, political and social rights, freedoms, which give them substantial occasions of doing and being and therefore of expressing their knowledge in the way they wish.","approaches to the complex issue of economic development, i.e, the human capital theories, the capability approach, the social capital dimension. These three approaches are linked by institutions and institutional policies implemented by all countries to shape the social interactions of economic agents. Conclusion:
 The paper shows the dynamics between education and capability, which lead to a more effective level of human capital when these two variables interact with each other. In turn, I found that such levels of human capital, associated with a high level of social capital, an investment in socio-economic dimensions, such as health and education, and easier access to improved sanitation (an indicator of an effective and functioning health system) yield a higher GDP per capita among the sample of 50 Emerging and Transition Economies. Conclusion:
 A higher endowment of people capability gives substantial value to education and improves the effectiveness of human capital. In fact, citizen possession of political and social rights, participation, freedom and democracy would also allow for the accumulation of additional capabilities, which would provide more opportunities of doing and being through easier access to education and to knowledge. Moreover, I argued that social capital is a non-economic source of good economic performance. All the social values and norms that impose respect, such as the common acceptance of certain rules and principles, cooperation, the conviction of the honesty and the reliability of other agents, the respect for rules and agreements, the conviction that the another agent would not cause damage, have a very positive effect on productivity. They encourage cooperation, increase economic exchange and economic relations, stimulate sharing of technologies and knowledge, reduce rent seeking and free-riding (opportunism), and reduce transaction costs with great advantages for innovation and the accumulation of human capital. In such a context, institutions and institutional policies are crucial in order to provide incentives for people, to shape behaviour and to engender the accumulation of knowledge. Hence institutions create the substance for a framework, which would both manage the process of economic growth and provide effective education, to the positive advantage of social capital and to people's opportunities to lead long, healthy and creative lives."
"Construction supply chain economic policy implementation for sectoral change : moving beyond the rhetoric","https://scispace.com/paper/construction-supply-chain-economic-policy-implementation-for-16okv6bq9a","2006","","","Kerry London
Jessica Chen","","https://scispace.com/pdf/construction-supply-chain-economic-policy-implementation-for-16okv6bq9a.pdf","Construction sector policy makers have the opportunity to create improvements and develop economic, social and environmental sustainability through supply chain economics. The idea of the supply chain concept to improve firm behaviour and industry performance is not new. However there has been limited application and little or no measurement to monitor successful implementation. Often purchasing policies have been developed with sound strategic procurement principles but even these have had limited penetration in to the processes and practices of infrastructure agencies. The research reported in this paper documents an action research study currently being undertaken in the Australian construction sector which aims to explore supply chain economic policy implementation for sectoral change by two government agencies. The theory which informs this study is the emerging area of construction supply chain economics. There are five stages to the project including; demand analysis, chain analysis, government agency organizational audit, supplier strategy and strategic alignment. The overall objective is towards the development of a Supplier Group Strategy Map for two public sector agencies. Two construction subsectors are examined in detail; construction and demolition waste and precast concrete. Both of these subsectors are critical to the economic and environmental sustainability performance of the construction sector and the community as a whole in the particular jurisdictions. The local and state government agencies who are at the core of the case studies rely individually on the performance of these sectors. The study is set within the context of a sound state purchasing policy that has however, had limited application by the two agencies. Partial results of the study are presented and early findings indicate that the standard risk versus expenditure procurement model does not capture the complexities of project, owner and government risk considerations. A new model is proposed in this paper, which incorporates the added dimension of time. The research results have numerous stakeholders; they will hold particular value for those interested in regional construction sector economics, government agencies who develop and implement policy and who have a large construction purchasing imprint and the players involved in the two subsectors. Even though this is a study in Australia it has widespread applicability as previous research indicates that procurement reform is of international significance and policy implementation is problematic.","explore ideas about government's role in economic sustainability of sectors at a much deeper level. Supply Chain Economics theory: The supply chain concept has long been considered an important idea for public sector governance, however it has proven difficult for all governments globally to implement. Supply Chain Economics theory:
 There have been varying levels of supply chain management policy development and implementation across various jurisdictions whereby examples of good public sector supply chain management policies have already been developed but with limited success in the construction sector. Existing literature has identified that policies often do not translate into practice and as a consequence may not lead to the achievement of intended policy outcomes. The next section will identify some of the difficulties associated with policy implementation as revealed by the literature. Barriers to policy implementation:
 Most existing literature surrounding the field of public policy has focussed on the theory related to the development, implementation and evaluation of policy. However, less research has been performed to determine the factors that help or hinder the implementation of innovative policies, processes and practices in real world environments . Most theoretical models of the policy process are largely based on the assumption that the organisations or government agencies responsible for implementing policies have simple machine-like characteristics in that their actions are rational and that there are simplistic chains of cause and effect . There is a failure within these models to recognise that in actual practice, government agencies do not necessarily implement policies based on these strictly rationalised models . Barriers to policy implementation:
 The key barriers to the successful implementation of policies in the real world environment that have been identified in the literature include: Barriers to policy implementation:
 • Conflicting objectives & directives at different levels of government, agencies and/or implementing actors ) • Limited competence  • Insufficient resources  • Incomplete specification  The present study is set within the context of a State Purchasing Policy (SPP) that has had limited application by the two agencies, which are at the core of the case studies; Brisbane City Council (BCC) and Queensland Department of Main Roads (QDMR). It is proposed that the real issue is that the state purchasing policy is well grounded in the principles but is difficult to translate to situations where there are particularly complex and historical procurement scenarios such as the construction sector which have been solved by those agencies in one form of another for decades. Barriers to policy implementation:
 Therefore there is a need to examine in this action research study to examine the following: Barriers to policy implementation:
 • the extent of the relevance of the four key impediments to effective policy implementation highlighted previously • the concept of the ""transition space""; ie when policy is developed by one agency and then implementation is taken up by another specialised agency Towards this end a process model for policy implementation is proposed for the development of a supplier group strategy map for property and construction sectors and in particular the two sectors which form the case studies. This will be undertaken through an explicit detailed understanding of the structural and behavioural characteristics of the two sectors. As highlighted earlier the approach is through an action research methodology working with government agencies to evaluate the supply chain policy implementation process model to achieve economic sustainability. The proposed integrated model ) is attempting to address this problem of high level policy being developed without due consideration to the complex realities of the real world practice in relation to markets that government agencies have to engage with in an iterative manner when attempting to implement the policy (fig. ). Barriers to policy implementation:
 Figure : Supply Chain Policy Implementation Process Model"
"A Comparison of Centralized and Decentralized Developmental Education Courses in Four Public Appalachian Community Colleges and Students' Perceptions Regarding the Seven Principles for Good Practice","https://scispace.com/paper/a-comparison-of-centralized-and-decentralized-developmental-4lwibmin3f","2011","Dissertation","","Philip M. Keith","10.33915/ETD.3027","https://scispace.com/pdf/a-comparison-of-centralized-and-decentralized-developmental-4lwibmin3f.pdf","A Comparison of Centralized and Decentralized Developmental Education Courses in Four Public Appalachian Community Colleges and Students’ Perceptions Regarding the Seven Principles for Good Practice Philip M. Keith Developmental education courses have become a standard in community colleges in the United States. An overwhelming majority of these public two-year schools offer developmental courses to a wide array of students. At the same time, developmental programs are under a constant barrage of attacks from a variety of stakeholder organizations that view these courses as redundant in the public educational system. As a result, community college systems across the nation are striving to find the most effective and efficient means to offer these courses, to decrease the length of time students are spending in these courses, and to increase the numbers of students who transition into the regular college curriculum. This study examined four research questions: first, the researcher attempted to determine if statistically significant differences existed between the perceptions of students attending centralized and decentralized developmental education courses in regard to their instructors’ use of the principles for good practice; second, this study attempted to determine if there were statistically significant differences between students attending developmental education courses and instructors teaching in developmental education courses in regard to their perceptions of the principles for good practice occurring in these courses; third, this research attempted to determine if there were significant differences in the perceptions of students attending developmental English/writing courses and students attending developmental mathematics courses in regard to each of the seven principles for good practice; and finally, this research attempted to determine if there were significant differences between instructors’ perceptions regarding the principles for good practice based on subject taught (i.e. English/writing and mathematics). Six community colleges were sampled to address the last three research questions; four of the six community colleges were used to address the first research question. A causal comparative methodology was used for this research. A MANOVA determined that statistically significant differences existed between groups regarding all four research questions. Subsequent analyses of variance found that students from the centralized and decentralized groups differed on five out of the seven principles for good practice, with the decentralized group rating their instructors higher on four out of the five principles where differences were detected. A Comparison of Developmental Education Programs iii Dedication This work is dedicated to my wife and best friend, Heidi Gabrielle Thompson. You are a beautiful artist, a beautiful mother, and a beautiful friend... “You and me together...” And to my children, Lillian Belle Keith, Noam Gabriel Keith, and Baby-Boy-to-Be: I am thankful everyday to watch you grow, to have conversations with you, to play with you, and to entertain the many questions you ask about this world... I hope that this accomplishment will help you all someday realize that life-long-learning is a wonderful thing, and that you too can achieve anything you work hard at. This work is also dedicated to the loving memory of my grandparents, Ralph Holman Keith (1911-1999) and Margaret Belle Keith (1921-1994). I rely greatly, everyday of my life, on the love, encouragement, and strength that you both provided me throughout my youth... if it were not for you both I do not know where I would be. Thank you!! Lastly, I am a first-generation and non-traditional college student. For the most part, college was not supposed to be in my future... it was not something I had focused on in high school and certainly not something for which I’d prepared. To be honest, I wasn’t sure what I would do with my life. I dedicate this work to all of those students who are high school dropouts, or first generation students, or non-traditionals, who, for some reason, have become inspired to take on the challenge of academia... my hat goes off to you!! You can do it!! A Comparison of Developmental Education Programs iv Acknowledgements One of the greatest things about being a part of the doctoral program at WVU has been the wonderful opportunity that I have had to work with so many great people. I am eternally grateful for the hard work and dedication of the following individuals: Dr. Ernest Goeres: you are one of the finest men in all of academe. I am thankful for the guidance, laughter, and education you have provided me. You have always been accessible and have worked extremely hard to help me achieve my goals. Thank you! Dr. Elizabeth Jones: thank you for your dedication to learning. I am extremely grateful for all of the help that you have provided me over the course of this program of study. Your guidance and feedback have helped to improve this work immensely. Dr. Richard Walls: thank you for all of the help you have provided to improve my study . . . and for reminding me about commas, coordinating conjunctions, and independent clauses!! Dr. Patricia Obenauf: thank you for being a part of my committee. Your feedback and support have meant a great deal. Dr. Sandra Bailey: there is no finer teacher out there. I appreciate the work that you do everyday to ensure that our schools are staffed with the best and brightest teachers possible. Your dedication to your students and learning is inspirational! Thank you for taking the time to help me pursue this goal. I am immensely grateful to be surrounded by so many great friends and family members. You all have helped to inspire me in some way . . . for this I am forever thankful. A special thank you goes out to my uncle and aunt, Jim and Amy Matheny... thanks for letting me crash at your place while I was out collecting data... I always enjoy the conversations. Heather, Dan, and A Comparison of Developmental Education Programs v Alice Brunton also deserve a big thanks for letting me crash at their place several nights while collecting data. You are all really great people!! To my mom, sister, and brothers...I love you all. My mom instilled in me, early-on, an immense love for books and reading... thanks mom!! I would also like to thank Diana and Rue for all of their good wishes and support . . . and to the rest of the Thompsons . . . thanks for being a great family!! To my dear friends Karen, Angie and the many other members of this doctoral program... thanks for all the good times!!! A special thanks is reserved for my dear friend Dennis McNaboe... thanks for all of your help!! This research project was made possible through the support of the following people: Dr. Billie Unger, Dr. Bill Hightower, Dr. Chad Brown, Ms. Tondalaya Vanlear, Mr. Gary Appel, Dr. Michael Scott, Dr. Pat Huber, Ms. Judith Valade, and all of the instructors who so graciously opened up their classrooms to let me in. And last but not least, a tremendous thank you to all of the students who participated in this research study... this was because of you!!! Thank You!! A Comparison of Developmental Education Programs vi Table of","developmental education courses on student outcomes; this section also provides research regarding differences between soft paradigmatic and hard paradigmatic disciplines. The final section of this chapter provides a summary and endeavors to unify previous research and conceptualizations with the processes of the current investigation. Organizational Theory: Over time various conceptualizations of organizations have evolved. Scholars have depicted colleges and universities as everything from rationally organized institutions defined by their bureaucratic structures to organized anarchies convoluted by ambiguity . provided an exhaustive list of organizational theories detailing the progression of organizational studies over the last century. In his book, Modern Organizations: Theory and Practice, categorized early theories of organization with the following statement: …the entire spectrum of [early] theories may fall under the three broad categories of instrumental rationality of the classical and neoclassical traditions, the systems theory and its variants pointing to the broader concepts of organization with their rational and environmental determinism, and the critical and interpretive theories with their main focus on pr ocesses and change-orientation leading to improvements in human life entangled by organizational rationality of modern capitalism and bureaucratic order. (p. 49) Within the aforementioned categories, listed formal theories that include scientific management, principles of management, principles of administration, and ideal-type bureaucracy. also included human relations theories of organization, contemporary organizational theories, decision and behavioral theories, systems theory, contingency theory, population ecology theory, resource-dependence model, market theory, transaction-cost theory, agency theory, organizational humanism as well as a variety of critical and interpretive theories of organization. In his chapter on emergent theories of organization, noted that ""[n]ew paradigms are emerging which suggest alternative models of organization"" (p. 63). These theories include the garbage can model, natural selection theory, institutional theories of organization, and chaos and transformation theories. In their book, Reframing Organizations: Artistry, Choice, and Leadership, provided four frames with which to view organizations in general, including the structural frame, the political frame, the human resource frame, and the symbolic frame. highlighted a variety of organizational theories, including five forms of organizational structure: simple structure, machine bureaucracy, professional bureaucracy, divisionalized form, and adhocracy. organized a number of postsecondary organizational theories into five categories: . In his book, Leadership in Education: Organizational Theory for the Practitioner, categorized organizational systems into closed, open, and anti-positivist systems. noted that closed-type organizational theories include scientific management, bureaucracy, administration theory, human relations, and structuralism theory. categorized contingency theory as an open system; anti-positivist theories include strategic choice, population ecology, culture theory, critical theory, institutionalism, and complexity theory. described closed systems as highly generalizable macrotheories. Most scholars note that the focus of closed theories of organization is on the efficiency and effectiveness of productivity . argued that closed theories operate on the assumption that outcomes are reached through the implementation of ""…definable and rational efficiency/effectiveness strategies…"" (p.1). noted that ""[s]tability and internal rationality are the central features of a closed system"" (p. 31). Bureaucratic systems, machine theories, and human resource theories are described as closed systems because of their self-contained systems used for managing productivity. For instance, rational-bureaucracies might utilize divisions of labor to segment and manage tasks in order to improve the effectiveness of the overall organization. Human resource type organizations develop policies and activities that enhance and meet the needs of workers in order to improve productivity. The major assumption about closed systems is that these organizations are ""…untainted by external forces or issues…"" . It is assumed that the internal"
"Socio-economic impacts of a public agency – enhancing decision support for performance management","https://scispace.com/paper/socio-economic-impacts-of-a-public-agency-enhancing-decision-405ki84nv1","2017","","","Petri Mononen","","https://scispace.com/pdf/socio-economic-impacts-of-a-public-agency-enhancing-decision-405ki84nv1.pdf","Pressures to cut public expenditure and to maximize value-adding use of scarce governmental resources are evident across the globe. Decision support tools for pinpointing when the activity is net beneficial are lacking, i.e. accountability is urgently called for but the process for recognizing and validating the best choices in direction and control are yet in their development. The objective of this research is to provide the science in general, and national administrations’ management and overseeing bodies in particular, a new understanding of how well the tasks and missions of the administration are fulfilled in terms of enhanced socio-economic well-being and adding to the value of different functions of society. This study approaches public performance management from the view-point of impact evaluation of a service oriented public product portfolio. The adopted research approach combines both qualitative and quantitative research methods. The research presents a process for evaluating a public organization’s overall benefit to cost ratio, with a case study within transport safety administration. The key findings of this research are that the socio-economic efficiency of a public entity can be quantified and that an operation of a public agency can be socio-economically net beneficial. Practical implications include re-allocation of resources to other more beneficial fields of responsibility, redesign of performance agreements and their indicators and initiating discussion in joint design of sustainable and balanced operational and strategic targets across government. Further research can exploit the methods presented in this study, as it has overcome some of the hurdles in socio-economic evaluation of public entities. With a clearer understanding of performance, government is able to better achieve its mission and its task of ensuring that agencies and other public bodies are functioning efficiently and properly.","from general administration and support functions of the agency were allocated (seeded) as a part of the service production costs. The seeding of overheads was based on the agency's internal ERP and FMS, and their calculation coefficients, rules and principles. Research data collection:
 The evaluation criteria definition, service impact evaluation, and the final stages of efficiency analysis were all based on general publicly available literature, such as scientific literature and articles along with reports, guidance, and studies published by global entities such as WHO, OECD, WEF, UN, ICAO, IMO and IATA. Research data collection:
 Table  summarizes the data utilized in this research. This research builds upon three main theoretical discussions; (i) public administration and public policy; (ii) new public management and performance management in the public domain, and (iii) impact evaluation of organizations, including the concept of cost benefit analysis. Figure  illustrates the relevant theoretical framework. In the figure, such theoretical discussion topics and/or areas that are not covered within this literature review (due to their minor relevance to the scope of this research work) are presented in smaller italic font. In the following sub-chapters, each of these main theoretical areas are discussed individually, followed by a literature review synthesis. Public administration and public policy:
 This study focuses on research within the public domain and more precisely, on organizations within it. These organizations as a whole constitute 'public administration', which includes all agencies, ministries, administrations and other publicly funded and governed entities. The term 'public' refers to entities that have a clear public purpose as opposed to what is generally considered to be business or commerce. According to the United Nations , public administration has two meanings that are closely related: (i) the aggregate machinery funded by the state and in charge of the management of the executive government affairs together with its interaction with other stakeholders in the society and external environment, and (ii) the management and implementation of the activities in deploying governmental laws, regulations and decisions and the provision of public services. Public administration and public policy:
 As such, the theoretical discussion within the sub area of public administration and public policy has a wide basis, containing literature that could be labelled as 'purely public administration' or 'purely policy', but additionally bearing highly relevant connections to the theories within, for example, economics, law, political science, sociology, philosophy and psychology . Therefore, any one stand-alone theory in fact does not exist and the challenge in covering the area is not related to a lack of theoretical discussion but more to the surfeit of. Regardless, it is appropriate to cover public administration and public policy and the related theories to an extent, since they as a matter of fact constitute the backdrop for the research at hand. In the following, this theoretical discussion area is covered with an examination of administrative history and reform and of the design, implementation and analysis of public policy. Public administration and public policy:
 In addition, the theoretical discussion area of public administration and public policy includes issues such as sociology, organizational theory, institutions, political economy, legislation, public budgeting, political ethics, political entrepreneurship (lobbying), human resource management, etc. -but these have been largely cordoned out from this literature review due to their lesser relevance to the scope of this research work as well as to the abovementioned surfeit of theoretical discussion areas in and around this domain. (Political entrepreneurship is briefly covered though, as one of the potential factors in policy design.)"
"Leadership, Change and Conflict: An Examination of Informal Human Resources Theory for Policy Capacity","https://scispace.com/paper/leadership-change-and-conflict-an-examination-of-informal-4kw5mx9yf7","2022","Journal Article","Canadian Political Science Review","Bobby Thomas Cameron","10.24124/c677/20221854","https://scispace.compdf/leadership-change-and-conflict-an-examination-of-informal-4kw5mx9yf7.pdf","In recent times, academics and practitioners have focused on the optimal processes and capabilities required to increase an organization’s policy capacity, but there is little research on the human resource theory adopted by practitioners to improve public policy and its development. This article presents the results of a 2018 case study of policy capacity involving thirty-one interviews with civil servants in a small provincial government in Canada. An informal theory of policy capacity and human resources centering on leadership, conflict management, change management, and analytical capabilities is articulated using the language of practitioners. For practitioners, the findings of this article provide guidance and context for human resource strategies for policy capacity. The article concludes that there is an opportunity for academics to expand the paradigmatic boundaries of human resources research in public administration for the purposes of improving policy capacity. ","informal HR theory related to policy capacity in a small public sector organization. More specifically, the central aim is to articulate the informal theory identified and applied by civil servants in terms of the recruitment, hiring and retention of policy staff to strengthen policy capacity. Policy Capacity:
 Policy capacity is ""the set of skills and resources-or competences and capabilitiesnecessary to perform policy functions"" . It encompasses analytical, operational and political competences at the individual, organizational and systemic levels . Policy Capacity:
 Increasingly, policy workers are required to employ change management Bobby Thomas Robert Cameron 44 skills to navigate competing stakeholder interests and to coordinate projects that impact multiple organizations . A high level of policy capacity within a public service is important for avoiding policy failure . Policy Capacity:
 Policy capacity, therefore, has implications for a public sector organization's likelihood of achieving its public policy goals and, ultimately, the state's ability to govern . Policy Capacity:
 As shown in Table , it is important that policy-relevant staff have strong analytical, operational, and political capacities. Policy Capacity:
 Analytical capacity is the ability for an individual to complete policy-relevant research, operational capacity is the ability to manage such functions as planning, budgeting, delegating, and directing, and political capacity is the ability to understand policy processes, communicate effectively with stakeholders, and build consensus . Note. Policy Capacity:
 Adapted from  While there are also important factors at the organizational (meso) and systemic (macro) level to consider, in theory, when a civil servant's analytical, operational, and political capacities are strong, they are more prepared to identify problems and develop solutions . Policy Capacity:
 Furthermore, policy capacity is notoriously difficult to operationalize and measure. Policy Capacity:
 This is in part due to a lack of agreement on concepts  and the fact that there is practically an innumerable amount of factors promoting or limiting policy capacity in an organization's environment which makes operationalization and precise measurement difficult, if not impossible (see . Policy Capacity:
 As such, policy capacity researchers have argued that studies ""should use a range of qualitative methods that employ the judgement of policy practitioners themselves in evaluating policy capacity, rather than attempting to measure policy capacity according to 'objective' measures of policy outcomes or explicit evaluative criteria"" . Policy Capacity:
 Policy capacity in PEI has been examined with a focus on practitioners' conceptualizations of policy work , training , research ethics , innovation  and small scale  but not human resource theory. Policy Capacity:
 Given HR personnel's important role in recruiting, hiring, training, and retaining staff, there are implications for HR personnel with respect to policy capacity, yet HR and policy capacity is understudied. Policy Capacity:
 While studies on the role of external policy consultants in government policymaking processes shed light on one aspect of HR and the externalization of policy capacity (for example , overall the existing literature on HR and policy capacity is theoretical and conceptual (for example  with very few empirical studies (for example . Informal Theory:
 The term theory is used often and frequently misunderstood. Misunderstandings arise from different viewpoints of the world and how knowledge and reality is constructed. We know that epistemological and methodological decisions guide the way in which one understands theory: Positivist and non-positivist research differs on how theory is defined."
"Systems Theory: Forgotten Legacy and Future Prospects","https://scispace.com/paper/systems-theory-forgotten-legacy-and-future-prospects-466cfwhtk3","2019","Book Chapter","","Brian Harney","10.4337/9781786439017.00014","https://scispace.com/pdf/systems-theory-forgotten-legacy-and-future-prospects-466cfwhtk3.pdf","Systems theory has long informed theoretical developments in employment relations and HRM. There is a rich and interdisciplinary underpinning to systems logic stretching back to classic research in work and organisations (Burns and Stalker, 1961), Dunlop’s (1958) Industrial Relations Systems, and foundational organisation theory (Katz and Kahn, 1966). Today, systems theory is still frequently theoretically invoked, if less empirically employed. This chapter will present an overview of systems theory and its purpose before tracing its historical antecedents and key domain assumptions. The chapter will then review some valuable applications of system thinking in employment relations and HRM, before evaluating limitations and future prospects. Overall, the chapter surfaces the long standing tensions between the intuitive appeal of systems logic and difficulty surrounding its application. The chapter concludes that, despite these challenges, the changing nature of work as characterized by fragmentation, flexibility, feminisation and finacialization (Rubery, 2015) provide a strong mandate for a system theory renaissance in HRM and employment relations.","distilling knowledge about PM, and question the value of isolated studies and simple lists of best practice. Instead they issue a clarion call for research which addresses ""the congruence between multiple aspects of the PM system as a predictor of system effectiveness"" . Normative regulations:
 Overall, it can be argued that direct empirical application of system theory is noticeable for its absence in HRM and employment relations. By contrast, much conceptual work has provided models and frameworks very much in keeping with system theory. As noted previously, this includes the foundational work by  but also a contextual view of HRM as proposed by  and . Exploring the means by which to optimize HR scalability,  drew on the concept of complex adaptive systems. They argued that broad principles and a general sense of purpose provide a foundation for selforganisation, adaptation and adoption so organisations can keep up with changes and requirements. With this exception, change and the dynamics of re-organizing are rarely considered, especially in HRM, or limited to narrow once off occurrences, disrupting the stability which is assumed as possible and normal. Systems theory: Problems and Pitfalls:
 There are a number of factors that have hindered the application of system theory in HR/ER. Some of these relate to trends in research and others to the inherent characteristic of systems logic. In terms of the former, the dominance of positivism has resulted in external factors being (conveniently) relegated to control variables as opposed to forming the core of explanations. Moreover, the focus of HRM has been increasingly directed to more micro factors within the firm to the neglect of contextual determinants. High-performance work system research tends to use indexes to explore the sum of practices and their diffusion in an attempt to capture system dynamics. Yet while high performance work systems are referred to as 'complex organisational systems'  the reality is that empirically they are not explored as such. Thus while dominant, the reading of systems in such work is conceptually narrow, and empirically deficient. Systems theory: Problems and Pitfalls:
 A concern for those with a more pluralist outlook of the employment relationship is that system theory is sometimes understood as implying a purely functionalist imperative, assuming the image of an organisation driven in a mechanical way by the necessity of functional tasks and environmental forces. The charge of reifying system characteristics and downplaying the political status of the agents concerned forms the crux of  celebrated critique of systems theory. However, in practice a systems approach can afford due attention to agential choice and influence. Truss and Gratton, argue that ""while recognising the significance of external contextual factors, an open systems perspective means that we should be aware of the role played by organisations in influencing as well as being influenced by their environment"" (1994: 674 emphasis added). In a similar vein ""the contrived character of organisations means that by nature they contain inbuilt sources of conflict. Many facts of organisational life can be readily understood if the model of organisations is one which views social patterns, not as fixed and rigid interrelations but as the outcome of a continuing tug of war"" . Systems theory: Problems and Pitfalls:
 Actors do not therefore have to appear as ghost like characters in systems analysis, while systems analysis does not necessarily have to divert attention away from issues of power and conflict. Of course it must be acknowledged that the perpetuation of a functional (mis)conception may align with certain ideologically informed, more unitarist, analysis ."
"“I Think I’ve Always Thought I Have to Prove Myself”","https://scispace.com/paper/i-think-ive-always-thought-i-have-to-prove-myself-n95c5mny","2022","Dissertation","","Navid Aminnia","10.31979/etd.uxzx-z6y5","https://scispace.com/pdf/i-think-ive-always-thought-i-have-to-prove-myself-n95c5mny.pdf","This grounded theory, constant comparative method study provides a Critical Race Institutional Logics Perspective account of Latina teacher sensemaking of distance learning. Distance learning—while not a particularly new school initiative, school reform effort, or organizational change—brought forth an organizational change that unmasked racist systems and deficit policy models perpetuating persistent, pervasive, disproportionate, low academic achievement for Latinx students. This study looked at how Latina teachers made sense of and enacted distance learning from their own personal values, beliefs, perceptions, and or impressions. Particularly, this study analyzed the role of race and its effects in shaping Latina teacher practice through these perceptions. This study argues that the incongruence between policy and lived experience is not strictly an organizational question, but an epistemological question that is best addressed through a critical analysis of Latina teacher sensemaking, particularly how such sensemaking was shaped by impressions and perceptions of race. ","leaders. The only antidote to the unmotivating effect of government oversight is leadership and teachers building commitments to develop a reform initiative . and , in their respective work, present a broader framework for leadership involving differentiated support, promoting ""coherence-making,"" • An intervention theory:
 and establishing a learning organization. Perhaps  best describes a principal's role in suggesting, ""Principals serve a pivotal role in both shaping a culture of compliance and strategically planning the effective implementation of reforms"" (p. 501). Taken as a whole, this research suggests leadership as an impactful lever for implementing reform through communication , in a manner that appeals to teacher's values, beliefs, and sensibilities, essentially bridging between school reform policy and teacher practice . Systems.:
 A strand visible throughout this review of literature is the nature of organizing relationships between people and concepts. Specifically, the themes above pay close attention to how policy closely develops modes of organizing, often stating implicitly the relationships required to develop a given policy. A feature of policy, particularly policy developed after Race To the Top (RTT), was insistent on developing models that were termed ""holistic"" as they were written with specific attention to the relationships required for organizing. Enter systems theory, an interdisciplinary principle whose initial premise is the unity of all phenomena .  maintain that systems theory came as a backlash against scholar's struggle with wholes and parts. ""Wholes"" and ""parts"" stand for the relationships between categories (wholes) and the things that are organized by these categories (parts).  describes this problem heartily using clouds as an example. Systems.:
 Clouds, Unger notes, have a definite shape which make them clouds. Yet, a closer look reveals indeterminacy; there is no clear beginning or end to the clouds. Instead, there is a vista of visible droplets forming the clouds. Systems.:
 Systems theory takes into account that a cloud is both the larger distinguishable shape and the smaller droplets-both form the reality of ""cloudness."" Systems theory investigates phenomena holistically through an analysis of both organization and its environment . Much policy work using systems theory has followed a variety of avenues by focusing on systems. For example, the National Implementation Resource Network (NIRN) has developed models for implementation, known also as improvement science. Improvement science, for example, uses a series of drivers that change depending on the phase of implementation as measured by a degree in fidelity ot the change initiative. Other system theories approaches include the ""learning systems"" work of , Bertalafy's general systems theory, and Bronfenbrenner's ecological systems model. Each of these systems attempts to capture the relationships within entities, but also the mutual influences between the entities and broader organization."
"Transforming the public sector: 1998–2018","https://scispace.com/paper/transforming-the-public-sector-1998-2018-5725x7wjiv","2019","Journal Article","Accounting, Auditing & Accountability Journal","Irvine Lapsley
Peter Miller","10.1108/AAAJ-06-2018-3511","https://scispace.com/pdf/transforming-the-public-sector-1998-2018-5725x7wjiv.pdf","The purpose of this paper is to provide an evaluation of public sector research in the 1998–2018 period.,The paper uses the extant literature of this era to study the theorisation of, and the findings of, public sector research.,This is a vibrant field of a study in a wide range of study settings and with many interdisciplinary studies. The influence of new public management is pervasive over this period. There are numerous instances of innovations in study settings, in key findings and the approach taken by investigators.,This is not a comprehensive review of all literature in this period.,This study also explored the relevance of academic research of this era to policymaking by governments.,This paper offers a distinctive critique of theorisation of public sector accounting research. It reveals the dominant theoretical reference points in use during this period and observes the increasing tendency for theoretical pluralism to investigate complex study settings.","Greece, a small state in a large economic and political union . It also revealed the power of the agency (the Troika) devised by the EU and international funding agencies to impose austerity programmes on EU nation states caught up in the global financial crisis . The Evolving Agenda:
 Another recent innovation in the governmental field is the focus on large scale or mega projects. Samiolo (2012) examined a controversial cost-benefit analysis, conducted as part of the environmental appraisal of a large public sector project in Italy, which provided the preconditions for commensuration and standardisation through quantification and economic calculation. Relatedly, Mehrpouya and Samiolo (2016) examined the Access to Medicine Index, conceptualized as a regulatory ranking with the explicit mission of addressing a perceived regulatory gap and market failure. Overall, the key finding of the significance of both politics and power  resonates with these studies of public sector reforms. Conclusion:
 The principal aim of this paper has been to provide a structured overview of the accounting literature that has addressed the multiple transformations of the public sector across the period 1998-2018. We began by examining the phenomenon that has been termed neoliberalism, a somewhat over used term that none the less offers a useful shorthand descriptor for the events we are concerned with. For during this period markets and the metrics of accounting became firmly entrenched in all manner of public services, notwithstanding earlier and subsequent reforms. We then described the key findings in the literature published during the first decade covered here, organised according to four sectors or categories: universities, government, audit, and health care. Using those same four categories, we then considered the multiple and varied modes of theorising deployed in those studies, noting where relevant when researchers have deployed dual or even multiple theoretical frames. Conclusion:
 In an early section of this paper, we identified five key approaches or modes of theorising in the studies of public sector reform considered: New Public Management, Governmentality, Reform Processes, Actor-Network Theory, and Institutional Theory. While clearly there are other ways of partitioning the theoretical universe, and while these are also overlapping and potentially complementary sets of concepts, we suggest that this categorisation provides a useful heuristic for getting to grips with the key components of a voluminous body of literature. We examined the claims made by the proponents of these different ways of thinking about the transformation of the public sector, considered criticisms levelled at them, and included a series of exemplars of each. Perhaps NPM is the least obvious of these, as it is both a descriptor or frame and the object of study itself. But, as we have argued, it has more than a grain of theory in it, which we suggest justifies its inclusion."
"Explanatory factors for the use of the financial report in decision-making: Evidence from Local Government in Portugal ☆","https://scispace.com/paper/explanatory-factors-for-the-use-of-the-financial-report-in-3xrz0h62cl","2016","Journal Article","Revista de Contabilidad","Sónia P. Nogueira
Susana Jorge","10.1016/J.RCSAR.2015.09.002","https://bibliotecadigital.ipb.pt/bitstream/10198/12874/3/RC-SAR_2016.pdf","","information to be able to make the most suitable decisions, highlighting the importance of the paradigm of information users and their needs. Nevertheless, organizational changes can potentially be affected by a series of external and internal factors that should be considered in the decision-making process . Explanatory theories of reforms in public sector accounting:
 Here, contingency and institutional theories can be used to explain the reforms in public sector accounting, particularly to explore factors possibly affecting information usefulness in the decision-making process in the context of public sector entities, namely local authorities. Contingency theory:
 The contingency theory is a theoretical perspective of organizational behavior that emphasizes the way contingencies or restrictions, such as size, environmental uncertainties, technology and environmental pressures, affect organizations' development and functioning . It tries to identify the relationships between an organization's internal and external characteristics and its management capacity . Contingency theory:
 According to this framework, contingencies or restrictions influence organizations' structure in terms of training, specialization, differentiation and bureaucratization . Contingency theory:
 Regarding accounting and financial reporting systems, the contingency theory is ""based on the premise that there is no universally appropriate accounting system which applies equally to all organizations in all circumstances"" . Therefore, there is not a universal model of a control and accounting system suitable for and applicable to all organizations and circumstances . Organizations will have to adopt new accounting practices seeking a better adjustment between their administrative systems and contingency factors . The design of a new accounting system will depend on the organization's capacity to recognize and adapt to changes as a function of external and internal factors. Contingency theory:
 Although the contingency theory has been developed in the private sector, and greatly used in the scope of management accounting, some studies have used the contingency perspective in explaining reforms in public sector management and accounting, investigating particularly the introduction of new systems for measuring and managing performance, as well new accounting and reporting systems . Institutional theory:
 Within the literature of organizational theory, the institutional theory considers that expectations and values, both inside and outside organizations, as well as the rules of society, can also play a role in the decision to introduce organizational changes, namely concerning the accounting system. It supports that organizations acquire legitimacy if they adapt to external expectations, i.e., there is pressure to introduce certain accounting practices without due consideration of whether these will bring benefit . Institutional theory:
 This institutional approach differs from other theories of a rationalist nature, by understanding that economic, social, political and cultural phenomena make up the institutional environment, forming the meaning of concepts such as individual, social action, State and society . Institutional theory:
 Within the scope of the public sector, in recent years, the institutional theory (namely the New Institutional Sociology stream) has been frequently used by various researchers who seek to understand organizational change in this context . Institutional theory:
 The institutional theory has been used to explain how organizations respond to the pressures of their institutional environments . It seeks to identify a series of external factors that can pressurize or induce the process of internal change in order to gain external legitimacy . Organizations' tendency towards uniformity in relation to their institutional environment was called by  as ""isomorphism"". The process by which organizations tend to adopt the same practices and structures over time, in response to institutional pressures (so as to self-defence when facing problems for which they do not yet have their own solutions), is named institutional isomorphism."
"Special issue on innovation through open data: a review of the state-of-the-art and an emerging research agenda: guest editors' introduction","https://scispace.com/paper/special-issue-on-innovation-through-open-data-a-review-of-1ukrwr5mgg","2014","Journal Article","Journal of Theoretical and Applied Electronic Commerce Research","Anneke Zuiderwijk
Natalie Helbig
J. Ramon Gil-Garcia
Marijn Janssen","10.4067/S0718-18762014000200001","https://scispace.com/pdf/special-issue-on-innovation-through-open-data-a-review-of-1ukrwr5mgg.pdf","For decades good governance scholarship has focused attention on the importance of government openness [26], [34]. Since the 1960s, Freedom of Information (FOI) legislation has formed the backbone of institutional support for opening information and documents [76] and participatory processes [4], [79]. However, FOI represents a passive approach to releasing information. Persons or organizations must still request the information they want, referred to casually, as freedom of information requests. Since the 1990s, publishing documents on websites or using communication technologies to engage citizens in participation processes has signaled a more proactive approach to releasing government information and political engagement. Since 2003, governments have re-envisioned their passive and proactive approaches to include an open data agenda, [18], [62], where publishing documents and data in open formats, [35], [63] is the preferred way. Collectively, these developments have forged the basis for what has been commonly referred to as the open government and data movements [30]. Open data practices and policies are praised for their potential to generate public value, particularly through innovation, economic growth, and transparency, [5], [9], [18], [21], [81]. The nature and character of open data has been hailed for its innovative capacity and transformative power [19], [35], [40], [45], [80]. Various studies have confirmed that proactively releasing public and private data in open formats creates considerable benefits for citizens, researchers, companies and other stakeholders, such as business creation or having the ability to understand public or private problems in new ways through advanced data analytics, [5], [9], [18], [21], [81]. Only a handful of articles examine both the unintended consequences and negative side effects of opening data, [33] and the underlying causal mechanisms that actually lead to the desired open data benefits [5]. Open data research is still in its infancy, and as a result, the extant literature uses limited application and development of theory toward understanding the open data phenomenon. While scholars acknowledge diverse perspectives, it is not clear which theories are most relevant, nor whether a single or integrated theory is needed. This special issue is part of a series of two special issues about open data. This issue focuses on the relationship between innovation and open data, while the second special issue emphasizes research on open data related to transparency and open data policies. To realize the practical benefits of this transformative practice and to develop theory, more research needs to focus on understanding how innovation occurs through open data activities. The papers in this special issue begin to address this gap. The introductory article discusses the state-of-the-art with respect to understanding the context of open data innovation, developments, challenges and barriers, presents an overview of open data research and outlines emerging research directions.","The complex nature of the open data process, and innovation processes, complicate the supply and use of open data and these complexities are often not taken into account by stakeholders. As a result, the potential of the open data process is not completely exploited . Research on Open Data:
 In the last decade open data research has gained more attention due to the European Public Sector Information directive of 2003 , Obama's Memorandum for the Heads of executive Departments and Agencies  and other open data policy documents at the international [72] and municipal levels for example, , . Figure    Table  summarizes which theories are mentioned, used and developed and the related topics examined in the open data field in the 19 papers. We operationalized the mentioning of theory as any mention of that theory at least once. We operationalized the use or extension of theory as any paper that refers to the use of a theory by applying it to a certain open data topic. Research on Open Data:
 We found that of the 19 articles, many were written by the same authors and that only a very small group of researchers are involved in theory development in the field to-date. Out of the 24 authors that were involved in writing these 19 papers, 8 authors were involved in writing two or more of the 19 papers. From this group, however, they have explored many different types of theories, and only rarely was the same theory used more than twice. Institutional and organizational theories and democratic theories were used several times. Institutional and organizational theories were used to investigate policy development, changing systems, and changing organizational cultures and structures. Democratic theories were used to investigate transparency and trust and participation. In addition, collaboration between different actors involved in publishing and using open data was a topic that had been investigated often, as compared to the other topics. Context and expectations Theory of contextual integrity [60] Coordination mechanisms for open data activities:
 Coordination theory  Data sharing, information sharing and knowledge sharing Motivation theory  General theory of interagency information sharing  Theory of planned behavior  Economics of information Theory of natural monopolies  Microeconomic theory  Competitive theory  Utility theory  Neoclassical economic theory  Social welfare theory  Theory of public goods  Information storage and communication Context and expectations Theory of contextual integrity [60] Coordination mechanisms for open data activities:
 Information theory  Theory of digital objects Innovation:
 Actor Network Theory  Theory of diffusion  Theory of innovation  Institutional contexts and rational choices Structuration theory  Moving from closed to open systems, organizational change Organizational theory  Institutional theory  Network and power relationships between open data owners Actor-network theory  Open data adoption Adoption theories (e.g. Theory of Planned Behavior, Technology Adoption Model, United Theory of Acceptance and Use of Technology)  Diffusion of Innovation theory  Organizational cultures, structures and dynamics in relation to market characteristics Organizational theory Policy:
 Theory of institutional / organizational isomorphism  Power relations and power structures Postmodernist work of Foucault  Reinforcing and transforming institutional structures Systems theory"
"Analysis of Organizational Factors Influencing Staff Performance in Devolved Government in Kenya.","https://scispace.com/paper/analysis-of-organizational-factors-influencing-staff-o6gs8nu44v","2017","Journal Article","IOSR Journal of Business and Management","Eric Stanley Muthuri Nthumbi","10.9790/487X-1906036676","https://scispace.com/pdf/analysis-of-organizational-factors-influencing-staff-o6gs8nu44v.pdf","The purpose of this study was to establish the factors affecting staff performance in devolved government. The study was based on the below objective: to find out the effects of politics on performance of staff, at Tharaka Nithi, Embu and Meru County Assemblies. This study was modelled by human capital theory, Adams (1963). This study used a survey study research design. The target population was all the 183 staff members of the Tharaka Nithi, Embu and Meru county assemblies, in the 9 departments. All the workers were purposively sampled for the study. The study utilized a questionnaire for the staff. The content validity of the instruments was ascertained with the help of the research supervisor. Before the actual data collection the researcher piloted the instruments using a test-retest technique and tested the results using Cronbach alpha method. The field data was cleaned by checking for any missing or inaccurate data and correcting it appropriately. After data cleaning, the quantitative data was coded and entered in the computer for analysis using Statistical Package for Social Sciences (SPSS) Version 21 for windows. Multiple regression analysis was used to establish if there was relationship and the nature of the relationship. Qualitative data obtained from the interview was analysed and discussed thematically. This data was used to reinforce the quantitative findings, and to elaborate on the concepts obtained. Quantitative analysis entails analyzing numbers about a situation by choosing specific aspects of that situation. Descriptive statistics was used to analyze the quantitative data obtained. The study established that the level of staff training had an influence on their performance in the county assemblies in the skilled sectors of their jobs. However, the study concludes that the politics had a negative influence on the staff work performance in the County Assemblies, where the politicians tried to dictate their ways and wills to the workers of the county assemblies, through their influence. The Honourable Speakers of the respective county assemblies should ensure that there is minimum political interference. The top management of the county assemblies should be taken for leadership trainings on the emerging issues in the management sectors and the devolved governance.","literature, under the following subheadings; review of the theoretical literature, review of the analytical literature, and critical review of literature, summary and gaps to be filled by the study Theoretical Literature: This study was modelled by human capital theory, Human Capital Theory:
 Human Capital theory was proposed by  and developed extensively by .  in an article entitled ""Investment in Human Capital"" introduces his theory of Human Capital. Schultz argues that both knowledge and skill are a form of capital, and that this capital is a product of deliberate organizational growth. The concept of human capital implies an investment in people through education and training. Schultz compares the acquisition of knowledge and skills to acquiring the means of production. The difference in earnings between people relates to the differences in access to education and health. Schultz argues that investment in education and training leads to an increase in human productivity, which in turn leads to a positive rate of return and hence of growth of businesses as well as achievement of organizational objectives. In this theory people are regarded as assets and stresses that investments by organizations in people will generate worthwhile returns. Human Capital Theory:
 The theory is associated with the resource based view of strategy developed by , the theory proposes that sustainable competitive advantage is attained when the firm as a human resource pool that cannot be imitated or substituted by its rival. For the employer investments in training and developing people is a means of attracting and retaining people. These returns are expected to be improvements in performance, productivity, flexibility and the capacity to innovate that should results from enlarging the skills base and increasing levels of knowledge and competence. Theoretical framework:
 This study has been guided by 4theories, which include; Human Capital theory, Equity theory, spill over approach and Work-Family Enrichment"" (WFE) theory. The human capital theory was proposed by  and developed extensively by .  in an article entitled ""Investment in Human Capital"" introduces his theory of Human Capital. Schultz argues that both knowledge and skill are a form of capital, and that this capital is a product of deliberate organizational growth Empirical Literature Political Factors Affecting Staff Performance:
 The politics of management and the management of politics in the workplace have received a great deal of attention due to their image of pervasiveness, mystery, and the potential benefits for those who know how to use them in the struggle over resources. Politics in organizations is thus used to promote interests and gain advantages over competitors in a market-oriented environment but also in non-market areas such as the nonprofit sector and governmental agencies. Even today, after many years of study, organizational politics (OP) enjoys popularity in academic research as well as in the discourse on practical management. Its significance for human resource management (HRM) is one of its least studied aspects, and awaits further theoretical exploration and understanding."
"Analysis Of Training And Development Management Practices In Nigeria Banking Industries: A Strategic Literature Review","https://scispace.com/paper/analysis-of-training-and-development-management-practices-in-1ip0sjaf51","2014","Journal Article","IOSR Journal of Humanities and Social Science","Goddy Osa Igbaekemen","10.9790/0837-19678287","https://scispace.com/pdf/analysis-of-training-and-development-management-practices-in-1ip0sjaf51.pdf","Abreact: Training and development of an employee cannot be condone in an organization as it form the basis, bedrock and umbilical cord of employee competency, development, effectiveness, efficiency and proficiency in an organization growth and development and advancement in the or within its business environment. Once an individual has been employed, job requirement often change, as there are changes in the work environment and technology of production. Therefore there will be need for training and development to improve the skill and enhance the performance of the work force. Training as Fajana,s. (1995) defined it, is the acquisition of knowledge, attitude and skill required to execute a given job, task duties, and it is also an instrument which is inevitable for the development of staff efficiency. It is also the systematic modification of behaviour through learning which occurs as a result of education, instruction, development and planned experience. Development on the other hand, is defined as “gradual advancement through progressive stages of growth from within. Beach (1980), consider development as a systematic process of training and growth by which individuals gain and apply knowledge, skills, insight and attitude to manage work organization effectively and efficiently. Banjoko,s. (1996) said that every organization has a mission and realization depends on the efficiency or competency of its employees. To meet its result, the human resources of the organization has to perform according to required standard. In order to accomplish this, he added that the human resources must master the technical, professional and managerial skills needed for the operation of the organization. Every managerial post need two types of training input. There is the education and training needed to perform a technical of professional aspect of the job. There is also managerial training required in economic effective and efficient performance of the job. Keyword: performance, productivity, effectiveness, competitive advantage and human capital","quality, speed, delivery and flexibility. Productivity is a term applied in the assessment of economic use of resources. It is the extent of efficiency at work. The human relations maintain that happy and satisfied employees are productive employees, Elton m. . The concept of performance and productivity:
 According to , performance is the essence of rating the rate at which work is done; such effort is meant to evaluate the employee""s strength and weakness. When performance is evaluated, the motive is to assess the character, attitude, potential and past performance on the job. He also assert., productivity as a measure of effectiveness use of resources towards the realization of goals and objectives of an organization. It can thus be regarded as higher performance at lower cost . VII. Theoretical Background Institutional Theory:
 Institutional training theory recently came up within the economy when the cost of training was well believed to be too high and therefore must be shared among the benefiting institutions. It occurs at the association level, national and local levels. Since labour market structure affects training, occupational markets encourage skilled workers to move between employers to build careers and gain security, in association with certified skills rather than relying on any employer. VII. Theoretical Background Institutional Theory:
 As the name implies is that training acquired while still on the job. In other words, it is a process that involves development of skills and systematic modification of behaviour through learning in order to increase the employee's effectiveness and efficiency while still performing the same tasks, responsibility or job. VII. Theoretical Background Institutional Theory:
 It may involve teaching, or coaching by managers, team leaders or trainers at the desk of the employees. It Can also involve mentoring, where employee understudy an individual with expertise. Most organization in the developed economies of the world has adopted this method of training for their employees. This is because; it is the surest and shortest means of developing and practicing specific managerial, team leading¸ technical and or administrative skills needed by the organization. VIII. Conclusions:
 From this study generally, it is concluded that training policies and plan are in tune with the industries corporate goals and objectives, the organization carries out training needs assessment in which it involves trainers, trainees, unit managers and supervisors and external consultants in training and management. While more emphasis need to be placed on training in order to cut down the level of bad and doubtful debts and further enhance profitability, training appears to have strongly positive contributions to. the organization total assets, gross earnings, value added and profit before tax. Training should be seen as an investment rather than as an overhead. Training should be a continuous process that every organization must maintain for its continuity. Organizations must as a matter of necessity spend appreciable amount of money and time on training of employees in order to increase their productivity in a competitive environment. It is also concluded that when employees are trained, they are well developed and become more satisfied with their jobs this also will help the organization to become more efficient and effective. VIII. Conclusions:
 Training and development of employees are important to develop and update their skills to enable them face the challenges of the professional world. Employee""s constraint to performance should be established so as to know the ways to remove these obstacles through human capital development to enhance productivity. Training and staff development benefits both the organization and workers by improving performance as well as giving added satisfaction to the employee. If human resources are adequately services will attract workers to organization."
"Adoption of practices for organizational effectiveness in healthcare supply chains: Insights from the United Arab Emirates (UAE)","https://scispace.com/paper/adoption-of-practices-for-organizational-effectiveness-in-k6y7isgge6","2019","Journal Article","International Journal of Productivity and Performance Management","Matloub Hussain
Fatima Al Hammadi
Dotun Adebanjo","10.1108/IJPPM-12-2018-0440","https://scispace.com/pdf/adoption-of-practices-for-organizational-effectiveness-in-k6y7isgge6.pdf","Purpose
The purpose of this paper is to explore the adoption of practices and investigating of commonalities/intensities between the factors for measuring organizational effectiveness (OE) across healthcare supply chains in the United Arab Emirates (UAE).

Design/methodology/approach
System theory coupled with the Supplier-Input-Process-Output-Customer tool was applied to facilitate the linkage between different nodes of the healthcare chain. An exploratory approach was used to explore and measure the importance of various OE factors across various nodes of the healthcare supply chain. Data were collected using a two-stage questionnaire process addressed at personnel in the UAE’s healthcare sector.

Findings
The study identified that 62 OE factors in the health are supply chain. Of these, 15 are related to suppliers, 14 to the healthcare process, 12 to employees, 8 to patients and the community, 6 to government directives and 7 to branding. In total, 21 common factors were identified and clustered into groups based on commonalities and intensities.

Research limitations/implications
The study identifies the most important factors for healthcare organizations to achieve OE for different dimensions of operations or performance. These factors will provide valuable insights for decision makers in the sector; it will provide valuable insights to healthcare professionals and academia to investigate more on these factors.

Originality/value
While there is an increasing research interest in healthcare supply chains, this is the first study to investigate OE across the entire chain while also evaluating the importance of and commonalities in OE-enabling factors.","very hard to improve simultaneously because of inherent constraints, including resources for hospital management . The optimization of a specific process deviates from the overall welfare of a whole system and no comprehensive frameworks have been presented to enhance and analyze healthcare performance across the entire system . Measuring Organizational Effectiveness in Healthcare:
 Measuring organizational effectiveness in the healthcare sector is complicated, especially when it comes to saving people's lives. According to ,there is a lack of understanding in healthcare leadership about the associative nature and application value of systems theory and organizational learning as both operational and conceptual tools that may impact strategic effectiveness in healthcare organizations. Thus system theory is an applicable theory when studying organizational effectiveness within the context of healthcare systems. A clear gap exists in the literature related to OE factors in healthcare chains, this research aims to close this gap by exploring OE factors, identifying the metrics for these factors, and drawing boundaries between them to find the commonalities. Theoretical Background:
 Many theories can be used to capture the richness of organizational effectiveness, such as goal theory, system theory, strategic-constituencies theory, competing-values theory, and ineffectiveness theory. A summary of each theory is given in Table . Insert Table 1 approximately here:
 This paper will focus on system theory, which focuses on the necessary resources to achieve the required performance in terms of inputs, acquisition of resources, and processes . It has been defined as a group of independent but interrelated components comprising a unified whole. Systems thinking flourished following World War II, influenced deeply by  general systems theory and the concept of the open system. An open system is one that exchanges matter with its environment ). An open system has been defined as having the property of self-maintenance, the goal of survival, and the ability to maintain its existence by adapting to the environment . In fact, the open system approach grounds system theory whereby the inputs, processes, and outputs are all part of the performance because business organizations are manmade systems that have dynamic interplay with their environment, customers, competitors, suppliers, and governments . This means that, under the system approach, each part of the organization is interrelated, working in conjunction with each other to accomplish common goals. In addition, system theory has been explored a great deal in the literature, where about 30 criteria of effectiveness have been identified, including productivity, quality, accidents, absenteeism, job satisfaction, motivation, flexibility, and innovation . The advantage of system theory is that it allows the assessment of progress toward the aim of long-term survival and interdependency of organizational activity . The reason for selecting this theory in the current research is to build a comprehensive model to measure the OE across the entire health care chain; looking into the entire system from input to feedback is essential. System theory has been succefully applied in health care supply chains; e.g. ; ; ; In addition, the study will expand system theory by introducing some external factors such as branding and government directives in developing the overall system for OE."
"Time management: an imperative factor to effective service delivery in the Nigeria public service","https://scispace.com/paper/time-management-an-imperative-factor-to-effective-service-34fg3bi2mj","2017","Journal Article","International Journal of Development and Management Review","Cyril Onyepuemu Osawe","10.4314/IJDMR.V12I1","https://scispace.com/pdf/time-management-an-imperative-factor-to-effective-service-34fg3bi2mj.pdf","Time is a special/worthy commodity that is given equally to everyone regardless of age, station, whether public or private sector. Time is always ever present to everyone, but no one ever seems to have enough of it. In Nigeria, the need for time management in organizations especially the public service cannot be over emphasized. Time management helps in achieving individual and organizational goals in view of the limited amount of time available to man. The article examines how time, which is available to all, yet scarce, can be managed to enhance effective and efficient service delivery in the public service. The article also beams a search light on organization of activities towards effective time management, as well as, the relationship between supervisors and subordinates as regards time management. The study discovered that Nigeria public servants are faced with time management problems which have become a hindrance to effective service delivery. Nevertheless, the article advances certain measures, which if adopted by the public servants will promote the virtue of time management that can lead to employee effectiveness and efficiency in the public service. Among others, employees in the public service should be encouraged to prioritize their activities, maintain a proper time audit in their work place, be prepared to adjust to the best use of time. They should be on guard against unscheduled visitors and telephone calls. Also meetings should be held during specific hours of the day, while other times should be devoted to work. These recommendations should be seen as strategies for effective work habit in the Nigerian public service. Keywords: Organization, Management, Performance, Productivity, Efficiency","or direction, not all of the organization's resources would be utilized towards the achievement of its legitimate goals . Again, Fayol posits that discipline and order help in maximizing organizational efficiency by making sure that the right thing is done at the right time. Theoretical Analysis:
 The attraction of this approach with special emphasis on time management is its participatory approach to organization of activities in a work place. As a result, the workers are involved emotionally and mentally in the application of themselves to official activities. This is the basis of the commitment which underscores efficiency. Efficiency and effectiveness theory of Service delivery in the public sector is measured in terms of effectiveness and efficiency; hence the paper also looked through the theory on effectiveness and efficiency as relevant to the issue under investigation. The theory of efficiency refers to the relationship between goods and services produced; and the resources used to produce them. According to , the ratio between input and output determines the efficiency of the employees. This theory is of the opinion that effective time management will help in manipulating the inputoutput ratio to the advantage of the organization. Note that time spent in the production process or service delivery is an important input factor. An efficient operation produces maximum output as well as having minimum input for any given quantity and quality of product. Theoretical Analysis:
 Some Scholars have opined that proper time management can improve the maximum output or reduces minimum cost of input for a given quality and quantity of product and services. Effectiveness on the other hand is how well an activity is achieving its policy objective or other intended effects. According to  cited in Eneanya ( ), an organization is technically effective if it is adequate to the demand placed on it by the society. Adequacy here implies the competence and the capacity to deliver the expected services at a particular set time. According to Eneanya (2009), effectiveness measures the extent and the rate at which goals and objectives of an organization have been achieved. This school of thought believes that the realization of an organization's effectiveness demands proper management/utilization of the limited time by the employees with the required skill, knowledge and attitude. Reasons for Poor Time Management in the Public Service:
 Poor time management does not result from the public service employees' indolence, but from some other crucial factors. The article identified some factors as being responsible why people don't give the public service good time management. One of the factors as identified by the author is lack of participation and concern of most Nigerian citizens to civil governance and other bureaucratic institutions. Many of them belong to the group of people Gabriel Almond described as -parochial‖, that is, people who are apathetic to political and public administrative issues . So, the corollary to this is a relaxed public service that entertains no questions from the legislators or the citizens. That relaxed atmosphere in which the bureaucrats found themselves automatically breeds the abuse of time, since the time itself is not programmed on any meaningful ventures."
"Readiness for Change: An Institutional Perspective","https://scispace.com/paper/readiness-for-change-an-institutional-perspective-3el5zgud1b","2013","Journal Article","Journal of Change Management","John Amis
Rachida Aissaoui","10.1080/14697017.2013.768435","https://scispace.com/pdf/readiness-for-change-an-institutional-perspective-3el5zgud1b.pdf","Drawing on a case study of an ongoing consolidation of two US school districts, this article examines the potential contribution that institutional theory can make to our understanding of change readiness. In so doing, it suggests that an institutional perspective provides three major opportunities for advancement in this area. First, it allows a shift from individual to collective cognitions, thereby offering the opportunity to apply the concept of readiness to new levels of analyses. Second, the article brings to the fore the interactive and recursive influences of institutions on the readiness for change of organizational constituents. Finally, in bringing attention to the role of discourse in institutional change processes, the role of power in creating change readiness is examined, an issue that is strikingly missing in the literature on change in general, and change readiness in particular.","Title: Readiness for Change: An Institutional Perspective Keywords: change readiness, organizational change, public sector change, collective cognitions, institutional theory, school consolidation, power"
"Politics-Business Co-evolution Paths: Workers’ Organization and Capitalist Concentration","https://scispace.com/paper/politics-business-co-evolution-paths-workers-organization-4ijadbbthh","2012","Journal Article","Social Science Research Network","Marianna Belloc
Ugo Pagano","10.2139/SSRN.1623774","https://scispace.com/pdf/politics-business-co-evolution-paths-workers-organization-4ijadbbthh.pdf","Most pre-crisis explanations of the various corporate governance systems have considered the separation between ownership and control to be an advantage of the Anglo-American economies. They have also attributed the failure of other countries to achieve these efficient arrangements to their different legal and/or electoral systems. In this paper we compare this view with a different approach based on the hypothesis that politics and corporate governance co-evolve, generating complex interactions of financial and labour market institutions. Countries cluster along different complementary politics-business interaction paths and there is no reason to expect, or to device policies for, their convergence to a single model of corporate governance. We argue that this hypothesis provides a more convincing explanation of the past histories of major capitalist economies and can suggest some useful possible scenarios of their future institutional development. Bayesian model comparison suggests that the co-evolution approach turns out at least as influential as the competing theories in explaining shareholder and worker protection determination.","safeguarded the human capital investment of non-owners. Clearly, policy must here be interpreted as something broader than economic policy. Restricting the argument may well hide the fact that the suggested economic policies may have undesirable consequences for political democracy. Conclusions:
 In terms of a narrower concept of economic efficiency, each form of business organization requires many complementary institutions. For this reason, disequilibrium situations, such as those encountered by Britain in the transition from one politics-business co-evolution path to another, are likely to be particularly painful. Once a particular set of business institutions is established, a country may often find a path to the accumulation of human and material capital that fits better these institutions. The complementarities among political power relations, business institutions and economic resources may make changes very difficult, even when they would go in the direction of more promising development paths. Moreover, in a globally integrated economic environment, each country may specialize in those sectors where it enjoys a comparative institutional advantage and extend the economic role of its specific institutions. Such productive and institutional specialization may make change even more difficult. Conclusions:
 While our approach does not give strong support to any one of the solutions advanced in the literature, it is consistent with the possibility that, if the potential complementarities are taken into account, some combination of coherent policies may be beneficial. By contrast, one-sided measures, which import only one characteristic of a particular system of corporate governance, may decrease economic efficiency pushing the system towards a fitness valley of inconsistent attributes. And they may even upset the country-specific balance between economic power and political democracy."
"Higher Education Governance Structures and Operational Efficiency and Effectiveness of 4-Year Public Institutions","https://scispace.com/paper/higher-education-governance-structures-and-operational-1g1ok29dvb","2015","","","Angela H. Claxton-Freeman","","https://scispace.com/pdf/higher-education-governance-structures-and-operational-1g1ok29dvb.pdf","This study benchmarks 4-year public institutions in the Southern Regional Education Board to determine if there are significant differences between the institutions based on efficiency and effectiveness scores within the types of governance structures in operation among the states. Efficiency and effectiveness scores are also used to determine if there are significant differences between institutions based on state appropriation levels. In this quantitative study, data envelopment analysis (DEA) was used to collapse selected institutional data reported to IPEDS into effectiveness and efficiency scores which were then used as the dependent variables. The variable returns to scale (VRS) model was used with an input orientation to measure efficiency, while the output orientation was used to measure effectiveness. Multivariate analyses and Pearson correlations were then performed using the Statistical Program for Social Sciences (SPSS). There are no significant differences in institutional efficiency and effectiveness scores compared by coordinating agency, governing board, or other state governance structural arrangement types. The relationship between efficiency and effectiveness scores is strongest for those institutions governed by other structural arrangements. Institutions in lower levels of state appropriations tended to score significantly higher in efficiency than their counterparts in the mid-range and highest levels of state appropriations. 3 The accountability for institutional efficiency and effectiveness seems to rest primarily within the institutions governed. The significance of the study applies to state legislatures, state governance structures, and the leadership of public institutions who want to improve institutional performance through identifying optimal levels of inputs and outputs related to the efficiency and effectiveness metrics presented in this study. All Rights Reserved 5 DEDICATION This effort is dedicated to God and my family, both have brought me this far by faith. Posthumous acknowledgements to my Mom, who sacrificed to make opportunities for exposure to higher education generationally, access to the school district with the 10th rated U.S. high school, encouragement, financial support, and for enduring my rebellion. To my Gram Mable for being endearingly supportive, for being there when it counted, for the history, and motivational incentives. Andrea, you are the best daughter a Mom could ever hope for. You make me proud and driven to continue to be the best that I can be, as you model the character, grace, and accomplishment that our next generations can continue to emulate. To my sister Donnetta the matriarch, in appreciation for your always encouraging words, confidence, and faith. You exposed me to …","persistence to graduation, degrees awarded, and graduation rates can be attributed to the work of former U.S. Secretary of Education Margaret Spelling . The public conversation about higher education accountability has forever changed to include outputs as part of the discussion about institutional effectiveness. INTRODUCTION:
 Student outcomes are embedded in the missions of institutions as they accomplish their purposes of educating a broad spectrum of society. Accomplishment is termed effective when it meets the expectation of stakeholders. Institutional accomplishment regardless of the level or degree of efficiency and effectiveness is a function of production. Production in and of itself can be deemed effective and demonstrate varying levels of efficiency. Efficiency, or the ability of an entity to maximize production output while reducing inputs, is a challenge faced in all sectors. INTRODUCTION:
 This study benchmarks 4-year public institutions in the Southern Regional Education Board to determine if there are significant differences between the institutions based on efficiency and effectiveness scores within the types of governance structures in operation among the states. Efficiency and effectiveness scores are also used to determine if there are significant differences between institutions based on state appropriation levels. INTRODUCTION:
 It is important to understand the theoretical framework that drives expenditures and change in higher education when using expenditure-based models to measure institutional performance. The revenue theory of costs states that institutions in seeking to achieve their dominant goals of educational excellence, prestige, and influence will seek to raise all the money they can and will spend all the money they raise with the cumulative effect of ever increasing expenditures . The acquisition of normatively defined practices and structures will gain greater prestige and influence for an institution. Acquiring the defined practices and structures is perceived to be more important for the survival of the institution than are practices that enhance the efficiency of the technical core that includes teaching . The movement toward normatively defined practices and structures relates to institutional theory. When this occurs among higher education institutions with varying classifications, as a result of environmental pressure, it is known as isomorphic organizational behavior and academic drift . The revenue theory of costs and institutional theory have an influence on decisions made related to state-level governance and the levels of operational efficiency and effectiveness found within institutions. INTRODUCTION:
 State level governance systems bear the primary accountability for funding and measuring the performance of public postsecondary institutions. Higher education governing boards, coordinating agencies, and other governing structures were designed to serve in an intermediary or buffering role between state educational institutions and state legislatures . State level governance systems and political perspectives among state decision makers often have an effect on policy outcomes by favoring access, affordability, and accountability policies for institutions .  advanced the study of the role of governance by considering state policies to improve higher education performance. Their study took a comprehensive look at the decline in Americans accessing training and education beyond high school, particularly among low-income and minority populations. Findings indicate that states struggle to develop policies in three general areas: using fiscal resources strategically, aligning educational opportunities to student needs, and easing student transitions between educational sectors. Recommendations from the study included developing political consensus for clear goals related to educational opportunity and attainment, methods to monitor and implement policies to achieve goals, link finance policies to increased institutional productivity, and link tuition to the income of the population to be served."
"Origen de la productividad, ¿Capital humano? o ¿Administración y estudio del trabajo?","https://scispace.com/paper/origen-de-la-productividad-capital-humano-o-administracion-y-26i5nalpau","2013","","","Alberto Bojórquez Gutiérrez
Fernando Bojórquez Gutiérrez","","https://scispace.com/pdf/origen-de-la-productividad-capital-humano-o-administracion-y-26i5nalpau.pdf","El proposito del trabajo es sustentar teoricamente y probar estadisticamente el papel del «capital humano», de la «practica de la administracion» y el «estudio del trabajo» en el logro mantenimiento de la «productividad», con el proposito de aportar argumentos para academicos y proponer acciones al personal gerencial.Para ello se aplico el procedimiento: Analisis de la literatura relacionada con la productividad, ntrevistas a directivos y contraste de los datos de fuentes secundarias y primarias. Seguidamente, para conocer el grado de participacion de los factores y/o variables relacionadas con la productividad, se aplicaron pruebas Ji cuadrado y coeficientes de correlacion e independencia.El analisis estadistico para conocer el grado de asociacion de variables, evidencio mayor trascendencia de la practica de la administracion y del estudio del trabajo en el logro y mantenimiento de la productividad de las empresas.","Keywords: productivity, administration practice, human capital, works study"
"Evaluating Approaches Employed by the Ministry of Finance in Tanzania to Enhance the Effectiveness of On-Job Training Programs","https://scispace.com/paper/evaluating-approaches-employed-by-the-ministry-of-finance-in-4skbgod9cuc5","2024","Journal Article","African journal of empirical research","Moses Romward Mwageni
Andrew Mushi","10.51867/ajernet.5.4.134","https://scispace.compdf/evaluating-approaches-employed-by-the-ministry-of-finance-in-4skbgod9cuc5.pdf","This paper evaluates the approaches employed by the Ministry of Finance in its on-the-job training programs using a qualitative approach. Specifically, the paper intended to; investigate the approaches employed by the Ministry of Finance in the design, implementation, and management of its on-job training initiatives, to assess the extent to which knowledge and skills acquired through OJT programs are successfully applied to employees' daily roles and responsibilities and to examine challenges and barriers faced by the Ministry of Finance in implementing OJT programs. The theory which was adopted in the paper is Human capital theory which suggests that investments in employee training and development can improve their productivity and skills, benefiting both the individual and the organization. The target population for this study was the 550 Ministry of Finance Employees at the headquarter. A case study research design was adopted, with a combination of random and purposive sampling techniques yielding a sample of 55 respondents. Data were collected through questionnaires, interviews, and documentary reviews, and analyzed using both quantitative and content analysis methods. The findings reveal that the Ministry has employed several strategies in designing, implementing, and managing these training programs. These strategies include tailoring training to specific job roles and career paths (90% of respondents), promoting continuous professional development (90% of respondents), offering leadership development programs (85% of respondents), providing performance-based training incentives (85% of respondents), integrating emerging technologies (82% of respondents), fostering cross-departmental collaboration, and promoting diversity and inclusion in training initiatives (75% of respondents). Employees have largely applied the skills and knowledge gained from these trainings; however, their effectiveness is often hindered by challenges such as limited managerial support, lack of time, insufficient feedback and recognition, and inadequate resources. Moreover, the overall effectiveness of the Ministry’s on-the-job training implementation is constrained by factors including time constraints, difficulties in identifying skills gaps, resource limitations, resistance to change, and a lack of training infrastructure. In conclusion, while the Ministry of Finance has demonstrated a commitment to implementing on-the-job training programs, the paper recommends that management should focus on ensuring the allocation of adequate financial resources, conducting effective training needs assessments to accurately identify skills gaps, and hiring more qualified and adequate professional trainers to enhance the effectiveness of these programs. ","organization's success. Their active contributions are invaluable, making it essential to equip them with effective on-the-job training (OJT) to enhance job performance. OJT allows employees to gain practical experience and knowledge within their specific roles in our ever-changing world . Statement of the Problem:
 Therefore, OJT plays a pivotal role in not only sustaining but also enhancing the human capital within an organization . However, the research on OJT and its impact remains in its infancy, leaving significant gaps in our understanding, particularly concerning the diverse approaches to OJT employed by different organizations. Statement of the Problem:
 In the context of government organizations, the Ministry of Finance, tasked with ensuring a nation's financial stability and shaping fiscal policies, operates within a dynamic and challenging environment. Statement of the Problem:
 The efficiency of its operations heavily relies on the skills and adaptability of its staff. To address this, the Ministry has implemented OJT programs as a strategic tool to enhance its workforce's expertise. Nevertheless, questions have emerged regarding the effectiveness of these programs. Statement of the Problem:
 This study aims to illuminate the missing links and gaps in the Ministry of Finance's OJT initiatives. Specific objectives included;:
 To investigate the strategic approaches employed by the Ministry of Finance in the design, implementation, and management of its on-job training initiatives, ii. Specific objectives included;:
 To assess the extent to which knowledge and skills acquired through OJT programs are successfully applied to employees' daily roles and responsibilities iii. Specific objectives included;:
 To examine challenges and barriers faced by the Ministry of Finance in implementing OJT programs. Theoretical Review 2.1.1 Human Capital Theory:
 This study is guided by the Human Capital Theory, initially advanced by Schultz in 1960 and later developed by Becker in 1993, as a basis for investments in training and development. Theoretical Review 2.1.1 Human Capital Theory:
 The theory emphasizes the role of human capital in enhancing individual and community productivity through education, training, and skill development. Human Capital Theory suggests that individuals and communities can allocate resources toward education and training, leading to increased productivity, income potential, and economic outcomes . Theoretical Review 2.1.1 Human Capital Theory:
 , highlights education and training as central elements of human capital investment, with bettereducated individuals generally earning above-average salaries. Theoretical Review 2.1.1 Human Capital Theory:
 The theory also acknowledges the potential challenges in investing in individuals, as they can leave the organization or perform poorly, and it emphasizes the importance of assessing the return on investment in training and development. Theoretical Review 2.1.1 Human Capital Theory:
 While the Human Capital Theory offers a valuable framework for understanding the impact of training and development on productivity, it has been criticized for not considering broader structural factors like inequality, discrimination, and access to quality education. Theoretical Review 2.1.1 Human Capital Theory:
 Nonetheless, it provides a foundation for evaluating the Ministry of Finance's strategies in enhancing human capital through on-thejob training initiatives. Theoretical Review 2.1.1 Human Capital Theory:
 Licensed Under Creative Commons Attribution (CC BY-NC)"
"The transformation of steering and governance in Higher Education: funding and evaluation as policy instruments","https://scispace.com/paper/the-transformation-of-steering-and-governance-in-higher-1mf3que2zh","2011","Posted Content","Research Papers in Economics","Reale Emanuela
Seeber Marco","","https://scispace.com/pdf/the-transformation-of-steering-and-governance-in-higher-1mf3que2zh.pdf","This paper focuses on policy implementation in higher education (HE) to be ana- lysed through the evolution and transformation of the policy instruments, namely those re- lated to the Government funding and evaluation. The research questions are: to what extent instruments can reveal the evolution of policy rationales and justifications? How instruments emerged, and become institutionalised, affecting and being affected by the characteristics of national configuration of HE systems? Whether and how they produce desired effects or evolve in unpredictable ways, generating unexpected results, playing new roles and function- alities? The evolution of the instruments seems to be dependent on some characteristics of the context and some key features of the instruments. The development has been often inspired by NPM principles, which aimed at increasing steering capacity of the policy maker on one side, and university role and autonomy on the other. The common narrative is then declined in very different ways among countries, and instruments implementation reveals the extent to which it is adapted to the existing characters (dominant paradigm) of the HE system.","recognised the relevance of implementation studies in HE due to the transformation of the public interest in the field, which often includes concerns on efficiency and effectiveness. Improving knowledge about the way reforms have been put into action is a key issue to understanding the effectiveness of processes, how other external trends (globalisation, internationalisation, marketisation) affect it, or new emerging stakeholders influence the practice realisation of the policy. Looking at the HE field, outlined a certain number of studies that are definitely dealing with policy implementation, although they are labelled in different ways. Some of them use the organisational theory approach, as for instance to deepen the implementation of New Public Management (NPM) in HE in different countries, an issue that dealt with, taking as research question how organisations change in response to the government policies. The quoted work uses both the resource dependency theory and the neo-institutional theory, and develops an analysis of the relationships between specific policies affecting HE reforms from the eighties to 2000s, in order to understand how formal designs have been changed, and how HEIs responded to the policy initiative, reformulating the original objectives and goals . Other studies on implementation used the network approach, where the interest is not only on how policies have evolved in practice, but also on where these policies come from, which kind of interactions generated them. Reforms are seen as continuous, and grounded on the history of the countries where they are produced and applied; moreover, reforms are at the same time drivers of desired and non-desired changes, as well as responses to changes occurred in the environment or within the institutions . POLICY IMPLEMENTATION THROUGH POLICY INSTRUMENTS:
 In our work we intend to look at implementation as a continuous process of negotiation between actors involved, whose interactions modify the policy intentions and goals. Both formal and informal processes are relevant for implementation: authoritative government decisions as well as the pressures coming from the environment and from the assets inside the HEIs. Policy design and policy implementation are not separate phases as in the linear model, rather feedback effects are visible in the evolutionary path, which is influenced by the environment as well as by the institutional context. Problems addressed by the policy action are never solved, but evolve in non-linear neither predictable way, rather implementation creates a new reality . We intend to study implementation of HE policy by looking at the evolution of the policy instruments, which support the putting of policies into action. This perspective implies further considerations on the approach by instruments."
"Transforming the Public Sector","https://scispace.com/paper/transforming-the-public-sector-tlrcg6shax","2021","Book Chapter","","","10.56687/9781529212259-007","https://scispace.compdf/transforming-the-public-sector-tlrcg6shax.pdf","","NPM is the least obvious of these, as it is both a descriptor or frame and the object of study itself. But, as we have argued, it has more than a grain of theory in it, which we suggest justifies its inclusion. Conclusion:
 Of the other theories examined here, institutional theory has perhaps been the most widely used framework for analysing public sector reforms, no doubt due in part to its early formulations. Conclusion:
 While the literature has moved on considerably since the late 1970s, with much added and much revised, it remains a significant aspect of the current analytical landscape. Conclusion:
 Of the other approaches that we have considered, governmentality offers a particularly fruitful way of examining the conjoint programmatic and the technological dimensions of public sector reforms, not least as it highlights the ways in which the calculating self becomes both the object and subject of public sector transformation. Conclusion:
 At the centre of this thinking is the pervasive nature of calculative practice, which makes this a highly pertinent approach to the study of public sector in this era and in contemporary developments of today's world. Conclusion:
 Alongside governmentality, and at times in conjunction with it, there is ANT, with its analogous emphasis on both human and non-human actors. The final approach we considered, which we have termed ""reform processes"", is largely based on the work of Conclusion:
 In ways that echo the focus of governmentality on constantly failing programmatic aspirations, this perspective focuses on the ""relentless modernisers"", actors and organisations that have a messianic commitment to rational models of change, while also having a remarkable capacity to forget while reimagining the future. Conclusion:
 There is much that we have omitted. The notion of research impact is one such issue, although its omission is largely because it features little in the period we have focused on. Conclusion:
 However, there are glimpses of policy relevance or impact in the Highlights papers: Exhibit 1 examines the issue of NPM implementation; Exhibit 2 sheds light on the working of a ""wicked"" problem; Exhibit 3 informs policymakers on the trajectory of reform; Exhibit 4 illustrates the potential consequences of performance management systems; and Exhibit 5 considers the implications of managerialism in schools. Conclusion:
 With the benefit of yet more hindsight, it may turn out that the period which we have considered here represents the early stages of what has recently come to be termed a ""post truth"" world. Conclusion:
 One of the issues which we have considered in this study is the manner and range of theoretical pluralism. This theoretical approach has consistently been advocated by the editors of AAAJ (see  with considerable influence. Conclusion:
 The argument of proponents of theoretical pluralism is that many public sector reforms are inherently complex or indeed, insoluble (so called ""wicked problems""). In this the leverage offered by bringing more theoretical perspectives to bear is regarded as essential. We have sympathy with this approach. Conclusion:
 Our exhibits on governmentality, on ANT, institutional theoryall reveal evidence of dominant theories supported by others. However, the Exhibits on NPM and on reform processes are more single theory studies. So, there is room for different approaches. Conclusion:
 This paper is a discussion of research directed at other academics, but what of the nonacademic community? In the period studied, the idea of research impact was becoming of increasing interest to policy makers."
"Institutionalization and organizational failure in Territorial Administrative Units in Ecatepec, Mexico / Institucionalização e insucesso organizacional em Unidades Administrativas Territoriais em Ecatepec, México","https://scispace.com/paper/institutionalization-and-organizational-failure-in-pryshqk8bi","2018","Journal Article","Revista de Direito da Cidade","Benjamín Méndez Bahena
Pablo Armando Cruz Hernández","10.12957/RDC.2018.32808","https://scispace.com/pdf/institutionalization-and-organizational-failure-in-pryshqk8bi.pdf","DOI: 10.12957/rdc.2018.32808  Abstract Usually, the creation, operation, and termination of organizations in the public sector fails to include organizational or planning elements; it also fails to take into account the citizenry and its key actors. This process is usually led by habit instead of rational guidelines, assessment, and planning aimed at meeting goals and demands. This conduct compromises the organization itself, its institutionalization process, and its ability to deliver benefits to the citizenry, which can result in its termination. The academic sector has paid scant attention to public organization termination. As a leading perspective, organizational theory can be of help in understanding this phenomenon by emphasizing the institutional approach and citizen participation; the present study used this combined approach to present and analyze the termination of Territorial Administrative Units in Ecatepec, State of Mexico in order to contribute with the theoretical and empirical understanding of this phenomenon (Flyvbjerg, 2006). Due to the nature of this study, a hemerographic research, as well as interviews with key actors of the municipal government, such as ex-managers of the units, members of the municipal council, and the personal secretary of the mayor, were made in order to obtain the needed data for the understanding of the phenomenon. Hence, although within the study a cartographic analysis made with statistical data is included, a qualitative perspective is predominant. Among the main findings, this study case allows to establish a recommendation for the public sector when creating, operating and evaluating its public organizations. Whenever the sector wants to foment the institutionalization process of its organizations, as well as try avoiding their failure, it should consider taking into account the elaboration of a deep analysis of the organizational actors, the planning processes and the citizen participation, as the theory and the empirical analysis have shown.   Keywords: Organizational theory, Strategic planning, Citizen participation, institutionalization process, Public organization termination.  Resumo Geralmente, a criacao, operacao e encerramento de organizacoes no setor publico nao incluem elementos organizacionais ou de planejamento; tambem nao sao levados em conta os cidadaos e seus principais atores. Esse processo geralmente e conduzido pelo habito, em vez de diretrizes racionais, avaliacao e planejamento destinados a atender as metas e demandas. Essa conduta compromete a propria organizacao, seu processo de institucionalizacao e sua capacidade de proporcionar beneficios aos cidadaos, o que pode resultar em sua rescisao. O setor academico prestou pouca atencao ao termino da organizacao publica. Como perspectiva principal, a teoria organizacional pode ajudar na compreensao desse fenomeno enfatizando a abordagem institucional e a participacao do cidadao; O presente estudo utilizou essa abordagem combinada para apresentar e analisar a extincao de Unidades Administrativas Territoriais em Ecatepec, Estado do Mexico, a fim de contribuir com a compreensao teorica e empirica desse fenomeno (Flyvbjerg, 2006). Devido a natureza deste estudo, uma pesquisa hemerografica, bem como entrevistas com atores-chave do governo municipal, como ex-gerentes das unidades, membros do conselho municipal e o secretario pessoal do prefeito, foram feitas em a fim de obter os dados necessarios para a compreensao do fenomeno. Assim, embora dentro do estudo seja incluida uma analise cartografica feita com dados estatisticos, predomina uma perspectiva qualitativa. Entre as principais conclusoes, este estudo permite estabelecer uma recomendacao para o setor publico ao criar, operar e avaliar suas organizacoes publicas. Sempre que o setor quer fomentar o processo de institucionalizacao de suas organizacoes, bem como tentar evitar seu fracasso, deve levar em consideracao a elaboracao de uma analise profunda dos atores organizacionais, dos processos de planejamento e da participacao cidada, como a teoria e os processos. a analise empirica mostrou. Palavras-chave: Teoria organizacional, Planejamento estrategico, Participacao cidada, Processo de institucionalizacao, Encerramento de organizacoes publicas.","processo geralmente é conduzido pelo hábito, em vez de Authors: Benjamin Méndez Bahena,Pablo Armando Cruz Hernández Keywords: Organizational theory, Strategic planning, Citizen participation, institutionalization process, Public organization termination INTRODUCTION:
 Organizations are human constructs where members of society spend most of their time. Within them, individuals are trained and indoctrinated, and they surrender part of their decision-making autonomy so that organizational processes can take place. The study of organizations has traditionally focused on the private sector, but political science and sociology have approached these studies from public management and psychology. Moreover, most empirical studies based on organizational theory have centered on case studies from the US and occasionally from other western democratic systems . INTRODUCTION:
 Organizations can be analyzed using different perspectives; however, in organizational theory (OT), the institutional approach can be used as a way to understand the factors involved in organizational institutionalization processes, which makes their survival possible when facing unfavorable contexts, for instance political/administrative changes. This perspective can be complemented with elements of strategic planning and citizen participation (CP) theories inasmuch as the public sector, the content of public policies, and associated decision-making __________________________________________________________________:
 Revista de Direito da  process can be better understood by OT by analyzing the way in which political administrative systems are organized and operate . __________________________________________________________________:
 Strategic planning (SP) helps to understand, firstly, the way in which organizations can be designed; secondly, the way in which objectives are created, and thirdly, the territorial and contextual characteristics to be considered when designing organizations and creating objectives, i.e., possible strengths and weaknesses associated with specific contexts. SP can also help in devising an organizational strategy aimed at securing the existence and survival of the organization . __________________________________________________________________:
 For its part, CP provides an analysis of the role of the population in the survival of an organization and its institutionalization possibilities; citizen actions can help organizations to meet their objectives by protecting them from changes in the context, or reject them and impede their work if they are considered unfavorable. An important argument at this point is that a public organization can be closed due to pressure and decisions of political actors, not necessarily due its failure in achieving expected results. __________________________________________________________________:
 In this regard, there are several organizations in the public sector created with the aim of improving administrative efficiency and efficacy, or with the goal of solving unexpected problems. However, there are cases in which a government administration decides to maim institutionalization processes or even end their existence. __________________________________________________________________:
 In this sense, institutional failure (including government and non-governmental bodies) __________________________________________________________________:
 seems to encourage a confidence decline of critical proportions in social, political, and economic institutions, which makes it necessary to conduct research to explain such failures using a theoretical referent and study them empirically instead of merely assuming their existence. These failures are mainly due to design, maladjustment, obsolescence, or capture issues . __________________________________________________________________:
 Despite the decline of public confidence in the public sector, strategic factors such as organizational, planning, and CP characteristics are disregarded by governments as important aspects for the design and creation of their public organizations, which increases their odds of failure and mortality."
"Does institutional capacity matter? A case study of the Zambian Forestry Department","https://scispace.com/paper/does-institutional-capacity-matter-a-case-study-of-the-4mt1bzklb4","2008","","","Rosemary Fumpa Makano","","https://scispace.com/pdf/does-institutional-capacity-matter-a-case-study-of-the-4mt1bzklb4.pdf","","job."" Following the Hawthorne studies, integrating the needs of individuals and the organizations became a burning issue. Theorists on the human side of the enterprise argued that Weber and Taylor""s theories presented a closed system, which did not reflect the real world. Theoretical Basis of Institutional Capacity:
 ""In each case the theorists have ignored the implications of the fact that they are dealing with human beings. In order to improve the theories so that they are useful in managing the modern organization, it is essential to rediscover human beings. It is impossible to recognize man as a sociological and psychological being who may be rational, but who may also be irrational, and to maintain the closed system concept for which the theorists are striving."" Thus, another group emerged that focused on investigating the structure of the organization in search of ""one best way"" to organize the offices and tasks. These men were convinced that if the ""universal rules of organization"" were used, ""functions of management would be made more efficient and successful.""  Gortner further explains that, ""the number and order of these principles varied according to the author, but most rules were subsumed under five categories: unity of command; authority commensurate to responsibility; maximum delegation of authority; limited span of control; and power to organize.  Various scholars further elaborated on the importance of these concepts arguing that not only does an organization require structure but also how labor is organized functionally, e.g. who supervises who and what are their accountabilities.    Gortner, et. al., Organization Theory: A Public Perspective, 1987:5-6; Learned and Sproat, 1966:3-7  investigate ways in which the political, professional, and technical characteristics of public organizations influence public policy making and execution. ""These disciplines study the relationships between public organizations and their political environment."" Economic analyses have also contributed to decision-making theories, while behavioral studies in psychology (and in particular industrial psychology) have focused on leadership, motivation, group interaction, and conflict.  In sum, OT is a loose aggregate of various approaches that deal with organizational analysis.  Like OT, management theory (MT) does not stand alone either. It incorporates aspects of OT and administration. Generally defined as ""getting things done through others,"" MT is concerned with efficiency in resource utilization. The theory embraces the idea of assembling the resources and directing them towards achieving the organization""s goals. Theoretical Basis of Institutional Capacity:
 Management is also process-oriented as reflected in Taylor""s ""scientific management"" theory, where he argues that there is more than one way to manage people, and offers a set of universal principles to be applied, e.g. providing staff training so they can do the work well; gaining staff cooperation to do the assigned job; and division of work based on staff weakness and strengths.  That is to say the right person for the right job."
"Reforming the public administration: The role of crisis and the power of bureaucracy","https://scispace.com/paper/reforming-the-public-administration-the-role-of-crisis-and-knmpzq929m","2017","Journal Article","European Journal of Political Economy","Zareh Asatryan
Friedrich Heinemann
Hans Pitlik","10.1016/J.EJPOLECO.2016.08.004","https://ftp.zew.de/pub/zew-docs/dp/dp15049.pdf","","Heinemann,Hans Pitlik,Zew Mannheim,Benjamin Bittschi,Annika Havlik,Mustafa Yeter Keywords: H83, H11, D73 Euro-crisis, public sector efficiency, cohesion policy, theory of bureaucracy Introduction:
 The recent European crisis has put the issue of government efficiency high on the economic policy agenda. With strictly binding government budget constraints the pressure on more ""bang for bucks"" from public service provision has grown. Policy measures which cut back bureaucratic slack and red tape can alleviate the trade-off between consolidation and public service provision. Hence, reforms aiming at a higher productivity in public service provision, such as devolution and decentralization strategies, introducing competitive mechanisms within the public sector, revised budget practices and procedures, performance-oriented approaches to budgeting and management, and reliance on e-government, could be a substitute for cuts in spending or tax increases . Introduction:
 The empirical public finance literature points to the role of government efficiency in several crucial respects. Inefficiencies in public administration have been identified as a bottleneck for firm performance and competitiveness . Based on a large country sample,  show that the intensively debated relation between government size and economic growth is conditional on the efficiency of government spending. And  find evidence that attempts for budget consolidation are likely to be more successful when consolidation programs are adopted by a more efficient government apparatus. In their view, efficiency fosters consolidation through at least two channels: Introduction:
 First, efficient governments appear to adopt consolidation programs with a more promising structure. And second, programs implemented by an efficient administration benefit from a credibility bonus. Introduction:
 Hence, fostering public sector efficiency is a natural candidate for any long-run growth agenda in general, and for countries in fiscal trouble in particular. And it is not surprising that approaches to improve the efficiency of public administration are part of virtually all reform programs of European governments under fiscal stress. However, it cannot be taken for granted that reform rhetoric always stands for reform substance. Slack in public service provision is deeply rooted in bureaucratic incentives, principal-agent problems and political-economic equilibria. These equilibria are co-determined by lobby influence and the existence of information advantages of bureaucrats over voters or their elected representatives. And it is not obvious at all that economic or fiscal crises change these equilibria towards a more reform friendly outcome. Introduction:
 On the contrary, times of fiscal austerity may acerbate problems of supervising the bureaucracy or give bureaucrats a particular power, since politicians urgently need their support for a successful crisis management. Therefore, it is unclear to which extent times of economic and fiscal stress really push government efficiency. Moreover, there is hardly any empirical evidence on potential political or economic determinants of efficiency improving public sector reforms. Introduction:
 There are at least three closely related and well developed strands in the empirical literature (briefly surveyed in the next section) which, however, do not focus on efficiency inducing public sector reforms: First, there is a larger field interested in the timing and extent of reform decisions in general. Reform issues covered typically are product and labor market, welfare state and tax reforms whereas efficiency enhancing public sector reforms so far are almost totally neglected."
"Reforming the Public Administration: The Role of Crisis and the Power of Bureaucracy","https://scispace.com/paper/reforming-the-public-administration-the-role-of-crisis-and-1llhye7taj","2015","Journal Article","Social Science Research Network","Zareh Asatryan
Friedrich Heinemann
Hans Pitlik","10.2139/SSRN.2641084","https://scispace.com/pdf/reforming-the-public-administration-the-role-of-crisis-and-1llhye7taj.pdf","The need to balance austerity with growth policies has put government efficiency high on the economic policy agenda in Europe. Administrative reforms which boost the efficiency of the administration can alleviate the trade-off between consolidation and public service provision. Against such backdrop, this study explores the determinants of efficiency enhancing public administration reforms for a panel of EU countries using a novel reform indicator. The findings support the political-economic reasoning: An economic and fiscal crisis is a potent catalyst for reforms, but a powerful bureaucracy effectively constrains the opportunities of a crisis to promote this particular type of reform. Furthermore, there is evidence for horizontal learning from other EU countries, and for vertical learning associated with a particular type of EU transfers.","Heinemann,Hans Pitlik,Zew Mannheim,Benjamin Bittschi,Annika Havlik,Mustafa Yeter Keywords: H83, H11, D73 Euro-crisis, public sector efficiency, cohesion policy, theory of bureaucracy Introduction:
 The recent European crisis has put the issue of government efficiency high on the economic policy agenda. With strictly binding government budget constraints the pressure on more ""bang for bucks"" from public service provision has grown. Policy measures which cut back bureaucratic slack and red tape can alleviate the trade-off between consolidation and public service provision. Hence, reforms aiming at a higher productivity in public service provision, such as devolution and decentralization strategies, introducing competitive mechanisms within the public sector, revised budget practices and procedures, performance-oriented approaches to budgeting and management, and reliance on e-government, could be a substitute for cuts in spending or tax increases . Introduction:
 The empirical public finance literature points to the role of government efficiency in several crucial respects. Inefficiencies in public administration have been identified as a bottleneck for firm performance and competitiveness . Based on a large country sample,  show that the intensively debated relation between government size and economic growth is conditional on the efficiency of government spending. And  find evidence that attempts for budget consolidation are likely to be more successful when consolidation programs are adopted by a more efficient government apparatus. In their view, efficiency fosters consolidation through at least two channels: Introduction:
 First, efficient governments appear to adopt consolidation programs with a more promising structure. And second, programs implemented by an efficient administration benefit from a credibility bonus. Introduction:
 Hence, fostering public sector efficiency is a natural candidate for any long-run growth agenda in general, and for countries in fiscal trouble in particular. And it is not surprising that approaches to improve the efficiency of public administration are part of virtually all reform programs of European governments under fiscal stress. However, it cannot be taken for granted that reform rhetoric always stands for reform substance. Slack in public service provision is deeply rooted in bureaucratic incentives, principal-agent problems and political-economic equilibria. These equilibria are co-determined by lobby influence and the existence of information advantages of bureaucrats over voters or their elected representatives. And it is not obvious at all that economic or fiscal crises change these equilibria towards a more reform friendly outcome. Introduction:
 On the contrary, times of fiscal austerity may acerbate problems of supervising the bureaucracy or give bureaucrats a particular power, since politicians urgently need their support for a successful crisis management. Therefore, it is unclear to which extent times of economic and fiscal stress really push government efficiency. Moreover, there is hardly any empirical evidence on potential political or economic determinants of efficiency improving public sector reforms. Introduction:
 There are at least three closely related and well developed strands in the empirical literature (briefly surveyed in the next section) which, however, do not focus on efficiency inducing public sector reforms: First, there is a larger field interested in the timing and extent of reform decisions in general. Reform issues covered typically are product and labor market, welfare state and tax reforms whereas efficiency enhancing public sector reforms so far are almost totally neglected."
"Literature Review of Enterprise Systems Research Using Institutional Theory: Towards a Conceptual Model","https://scispace.com/paper/literature-review-of-enterprise-systems-research-using-1m4t1tfnr8","2009","Posted Content","Research Papers in Economics","Per Svejvig","","https://scispace.com/pdf/literature-review-of-enterprise-systems-research-using-1m4t1tfnr8.pdf","This paper sets out to examine the use of institutional theory as a conceptually rich lens to study social issues of enterprise systems (ES) research. More precisely, the purpose is to categorize current ES research using institutional theory to develop a conceptual model that advances ES research. Key institutional features are presented such as isomorphism, rationalized myths, bridging macro and micro structures, and institutional logics and their implications for ES research are discussed. Through a literature review of 180 articles, of which 18 papers are selected, we build a conceptual model which advocates for multi-level and multi-theory approaches, and applies newer institutional aspects such as institutional logics. The findings show that institutional theory in ES research is in its infancy and adopts mainly traditional institutional aspects like isomorphism, with the organization as the level of analysis, and in several cases complemented by structuration theory and other theories","(EBSCO)"" and ""Science Direct by Elsevier"". This approach did also ensure that the search was beyond the IS discipline, which is highly relevant as ES research is an interdisciplinary field used in other disciplines like organizational theory, operations research, management accounting etc. . Defining the scope of the review:
 Searching scholarly databases and selecting papers A focused search ) was performed using the search word string ""Institutional Theory AND Enterprise System"". The term Enterprise System (ES) is the super class with ERP systems as the most important sub class , so we decided also to include ""ERP"" as search word, in order to embrace papers using this term instead of ES and capture more papers. The result of the search with the two keyword strings is shown in table  below: Selected papers (doubles removed) 3 5 10 18 Defining the scope of the review:
 *) The result list from the key word searches has not been checked for doubles caused by more than one keyword match, but doubles are removed in the selected list of papers Full text search was performed in all three databases in November 2008. Abstracts were read for all 181 entries and full papers were in some instances skimmed to support the selection process by searching for the keywords in the papers. Both institutional theory and Enterprise System (ERP) should be used as main theoretical/empirical perspective possibly juxtaposed with other theoretical perspectives in order for the paper to be selected. Editorial notes, personal profiles, bibliographies, book reviews etc. were excluded. 18 papers were selected as specified in table . Classification of the selected papers:
 An author-centric matrix  is used to classify the selected papers, and the complete list of selected papers is presented in the appendix. Key Features of Institutional Theory:
 In discussing institutional theory in ES research it should be emphasized at the outset that it is a general theory spanning economics, political science and sociology ) rather than a theory specific to enterprise systems or information systems. Our focus in this paper will be on organizational institutionalism ) used in organization theory and sociology. Key Features of Institutional Theory:
 Institutional theory attempts to describe the deeper and more resilient aspects of how institutions are created, maintained, changed and dissolved ), and deals with the pervasive influence of institutions on human behavior including the processes by which structures as e.g. rules, routines and norms guide social behavior. Institutions are multifaceted, durable, resilient social structures, made up of symbolic elements, social activities, and material resources . Examples of institutions are human rights, societies, enterprise systems, families, handshakes and belief systems like Buddhism.  presents an important, although simplified, distinction between organizations and institutions using a game analogy: Institutions are the rules of the game, and organizations are the players. We talk about institutionalization when actions are repeated and given shared meanings by actors , whereby the institution becomes stable and durable ). Key Features of Institutional Theory:
 We will continue with an examination of four key features of institutional theory, which seems to be important in order to understand and interpret ES research using institutional the-ory. The four key features are isomorphism, rationalized myths, bridging macro and micro structures, and institutional logics."
"Interpretation and Translation in Policy Implementation","https://scispace.com/paper/interpretation-and-translation-in-policy-implementation-14f3fnn22s","2019","","","Anne Mette Møller","","https://scispace.com/pdf/interpretation-and-translation-in-policy-implementation-14f3fnn22s.pdf","Interpretation has long been recognized as an important aspect of implementation. Yet, interpretation remain understudied and undertheorized in the implementation literature. In this paper, I argue that implementation will always involve several processes of interpretation, as the abstract model or intention that constitutes a public service intervention is recreated as concrete actions in specific locations. Drawing on recent developments in implementation and organization theory, I theorize these processes as translation and suggest that socially skilled actors act as translators by interpreting public service interventions in ways that foster collective action. To do so successfully, they must exercise four distinct translation skills: knowledge, creativity, patience and strength. I further argue that processes of translation unfold along three dimensions in the implementation system–within the hierarchy (vertical), across fields (horizontal) and over time (longitudinal). To illustrate this argument, I present a multi-sited case study of the implementation and translation of evidence-based practice in Danish child protective services as it has unfolded over two decades. By calling attention to the crucial role of interpretation on all levels of the implementation system and theorizing this as translation, the paper contributes to our understanding of implementation as a complex social process, which is both highly context-specific and at the same time characterized by generalizable patterns of action. Implications for research and practice are discussed.","intervention. While there are ties and resource dependencies between them, different fields comprise different actors, resources and roles as well as different sources of authority and legitimacy; the most important are political authority, economic authority, professional norms and shared beliefs and values. An implementation systems perspective:
 Notably, these sources of authority and legitimacy are not objectively present but mobilized through the agency of socially skilled actors. Social skill is defined as 'the ability [of an actor] to induce cooperation by appealing to and helping to create shared meanings and collective identities' . Importantly, implementation actors are seen as having significant degrees of discretion and autonomy, but the extent to which they are aware of and utilize this autonomy to react to conflicting demands and diverging opinions differs. At the same time, humans are seen as searching for social connection and meaning, meaning that their identities and interests are constructed and shaped in relation to others . Hence, socially skilled actors play a crucial role on all levels of the implementation system, as they employ their skills to 'interpret and adjust a public service intervention in ways that build common understanding and reconcile competing sources of authority to enable collective action.' . In other words, they seek to influence and mobilize others by 'offering their interpretation of events, frame action options, and set an action agenda by engaging others and appealing to their interests'  with the purpose of driving stability or change. Interpretation is a key mechanism in these efforts. Translation theory:
 To gain a deeper understanding of this mechanism and its implications for implementation, I find it helpful to consider the concept of translation as it has developed in organization studies. Translation theory is an example of a potentially rich source of theoretical development that has not yet been leveraged fully in regard to policy implementation.  proposes that the concept of translation is a preferable alternative to the concepts of 'diffusion' and 'implementation' which convey a mechanistic process and, according to Latour, imply a disregard for the crucial role of actors and agency in building support for a claim or idea. In Latour's version, translation involves offering new interpretations to create alignment of actors' interests and goals: 'Translating interests means at once offering new interpretations of these interests and channeling people in different directions' . Translation theory:
 The work of  has served as an important inspiration for the development of socalled Scandinavian Institutionalism, where translation has become a key concept for scholars studying the spread, uptake and institutionalization of organizational ideas in both private and public organizational contexts ). This literature focuses on organizational ideas or 'model practices' which have been shown-or are at least believed-to improve organizational performance; examples include LEAN and Total Quality Management. In a public sector context, examples include evidence-based programs as well as more abstract ideas or principles; e.g. various forms of evaluation or accreditation or broader reform programs such as New Public Management . Here, I view these organizational ideas as equivalent to what Moulton and Sandfort refer to as public service interventions around which an implementation system forms, as they are 'introduced through formal public policy or through the programmatic initiatives of entities such as evaluation firms, nonprofit organizations, local governments, or private funders' ."
"Integrating organisational politics into organisational systems, functions and procedures. a human capital perfomance enhancement strategy","https://scispace.com/paper/integrating-organisational-politics-into-organisational-2ekz5v4ydr","2015","Journal Article","International Journal of Marketing, Financial Services and Management Research","Borniface Nyikayaramba
Given Mutimudye","","https://scispace.com/pdf/integrating-organisational-politics-into-organisational-2ekz5v4ydr.pdf","Organisational (office) politics is a reality which leaders and employees usually grapple with because it affects organisational systems, functions and procedures raising concern as to how it can be integrated and consolidated as a strategy to enhance employee and leadership competence. Literature on organisational politics was reviewed and the findings are that office politics is a blind spot which has got serious impact to organisational performance and yet its existence is known but often ignored. However, office politics can be manipulated to enhance the quality of the human capital of an organisation. This paper seeks to highlight the dimensions, dynamics and controversies surrounding the origins, manifestations, and effects of office politics to organizations and how it can be integrated and consolidated within organisational systems, functions and procedures as a strategy to enhance human capital performance.","Title: INTEGRATING ORGANISATIONAL POLITICS INTO ORGANISATIONAL SYSTEMS, FUNCTIONS AND PROCEDURES. A HUMAN CAPITAL PERFOMANCE ENHANCEMENT STRATEGY MR BORNIFACE NYIKAYARAMBA *; MR GIVEN MUTIMUDYE* Keywords: human capital, organisational (office) politics, organisational performance, organisational systems, functions and procedures"
"Budget model of Federal Universities: factors that motivates and inhibits its institutionalization","https://scispace.com/paper/budget-model-of-federal-universities-factors-that-motivates-1wghc1k1s8","2018","Journal Article","","Cisne Zélia Teixeira Reis
Adriel Rodrigues de Oliveira
Suely de Fátima Ramos Silveira
Nina Rosa da Silveira Cunha","10.5902/1983465915720","https://scispace.com/pdf/budget-model-of-federal-universities-factors-that-motivates-1wghc1k1s8.pdf","The budget allotment among federal universities is based on a mathematical model that considers the production and the academic performance of each institution in a set of variables, presenting as result the budget amount that each university is entitled. It is essential that university administrators know, follow and are structured in favor of the best results in the variables that follow this model. Investigating the university's commitment to improve its management skills in support of effective incorporation of the budget model in its habits and routines can lead to discoveries and important contributions to the improvement of management. It has been appealed to the Institutional Theory, from the perspective of stages of Habitualization, Objectification and Sedimentation to identify motivators and inhibitors of the complete institutionalization of the model, the perception of the six managers of budget planning area that, in the period 2001-2011, occupied Forplad’s coordinators function and its Model Committee. Characterized as a descriptive research with a qualitative approach, the applied interviews were submitted to Content Analysis Technique. It can be concluded that the budget model is an instrument of great importance in the process of transparency and university public administration, however, it presents inhibiting factors to its best level of institutionalization in the three stages.","Keywords: Institutional Theory, budget model, Federal Universities, academic performance, university public administration"
"Customer Relationship Management (CRM) implementation within the banking and mobile telephony sectors of Nigeria and South Africa","https://scispace.com/paper/customer-relationship-management-crm-implementation-within-2rnevvp661","2014","Dissertation","","Nathalie Beatrice Chinje","","https://scispace.com/pdf/customer-relationship-management-crm-implementation-within-2rnevvp661.pdf","Thesis (Ph.D.)--University of the Witwatersrand, Faculty of Commerce, Law and Management, Graduate School of Business Administration, 2013.","a process of creating reality. This version of institutional theory is based on the worked done by Peter Gerber in the sociology of knowledge. Gerber and Luckmann explicate that institutionalization involves three phases: externalization, objectivation and internalization. Overview and definition of the institutional theory:
 Institutional systems as a class of elements as viewed by . They argue that the prevalence of organizational forms cannot just be attributed to relational networks but also to shared belief systems. Overview and definition of the institutional theory:
 Institutions as distinct societal spheres. This concept embraces the idea of diversity as a belief system."" Overview and definition of the institutional theory:
 Later on,  pointed out that institutions comprise many elements operating at various levels and as such institutional scholars need to establish what elements matter in each context and also how each element relate to one another. In the same paper, he provides a summary of the trends he has observed in the institutional analysis of organisations before reaching the conclusion that perhaps the institutional theory has ""reached the stage of young adulthood"" .  believe that institutional theory is a useful concept that provides clarity on how to address cross-national issues resulting from cultural differences between nations. Application of the institutional theory to the broad management context:
 Over the past three decades, the growing literature on the importance of institutional forces and how they shape up organisations have re-affirmed the position of the institutional theory as a robust and solid theoretical lens . This is partly supported by the wide application of the institutional theory across various disciplines . Application of the institutional theory to the broad management context:
 For example,  studied Corporation Social Responsibility Institutionalisation in Kenya by examining the Kenyan institutional environments of culture, regulations and social norms. They concluded in their research that ""for the institutionalisation of CSR in Kenya, attention must be paid to conditions that stifle CSR uptake such as lack of government regulations, and the government's capacity and commitment to enforce regulation. The establishment of functional CSR institutions and a vibrant civil society that advance civil regulation ought to be encouraged."" . Another example where an institutional perspective is considered is the study conducted by (K.  on Foreign Direct Investment strategies in the Vietnamese market. Similarly, in a study focusing on market orientation in the subsidiaries of global companies using multiple informants,  provide empirical evidence on the significance of institutional factors in the context of market orientation for theory development and management practice. Furthermore, in an in depth study of corporate venture capital programs,  unravel how organizational sub-units resolve competing institutional forces either through isomorphisms or endoisomorphisms. Application of the institutional theory to the broad management context:
 The institutional theory has also been applied to other fields such as corporate governance , institutional economics  and the casino and gambling industry . Application of the institutional theory to the broad management context:
 Despite the progress of the institutional theory, several gaps still remain. These gaps will be discussed in the next section and they should be viewed as avenues for future research. Limitations of the institutional theory:
 The institutional theory suffers from a number of shortcomings.  identifies two main problems associated with the institutional theory; namely a lack of clarity and a lack of focus and coherence. He notes that elements of the contingency and change theories were repackaged as neo-institutionalism."
"Agility Within Higher Education It Organizations: a Loosely Coupled Systems Perspective","https://scispace.com/paper/agility-within-higher-education-it-organizations-a-loosely-1ytg5vxjpb","2017","","","Thomas E. Bunton","","https://scispace.com/pdf/agility-within-higher-education-it-organizations-a-loosely-1ytg5vxjpb.pdf","","through well thought out communication and relationship strategies that manage differences with the goal of creating maximum individuality within maximum conformity (Kant as cited in ). Strong leadership is needed to unify goals and clarify technology strategy while creating a shared vision of change and commitment . Literature Review:
 Systems theory provides an approach for the examination of these social components and their relationships to various business processes, such as internal business functions and organizational decision making strategies. From an organizational exploration perspective, systems theory offers researchers and practitioners a framework for exploring the relationships between various business components and processes. The exploration invariably involves identifying a complex set of subjective interactions and multifaceted conceptualizations of organizational interactions, which provide guidance and control of physical and social relationships  that may otherwise be difficult to explore. These relationships can range from power and control affiliations that politicize the environment, enabling and spawning decision maker alliances , to bargaining and negotiating with indirect employees to permit relationship building and influence . Simply put, no new strategy, no matter how much agreement the stakeholders have, stands a chance of being implemented fully without someone of power driving it , and understanding the relationships that exist between these organizational components is crucial. From a practical perspective, IT leaders must develop and maintain appropriate communication, along with data architectures, for both facilitating and integrating the entire organization's IT products and services while maintaining the IT related relationships among influential actors . Effective IT leaders must successfully build consensus among subunits regarding the role of IT within each organizational business unit and that of the entire organization . Literature Review:
 Second, agility has a substantial impact on organizational structure. IT management practices and organizations are contingent upon the role that IT serves within an organization and the manner by which IT resources are made available to users, in particularly any internal IT environment . Additionally, the adoption of new technologies such as mobile, cloud, and other rapidly deployable technologies have a dramatic impact on how IT organizations are structured, operate, and function. At the same time, the introduction of these technologies in general, sets the often unreasonable expectations that the organization can continuously react quickly and effectively to changing markets driven by customized products and services while simultaneously eliminating non-value added activities to keep up with competitors . The challenge is tremendously complex, in that organizations desiring to embrace agility in one part of the organization must adopt agility within all areas of their organization in order to completely address the demands of uncertainty and rapid change . Literature Review:
 Systems theory enables the exploration of various organizational components and the interconnections and boundaries that exists between them. As higher education organizations attempt to re-conceptualize operating structures in response to declining enrollment numbers and new budget appropriations in order to survive, systems theory framework not only permits the understanding of existing component interconnectedness, but also facilitates understanding how the components would interact in the future. Systems theory can also help researchers better understand how automation and integration of technologies within business units and operations impacts the organizations, such as increasing the demand for hybrid business IT staff . Additionally, systems theory enables the exploration of the interconnectedness of traditional higher education organizations and structures with ""new"" structures and enabling technologies, such as the online only or hybrid type campus offerings (e.g., the University of Wisconsin System eCampus or University of Arkansas eVersity), which have little prerequisite to sustain, transition, or maintain prevailing coursework, curriculum, labs, classrooms, or general public technology environments."
"Versorgungsforschung vor neuen Herausforderungen","https://scispace.com/paper/versorgungsforschung-vor-neuen-herausforderungen-4nbjwnoal1","2017","Journal Article","","med. Matthias Schrappe","10.24945/MVF.04.17.1866-0533.2025","https://scispace.com/pdf/versorgungsforschung-vor-neuen-herausforderungen-4nbjwnoal1.pdf","","Keywords: Versorgungsforschung, Definition, Throughput-Modell, Improvement Science, Implementation Science, Politik als Transferfaktor"
"Improvement of the institutional environment for the innovative development of agricultural enterprises","https://scispace.com/paper/improvement-of-the-institutional-environment-for-the-ghhiucro","2022","Journal Article","Вісник Хмельницького національного університету","Viktoria V. Surkova","10.31891/2307-5740-2022-312-6(2)-59","https://scispace.com/pdf/improvement-of-the-institutional-environment-for-the-ghhiucro.pdf","The role of the state management sector is essential for creating a favorable institutional environment for the innovative development of business entities. The state, thanks to the performance of its inherent functions, stimulates or discourages innovative activity, which is reflected in the pace of economic development and the speed of the transition of the national economy to a new technological system. Institutional provision and support of the GDR and innovative development of the national economy is the exclusive prerogative of the state, whose function includes creating conditions for a favorable investment climate, commercialization of innovations, and motivation of innovative product developers. Innovative development is a complex, multifaceted and dynamic category of economic science, which is the main prerequisite for ensuring the appropriate level of competitiveness of products and enterprises, integration of the domestic economy into the world, sustainable development of the national economy in conditions of worsening social contradictions and increasing man-made load on the ecological environment. The agrarian sphere is exclusively important for achieving the goals and objectives of sustainable development both in the national dimension of the economy of Ukraine and in the global world scale. According to the proposed author’s approach, the architecture of the institutional environment for increasing the innovative activity of agricultural enterprises is based on an organic combination of fundamental state institutions (legal, social, economic, ecological) with institutions whose action should be ensured by market mechanisms. Creation of stimulating prerequisites and financial support of the GDR is an indispensable factor in attracting investment flows to the national economy. The conducted research and practical experience of the functioning and development of the agar sphere made it possible to establish that the institutional support for innovative activity in this sphere is at the stage of development and improvement. The article examines the institutional foundations of the formation of a favorable environment for the introduction of innovations for enterprises in the agrarian sphere. Considerable weight is given to the issue of understanding the architecture of the institutional environment of agricultural enterprises","системи, інституційні сектори"
"Public Sector Economics","https://scispace.com/paper/public-sector-economics-2yijutnho3","1995","Book","","Stephen J. Bailey","10.1007/978-1-349-24004-3","https://scispace.com/pdf/public-sector-economics-2yijutnho3.pdf","","public sector management, accountancy, social policy and social science. It provides only as much economic theory as is required for the student to gain a reasonable understanding of policy and practice in the UK during the 1980s and 1990s. Preface:
 Most existing texts provide only very brief coverage of the practical aspects of policy. Where they do discuss policy implementation, they tend to retreat behind non-specific comments and points of principle. This book does neither. It provides a cogent appraisal of policy and practice in a readable and policy-relevant way. Hopefully it will enable the reader to appreciate the arguments both supporting and questioning such developments as the reform of taxation and social security, of trade union legislation , of local government and the civil service and of former state industries through privatisation and regulation. Preface:
 The very nature of 'public' is being so fundamentally changed that the conventional public sector economics textbook also has to be made less technical and mechanistic and more appreciative of political economy. An attempt is made to show how alternative economic theories become politicised and are used to provide intellectual justifications for ideological, moral and ethical beliefs. A serious effort is also made to make the practical detail relevant to the issues being discussed, in order that the student might appreciate the theoretical and conceptual underpinnings of policy and practice. Preface:
 Chapter titles and subheadings avoid use of economists' jargon in an attempt to make the book more immediately comprehensible to the browser of contents pages and more suitable to students of mult idisciplinary undergraduate programmes. With the exception of the last two chapters, in-text references are avoided in order to expedite reading. Further reading is suggested at the end of each chapter. Some of the traditional areas of public sector economics are excluded (e.g. cost-benefit analysis) because they do not directly underpin an understanding of the development of policy and practice. However the text xu Preface Xl1l does include general topics that are not treated extensively in other public sector economics texts (for example charges), and it also provides detailed case studies of nationalisation/privatisation, water and compulsory competitive tendering. Preface:
 Part I deals almost exclusively with microeconomic theory . Chapter 1 provides a critical appraisal of the methodological approach adopted by economics in order that the student may appreciate the strengths and limitations of economic theory relating to the public sector. Chapter 2 sets out the efficiency argument for allowing perfectly competitive markets to function and provides the broad efficiency rationale for government intervention based on 'market failure' . Whilst Chapter 2 provides the efficiency rationale for intervention, it does not specifically explain the growth of public expenditure. Hence Chapter 3 examines the alternative economic theories of public expenditure growth. Preface:
 Public expenditure has to be financed by taxation, borrowing or charges. Each of these sources of finance may lead to economic effects that counteract the economic efficiency benefits expected from government intervention. They are considered in the following three chapters. Chapter 4 examines the prima facie efficiency and welfare cases against taxation (unless used to correct market failure). Chapter 5 considers the possible adverse economic impacts of government borrowing to finance budget deficits. Chapter 6 reviews the economic case for charges and considers the subsidies often associated with them."
"A Comprehensive Study with Scenario, Barrier Description and Human Reliability Assessment to Evaluate Freight Train Derailments","https://scispace.com/paper/a-comprehensive-study-with-scenario-barrier-description-and-6voylqpqi5ns","2024","Proceedings Article","","Huabei Peng","10.4203/ccc.7.19.3","https://scispace.compdf/a-comprehensive-study-with-scenario-barrier-description-and-6voylqpqi5ns.pdf","4. To use a traditional probabilistic model (Markov Chain) to predict the railway geometry system deterioration and the impact on safety. Key literaturesRasmussen's model (1997) of the dynamic system, distinguished the advantage of systemic thinking rather than the structural procedure [1].Waterson and Underwood (2014) practically illustrated that the Grayrigg derailment happened due to the switch and crossing failure, their work attribute the risk analysis and accident investigation.Johnson (1980), Hollnagel (2004), and Sklet (2006) stated the definition of safety barriers, for example, the measurement of the safety performance and attitude verified in the barrier functions: the control, the mitigation and the prevention [2][3].The author developed the improvement of safety barrier performance through the audit work in the HEART model and SRK-framework definition as the evaluation.Duijm (2006; 2009) describes a safety management quality scheme to learn the system deficiencies, the likelihood and uncertainty, and the condition of the deficiency in regard to the measurement at the Audit, then establish the safety integrity level (SIL) and the PFD of the safety barrier.Hollnagel (1998) wrote about the Cognitive Reliability and Error Analysis method, the classification of the safety performance shaping factor (PSF) and the attitude toward the human factor as the main contribution of an incident Australian research (Baysari, et.al., 2008) discovered 300 human factor failures from 40 RAIB reports through the Human Factor Analysis and Classification System as an accident investigation method [6].Kim (2013) discovered the causal chain model from 80 RAIB reports through the computer-aid technique. ","Keywords: system theory, track geometry deterioration, barrier model, performance shaping factor, human error assessment and reduction techniques, Markov chain transition"
"Public Sector Reforms in Africa: A Collection of Essays","https://scispace.com/paper/public-sector-reforms-in-africa-a-collection-of-essays-zyqws7fc32","2016","Journal Article","Canadian Social Science","Kazeem Oyedele Lamidi
Theophilus Olumuyiwa Agboola
Bisiriyu Abiodun Taleat","10.3968/8821","https://scispace.com/pdf/public-sector-reforms-in-africa-a-collection-of-essays-zyqws7fc32.pdf","This paper provides a compendium of public sector reform in Africa in an analytical and prescriptive manner. It examines the idea of reform and public service reform in Africa up till its recent framework, and showcases institutional framework for making reform, as well as studies on reform experiences and relevant information on best practices, challenges and strategies for improving public sector management performance. This paper employed stratified sampling technique. Africa was stratified alongside its five (5) regions, thereby selecting one (1) country from each of the regions. It relied extensively on secondary sources of data by drawing from documentary sources, such as: books, journals, pub­lications and reports which give official views of reform initiatives and processes in the five (5) selected countries. The generated qualitative data were utilized with the aid of content analysis. This paper revealed the three (3) prominent phases of reform in Africa vis-a-vis its objectives, assumptions, features, strategies, achievements and challenges. It therefore concluded that organizational mechanisms such as decentralization, privatization and performance management should be adopted as reformative measures with a view to improving the responsiveness of governments to public concerns; improving the quality of public goods and services; increasing the efficiency of service delivery; as well as promoting accountability and ethical values.","environment; THEORETICAL FRAMEWORK: • They convert these inputs to outputs; and • They discharge their outputs into their environment. THEORETICAL FRAMEWORK: As quoted by , Katz and Kahn identified several subsystems of an organisation like: THEORETICAL FRAMEWORK:
 • Production or technical subsystem-concerned with the accomplishment of basic tasks of the organization; • Supportive subsystems-systems which procure the inputs and dispose the outputs of the production subsystem; • Maintenance subsystems-concerned with the stability and predictability of the organization; • Adaptive subsystems-concerned with what the organisation might become: they deal with issues of change in the environment; and • Managerial subsystems-these deal with managerial functions of planning, coordination and control of the total system. Katz and Kahn maintain that an organisation be looked at as an open system which continuously interact and depends on its environment ). The open system theory emphasizes on openness, interaction, exchange of inputs and outputs between organisations and their environments. Organisations are not closed systems, but are open to and depend on flow of personnel, other resources and information from outside it. The link between the study and the theory is about creating public institutions that are open to change, institutions that are ready to embrace change so that those obstacles that continuously deter reform efforts might be removed thereby improving delivery of services which is the core business of reform. . P U B L I C S E C TO R R E F O R M S I N AFRICA: AN EMPIRICAL ANALYSIS:
 This section explores public sector reforms in Africa, specifically in the five (5) selected countries. It provides an overview, trends and processes in their various reforms. The empirical studies on public sector reforms in Africa are numerous, but this paper will, again, summarise those that deal with the rationale for public sector reforms; discuss public sector reforms in the five selected countries; and look at the phases of the public sector reforms in Africa, as well as the strategies deployed. Broad Rationale for Public Sector Reforms in Africa:
 The literature identifies the drivers for public sector reforms (PSRs). They include (a) inability by many governments to balance the budgets; (b) incapacity of governments to adequately respond to public demands; (c) the internationalization of many issues that previously were solely domestic; and (d) the over expansion of the scale of government and its intervention in all spheres of society, even where it has no competence and track record, leading to overload problems . Attention to PSR has therefore emerged because the quality of the public sector-accountability, efficiency in service delivery, transparency, and so forth-correlates strongly with long-term growth and poverty reduction . Indeed, inadequate state capacity is seen as the failure of the public sector to perform its functions . Accordingly, public sector reform addresses four problems constraining developmental progress in Africa, namely, (a) over-centralized government; (b) recurrent personnel costs that consume large amounts of scarce budgetary resources; (c) large budget deficits; and (d) declining administrative capacity . Public Sector Reforms in the Five Selected Countries:
 This segment discusses reforms in the selected five countries in Africa:"
"Implementasi Kebijakan Bantuan Operasional Kesehatan","https://scispace.com/paper/implementasi-kebijakan-bantuan-operasional-kesehatan-2mzu72j6cj","2017","","","Ni Made Ary Dwijaynthi M
I Nyoman Subanda","","https://scispace.com/pdf/implementasi-kebijakan-bantuan-operasional-kesehatan-2mzu72j6cj.pdf","Health development is part of the national development in order to realize the president’s vision and mission and the implementation of the fifth goal nawa cita improwing the quality of human life in Indonesia. To realize the degree of extended public health organized the efforts of individual health and public health efforts with promotion approach, preventive, curative and rehabilitative integrated and comprehensive and continues.In fact many health development target healthcare role laid the basis in particular of clinics to display performance is optimal event., but it turns out that there are still many clinics that have not been able to play a role in satisfying in the implementation  of health development.The by 2016 the operational assistance funds health centers health every county / city in which to manifest degrees through the efforts and preventive and promotion. By 2015 in the physical realization of bangle budget 100 % and 98.9 % reaching financial. From The results of monitoring of the ministry of health of the Republic of Indonesia’s liability is in compliance and maximum absorption already but there is still issues such as community participation in problem solving and communication to achieve the goal in an government.This problem arises from a concept of how the implementation of the operational assistance health, what factors affect as well as local strategic used to solve these problems by using the theory and implementation of good governance. This research is descriptive  research with kwalitatif lokus in health services and public health in the Bangli.Based on these research results obtained from the conclusion that the implementation of the operational assistance of health policies on the health services and public health in bangle. Of the four principles of good governance that used a less fulfilling than the assumptions the researcher accountability as well as social factors i.e. affecting the creation of community participation in decision masking","Keywords: Implementation Theory, Public Policy, Good Governance"
"ERP critical success factors: an exploration of the contextual factors in public sector institutions","https://scispace.com/paper/erp-critical-success-factors-an-exploration-of-the-2xhsepzbl0","2002","Proceedings Article","Hawaii International Conference on System Sciences","David Allen
Thomas Kern
M. Havenhand","10.1109/HICSS.2002.994295","https://scispace.com/pdf/erp-critical-success-factors-an-exploration-of-the-2xhsepzbl0.pdf","New information technologies have brought public-sector higher education institutions (HEIs) into increased competition, while their government funding in parallel has been continually eroded. In response to these growing pressures, there has been a call for HEIs to improve operational efficiency and to reduce duplication of resources by implementing advanced information systems that span the institution and improve processes. In response, HEIs have turned their efforts to implementing complex enterprise resource planning (ERP) systems. These systems are seen as the solution to address the growing governmental information requirements and to improve competitiveness, but do these systems represent a viable proposition for the diverse higher education sector with its traditionally strong and fragmented structure and culture? This paper investigates whether ERP systems offer a feasible information systems strategy for HEIs, using a 'critical success factor' model. Four in-depth case studies were conducted in HEIs that were in the process of implementing ERP systems. Numerous complexities, especially cultural and political ones, arose in light of the traditional structure of HEIs. The findings suggest that a careful use of communication and change management procedures to handle the business process reengineering (BPR) impact of ERP systems can alleviate some of the problems, but a more fundamental issue concerning the cost feasibility of system integration, training and user licenses may, in the end, impede ERP system utilization.","in commercial institutions. Hiquet calls the internal university staff of today, the high paid consultants of tomorrow. This proved to be the situation at all the case sites, where a number newly trained university project staff quickly found more financially rewarding posts elsewhere. Conclusions:
 In this short paper we have presented our reinterpretation of the issues which influence ERP implementation. In particular we identify organizational culture, constructions of past technological implementations, relationship and knowledge management, and the existing power structures within the organization as key issues. This research reveals, in addition to the strategic and technical critical success factors of ERP implementations outlined by Holland and Light's work, a set of contextual factors for public sector, i.e. HEI implementations that will be equally decisive for the success of such an undertaking. The following list outlines for both senior management and IT managers of HEIs and system integrators and consultants of an ERP system the potential pitfalls, areas of threat and complexities that can throw an ERP implementation off track in public sector institutions. Awareness of these and planning in terms of management practice and attention can help to smooth implementation and achieve a greater degree of success in eventual user adoption. Conclusions:
 The areas of impact identified in this research may present an interesting avenue for further investigation in a larger sample. As it stands, our research was exploratory in nature and further indepth research not only in public sector institutions may shed further light on where and how the contextual factors influence the success of an ERP implementation. Recent work by Wagner and Scott  in the USA reinforces both the difference and difficulty of implementations in academia. We echo their proposal for a more reflexive approach to the implementation of such technologies and concur with their call for ""a backlash against the anxious rush to the electronic embrace of technology and counsel a more creative approach to uncertainty and change"" ."
"Leading higher education transformation: The role of student affairs","https://scispace.com/paper/leading-higher-education-transformation-the-role-of-student-1v4ewwqm0z","2023","Journal Article","Journal of Student Affairs in Africa","Chanaaz January","10.24085/jsaa.v11i2.4914","https://scispace.compdf/leading-higher-education-transformation-the-role-of-student-1v4ewwqm0z.pdf","Student affairs practitioners and researchers are well positioned to contribute holistically tostudent success and as such could play a strategic role in the transformation of higher education.The aim of this article is to illustrate that a key strategic objective of student affairs is to contributesignificantly towards student success. This article reports on a study (January, 2021) entitled ‘Towardsa qualitative framework for blending equity and excellence in transforming South African highereducation transformation to achieve development’ in which the promotion of student success isviewed as central to institutional transformation. The purpose of the study was to contribute to amore comprehensive qualitative framework for higher education transformation in South Africa byreconciling notions of ‘equity and excellence’. Interviews were conducted with sixteen leaders in thefield of higher education in South Africa. Thereafter, interview data were triangulated with strategicdocuments of various entities concerned with higher education transformation. The theoreticalframework encapsulated the human capital and human capability theories and argues further fora reconciliation of these theories to promote social justice and human well-being. The study usedgrounded theory methods to analyse and present the comprehensive qualitative framework. Thestudy found that student success was the most critical factor driving institutional transformation. Inaddition, four other interrelated elements were presented as the core elements of a comprehensiveframework. Based on these findings, this article explores the implications for student affairs further,using unpublished input gathered by the author through reflective conversations with stakeholdersat the University of Cape Town. In this regard the notion of a set of student learning imperatives(graduate attributes) becomes relevant to the discussion when student affairs practitioners andresearchers collaborate with faculties and departments on strategic projects.","l'enseignement supérieur en Afrique du Sud et les données issues de ces entretiens ont ensuite été triangulées avec les documents stratégiques de différentes entités oeuvrant à la transformation de l'enseignement supérieur. Introduction:
 Le cadre théorique englobe les théories du capital humain et des capacités humaines et plaide en faveur d'une harmonisation de ces théories afin de promouvoir la justice sociale et le bien-être humain. L'étude a utilisé des méthodes de théorie ancrée pour analyser et présenter le cadre qualitatif global. Introduction:
 L'étude a révélé que la réussite des étudiants était le facteur le plus important de la transformation institutionnelle. En outre, quatre autres éléments interdépendants ont été présentés comme étant les éléments essentiels d'un cadre global. Introduction:
 Sur la base de ces résultats, cet article explore davantage les implications pour les des oeuvres estudiantines en utilisant des données inédites recueillies par l'auteur lors de conversations réflexives avec des parties prenantes de l'Université du Cap. Introduction:
 Dans ce contexte, la notion d'un ensemble d'impératifs d'apprentissage des étudiants (compétences des diplômés) devient pertinente dans la discussion lorsque les praticiens et chercheurs du secteur des oeuvres estudiantines collaborent avec le corps enseignant et les départements sur des projets stratégiques. Introduction:
 affairs in the broader higher education transformation project. I argue that when there is collaboration between student affairs and other stakeholders, new opportunities arise to reconcile equity and excellence, shedding light on how they are interconnected. Introduction:
 Student affairs practitioners and researchers can actively shape a learning environment and can be instrumental in leveraging the five pillars of transformation for student success. Human capital theory and human capabilities theory:
 The perspectives and beliefs of student affairs practitioners and researchers about their work directly informs their approaches and choices. Human capital theory and human capabilities theory:
 Theoretical constructs influence the lenses through which we make such choices about what we teach and learn, and the value we assign to different learning imperatives and the vast array of other responsibilities involved in a student-centred approach. Human capital theory and human capabilities theory:
 I used human capital theory  and human capabilities theory  as frameworks. Like the views of South African thought leaders, these theories may initially appear oppositional, but examining their underlying meanings and assumptions can reveal more complementarity. Human capital theory and human capabilities theory:
 When providing an education that promotes high-level market-related skills and competencies, there is a similar emphasis on providing an education that people deem worthwhile, one that impacts not only the formal workspace but also individuals and society. Human capital theory and human capabilities theory:
 Regarding the latter, social justice ideas feature prominently regarding the broader capabilities that universities should develop in graduates. This is crucial in South Africa, considering the persistence of economic and other inequalities, far beyond the political dismantling of apartheid. Human capital theory and human capabilities theory:
 Human capital theory utilises metrics of economic investment to measure the capital invested in the higher education endeavour as a way to measure its worth. Education's worth is measured as the monetary return on investment , in other words, value is measured mainly through productivity rates."
"The path for the institutionalization of CIM in urban management and planning: a systematic literature review","https://scispace.com/paper/the-path-for-the-institutionalization-of-cim-in-urban-1k69rnto","2022","Journal Article","Revista Brasileira de Planejamento e Desenvolvimento","Augusto Pimentel Pereira
Mario Procopiuck","10.3895/rbpd.v11n1.14586","https://scispace.com/pdf/the-path-for-the-institutionalization-of-cim-in-urban-1k69rnto.pdf","Managing the urban space is a challenge with increasing complexity, among other reasons, because of the advances of information and communication technologies. The treatment of information technologies as human artifacts carrying social meanings is not new, and it has been occurring naturally in studies on Geographic Information System (GIS), Building Information Modeling (BIM). Between these two technologies, the concept of City Information Modeling (CIM) emerges from the adjustment of scale and semantics. The proficiency of institutional theory in understanding the political behavior of cities and evaluating from broad political processes to particular organizational processes of innovation is also not new. We aim to identify and examine publications on the adoption and implementation of BIM and GIS that use institutional theory to support their methods, discussions, and conclusions, intending to confront explanations of political and technological behavior in the implementation of these two tools that allow obtaining basic knowledge for implement CIM systems. Results show that external isomorphic pressures have received significant attention, overshadowing institutional theory's potential to look at issues from the perception of locally situated individuals. The conclusion is that institutional studies for implementing GIS and BIM can contribute to methodological and analytical frameworks for advances in CIM.","prominence is the Technology Acceptance Model followed by the Technology, Organization, and Environment Structure, with four and three records, respectively. Two other theories that call attention are the Sociology of Knowledge and the Social Construction of Reality, with three mentions each. GIS / BIM A A A P A P A A A A A P A A P P A P A A A A A A P A A Institucional Theory A A A A A P A A A A P P A A P A A P A A A P A A A A P:
 Figure  indicates the approaches to institutional theory more aligned with the way studies present it, as proposed by . In this sense, it is relevant to note that the figure points to the most significant conceptual adherence with the definition and application of theory in studies, which does not mean that the approach has been watertight. As already pointed out in the initial sections of the study, institutional theory offers interpretive flexibility within the various forms it presents itself. This classification, therefore, has the objective of understanding the general panorama of the focus given to institutionalism. The organizational and sociological approaches are prevalent, even overlapping these approaches in some studies. Only one of the studies presented a historicist approach. DISCUSSION:
 Among the studies, we identified the significant presence of two references dealing with organizational institutionalism. The first one, by DiMaggio and Powell (1983) and . The prevalence of these leads to a deepening of their views, approaches, and applications. We also discuss the findings of studies in the light of the institutional theory and what we presented in the first sections. DiMaggio and Powell's (1983) article has received over 16,000 citations since its publication and has been a reference for studies in the most diverse areas of knowledge, especially economics and business, social sciences, sociology, government, and public administration issues. Their debate contrasts with Max Weber's  argument that bureaucratization results from competition between market companies, competition between states, increasing the need for lawmakers to control their subordinates and citizens, and the bourgeois demand for equality before the law. Among the three, the first would be the most important. Instead, they propose that bureaucratization and rationalization are no longer caused by competition and the need for efficiency. They also point out that organizational change results from processes that make them more similar but not necessarily more efficient. For this support, the authors rely on the theory of structuring organizational fields by . They argue, then, that highly structured organizational fields provide a context where individual efforts to deal with uncertainty and rules usually lead to structural, cultural, and resulting homogeneity ."