"Paper Title","Paper Link","Publication Year","Publication Type","Publication Title","Author Names","DOI","PDF Link","Abstract","Relevant Excerpt"
"What Makes Employees Productive and Have High Performance? Human Capital Investment in Universities","https://scispace.com/paper/what-makes-employees-productive-and-have-high-performance-4ubn8nagxx","2020","Journal Article","","Fitri Nurmahmudah
Eka Cahya Sari Putra","10.9734/AJESS/2020/V11I130281","https://scispace.com/pdf/what-makes-employees-productive-and-have-high-performance-4ubn8nagxx.pdf","The study describes the evaluation results concerning the improvement of the education levels among the employees of a university in Indonesia by making an investment in education. The study is aimed at investigating the employees’ productivity and performance after making an investment in education. This study with evaluation method using discrepancy model. The sample of the study consisted of 255 non-academic university employees. Data were collected by way of a questionnaire on Guttmann scale. The questionnaire was validated by using logical and empirical validation by a Pearson correlation technique and reliability by KR-20 technique. The data analysis with descriptive. To calculate the capital human investment, the human capital investment formula was used for finding payback period, benefit/cost ration, return-on-investment, net-present-value, and internal-rate-of-return. The results of the study showed that the employees who made human capital investment in education were able to increase their productivity and performance as their insights, knowledge, and skills improved. The research findings were able to give insights to leaders in high-level institutions or government institutions that investing in education is truly essential, needs more attention, and needs to be done by employees. Original Research Article Nurmahmudah and Putra; AJESS, 11(1): 21-36, 2020; Article no.AJESS.60925 22","the extent of the contribution of investment in the field of education. Benefit / Cost Ratio can help use it to (a) assist in decision making processes; (b) add alternatives or choices; and (c) reduce the cost of ineffective alternatives. Percentage of Education Investment Returns (Return on Investment -ROI):
 Return on investment is a measure of performance that can be used to compare several investments, one of which is investment in education.   Internal efficiency and external efficiency have very strong links. The external efficiency of education includes the rate of economic return and education investment in general, funding allocations for types and levels of education. If output refers to the internal goals of the education system, such as dropping out of school, repetition rates and achievement of curriculum objectives, the focus of the analysis will be on the internal efficiency of the education system itself. Both are aspects of the overall efficiency of the education system. Percentage of Education Investment Returns (Return on Investment -ROI):
 Mueser et al.  states that ""the amount of return on investment will change if there is a change in profit margin or Asset Turn Over, either or both of them."" By knowing the human capital return on investment, the organization can find out how much the ability of its education personnel makes a profit and how efficiently the organization uses human resources (employees), because the future of the organization is determined by the quality of the current employees. Percentage of Education Investment Returns (Return on Investment -ROI):
 The resulting findings are not just a simple explanation of the significance of the relationship, but they also reveal other evidence about the causes of the relationship. Such studies can also be used to measure the effect of education on ability, increased productivity, and increased labor wages. Percentage of Education Investment Returns (Return on Investment -ROI):
 Conceptual return on investment (ROI) includes income earned after employees carry out economic activities and earn income. Based on the human capital approach, income can be increased by education, meaning that every additional time (month/year) following education will have an impact on increasing income but, on the other hand, delaying income during the education (probable costs) and paying all tuition fees. ROI analysis in education can use the human capital approach. This approach uses a method whose main component is the salaries of the non academica employees as a basis for analysis. There are theoretical income that is included in income not from non-labor income, such as inheritance, bank savings interest, and dividends. Labor income includes salary, performance allowances, and other benefits (finger benefits). In the perspective of the employment-educated economy, every education worker earns income from his work differently due to differences in the quality of employees, such as ability. Education has a significant influence on quality, especially the level of educational ability. Therefore, investment in education is one method to reduce income inequality."
"Motivating Learning and the Development of Human Capital","https://scispace.com/paper/motivating-learning-and-the-development-of-human-capital-13wgcggqt1","2003","Journal Article","Compare","Angela W. Little","10.1080/0305792032000127748","https://scispace.com/pdf/motivating-learning-and-the-development-of-human-capital-13wgcggqt1.pdf","This paper revisits Schultz's concept of human capital. In both the South and the North the concept has been incorporated uncritically into policy discourses. The academic community has been less critical. Its theoretical, empirical and methodological critiques have generated at least two responses from the economists. The first is the extension and refinement of the conceptual and methodological frameworks of human capital. The second maintains the focus on the monetary returns and draws attention to the enduring unexplained variance of differences in lifetime earnings and the 'behavioural' factors, besides education, that may account for it. The basic proposition of human capital theory, that people invest in themselves through education, takes human motivation for granted. The author suggests that questions of motivation and learning are central to the concept of human capital. Not only is learning motivated, but learning can itself be motivating. A review of studies of the motives for learning in educ...","Title: Motivating Learning and the Development of Human Capital Authors: Angela W Little Introduction:
 The origin of the idea of human capital goes back to at least Adam Smith who, in the Wealth of Nations, suggested that investment in physical capital through expenditure on machines might have parallels in investment in human capital through expenditures on education and training. Introduction:
 Theodore Schultz and Howard Becker, among others, were to revive this idea and develop it considerably from the early 1960s. Schultz was under no illusion about the unpalatability of the idea of regarding human beings as a potential form of capital, and of learning and education as the means of investment in that capital. In his address to the American Economists Association in 1960 he urged fellow economists to reconsider the idea of education as a form of investment in human capital, rather than simply a good for consumption Economists have long known that people are an important part of the wealth of nations. Measured by what labor contributes to output, the productive capacity of human beings is now vastly larger than all other forms of wealth taken together. What economists have not stressed is the simple truth that people invest in themselves and that these investments are very large. Although economists are seldom timid in entering on abstract analysis and are often proud of being impractical, they have not been bold in coming to terms with this form of investment  The idea of education as a form of investment became the missing piece in the jigsaw of the puzzle of the sources of economic growth that were not accounted for by increases in land, labour (man-hours) and physical capital. The propositions of human capital theory were that the skills that people acquire are a form of capital, human capital; that these are acquired through deliberate investments in education; that skills are the capacities that contribute to economic production; and that earnings in the labour market are the means by which a person's productivity is rewarded. This form of capital had grown in Western societies at a rate faster than ""conventional"" (nonhuman) capital and that its growth has been the most distinctive feature of the economic system of the mid 20 th century . Introduction:
 As  has pointed out, the idea that education represents investment in human capital is much than a simple analogy with physical capital. …it implies that it is possible to measure the returns to investment in education, and to apply cost benefit analysis to decisions about education expenditure, in the same way as rates of return are used to analyse the profitability of investment in conventional physical capital . Introduction:
 Woodhall also points out that while the idea of human capital may be traced to writers in the eighteenth and nineteenth century, the first serious attempts to measure the economic costs and benefits of education and compute rates of return were made, for the United States by  and . Throughout the 1970s and 1980s studies of cost-benefit and rates of return were undertaken in a range of industrialised and developing countries by  and others.  summarises four general patterns revealed by these studies; (i) social returns are consistently lower than the private rate of return (ii) social and private rates of return to primary education tend to be higher than rates of return to secondary or higher education; (iii) the rate of return to education is higher in developing countries than in developed countries; and (iv) the rate of return to investment in education is higher than the average rate of return to physical capital in developing countries, though not necessarily in developed countries."
"Economic aspects in education","https://scispace.com/paper/economic-aspects-in-education-363vw6e9y9","2014","","","Tero Suutari","","https://scispace.com/pdf/economic-aspects-in-education-363vw6e9y9.pdf","","first, a move away from an emphasis solely on techniques of planning to one which stresses the importance of planning as a process; and second, a shift from concentrating on a single approach and technique to a wider use of several modes of labor market analysis. Cost-Benefit Analysis:
 The idea of cost-benefit analysis is to seek a better economic basis for establishing training employment relations. The advocates of the cost-benefit approach find this basis in the theory of human capital, according to which education and training are an economically worthwhile investment from the standpoint of both the individual and the nation. The approach lies in an economic perspective, with emphasis on the mechanisms of natural regulation which operate on the labor market through wages and incomes. In this perspective, when individuals choose a course of action they implicitly analyze what it is going to cost them and what benefit they will derive from it. For instance if a young person decides to continue his or her studies, say at a university, the cost of doing so can be measured in terms of fees, and especially in terms of opportunity costs; that is to say the loss of earnings resulting from not having entered remunerative employment instead of attending a university.  The cost-benefit analysis usually analyzes individual gains in earnings through education. This leaves a substantial amount of benefits, which can be calculated into monetary terms out of equation that education has an effect on. This was explained in Education and benefits chapter. Therefore, neither this method nor any other method should take for granted. A person who attends a university can hope to enjoy a higher income for the whole of his or her working life, which will more than compensate for the initial loss of earnings, in other words the opportunity cost. Taking into account the interest rates applicable to these different periods of active life, it is possible to establish a balance-sheet in terms of return on investment. This analysis can be transposed from the individual level to the community level, provided it is accepted that individual remuneration is equivalent to the benefit the community derives from the individual's activity. In this way one could evaluate the cost and benefit to a country of different types of training or their future development.  Compared to the previously explained manpower approach that tries to estimate how many workers in various sectors are needed in some point of time in the future, the cost-benefit analysis does not give a number of how many electric engineers we should educate for the future. What it does, is that it enables a direct comparison of the costs and benefits of an alternative or a comparison of their magnitudes with those of other types of social investments in education or in other sectors. Not only is it possible to ascertain which educational investment has the largest benefits relative to costs; it is also possible to compare these results with investments in health transportation, physical capital such as plant and equipment, and other sectors. In this way governmental units can use cost-benefit analysis to compare the desirability of alternative educational investments, as well as in determining the balance between investing in education and other sectors.  Here we come to the allocation and efficiency problem that were explained in the beginning of this chapter. Resources are scarce and therefore they need to use in a proper manner. Therefore cost-benefit analysis gives tools to do intersectoral and intrasectoral comparison. Former being comparison of education to other sectors of society like healthcare and latter being comparison inside the education sector of for example higher education and vocational education."
"A survey study of human capital and educational attainment","https://scispace.com/paper/a-survey-study-of-human-capital-and-educational-attainment-2kvfa307c7","2020","Journal Article","","Rininta Nurrachmi","10.20473/AIJIEF.V2I2.20645","https://scispace.com/pdf/a-survey-study-of-human-capital-and-educational-attainment-2kvfa307c7.pdf","The development of human capital is the essential thing to determine a country’s growth. The existence of a country’s human capital quality depends on its education. The change of information in society is going rapidly and it is important to cope up with information and knowledge to all economic process. With the role of human capital in the modern societies many people are still unaware about the process of educational production. This paper is aimed to provide the process on human capital formation and educational attainment from microeconomic perspective. The literature reviews indicate that education attainment in the society are influence by many factors namely religion, family background, teacher’s quality and incentive, and the peer effects. In the empirical studies, Mincerian wage equation is the most widely used to analyze education and earnings. Besides from educational production function, to determine the quality of human capital, fiscal policy through taxation and educational subsidies have impact to the end result of students.","to pay for general training (see table ). report that this situation occurs due to incomplete contract where one party (eg. The employer) pays the costs of the investment in human capital while another party (eg. The employee) shares in the return. Investment in The Human Capital: Perfect Labor Markets:
 As an employee, he or she has the right incentives to invest in general human capital because he or she is the sole beneficiaries of his or her increased productivity.  states that employees can finance such investment quite easy by accepting a wage below their productivity during the period of training. Apprentice is an example where employee often paid very low wages until they mastered a certain grade. Investments in The Human Capital: Imperfect Labor Markets:
 The condition is different when the firm investing human capital in the imperfect labor market. In figure f(t*)` = c(t*)` (2):
 In contrast, if the labor markets are not competitive or there are other labor markets disputed that elevate wage compression, the worker's wage is below his marginal product. If the condition where the wage structure is compressed, the general skills are turned into de facto specific skills and firms manage to skim labor market rents depend on the amount of training. f(t*)` = c(t*)` (2):
 Table  provides a simple explanation on human capital investment in perfect and imperfect labor markets. As we can see the total investment become efficient if type of skill on human capital investment in general with the perfect labor markets and workers invest in general training while firms do not invest in general training. The next section we elaborate more on the rate return on education where most of the education process is discussed in microeconomic perspective. The Rate Return of Education:
 The rate return to education in the economy consists of macro and micro level. In macroeconomics, the rate return of education is measured in cross-section of countries, which relate to GDP growth rate while in microeconomic perspective the level of education is gauge base on extra earnings of a worker for an additional year of schooling and training. In this study, we focus on rate return of education from microeconomics point of view that influence the amount of human capital investment at the individual level. The Rate Return of Education:
 Several studies (see Purnastuti et al, 2012; Thaib, 2013; Wu & Hang, 2016) have defined that human capital theory stress on education that provides information and skills to enhance the productive capacities of a human being. Individual invest in education in schooling to achieve skills and productivity. These skills eventually raise the value of an employee in a firm and lead to higher wages being offered. Moreover, investment in education will provide economic growth within the country and enhancement of human quality. The Rate Return of Education:
 Growing literature apply Mincerian wage equation to analyze the wage income as a function of schooling and experience. It is one of the most widely employed models in the empirical economics (see"
"Cost Analysis for Educational Policymaking: A Review of Cost Studies in Education in Developimg Countries. BRIDGES Research Report Series, No. 3.","https://scispace.com/paper/cost-analysis-for-educational-policymaking-a-review-of-cost-25vw1wip28","1988","","","Mun C. Tsang","","https://scispace.com/pdf/cost-analysis-for-educational-policymaking-a-review-of-cost-25vw1wip28.pdf","","that the labor market is perfectly competitive. This is not likely to be true in developing countries where governments are big employers. However, it seems unlikely that these methoth,ogical problems will invalidate the conclusions of the rates of return literature discussed above. Cost-Benefit Studies in Education iii Developing Countries:
 But alternative analyses of the economic benefits of education have emerged since the early 1970s which challenge human capital theory and question the relevance of social rates of return to education for guiding public educational policies. Psacharopoulos has rightly obse-vA that the ""rate of return subject is still highly controversial in the literature"" (1981:   329). Soine analysts have put forward different explanation.; of the relationship between education, productivity, a id earnings'; they question the theoretical basis of the social rates of return approach.     ext positive relationship between education and earnings by pointing out the screening function of education in a labor market characterized by imperfect infornition. Education does not raise an individual's prod,,-tivity. Rather it reflects the ability of an individual. If everything else is the same, it costs less for more able individuals to acquire education and thus hay*: higher educational attainment. Employers use education as a signal to identify more able individuals and pay them higher wages because of their better performance. Since education reflects ability only, expenditures on education will not raise the productivity of individuals. Don 1976) points out that job screening using educational credentials often puts intense pressure on the education system to expand. The expansion process is a vicious cycle; as the growing crowd of young people secure diplomas, ever higher educational credentials become necessary to obtai jobs. At the same time, educational expansion let...lb to a severe financial burden on the gcvernment. Cost-Benefit Studies in Education iii Developing Countries:
 The existence of dual or segmented labor markets can mediate or even fundamentally change the relationship between education and income . This perspective argues that the labor market is not homogeneous. Instead, it is divided into seg- ments. Workers in some segments (e.g., primary labor market) have stable and well-paid jobs while workers in other segments (e.g., secondary labor market) have temporary employment and a meager it ^me. Education is an important factor in deciding in hich segment a worker is located. Thus, the economic benefits of education depend on the divisions in the labor market. These divisions are the results of a historical process shaped by economic and political forces. According to this perspective, the assumption of a single, competitive labor market on which the social rates-of-return approach is based is untenable. Cost-Benefit Studies in Education iii Developing Countries:
 Recent analyses indicate that the relationship between education and productivity is more complex than the direct and positive relationship suggested by the human capital theory . Empirical evidence has shown that underutilization of education in production can lead to lower work effort and lower productivity. Thus the economic benefits of education depend not only on the quantity and quality of education, but also on the utilization of education in the workplace. Underutilized education can be counterproductive."
"How To Measure The Economic Return Of Education","https://scispace.com/paper/how-to-measure-the-economic-return-of-education-39lz1hvx50","2024","Journal Article","","Prof. Alotaibi Mohamed Meteb","10.53555/kuey.v30i5.3236","https://scispace.compdf/how-to-measure-the-economic-return-of-education-39lz1hvx50.pdf","This research aims to explain the different ways to measure the economic return from education by comparing individual and social incomes with the educational levels of individuals. There are many methods that can be used to measure the economic return from education, the most important of which are the simple correlation method, the residual income method, and the direct rate of return method for education. The descriptive analytical approach was used to measure the economic return from education and to analyze the return and cost of education. There are many studies that have attempted to measure the economic return from education with the aim of determining the economic value of education represented by the income or wage that the educated individual receives, is this income primarily due to education or are there other factors that affect income generation. Previous studies in measuring the economic return from education have reached important results, a higher level of education leads to increased productivity and higher income. Through analyzing the return and cost of education, the economic return from education is greater than the expenditure on it, and its investment return may exceed many other economic projects. Education also has a social return, both for individuals and society. ","Title: How To Measure The Economic Return Of Education Authors: Mohamed Alotaibi (Corresponding Author),Meteb Keywords: education, cost-benefit analysis, economic return, economic growth, human capital"
"The economics of education: investing in human capital","https://scispace.com/paper/the-economics-of-education-investing-in-human-capital-hj4dxz1g13","2024","Journal Article","International Journal of Innovations in Engineering Research and Technology","Khodjamuratova Gulbakhar","10.26662/ijiert.v11i1.pp49-51","https://scispace.compdf/the-economics-of-education-investing-in-human-capital-hj4dxz1g13.pdf","The economics of education is a crucial area of study that examines the impact of educational investments on economic development, individual income, and overall productivity. It delves into how education contributes to human capital formation, which in turn has far-reaching implications for economic growth and social progress. Understanding the economic dimensions of education involves analyzing the costs and benefits of educational investment, as well as the long-term impact on shaping the future workforce and fostering innovation and technological advancement. Investing in human capital through education is widely recognized as a driver of economic development. A well-educated workforce is essential for a country's competitiveness in the global economy.","Title: THE ECONOMICS OF EDUCATION: INVESTING IN HUMAN CAPITAL Authors: Khodjamuratova Gulbakhar Keywords: economics, education, impact, investments, economic development, individual income, productivity, human capital formation, growth, social progress, costs, benefits, workforce, innovation, technological advancement, competitiveness, skills, knowledge, capabilities, labor market, job requirements"
"Indirect Benefits of Women’s Education: Evidence from Bangladesh","https://scispace.com/paper/indirect-benefits-of-women-s-education-evidence-from-3jr3ghrbr5","2012","","","Selina Akhter","","https://scispace.com/pdf/indirect-benefits-of-women-s-education-evidence-from-3jr3ghrbr5.pdf","x","to education, while P. ) concentrated on women""s labour force participation and its returns in the context of developing countries. Human capital theorists, thus, have made the largest contribution by constructing a theoretical base to analyse the contribution of education to economic development. Human Capital Theory:
 Although the focus of human capital theory is on the productivity of the workforce from acquiring education, Libenstein (1957) also highlighted that nutrition is an important determinant on account of its substantial contribution to increasing an individual""s productivity. Relative to poorly nourished workers, better nutrition is associated with higher productivity.  has mentioned the activities that influence future real income through allocating resources to people as an investment in human capital. The avenues for investment in human capital comprise schooling, training for various trades, medical care, vitamin consumption and also opportunities of acquiring information about the economic system. Thus, expenditures for consumption in early years of age significantly contribute to improving the physical and mental abilities of people and thereby raise their real income prospects . Findings of  showed that individuals invest in education to raise future income, while they invest in health to raise the probability of achieving this higher income as their life expectancy extends. He has mentioned in a growing economy, an individual, who is risk averse, first invests in health to increase the probability of achieving the higher income in the second period. He concluded that health investment is vital for positive economic development while policies directed towards education or health programs that promote education will have sustained positive outcomes for economic growth. Human Capital Theory:
 In the process of developing knowledge and skills, formal schooling is considered as the principal route ) while years of schooling, primary and secondary school completion rate and literacy rate are the indicators for assessing the level of human capital within a country. Tests on competencies such as basic mathematics, English literature or other subjects are also used as the measures of human capital (Jolliffe 1998).  and  stated that ""average years of schooling"" is a popular proxy in measuring human capital, although these measures do not capture the qualitative aspects. However, although it is difficult to find a unique measure to estimate the human capital, the cost-benefit approach based on rate of returns is the most commonly used method in this respect. The Rate of Return to Education:
 Assessment of the relationship between earnings and education is the cornerstone of human capital theory. The differences in average mean earnings of graduates at successive levels of education reflect the premium associated with education investment."
"Labor Market Effects of Human Capital and of Its Adjustment to Technological Change.","https://scispace.com/paper/labor-market-effects-of-human-capital-and-of-its-adjustment-2xcsim533c","1989","","","Jacob Mincer","","https://scispace.com/pdf/labor-market-effects-of-human-capital-and-of-its-adjustment-2xcsim533c.pdf","This document, a review of labor market effects of human capital, focuses on two related topics. Part I describes the following early findings of the research on effects of education and job training on the wage structure, labor turnover, and unemployment: decline of training with experience, positive and significant effects of training on length of completed tenure, less turnover over longer periods for workers who received training, positive effect of training on wage growth, positive effect of training on wage growth in wage trajectories that transcend tenure in one firm, and reduced unemployment fur those with job training. This part concludes with an attempt to estimate volumes and profitability rates of job training directly from data on incidence, duration, and wage growth effects of observed training. Part II reports on findings about effects of technological change on the use of human capital and on consequent effects of productivity growth on wages, turnover, and unemployment. Among other things, these findings indicate that: acceleration of technological c4anges in a sector raises the share of educated workers within it; sectors with more rapid productivity growth show higher rates of return to education; turnover rates decline in sectors with long-run high rates of productivity growth; and technological change tends to reduce unemployment. Contains 33 references and 14 tables for Part I and 21 references and 9 tables for Part II. (YLB) Reproductions supplied by EDRS are the best that can be made from the original document. ********************************************************************","Title: LABOR MARKET EFFECTS OF HUMAN CAPITAL AND OF ITS ADJUSTMENT TO TECHNOLOGICAL CHANGE Authors: Jacob Mincer,Jacob Minc Keywords: DESCRIPTORS Adult Education, *Human Capital, *Job Training, Labor Economics, Labor Force Development, Labor Market, *Labor Turnover, Outcomes of Education, *Productivity, Staff Development, *Technological Advancement, *Unemployment, Vocational Education, Wages"
"Evaluation of Return to Investment in Human Capital in Lithuania in the Context of Other Countries","https://scispace.com/paper/evaluation-of-return-to-investment-in-human-capital-in-2ee30n2aku","2013","Journal Article","The Engineering Economics","Zita Tamasauskiene
Simona Poteliene","10.5755/J01.EE.24.3.2957","https://scispace.com/pdf/evaluation-of-return-to-investment-in-human-capital-in-2ee30n2aku.pdf","The research literature presents a strong positive relationship between economic development and human capital, which is usually measured by education. The standard approach assumes that an individual invests some time in education, and then it shows up in terms of enhanced future earnings as a return, i.e. investment in education helps to increase the individuals’ future earnings. How much to invest in education is one of the most important economic decisions that individuals have to face. Hundreds of studies in many different countries and time periods have confirmed that better-educated individuals earn higher wages, suffer less unemployment and work in more prestigious occupations, have other social returns like honour and status than their less-educated counterparts. This positive correlation between education (schooling) and earnings is well established in the empirical literature. Despite the fact, that the rate of return to education (human capital) has been widely studied in the world since the late 1950s and even though hundreds of papers have studied this issue in various countries at different time periods and with alternative estimation methods, studies concerning Lithuania’s case remain limited. This study focuses on the evaluation of investments in human capital. Problem question raised: Once education, which plays a very important role in development and growth of a country, is treated as an investment, the immediate natural question is: what is the profitability of this investment comparing to alternatives? Therefore it is important to investigate the return to investment in education in order to evaluate effectiveness of investments in human capital in Lithuania and compare it to the other countries in the development process. The object of the research – the return to investment in human capital. The aim of the research is to estimate the private rate of return to human capital in Lithuania and to study the changes of these returns during the time (2003-2011) and compare calculated data with analogical data in other countries. In the first part of the paper the concept of “human capital” is defined, before estimating the returns to human capital. In order to reveal the return to investment in human capital, it was limited to investment in education overview. Further, the research methodology is presented. One of the main ways to calculate the rate of returns to investment in human capital, which is used in the empirical practice, is the “full-discounting” or “elaborate” method, which consists in calculating the internal rate of return, was employed. 2003-2011 statistical data were used for the study. The conclusions reveal that the rate of return to investment in human capital varies over time and rate of return for females is lower than for males. The rate of return of investment in human capital varies, reflecting the effect of constantly decreasing income tax, average wage and cost changes of higher increments of education (increase / decrease). After comparing Lithuania’s and other countries’ rate of return on investment in human capital, it is seen that private rate of return in Lithuania is similar to Denmark, Spain, Finland, Germany and USA. Compared to neighbour countries Latvia and Estonia, the return on investment in human capital is also similar to that in Lithuania. DOI: http://dx.doi.org/10.5755/j01.ee.24.3.2957","Title: Evaluation of Return to Investment in Human Capital in Lithuania in the Context of Other Countries Authors: Zita Tamasauskiene,Simona Poteliene Keywords: Human capital, Investment in human capital, Costs, Benefits, Rate of return Introduction:
 Now there is a general consensus among scholars and policymakers that human capital is increasingly becoming one of the most significant sources for social and economic performance particularly for knowledge based economies . The knowledge based economy of our age calls for a workforce with special knowledge . The empirical researches of human capital theory have confirmed that education has a favourable effect on economic development since it increases ""the value creating ability of human effort (work)"" . Therefore, the productivity of labour indicates the competence, knowledge and skills of the people . Introduction:
 Education is one of the most powerful instruments of reducing poverty, inequality, unemployment and other social evils and thus lays foundation for sustainable economic growth and development . Therefore, education is an important investment tool, which can improve workers 'productivity and influence economic growth. As an important determinant of labour productivity, it also has an important influence on earnings and through the tax/transfer system on public finances . Introduction:
 The standard approach assumes that the individual invests some time in education, and then it shows up in terms of enhanced future earnings as a return , i.e. investment in education helps to increase the individuals' future earnings. How much to invest in education is one of the most important economic decisions that individuals have to face. Hundreds of studies in many different countries and time periods have confirmed that better-educated individuals earn higher wages, suffer less unemployment and work in more prestigious occupations , have other social returns like honour and status  than their lesseducated counterparts. This positive correlation between education (schooling) and earnings is well established in the empirical literature . Introduction:
 Despite the fact, that the rate of return to human capital (education) has been widely studied in the world since the late 1950s and even though hundreds of papers have studied this issue in various countries at different time periods and with alternative estimation methods, studies concerning Lithuania's case remain limited. Only few authors  -can be named, that have calculated the return to investment in human capital (education) in their works. Introduction:
 Once education, which plays a very important role in development and growth of a country, is treated as an investment, the immediate natural question is: what is the profitability of this investment comparing to alternatives? Therefore it is important to investigate the return to investment in education in order to understand the role of education in Lithuania and compare it to the other countries in the development process Introduction:
 The aim of the research is to estimate the private rate of return to human capital in Lithuania and to study the changes of these returns during the time  and compare calculated data with analogical data in other countries. Introduction:
 The object of the researchthe return to investment in human capital. Introduction:
 The research methods used: comparative and logical analysis and interpretation of literature, comparative analysis of statistical data, generalization method. The concept of 'human capital':
 There are three main components of 'human capital'early ability (whether acquired or innate); qualifications and knowledge acquired through formal education; and skills, competencies and expertise acquired through training on the job . Other labour market activities that are sometimes included in the concept of human capital include migration and search for new jobs."
"The effect of training on productivity: The transfer of on-the-job training from the perspective of economics","https://scispace.com/paper/the-effect-of-training-on-productivity-the-transfer-of-on-2unzuc5nvj","2013","Journal Article","Educational Research Review","Andries de Grip
Jan Sauermann","10.1016/J.EDUREV.2012.05.005","","","in the job). Second, crucial to the analysis of the returns to training is how selection into training is controlled for. Third, a number of studies have attempted to look into the 'black box' of the ways in which training affects actual performance. Introduction:
 We focus on studies on the effects of workplace training, usually labelled as ''on-the-job training''. Because an integral part of this type of analysis involves measurement issues, we discuss challenges in the estimation of the ''returns to training''. Most studies on the returns to training conceptualise training by using survey information on workers' participation in training. While this allows estimating average effects of training (i.e. across different types of training and across different types of workers' tasks), this does not allow using detailed information on contents or types of training. For this reason, a few studies have analysed particular training programmes in econometric case studies that allow to go more into detail of how training affects productivity. At the same time, these studies are also more linked to studies in the educational literature as they evaluate particular training programmes and aim at looking into the 'black box' of the transfer of training to the workplace. Introduction:
 This article is structured as follows. In the next section of this article, we shortly present the theoretical 'human capital' model that is used as a theoretical framework for almost exclusively all empirical studies on the returns to training. In Section 3, we provide an overview across the main empirical contributions in economic literature. Section 4 discusses studies from the economic literature on the black box of how training affects performance. Section 5 summarises and concludes. Economic theory on the decision to participate in training and the returns to training:
 The human-capital theory offers the theoretical framework in which labour economists started to study the impact of education and training on workers' performance in the labour market. Human capital theory was launched by a supplement volume of the Journal of Political Economy on 'Investments in Human . The original human capital theory framework is a straightforward economic model of investments (and therefore expected costs) on the one hand, and expected returns on the other hand. Depending on the type of training, the investment consists of direct training costs (e.g. costs for learning material, coaches) and indirect training costs which arise from opportunity costs, i.e. the costs that arise because the training participant could have worked instead of following the training course. Though these costs and benefits do usually comprise monetary components (wages, increased performance, etc.), they could also consist of 'non-economic' components such as increases in motivation. Building on this general cost-benefit analysis that characterises the economic discipline, human capital theory states that a worker will only be trained when the discounted benefits after the training are expected to exceed the training costs. Though the original work implicitly assumes that participation leads to an increase in skills (human capital) and thus makes the worker more productive, positive returns to training could also be explained by other factors, such as higher motivation or stronger loyalty that workers may show after their employer has 'invested' in them. In the latter case, training participation is considered to be a consumptive spending instead of an investment in human capital. This discussion shows that the economic literature is not primarily interested in measuring the increase in skills per se, but mainly in how far these skills increase various outcomes that are beneficial for the firm."
"Developing Human Capital","https://scispace.com/paper/developing-human-capital-1229vkozci","1986","Book","","Herbert S. Parnes","","https://scispace.com/pdf/developing-human-capital-1229vkozci.pdf","","in the quality of labor, a large percentage of which was attributed to education. An alternative approach, based on human capital theory, measures the benefits of education by the differences in earnings (reflecting productivity differences) among individuals with different amounts of education. Forms of Human Capital Investment:
 It would be nice to be able to report a single figure, or even a small range of figures, that would represent a consensus merging from these kinds of research, but this, alas, is not possible. The most recent comprehensive evidence appears in a volume edited by , in which  estimates butt education was responsible for 11 percent of the substantial economic growth that had occurred in the United , however, argue that the methods u3ed by Jorgenson (and by others) overstate the contribution of education by failing to take into account the resources utilized by education that could have been devoted to other purposes also contributing to growth. On the other hand,  review evidence showing that education has effects on economic well-being (for example, improvement in health, reduction in crime) that are not captured by conventional measures. The contribution of education is therefore underestimated. Forms of Human Capital Investment:
 To make matters worse, proponents of the ""screening hypothesis"" deny that earnings differentials among persons with different amounts of education reflect the effect of education on productivity; they argue that education is merely a criterion that employers use to identify individuals who are inherently more productive because they have had the ability and initiative to pursue the education successfully. As  have shown, although there is no empirical evidence that will permit a definitive rejection of this hypothesis, it seems sufficiently unreasonable, at least in its extreme form, to warrant not giving it serious consideration. Forms of Human Capital Investment:
 The most reasonable conclusion appears to be that announced by  after reviewing the works of Jorgenson, Plant and Welch, and Haveman and Wolfe. Noting the differences among them, he observes that ""all of their empirical work indicates that education has made important contributions to . It should be pointed out, in conclusion, that even the extreme form of the screening hypothesis 'toes not deny the substantial oenefits conferred by education on individuals in the form of higher earnings and other aspects of the quality of their lives. Prospective Trends Affecting Human Capital:
 A number of forces may operate to affect the value of various forms of human capital and thus to condition appropriate public policies for human capital development between now and the end of the century. Some of these, each as changes in the demographic structure of the labor force, can be predicted with a fair degree of confidence; however, othersparticularly the effect of technological change on the occupational and industrial structure of employment opportunitiesare beclouded with considerable uncertainty and are the subject of heated debate. We turn now to an examination of some of these issues. Prospective Trends Affecting Human Capital:
 The National Commission on Employment Policy (1982) entitled its eighth annual report The Work Revolution and pointed to four major labor market trends anticipated over the remainder of the century that will have significant implications for employment policy. These are (1) a prospective decrease in labor force growth, (2) changes in the age structure of the population and labor force, (3) large-scale geographic movements of the population, and (4) technologically induced changes in the structure of employment opportunities."
"Cost of Staff Welfare and Financial Performance of Listed Pharmaceutical Manufacturing Firms in Nigeria","https://scispace.com/paper/cost-of-staff-welfare-and-financial-performance-of-listed-31n2ic122g","2021","Journal Article","","I B Giami
S R Iwo","10.52589/IJEBI-OHEWMBET","https://scispace.com/pdf/cost-of-staff-welfare-and-financial-performance-of-listed-31n2ic122g.pdf","","company that will affect the increased company stock in the capital market. Return on Asset is an indicator of how profitable a company is relative to its total assets. ROA gives an idea as to how efficient management is at using its asset to generate earnings. Human Capital Theory:
 This study was based on the Human Capital theory proposed by  and extensively developed by . The theory has its root in labour economics which is a branch of economics that focuses on the general workforce in quantitative terms. According to the theory, Human capital theory contends that education or training raises the productivity of workers by imparting useful knowledge and skills, thus raising workers' future income through an increase in their lifetime earnings. The theory postulates that expenditure on education or training and development is costly, and should be considered an investment since it is undertaken to increase personal incomes. The human capital approach is used to explain or support occupational wage differential. However, the position of this study is that education or training and development will not only increase employee personal income, it will also serve as a means of achieving corporate competitive advantage which reflects ultimately in organizational performance. The theory believes that education is an investment since it enhances productivity. It, therefore, holds that the competence, knowledge, abilities and skills of an organization's workforce contribute to its competitive advantage."
"E-learning and Labour Market: Wage-premium Analysis","https://scispace.com/paper/e-learning-and-labour-market-wage-premium-analysis-9osyu5oy8b","2008","Journal Article","International Journal of Educational Technology in Higher Education","David Castillo Merino
Jordi Vilaseca i Requena
Enric Serradell López
Natàlia Valls Ruiz","10.7238/RUSC.V5I1.322","https://scispace.com/pdf/e-learning-and-labour-market-wage-premium-analysis-9osyu5oy8b.pdf","The link between ICT and the demand for high-skilled labour is due to the fact that the introduction of digital technologies alters the skill requirements of occupations in three main ways (Spitz, 2003): 1) ICT capital substitutes repetitive manual and repetitive cognitive activities, 2) ICT capital is complementary to analytic and interactive activities, and 3) ICT capital increases the requirement for computing skills. Within this framework, we have analysed the determinants of labour productivity of individuals that have taken higher education programmes online to test how occupational skill requirements and the degree of ICT adoption by the industry matches skills of online students. In order to do this, we have assumed an implicit relationship between education and ability (Griliches and Mason, 1972), recognizing that online students may acquire specific skills, such as computing skills and abilities related to ICT use. For the empirical analysis we have used a database of degree students from the UOC (Universitat Oberta de Catalunya). The results from our model based on Mincerian equations show three important facts: 1) schooling is not a significant variable to explain wage differentials; 2) experience, understood as previous productivity and production losses avoided, is the most important variable explaining improvement of wages; and 3) ICT skills have a positive and significant effect on wage levels.","from education but they are difficult to measure in monetary terms. Introduction: From a social point of view, education plays an important role in determining the level and the distribution of income, in productivity and in economic growth of firms (and institutions in general). Introduction:
 Firms and institutions benefit from having more educated employees at their disposal through two main channels: 1) through the positive effect of education and training on the improvement of productivity levels and rates of growth , and 2) through the spill-over effects from better-educated workers. Therefore, the incidence of higher levels of educational attainment is shown not only in the higher productivity of educated workers, but also in the increase in productivity of other workers as a result of learning by imitation and improving their skills from working with them . Introduction:
 For the society as a whole, the empirical evidence suggests that there is a positive relationship between education (through human capital formation mechanisms) and economic growth , particularly when technological change is considered . These economic benefit estimations are usually based on gross wages across the economy and on the fiscal incomes derived from economic growth of the industry. Introduction:
 There are also other social benefits that indirectly affect performance of economies through different channels. Education produces external effects that have a positive impact on agents other than those benefiting from it. These externalities, such as social cohesion, political stability, or citizen participation on public policy issues, are difficult to identify and, especially, to measure. Nevertheless, some authors have tried to identify and quantify educational externalities  by three major methods: 1) consumer surplus or welfare improvements, 2) expenditure on related private goods, and 3) hedonic pricing models. The results of these studies show that the measure of social spill-overs explains the existence of significant higher returns to investment in education for societies. In fact, the most plausible sources of these externalities are the link between human capital and the rate of technological change, and the indirect effect of education on productivity and employment through the quality of institutions that may be considered a component of social capital (de la . Introduction:
 In addition, the increase of individual and social human capital acquired through e-learning provision and e-learning contribution to develop workers' e-skills may help to reduce skill-biased technological change effects on wages distribution in labour markets. Costs and benefits from education:
 Costs and benefits can be combined in several ways for a cost-benefit analysis. The most common methods are rates of return, cost-benefit (and benefit-cost) ratios and net present values. The estimation of internal rates of return on investment, i.e. the interest rate that equates the present values of benefits and costs , captures the complete picture of the costs and benefits of education and, therefore, it demonstrates which forms of investment produce the best value for money. Costs and benefits from education:
 The rate of return to investment in education is a measure of the future net economic payoff to an individual or society of increasing the amount of education offered . It is calculated by setting the discounted value of costs (C i ) and benefits (B i ) over time equal to zero and solving for the implicit discount rate r: Costs and benefits from education:
 Private rates of return for individuals and rates of return for society are estimated, in which private benefits are added to those accruing to firms and society, and private costs are also added to costs incurred by firms and society (table )."
"Payback period analysis of distance master education in indonesia","https://scispace.com/paper/payback-period-analysis-of-distance-master-education-in-7gun06pshn","2023","Journal Article","Trikonomika Journal","Taufani C. Kurniatun
Tita Rosita
E. Rusyani","10.23969/trikonomika.v22i2.8400","https://scispace.compdf/payback-period-analysis-of-distance-master-education-in-7gun06pshn.pdf","Research on the rate of return on the learning process in distance higher education aims to measure the level of learning investment in post graduate program distance education. The method used in this research is descriptive research with a quantitative approach. The research instruments distributed were to alumni of the Terbuka University Postgraduate Program spread across various cities, including the cities of Bandar Lampung, Bandung, Batam, Bogor, Jakarta, Jember, Malang, Medan, Padang, Palembang, Samarinda, Semarang, Serang, Sorong, Surabaya, and Surakarta. As many as 116 respondents from the total population of 395 alumni (using stratified random sampling technique) made up the study sample of 116 respondents. The results of the study show that investment in education using the payback period method is feasible.","is a methodology used to carry out educational investment analysis in order to assist decision-makers in making choices among existing alternatives. This analytical method is economic in nature and stems from the concept of ""investment in human capital"" or investment in human resources (HR). DISCUSSIONS:
 Basically, the theory of human capital, which is a school that considers that humans are a form of capital like other forms of capital, such as machines, technology, land, money, and materials that determine productivity growth through self-investment, A person can choose a profession or job that will increase their welfare. DISCUSSIONS:
 In this every investment must bring benefits that can be measured by the value of money. Research states that cost-benefit analysis helps the private sector decide on additional investments in education. Analysis in education also provides valuable guidance for education planners about the actual cost. DISCUSSIONS:
 In general, the cost-benefit approach sees education as an investment for the whole society as measured by the average social return; besides that, education is an investment for individuals using personal gain. DISCUSSIONS:
 By choosing to go to school, individuals bear certain direct and indirect costs such tuition, school supplies, lost income, and others . DISCUSSIONS:
 The feasibility of education is measured by comparing the educational costs incurred with the benefits or advantages that will be obtained. In this study, an educational investment analysis was carried out using the payback period method. This analysis has two different functions: predictive analysis and evaluative analysis. DISCUSSIONS:
 As a predictive analysis, this analysis can predict the feasibility of an educational program that will be implemented. As for evaluative analysis, this analysis can be used as an evaluation method for educational programs that have been implemented. DISCUSSIONS:
 Based on the research results, it is known that the level of educational feasibility for graduates of master program distance learning program has the meaning of feasible, which means it is viable option for educational investment. Because the educational program is able to provide benefits to its graduates. DISCUSSIONS:
 In addition, quality improvement must be carried out to provide individuals with high bargaining power so that they are able to compete for jobs. DISCUSSIONS:
 Apart from providing benefits to the economy as a whole, education also provides many benefits for its workforce, one of which is an increase in income and welfare when entering the world of work, which is referred to as the rate of return on educational investment. DISCUSSIONS:
 Research states that education in Indonesia shows consistent and increasing numbers. increases occur for higher levels of education . DISCUSSIONS:
 The role of investment in human resources can be analyzed from two perspectives, namely micro and macro. The micro point of view sees human capital as part of the production function in individuals, which is further related to the quality of human resources. DISCUSSIONS:
 Knowledge can have an impact on the mastery of technology and the existence of innovation in terms of the production process. The result of this knowledge is efficiency in the production process, which has the potential to increase productivity. DISCUSSIONS:
 On the other hand, the existence of expertise will make individuals more competent in the production process, thus encouraging productivity."
"Human Capital and Economic Growth","https://scispace.com/paper/human-capital-and-economic-growth-4lurbs8wcj","1984","Journal Article","Economics of Education Review","Jacob Mincer","10.1016/0272-7757(84)90032-3","https://www.nber.org/system/files/working_papers/w0803/w0803.pdf","","the human capital concept to economic growth and to labor economics were initially pioneered independently.2 The concepts are the same, and are applied basically to the same problem: individual economic growth at the micro-level, and growth of the economy at the macrolevel. Human Capital and Personal Economic Growth:
 Individuals differ in both inherited and acquired abilities, but only the latter clearly differ among countries and time periods. Human capital analysis deals with acquired capacities which are developed through formal and informal education at school and at home, and through training, experience, and mobility in the labor market. The central idea of human capital theory is that whether deliberate or not, these activities involve costs and benefits and can, therefore, be analyzed as economic decisions, private or public. The costs involve direct expenses and earnings or consumption foregone by students, by trainees, and by workers engaged in labor mobility. Human Capital and Personal Economic Growth:
 Since production and consumption benefits from these activities accrue mainly in the future, and are for the most part quite durable, the costly acquisition of human capacities is an act of investment. Deterioration of health and erosion or obsolescence of skills represent the depreciation of human capital which is offset, though not indefinitely, by maintenance activities such as the production of health and retraining. Human Capital and Personal Economic Growth:
 The general categories of human capital investments can be described it is understood, of course, that relevant concepts of costs and benefits are real, that is not restricted to pecuniary terms. Education itself may be attractive and it may enhancefuture enjoyment of life, apart from the monetary gain. Human Capital and Personal Economic Growth:
 Employers pay higher wages to the more educated workers because their skill and productivity are seen and experienced as greater than that of less educated workers. In the absence of strong barriers to supply, the wage differential translates into a r3te of return comparable to those on alternative human or other investments. Increases in demand favoring more educated workers raise the rate of return on school- ing, inducing growth of enrollments until the increased return has been reduced back to an equilibrium level. Autonomous increases in supply, given no changes in demand, reduce the rate of return to education and thus become self-limiting. The estimated rates of return to schooling in the U.S. have remained relatively stable in the past several decades despite the continuous growth of educational attainment, suggesting that the trend is mainly a response to the continuous growth of demand for educated labor. Human Capital and Personal Economic Growth:
 If financial and social barriers to education are stronger than in other fields of investment, the rate of return on education exceeds that on physical capital. Reduction of these barriers brought about by widespread growth of family incomes and by public policy has also been a factor in the long-term growth of education. As an example, the growth of education in the U.S. between 1890 and 1950 was accompanied by a decline in the rate of return to education, to levels which no longer exceed the return to business investment.3"
"Les effets possibles de la formation sur la productivité : l’apport de données longitudinales","https://scispace.com/paper/les-effets-possibles-de-la-formation-sur-la-productivite-l-4lorv0aeff","2014","Journal Article","Relations Industrielles-industrial Relations","Amélie Bernier","10.7202/1025033AR","https://scispace.com/pdf/les-effets-possibles-de-la-formation-sur-la-productivite-l-4lorv0aeff.pdf","Cet article analyse les effets possibles des depenses de formation formelle sur la productivite des entreprises canadiennes. Si certains travaux mesurent l’intensite de la formation en entreprise a partir de donnees longitudinales, les resultats obtenus demeurent partages. Les differences observees dans les resultats anterieurs peuvent etre expliquees notamment par les donnees disponibles, le type de formation, la mesure de formation et les biais techniques influencant cette relation. Cette recherche s’appuie essentiellement sur la theorie du capital humain. Notre etude s’appuie sur les donnees de l’Enquete sur les milieux de travail et les employes (EMTE) de Statistique Canada de 1999 a 2005, aupres d’un echantillon de 1621 emplacements ou, nous modelisons la relation entre la formation et la productivite a l’aide d’une fonction de production Cobb-Douglas, en integrant les investissements en capital physique et une variable technologique. Ceci nous permet de montrer que les depenses de formation contribuent a accroitre la performance des etablissements, via la productivite, de facon progressive dans le temps. Ces depenses effectuees au cours d’une annee donnee influent significativement sur la productivite jusqu’a trois annees plus tard, la ou elles atteignent leur maximum d’effet, pour se stabiliser par la suite. Toutefois, ces resultats permettent de soulever un paradoxe : celui de la rentabilite observee des depenses de formation d’un cote, mais, de l’autre, l’hesitation du monde des affaires a investir en cette matiere pour leurs propres employes. Nos resultats suggerent egalement que les investissements en formation au sein des entreprises devraient etre consideres davantage comme un atout, plutot qu’une simple obligation financiere a l’appui d’une strategie globale de developpement des competences au sein des entreprises.","première partie, suivi des données et de la méthodologie dans la seconde section. La troisième partie présentera les résultats alors que la quatrième section contiendra la discussion et se terminera par une conclusion. Formation, capital humain et productivité:
 Depuis la présentation des premiers travaux de  sur les investissements en capital humain, la recherche a évolué, graduellement, de questions touchant les rendements individuels de la formation  vers des travaux touchant la décision des entreprises d'investir dans la formation  ou encore traitant de l'impact direct de la formation sur la productivité . Nous développons, dans ce qui suit, les idées maîtresses de la théorie du capital humain qui s'avèrent appropriées en ce qui a trait aux investissements en formation en entreprise. Formation, capital humain et productivité:
 La théorie du capital humain soulève les implications des modes de financement pour les employeurs, notamment en permettant l'analyse des investissements en matière de formation au sein des entreprises sous l'angle de la rationalité économique, à savoir qu'une firme évaluera les retours générés par ses investissements avant de poursuivre ou d'accroître une dépense en formation. Cette évaluation sera guidée, en principe, par la nature même de la formation offerte au sein de l'entreprise : si une formation est davantage spécifique, autrement dit, si les nouvelles compétences n'ont de valeur que dans la firme même, alors le volume optimal d'investissement pour ce type de formation s'obtiendra seulement si les coûts et les bénéfices sont partagés par l'entreprise et les travailleurs. À l'inverse, s'il s'agit de formation générale, alors l'employeur n'aura pas d'intérêt financier à acquitter l'ensemble des coûts de cette formation, puisque d'autres entreprises pourront s'approprier l'augmentation de la productivité du travailleur nouvellement formé. Mais cette division, entre la formation générale et spécifique, semble être trop rigide dans les marchés qui ne sont pas parfaitement concurrentiels . Prenons l'exemple d'un marché de travail dans lequel les firmes sont considérées comme homogènes (ex. fonctions de production, coûts de formation et besoins de main-d'oeuvre identiques) et sont en concurrence pour l'utilisation d'une main-d'oeuvre qualifiée. Dans cette situation, le risque de perdre les investissements réalisés en formation pour une firme sera plus élevé qu'une économie composée d'entreprises hétérogènes où la valeur des travailleurs varie d'une firme à l'autre. Logiquement, il s'ensuit que les rendements liés aux investissements en formation dans les marchés de travail imparfaits seront différents ."
"Education as a major capital and the main basis for the economic potential of the country","https://scispace.com/paper/education-as-a-major-capital-and-the-main-basis-for-the-5l0ep0v91ctx","2024","Journal Article","","Viktoriia Akmen
Світлана Вікторівна Сорокіна
V. SOROKINA
Dmitry Odarchenko","10.23856/6516","https://scispace.compdf/education-as-a-major-capital-and-the-main-basis-for-the-5l0ep0v91ctx.pdf","Based on the works of philosophers of the ancient world and scientists of our time, the article analyzes the need for the existence of two components of its development in any country, namely human capital and financial and political opportunities. Attention is paid to the fact that intellectual potential is a set of resources that include human intelligence and creative ability, with its characteristic educational and qualification indicators. It is proved that higher education graduates are the intellectual core that forms the market of qualified specialists capable of becoming the economic potential of the country. It is shown that the rational use of this potential, in combination with other scientific achievements of society, contributes to the achievement of a new quality of economic development, raising living standards and preserving the environment for future generations. That is, the level of awareness and education of each individual is the molecule that lays the foundation for consolidating the country's competitive influence in the international market. To implement the above, the need for more active use of public administration in the educational process at all levels is determined, the expediency of applying legislative regulation of the process of interaction between higher education institutions and business structures is investigated, both for the establishment of joint projects and processes of commercialization and reform of education in different countries, including in modern Ukraine, and for achieving positive changes in strategic planning and economic development. ","education among the population. Analysis of economic benefits from investments in education and their impact on productivity and economic development: A qualified person with a higher or secondary education has become in demand in the labor market, and investing in employee training has become economically profitable. Analysis of economic benefits from investments in education and their impact on productivity and economic development:
 Today, the role of any European country, including Ukraine, in the formation and development of human capital is significant. Countries introduce incentive and compulsory measures for its growth. Compulsory measures include compulsory schooling and preventive medical procedures, such as vaccination. Analysis of economic benefits from investments in education and their impact on productivity and economic development:
 The main incentive measures are those that the state implements through the tax system and subsidies, as well as the regulation of prices for resources needed for investment in human capital. Analysis of economic benefits from investments in education and their impact on productivity and economic development:
 After all, it is the level of development and intelligence of human capital that can determine the level of development of a country. Analysis of economic benefits from investments in education and their impact on productivity and economic development:
 An important task for stimulating investment in human capital is to determine the specific effects and levels of efficiency for the state, the enterprise, and employees. The economic effect for the enterprise is calculated as the difference between the additional income from investments and their costs for the reporting period. Analysis of economic benefits from investments in education and their impact on productivity and economic development:
 However, it is difficult to determine the exact impact of these investments on profits. Therefore, the purpose of assessing the efficiency of investments is not only to calculate the economic effect, but also to confirm the possibility of achieving it. Analysis of economic benefits from investments in education and their impact on productivity and economic development:
 One way to demonstrate the economic benefits of business investment in education, training and skills development, as well as the impact of this investment on productivity and economic development, is to engage higher education institutions in cooperation under the concept of clustering. Analysis of economic benefits from investments in education and their impact on productivity and economic development:
 This concept focuses on close ties between companies that are united in a network structure for the productive production of any products and services with the active use of each other's innovative developments. Analysis of economic benefits from investments in education and their impact on productivity and economic development:
 At the same time, the focus is on innovations in high-tech sectors, where the research sectors of higher education institutions are useful as partners in generating new ideas, implementing experimental developments, developing and improving technologies and products. Analysis of economic benefits from investments in education and their impact on productivity and economic development:
 That is, the scientific potential of educational specialists is becoming a necessary link in the development of a technologically competitive policy, where enterprises with different levels of investment and higher education institutions as centers of scientific knowledge actively cooperate. Analysis of economic benefits from investments in education and their impact on productivity and economic development:
 Verkhovna Rada of Ukraine adopted the Law on Supporting Research in Higher Education Institutions (Zakon Ukrainy № 9600), which provides new incentives for teachers to actively conduct research, which should involve interested and knowledgeable students. Analysis of economic benefits from investments in education and their impact on productivity and economic development:
 After all, it is new developments that contribute to the development of innovative innovations in production and lead to the growth of the national scientific potential, which is the identifier that determines the level of development of the country."
"Reimagining the Workforce Development and Employment System for the 21st Century and Beyond","https://scispace.com/paper/reimagining-the-workforce-development-and-employment-system-3z9obxditl","2019","Book","","Melanie A. Zaber
Lynn A. Karoly
Katie Whipkey","10.7249/RR2768","https://scispace.com/pdf/reimagining-the-workforce-development-and-employment-system-3z9obxditl.pdf","Although nearly two decades have elapsed since the turn of the 21st century, the U.S. approach to education, training, and workforce development still largely operates on a 20th-century model. To address this, RAND Corporation researchers developed a systems-level, blue-sky approach to conceptualizing and visualizing features and functions of a 21st-century U.S. workforce development and employment system.","education or training will compare the upfront costs of the investment (e.g., tuition and fees, forgone earnings while in school) with the future returns (e.g., the expectation of higher earnings and fringe benefits, as well as other private benefits). Decisionmaking: Expected Costs and Expected Returns:
 Optimal decisionmaking requires that individuals have complete information about both the costs and expected benefits of the human capital investment. However, individuals making these choices-whether youth embarking on a vocational training program or enrolling in higher education or unemployed adults seeking to retrain for a new occupation-may have incomplete, inaccurate, or out-of-date information, especially about the future path of employment and compensation once they complete the program or degree.  This may lead to economy-wide underinvestment or overinvestment in the skills, degrees, and credentials from the perspective of the labor market overall. Human capital investment decisions will also be affected by policies that alter who bears the cost of the investment (e.g., the amount of public subsidies for education and training or the extent of employerprovided training) and the uncertainty associated with costs or returns. Limitations on the ability to borrow against future positive returns (also A system-level understanding of the role of information in decisionmaking becomes particularly important where stakeholders' information is incomplete or inaccurate and when there are opportunities for improving information ows. and monopsony  ). Another consideration-as options for virtual education and training expand, as distance work becomes more prevalent, and as labor markets in some sectors cross political boundaries-is when national-level policy would be more appropriate versus allowing for policy to vary across states and localities (e.g., in such areas as labor laws, unemployment insurance, and workers' compensation). Decisionmaking: Expected Costs and Expected Returns:
 Broad economic conditions-whether local, national, or global-are especially relevant to the labor market side of the workforce development and employment system. Economic slowdowns can stall firms' plans for employment growth or lead to net employment reductions, as was the case in the Great Recession in 2008. During periods of economic recovery, labor demand may exceed supply overall or for certain types of skills and occupations, leading not only to wage increases but also to the use of other strategies (e.g., more-generous fringe benefits and working conditions) to attract and retain the desired workforce. Given the expectation that the periods of boom and bust will continue to characterize the U.S. economy, the structural features of the workforce development and employment system need to facilitate an approach that is responsive to both upswings and downswings. risks and uncertainties, liquidity constraints, and other barriers can play in determining outcomes. Understanding these aspects of the system and their relationship to outcomes can then lead to consideration of interventions or policies that address information ows, incentives (or disincentives), risks and uncertainties, liquidity constraints, and other market failures to achieve more-efficient or moreequitable outcomes."
"Human Capital Investment: The Returns from Education and Training to the Individual, the Firm and the Economy","https://scispace.com/paper/human-capital-investment-the-returns-from-education-and-32hm0k3kj8","2005","Journal Article","Fiscal Studies","Richard Blundell
Lorraine Dearden
Costas Meghir
Barbara Sianesi","10.1111/J.1475-5890.1999.TB00001.X","https://scispace.com/pdf/human-capital-investment-the-returns-from-education-and-32hm0k3kj8.pdf","This paper provides a non-technical review of the evidence on the returns to education and training for the individual, the firm and the economy at large. It begins by reviewing the empirical work that has attempted to estimate the true causal effect of education and training on individual earnings, focusing on the recent literature that has attempted to control for potential biases in the estimated returns to education and training. It then moves on to review the literature that has looked at the returns from human capital investments to employers. Lack of suitable data and methodological difficulties have resulted in a paucity of studies that have carried out sound empirical work on this issue. In the final part of the review, we look at the work that has tried to assess the contribution of human capital to national economic growth at the macroeconomic level. This work has generally involved using either a ‘growth accounting’ theoretical framework or ‘new growth’ theories. Although the empirical macroeconomic evidence that accompanies this work does not generally allow one to distinguish between the two approaches, there is a substantial body of evidence on the contribution of education to economic growth.","period -with the current, but even with a former, employer -are more likely to participate in further training. V. CONCLUSION: There is some indication that workers and employers tend to share the returns from training -and thus possibly its costs. V. CONCLUSION:
 Although still insufficient and scattered, the available evidence points to some positive contribution of training, and more generally of the level of manpower qualifications and skills, to firm productivity and competitiveness. As to the latter contribution, strong links have been found between the human capital of the work-force and its innovative capacity, as well as the adoption and adaptation of new technologies. In view of the increasing evidence that R&D activities and the accumulation of physical capital are important factors in national economic growth, the complementarity of human capital with R&D and physical capital investments can also be viewed as an indirect contribution of education to macroeconomic growth. V. CONCLUSION:
 More direct evidence on the importance of human capital for national productivity growth is provided by growth regressions, where the education measures have been found to be significant explanatory variables, with higher education being the most relevant education variable for more developed countries. V. CONCLUSION:
 Overall, a considerable amount of knowledge and consensus has been gathered on the private economic returns to education and training for the individual, and, to a lesser extent, on the contribution of education to national economic growth. By contrast, lack of suitable data and methodological difficulties have, to date, prevented adequate assessment of the impact of human capital accumulation on firm performance. The contribution of the education level of the work-force to productivity and firm profitability has remained largely unexplored, while the estimates of the impact of training on productivity are subject to wide margins of uncertainty. Another area manifestly neglected is the cost side of training, which has prevented an accurate calculation of the rate of return to training, both for the individual and for the firm. Finally, the aggregate measures used to proxy human capital in the growth regressions have not been able to capture participation in training, so that no evidence has been gathered on the impact of training investments on economic growth."
"The Human Capital Premium Puzzle","https://scispace.com/paper/the-human-capital-premium-puzzle-4kfh9fmcj7","2006","","","Ignacio Palacios-Huerta","","https://scispace.com/pdf/the-human-capital-premium-puzzle-4kfh9fmcj7.pdf","This paper studies the dynamic relationship between consumption and human capital investments. We find that the riskiness of human capital investments alone cannot possibly justify the return premium that is observed on human capital assets relative to the return on the riskless asset. Using a stochastic discount factor methodology, we then study the extent to which different frictions in human capital markets such as short-sale constraints and irreversibility, borrowing and solvency constraints, and psychic costs of investment help to explain the size of the risk-adjusted premium. We find that some of these frictions allow the models to satisfy the basic restrictions that human capital returns impose on the variability of the intertemporal marginal rate of substitution under feasible preferences parameters. This is particularly the case for short-sale and irreversibility constraints, and for preference specifications that include various non-separabilities in consumption. We also find that frictions in human capital markets are quite different across demographic groups, decreasing with education, age, and experience. On average the size of frictions for the different demographic groups is from 4 to 14 times greater than in financial markets.","on the basic ideas underlying the analysis in this paper have already been stressed in the literature. Related Literature: First, the key insight that human capital assets are the main determinants of consumption has been emphasized by various authors such as Becker (1997): Related Literature:
 ""Human capital is estimated to be three to four times the value of stocks, bonds, housing and other assets. For most employees, human capital and housing are the only important wealth, since stocks and bonds are concentrated in the portfolio of the rich and in pension assets of retired persons ... Human capital's dominant position in the aggregate wealth implies that even large changes in the market value of stocks and other financial assets will not greatly affect the [consumption and] behavior of most people unless the value of their human capital also changes ... Human capital is largely unaffected by the market's gyrations"" (italics added). Related Literature:
 Thus, human capital, as a main driving force behind consumption and other choices can be expected to be intimately related to individual and aggregate behavior. Related Literature:
 Second, even though human capital is formally considered as an asset in the labor economics and human capital literature, no research has studied the properties of human capital investment returns and their relationship to consumption choices. Consequently, we do not know which models and preference specifications may allow us to reconcile the joint behavior of consumption and human capital investments. Further, we have little evidence about the extent of the relevant frictions in human capital markets, the extent to which these frictions require a premium in the rate of return obtained from investments, and the extent to which they may be different across different individuals and education levels. In fact, the current methodology does not seem appropriate to examine these questions. Interestingly, the need to bring the basic insights and methodologies of modern asset pricing to bear on these issues was already emphasized by  2) who, referring to his own influential book, says: ""There is a more serious error in my discussion of the riskiness of investments in education ]. I ignored the then developing literature on optimal portfolios, and did not derive my measure of marginal risk-the variance in the rate of return-from an analysis of utility maximization"" (italics added). This error seems to have gone largely unnoticed in the literature. Related Literature:
 Lastly, there is some recent work in the labor economics literature, as the papers in this issue and their references show, as well as in the financial asset pricing literature, that is worth mentioning. In the labor economics literature, the risk properties of the human capital investment returns were first studied in .  This paper extends those analyses by studying under what conditions we can understand the relationship between human capital returns and consumption data. Although unrelated to this paper in terms of the methodology and/or the questions that they study, there are some recent papers of interest. , for instance, studies the behavior of wages over the business cycle, while  studies wage risk and life-cycle labor supply. With respect to frictions in education markets,  study the relationship between borrowing constraints and the returns to schooling, while  focus on credit constraints. They find evidence that these constraints have little impact on college enrollments and returns. This is consistent with our findings to the extent that after short-sale and irreversibility constraints are accounted for, we find that borrowing and solvency constraints do not explain much of the premium."
"Methodology and practice in measuring the labor market outcomes of education","https://scispace.com/paper/methodology-and-practice-in-measuring-the-labor-market-50mtcy98vj","2023","Repository","","Vesselin Loulanski","10.5281/zenodo.8411474","https://scispace.compdf/methodology-and-practice-in-measuring-the-labor-market-50mtcy98vj.pdf","","supply jobs that match those skills are deemed important issues for policymakers. A10: Labor force participatio n by level of educational attainment: Employment ratios rise with educational attainment in most OECD countries, with tertiary education ratio markedly higher than upper-secondary graduates ratio. A10: Labor force participatio n by level of educational attainment:
 Those with low educational attainment are both less likely to be labor force participants and more likely to be unemployed; Unemployment ratio falls with higher educational attainment; Lower unemployment ratios associated with higher educational attainment are not always guaranteed; The gender gap in employment decreases with increasing educational attainment. A11: The returns to education: education and earnings:
 Examines the earnings of workers with differing levels of education. A11: The returns to education: education and earnings:
 Examines the private rate of return to educational investment (benefits over time to costs, in percentage) Examines social internal rates of return to investment in education (generally costs and benefits to society of investment in education; three estimation scenarios presented, however definition is narrow by excluding non-economic benefits or so-called educational benefit externalities) Education and earnings are positively linked. A11: The returns to education: education and earnings:
 In all countries, graduates of tertiary level education earn substantially more than upper secondary graduates; Earning differentials are key measure of current financial incentives for an individual to invest in further education; Earning differentials between males and females with the same educational attainment remain substantial in favor of males; Social internal rates of return to education are generally lower than private rates of return, due to the significant social costs of education In many countries private and social rates of return to investments in education are above the risk-free real interest rate. A12: The returns to education: links between human capital and economic growth:
 Estimates the effect of changes in growth explanatory variables, including human capital, on changes in output per capita, holding the aggregate stock of physical capital constant. A12: The returns to education: links between human capital and economic growth:
 Productivity differences are broken down into three components: demographic effect (ration of working age population to total population), labor utilization (employment rates combined with hours worked), and labor productivity. A12: The returns to education: links between human capital and economic growth:
 The estimated long-run effect on economic output of one additional year of education generally falls between 3-6% Increases in stock of human capital raise labor productivity (accounting of at least half of GDP per capita over 1990-2000 in OECD) and also serve as a driver of technological progress Demography had significant impact only in a few countries during the 1990s; Labor utilization showed to be an important factor in accounting for differences in GDP per capita. C4: Education and work status of the:
 Shows the expected years young people spend in education, employment and non-employment (unemployment and withdrawal from the labor force) C4: Education and work status of the:
 A typical 15 years old can expect to be in the education system for 6.5 years more; to hold a job for 6.4 years in the next 15 years to come; to be unemployed for 0.8 years, and to be out of the labor market for 1.3 years. Indicator Definition and Content Evidence youth population:
 Examines the education and employment status of young males and females"
"School to work transition in Serbia: Returns to investment in education of youth","https://scispace.com/paper/school-to-work-transition-in-serbia-returns-to-investment-in-4kj0d91xu6","2018","Journal Article","Industrija","Nemanja Vuksanović
Ljubinka Joksimovic
Dragan Aleksic","10.5937/INDUSTRIJA46-16199","https://scispace.com/pdf/school-to-work-transition-in-serbia-returns-to-investment-in-4kj0d91xu6.pdf","The subject of the paper is estimation of a rate of return to investment in education of youth in Serbia. The aim of the paper is to determine, on the basis of the data from the School to Work Transition Survey (SWTS) from 2015, a premium for the education of persons from 15 to 29 years old. A rate of return to investment in education for youth is estimated using the least squares method and using the instrumental variables method. As the instruments for a variable that refers to the number of years of education were used a father’s level of education and a mother’s level of education.The results of the assessment using the least squares method indicate that a rate of return to investment in education for youth in Serbia is 5.2%. The value of the coefficient in the case of evaluation by the instrumental variables method is twice as big as in the case of the least squares method. It is confirmed that in the case of the assessment using the least squares method we get a biased assessment. This result also suggests that schooling of children in Serbia continues to serve as a family characteristic, and informs that the education system in Serbia cannot provide a fair access to schooling for those children coming from socio-economic vulnerable families.","socio-ekonomskih ugroženih porodica. Ključnereči: obrazovanje, ulaganje, stopa povraćaja na ulaganje, tranzicija, mladi. Introductory considerations:
 The starting point in the analysis of the economic role of education in the labor market represents the human capital theory, founded on the papers of ,  and . From the aspect of the human capital theory, education contributes to increasing the productivity of an individual. Consequently higher income of an individual in the future is the result of higher productivity. The human capital theory assumes that there is no information asymmetry between employee and employers, and that individuals rationally choose to invest in education so the potential benefits of education are equal to the expected costs during education. Thus, education is seen as an investment activity which contributes to increasing the productivity of an individual . Introductory considerations:
 The formulation of the human capital theory, in the 1960s and 1970s, prompted the publication of dozens of papers (e.g.  where researchers estimated a rate of return to investment in education. In these papers, researchers have sought to identify the value of educational investments, with the aim of determining the optimum investment of individuals at different levels of education. The significance of this type of account is reflected in the fact that the results of these research is often used to justify the country's interventions in the field of education. Namely, the established positive link between the educational level and the future salary of an individual was used in the distributional effects analysis of financing various educational programs, which allowed the creators of educational policies to create incentives for promoting both private and public educational investments. Therefore, understanding how to assess returns to schooling and being able to appropriately apply those results to policy decisions is a critical skill for educational policymakers to have at their disposal . Introductory considerations:
 The rate of return estimation to investment in education vary considerably depending on (1) the data used, (2) the initial assumptions, and (3) the assessment method that has been applied. Attempts to evaluate the unique rate of return on investment in education can be informative useless if the rate differs by educational levels or by groups within the population. Also, a particular methodological challenge represents a potential endogenous problem, which often requires assumptions that cannot be empirically tested or, at best are sensitive to empirical robustness tests. Moreover, economists often do not take into consideration a risk associated with the so identified values of educational investment . Nevertheless, despite these methodological challenges researchers are facing when examine the link between the educational level and the future salary of an individual, several consistent conclusions can be drawn from the numerous papers devoted to this topic. According to the World Bank Report the following conclusions are outlined: (1) a rate of return to investments in education is positive and on average, by country, is 10% per year of education; Introductory considerations:
 (2) a rate of return to investment in education is higher in underdeveloped countries and countries in transition than in developed countries;"
"China's human resources development: recent evolution and implications","https://scispace.com/paper/china-s-human-resources-development-recent-evolution-and-8q9y4dtryj","2013","","","Andrea Pontiggia
Lala Hu
Marco Savorgnan","","https://scispace.com/pdf/china-s-human-resources-development-recent-evolution-and-8q9y4dtryj.pdf","The purpose of this paper is to analyze the recent evolution of the Chinese labor market. Based on the human capital theory, transaction cost economics, and resource-based view of the firm, we investigate four major factors: institutional, demographic, legislative, and educational changes in China, drawing some of the main challenges in Human Resources Management (HRM) for both Chinese and foreign firms. The paper contains a brief review of literature concerning the role of human capital in economic growth, then it focuses on the recent evolution of the Chinese labor market, and finally, it draws some implications for human capital management in China from a global point of view. Our analysis contribute: first, to the formulation of research hypothesis of convergence (or divergence) of HRM practices in global markets, second, it emphasizes the relationship between the institutional and country’s specificities of labor market and the HRM, and last, it shows some effects of institutional policies and reforms on the quality and availability of human capital in China. These three points seem to support a broad idea of competitiveness based on the labor market efficiency and how the internationalization strategies depend on the sources of human capital.","6,350,000, at an annual increment of 1 million per year . In 2012 the total investment in fixed assets (excluding rural households) in education was of 467.9 billion yuan, up by 20.3% in 2011. HUMAN RESOURCES MANAGEMENT CHALLENGES:
 However, as described in our analysis of the evolution of the labor market, the development in Chinese provinces has not been homogenous. Only since 2000s the Government has actively implemented the ""Go West"" policy in order to revitalize the poorer Western parts of the country. As previous research has pointed out , China should adopt a more balanced investment strategy in the rural and urban areas of the country in terms of information-infrastructure and through continuous education and training. Moreover, only an adequate training can prepare the necessary professional figures necessary in the local and foreign companies operating in China. Despite the consistency between human resource management practices and firm-level performance outcomes, there is a lack of empirical studies that link the two with the efficiency of the labor market. In other terms, we can predict positive effects on labor productivity for organizations that have more sophisticated human resource planning, recruitment, and selection strategies, but it is difficult to measure these effects as a partial (or mediated) consequences of the labor market reform. International Human Resources Management studies emphasize the strategic relevance of knowledge based competencies, they outline their direct link to achieving and sustaining a competitive advantage. A common approach looks at the core competencies, which are valuable, rare, inimitable, and nontransferable and should be developed internally, while others may be outsourced. The labor market may incentive or not the development of specific skills and knowledge increasing the convenience of the so-called ""internal labor market"" (ILM). These effects concern decisions to internalize or externalize employment, which are affected by labor regulations. The economic and organizational perspectives analyze the expected returns of employee productivity and the contribution of employees' skills to the firms' core capabilities. Some open questions regard how the labor market reform influence the creation and allocation of human capital in terms of generic or specialized skills, transferability, and complementarities of skills. Moreover, what are the incentives to invest in employee skills and how these investments may contribute to future productivity? The human capital theories suggest to deeply investigate labor market transformations such as the recent Chinese labor reform in order to measure the short and long term effects on: i. the labor costs relative to the return on investment for developing employee skills and competences; ii. the boundaries and protection from the transfer of human capital investments to other firms; iii. the distribution of costs and investments of skills development among different economic subjects such as firms, workers, institutions, and state."
"Education and development : a review","https://scispace.com/paper/education-and-development-a-review-2fhbxf8try","1988","Journal Article","World Bank Research Observer","George Psacharopoulos","10.1093/WBRO/3.1.99","https://scispace.com/pdf/education-and-development-a-review-2fhbxf8try.pdf","This article reviews the evidence on the role of education in economic development, with emphasis on issues that have appeared in the literature in the past two decades : the contribution of education to economic growth, the screening hypothesis, the segmentation of the labor market, the return to investment in schooling, and the effects of education on unemployment and income distribution. It concludes with an optimistic assessment of the contribution of educational investment to the development process, especially when such investment is targeted to primary schooling, general education, and improvements in the quality of instruction and when it is accompanied by cost-recovery at the higher levels of education.","Title: EDUCATION AND DEVELOPMENT A Review Authors: George Psacharopoulos ""internal efficiency of education"" and has been studied mainly by sociologists and psychologists. In recent years, the availability of longitudinal data sets has permitted some attempts to estimate the full model. The first section in this article presents some of the principal findings on the role of education in development that have been generated in the past twenty years. The following section deals with a series of debates that have appeared in the literature. The final section attempts to draw some policy implications for educational priorities in developing countries. The Evidence:
 This review is restricted to the effects of education most directly related to a common notion of economic development. One is efficiency in resource utilization, leading to higher income; another is more equitable distribution of such income. Labor Market Outcomes:
 There is widespread evidence that an individual's earnings increase with each extra year of schooling. The explanation of human capital theory is that education makes the individual more productive, not only in the market place but also in the household. As  and  have put it, Earrings/productivlty education has a beneficial allocative effect or helps the individual to deal with disequilibrium situations. + lies in the crossover shown in figure -the tradeoff between a low level of education and earn-Less educationmings today versus more education and earnings tomorrow. Such a relationship has been documented in practically every country that has data on age-Age/experience earning profiles by education. Labor Market Outcomes:
 (See the appendix for examples from the latest Brazilian census.) Proper discounting of the costs and benefits associated with educational investment (the minus and plus areas in figure ) leads to estimates of its profitability from both the private and social point of view. Like the rate of return to any other project, the return to educational investment is the discount rate that sets the net present value of the net stream of benefits equal to zero. In a state subsidized system the cost of education to the individual is the earnings forgone while in school. From a social viewpoint, however, the cost of education must include all resources used to provide education (for example, teachers' salaries and the use of classrooms). Labor Market Outcomes:
 Estimates of the returns to education are now available for over sixty countries. Table  gives a regional summary and raises several noteworthy points. Labor Market Outcomes:
 * The social returns to education in developing countries are at least as high as any reasonable measure of the opportunity cost of capital or a social discount rate. In other words, investment in people may be more conducive to economic growth than investment in machines. * Rates of return are highest in primary education, followed by secondary and then university levels. For primary education, unit costs are small relative to the extra lifetime income or productivity associated with literacy. For university education, the opposite is true. * The same diminishing returns apply across countries: the more developed the country, the lower the returns to education at all levels. The high returns to education in low-income countries must be attributed to their relative scarcity of human capital. * Private returns are higher than social returns at all levels-a result of the public subsidization of education in most countries. The discrepancy between private and social returns is greatest at university level-which raises issues of equity as well as of how educational expansion should be financed."
"Does Human Capital Cause Economic Growth","https://scispace.com/paper/does-human-capital-cause-economic-growth-3n4vpjp86l","2015","Journal Article","Social Science Research Network","Najia Saqib","10.2139/SSRN.3288752","https://scispace.com/pdf/does-human-capital-cause-economic-growth-3n4vpjp86l.pdf","It is the 21st century; every state desires to develop itself more rapidly. After the Second World War in 1945, industrial, individual, and communication revolutions transformed the world into a global village. The internet, cyber space, and e-mail have compressed the world into a smaller region. Every sane individual can easily have an access to all types of changes occurring in the world. Thanks to the communication revolution, nothing is hidden from the eyes of human beings. In this regard, every state in the world is looking for its specific role in the world. In this regard, every state is the looking for its specific role in the world. The economy is not only the sole source of development in a state but these are the men behind all types of amelioration. The knowledge, skills and hardworking of the individuals sustain the economy of a state. Traditionally only the land labour and physical resources were considered important means of production. Undoubtedly, man and material resources are unavoidably necessary for the economic growth of a country. In this century, without manpower all other resources are futile. This paper is based on the thesis that human capital consists of manpower, skill, and knowledge, is sine qua non for economic growth. The economics of education is the perfect investment is the major theme of this paper.","books, equipment, furniture, light, heat, materials and institutional building is considered but times of students and pupils also taken into consideration. ""Which does no form part of the money, cost of education, but is par of the real resource cost."" Introduction:
 The time of students in the backdrop of income forgone represents the opportunity cost of their time.  the loss of income in times of achieving education is the true cost, to the individual or student on one hand, the loss of the national income on the other hand that may be produced by the individual in the time that he spent in his education. It is also the part of resource cost of education. 21 as far as the benefits of education are concerned, those are measured for lifetime incomes of the educated manpower as compare to the less educated manpower. 22:
 The cost benefit analysis of education is a profitable form of investment that give profit for a long time in the life of an individual and society as a whole. According to Psacharopoulos education have both private and social returns. ""The private rate of return in consistently higher than the social rate of return, and rate of return to the primary education is generally higher than the rate of return to secondary or higher education."" 23:
 Human capital means that human beings invest in themselves by various means like education, training and other like activities. Such investment may have an increase in their future income. 24:
 According to economists, investment is ""expenditure on assets that will produce income in the future and contrast investment expenditure with consumption, which produces immediate satisfaction or benefits, but does not create future income."" 24:
 25  Psacharopoulos, Education and Development: A Review, 02  Ibid.  Ibid.  Ibid.  Ibid.  Ibid.  Ibid.  Ibid.  Ibid., 02  Ibid. Rate of Return to Investment in Human Capital:
 The economists have developed an analogy between investment in human capital and investment in physical capital. According to them the rate of return to investment in human capital can be calculated by employing same cost benefit analysis technique which is also used in measuring the rate of return to investment in physical capital. The investment, made upon better education, health care and training of the people will increase the productive capacity of the workers. This factor will also increase the lifetime earnings of the workers and society as a whole. It is possible to make a comparison between the rate of return to investment in human capital and physical capital.  Investment in human capital benefits both to the individual and to the society as a whole. Rate of Return to Investment in Human Capital:
 Psacharopoulos has made a research to calculate the social and private rate of return to invest in education. He made this research in selecting 32 countries and updated this survey of research on the returns to education by analyzing the results of cost benefit analysis of education in 44 countries. This survey was conducted during 1958-1978,  According to this survey four underlying aspects can be derived: In the retrospect of all above story, investment in human capital remains a controversial issue. The above mentioned way to calculate the rate of return is criticized by various economists. They argue that education does not increase the productive capacity of the workers ""but simply acts as a screening device."" 33"
"Rate of Return to Education and Institutional Labour Market Reform in Urban China","https://scispace.com/paper/rate-of-return-to-education-and-institutional-labour-market-1c5vvaw0ht","2009","Journal Article","","Rokhedi Priyo Santoso","10.20885/UNISIA.VOL32.ISS71.ART7","https://scispace.com/pdf/rate-of-return-to-education-and-institutional-labour-market-1c5vvaw0ht.pdf","Modal sumber daya manusia memainkan peran yang penting dalam proses pembangunan. Di antara investasi sumber daya manusia yang paling penting adalah dalam bidang pendidikan. Hasil dari investasi pendidikan akan optimum jika di satu sisi terdapat lingkungan institusi yang berkualitas baik yang akan memberikan insentif berbasis pasar. Di sisi lain, reformasi institusional dalam sektor ketenagakerjaan dapat meningkatkan sistem-sistem insentif untuk meningkatkan produktivitas dan efisiensi. Paper ini mengajukan argumen bahwa reformasi pasar ketenagakerjaan merupakan prasyarat yang sangat diperlukan untuk meningkatkan hasil dari pendidikan. Kata kunci: modal, sumber daya manusia, investasi, reformasi instoitusional.","Title: Rate of Return to Education and Institutional Labour Market Reform in Urban China Authors: Rokhedi Priyo Santoso Introduction:
 H uman capital plays important role in de velopment process. It is also one of distinguished factors explaining across countries economic growth performances. Investment in human capital prevents an economy from fall its marginal productivity of capital. So in the long run, the economy is able to experience sustainable economic growth. Introduction:
 From the various forms of human capital investment, education is the major one. The return on investment in education will be optimum under the good quality of institutional environment that generates the market-based incentives. The institutional reform in labour sector, on the other hand, is able to promote the incentive systems for increasing productivity and efficiency. This paper argues that such labour market reform is a necessary condition for increasing rate of return to education. Introduction:
 This paper is organised as follow: After a brief section about return to education and its international comparison, the paper analyses the significance of the outcomes of labour market reform in favour to increase rate of return to education. For country reference, labour market reform in urban China is viewed as good illustration since its structural transformation from planned economy to the more market-oriented system underlies the success story of its economic performance. Specifically, two main aspects of labour market outcomes are analysed with the comparison between post and pre-reform in China. These two are efficient allo-Modal sumber daya manusia memainkan peran yang penting dalam proses pembangunan. Di antara investasi sumber daya manusia yang paling penting adalah dalam bidang pendidikan. Hasil dari investasi pendidikan akan optimum jika di satu sisi terdapat lingkungan institusi yang berkualitas baik yang akan memberikan insentif berbasis pasar. Di sisi lain, reformasi institusional dalam sektor ketenagakerjaan dapat meningkatkan sistem-sistem insentif untuk meningkatkan produktivitas dan efisiensi. Paper ini mengajukan argumen bahwa reformasi pasar ketenagakerjaan merupakan prasyarat yang sangat diperlukan untuk meningkatkan hasil dari pendidikan. Introduction:
 Kata kunci: modal, sumber daya manusia, investasi, reformasi instoitusional. cation of labour and performance-based wage determination. A brief analysis on obstacles in increasing return to education is presented in order to identify the significance for further labour market reform. 1.Return to Education: an International Comparison:
 Various studies on return on schooling are developed by econometrics method and cost and benefit analysis. In the econometric, the economists mostly use the model introduced by  which in simple this model relates earning as function of years of schooling. While with the latter method, the rate of return on investment in education is the rate that equalizes the internal rate of benefit with its cost."
"Does Human Capital Cause Economic Growth","https://scispace.com/paper/does-human-capital-cause-economic-growth-57glplm6e1","2015","Posted Content","Advances in Management and Applied Economics","Najia Saqib","","https://scispace.com/pdf/does-human-capital-cause-economic-growth-57glplm6e1.pdf","It is the 21 st century; every state desires to develop itself more rapidly. After the Second World War in 1945, industrial, individual, and communication revolutions transformed the world into a global village. The internet, cyber space, and e-mail have compressed the world into a smaller region. Every sane individual can easily have an access to all types of changes occurring in the world. Thanks to the communication revolution, nothing is hidden from the eyes of human beings. In this regard, every state in the world is looking for its specific role in the world. In this regard, every state is the looking for its specific role in the world. The economy is not only the sole source of development in a state but these are the men behind all types of amelioration. The knowledge, skills and hardworking of the individuals sustain the economy of a state. Traditionally only the land labour and physical resources were considered important means of production. Undoubtedly, man and material resources are unavoidably necessary for the economic growth of a country. In this century, without manpower all other resources are futile. This paper is based on the thesis that human capital consists of manpower, skill, and knowledge, is sine qua non for economic growth. The economics of education is the perfect investment is the major theme of this paper.","teachers, books, equipment, furniture, light, heat, materials and institutional building is considered but of students and pupils also taken into consideration. ""Which does no form part of the money, cost of education, but is par of the real resource cost."" Introduction:
 The time of students in the backdrop of income forgone represents the opportunity cost of their time.  the loss of income in times of achieving education is the true cost, to the individual or student on one hand, the loss of the national income on the other hand that may be produced by the individual in the time that he spent in his education. It is also the part of resource cost of education. 21 as far as the benefits of education are concerned, those are measured for lifetime incomes of the educated manpower as compare to the less educated manpower. 22:
 The cost benefit analysis of education is a profitable form of investment that give profit for a long time in the life of an individual and society as a whole. According to Psacharopoulos education have both private and social returns. ""The private rate of return in consistently higher than the social rate of return, and rate of return to the primary education is generally higher than the rate of return to secondary or higher education."" 23:
 Human capital means that human beings invest in themselves by various means like education, training and other like activities. Such investment may have an increase in their future income. 24:
 According to economists, investment is ""expenditure on assets that will produce income in the future and contrast investment expenditure with consumption, which produces immediate satisfaction or benefits, but does not create future income."" 24:
 25  Psacharopoulos, Education and Development: A Review, 02  Ibid.  Ibid.  Ibid.  Ibid.  Ibid.  Ibid.  Ibid.  Ibid., 02  Ibid. Rate of Return to Investment in Human Capital:
 The economists have developed an analogy between investment in human capital and investment in physical capital. According to them the rate of return to investment in human capital can be calculated by employing same cost benefit analysis technique which is also used in measuring the rate of return to investment in physical capital. The investment, made upon better education, health care and training of the people will increase the productive capacity of the workers. This factor will also increase the lifetime earnings of the workers and society as a whole. It is possible to make a comparison between the rate of return to investment in human capital and physical capital.  Investment in human capital benefits both to the individual and to the society as a whole. Rate of Return to Investment in Human Capital:
 Psacharopoulos has made a research to calculate the social and private rate of return to invest in education. He made this research in selecting 32 countries and updated this survey of research on the returns to education by analyzing the results of cost benefit analysis of education in 44 countries. This survey was conducted during 1958-1978,  According to this survey four underlying aspects can be derived: In the retrospect of all above story, investment in human capital remains a controversial issue. The above mentioned way to calculate the rate of return is criticized by various economists. They argue that education does not increase the productive capacity of the workers ""but simply acts as a screening device."" 33"
"Determinants of Labor Demand in Somalia","https://scispace.com/paper/determinants-of-labor-demand-in-somalia-3k5j8ezo","2023","Journal Article","Journal of Development Economics","","10.47672/jde.1314","https://scispace.com/pdf/determinants-of-labor-demand-in-somalia-3k5j8ezo.pdf","","Openness means that all children were allowed enter to school. The openness of United States of America schools is connected to that fact that ever since the mid-nineteenth century, elementary and secondary schools were (fully) publicly funded by the federal government. Impact of Human Capital on Labor Productivity:
 The earliest formal use of the term ""human capital"" in economics was probably by Irving Fisher in 1987 who indicated that human capital investment has high economic returns throughout childhood and young adulthood. it was later adopted by various writers but did not become a serious part of the economists until the late 1950s. It became significantly more fashion after Jacob Mincer's 1958 Journal of Political Economy article ""Investment in Human Capital and Personal Income Distribution"". His theory of human capital shows that neither luck nor decree lessen poverty, but instead concerted individual investments in human capital raise earning On the other hand, human capital that has been the great driving force of the economies of developed countries in the west and some South-east Asian countries has been missing in Africa . Impact of Human Capital on Labor Productivity:
 According to , human capital is an important element that improves a firm's assets and helps employees increase their productivity to sustain a competitive advantage. Human capital includes education, training, and other professional initiatives that increase the level of knowledge, skills, abilities, values, and social assets of an employee, which leads to an increase not only in the employee's satisfaction and performance but also improves the firm's performance. Impact of Human Capital on Labor Productivity:
 According to , human capital is just like an intangible asset of an organization. It includes all of the competencies and commitments of the workforce within an organization, i.e., skills, experience, potential, and capacity. Human capital theory is based on the assumption that education, training, and employee benefits raise the marginal physical product of labor. The firm's performance is greatly linked with the workers remuneration and profit sharing, which significantly improves the employee's attitude towards work. Impact of Human Capital on Labor Productivity:
 In the early neo-classical economic models not, much attention is paid to the role of human capital.  worked on it and pay attention to the role of human capital.  argues that human capital effect labor productivity. Scholars like  and  investigated that main element of productivity is proper training at work. He further shows some implications of differences in investing in human capital) higher educated people spend more in training at work,) people that are extensively concerned in training in one time are more likely to be concerned in training in future) more skilled and higher knowledgeable people are busier in training at work than the people with equal education level. Impact of Human Capital on Labor Productivity:
 According to a study analyzed by , human factor is critical for the improvement of our life and measure human capital as ""labor managerial skills, entrepreneurial and innovative abilities qualities and physical condition as health and strength. Di  analyzed that in a less industrialized country, lack of education and storage of skilled worker are two main obstacles to the economic development. According to  the mismatch between job qualification and education levels negatively affects labor productivity."
"The Effects of STEM Education on Economic Growth","https://scispace.com/paper/the-effects-of-stem-education-on-economic-growth-2n89kaj1hl","2018","","","Mallory Croak","","https://scispace.com/pdf/the-effects-of-stem-education-on-economic-growth-2n89kaj1hl.pdf","CHAPTER ONE: INTRODUCTION 1 I. BACKGROUND INFORMATION II. STATEMENT OF CORE RESEARCH QUESTION III. SIGNIFICANCE OF THESIS IV. STRUCTURE OF THESIS CHAPTER TWO: REVIEW OF LITERATURE 7","in the long run: on average, a one-year increase in average education raises the level of GDP per capita by 3-6%, according to Solow neo-classical specifications and by over 1% using estimates from new-growth theories . III.:
 Ultimately, regressions looking at the macroeconomic impact of human capital are positioned to capture the wider effects of such investments on national economic growth . So, while quantifying benefits to society may be more difficult, it is highly relevant given that the cost of investment in human capital is often borne with public money and the benefits are enjoyed by public institutions and the economy as a whole . III.:
 Furthermore, it is vital to investigate what specific types of human capital investment yield the greatest returns, seeing as such benefits likely go far beyond additional earnings for individuals, yielding larger social and economic gain and therefore warranting policy consideration . III.:
 Additionally, it is the social returns at the macro level that would provide the relevant economic justification for the public support of education. In their publication,  state that, with the increase in academic literature on the returns to schooling, governments and other agencies are increasingly funding studies of returns to education along with other research to guide macro-policy decisions about the organization and financing of education reforms, as was the case in the UK and Australia over the prior decade. Looking specifically at STEM education and innovation, the societal return on investment from publicly funded research and development (R&D) are estimated to range from 20 percent to 67 percent, making studies of innovation-stimulating education of particular interest to policymakers .  confirm that, in recent years, many governments have policy agendas around lifting STEM performance (quantity and quality) to meet the challenges of international competitiveness and, in turn, productivity. III.:
 While macro regressions on education are evidently important, a limitation to them must be acknowledged. That is, the issue of reverse causality (i.e., the association between education and productivity growth may reflect the demand for education, as well as its supply effects). An example of this would be more developed countries often having high-tech production sectors that require a more educated workforce, stimulating an increase in the supply of technologicallyskilled workers to match already-advanced levels of productivity . IV. LEVEL OF DEVELOPMENT MATTERS:
 Another important finding in the literature is that the existing level of economic development matters for assessing the impact of education on growth. IV. LEVEL OF DEVELOPMENT MATTERS:
 When measuring the effect of human capital on productivity,  estimate the elasticity of output with respect to human capital, considering the possibility that the effect of human capital growth on economic growth differs across countries. Indeed, the results of the study indicate that returns to human capital vary significantly across countries based on existing levels of human capital: economies with relatively low levels of human capital have decreasing returns to scale for human capital, whereas middle-level human capital economies have increasing returns and highest human capital economies have constant or mildly increasing returns to human capital."
"Antecedents to Organizational Performance: Theoretical and Practical Implications for Aircraft Maintenance Officer Force Development","https://scispace.com/paper/antecedents-to-organizational-performance-theoretical-and-2aojscs8y0","2015","","","Andrew L Cooper","","https://scispace.com/pdf/antecedents-to-organizational-performance-theoretical-and-2aojscs8y0.pdf",": This research explored the impact of Aircraft Maintenance Officer human capital, learning organization, and knowledge management on organizational performance. Survey methodology was utilized to gather data with both theoretical and practical implications on 21A force development practices. Solicitation of information regarding 21A competencies, utility of current AF logistics courses, and latent constructs were conducted through a web-based self-administered cross-sectional survey. Examination of the latent variables human capital, learning organization, and knowledge management was conducted using exploratory factor analysis and multiple linear regression supporting a positive effect on organizational performance. Practical application of the theoretical findings could yield potential cost savings through the consolidation, restructuring, or removal of logistics courses currently considered under the 21A Deliberate Continuum of Learning. Implications for researchers, practitioners, and senior 21A leadership are discussed along with limitations, recommendations, and areas for future research.","human resources learn their duties, thereby improving their productivity . As in the RBV context, HC investments in specific training that are valuable, rare, inimitable, and non-substitutable will provide firms with a greater competitive advantage in the marketplace . Return on HC Investment:
 On-the-job training, therefore, is a process that raises future productivity and differs from school training in that an investment is made on the job rather than in an institution that specializes in teaching . Future productivity gains can only be achieved at a cost; otherwise, there would be an unlimited demand for on-the-job training. Training then, increases the future marginal product of workers at a cost to present productivity. Employers fully or partially fund the training of workers in the hope of gaining a return on this investment in terms of being more productive, more competitive and consequently more profitable firm in the future . Training, too, has shown to result in significant wage returns for the individual and appears to offer further benefits in terms of higher employment stability . Return on HC Investment:
 In HCT training has been shown to be a source of competitive advantage for firms providing significant return on investment at both the individual level and the organizational level (e.g.  but training is not the only HC investment organizations can make to garner a competitive advantage in the marketplace. Return on HC Investment:
 Based upon the work of ,  and , human capital theory rests on the assumption that formal education is highly instrumental and even necessary to improve the production capacity of a population . Human capital theory also emphasizes how education increases the productivity and efficiency of works by increases the level of cognitive stock of economically productive human capability which is a product of innate abilities and investment in human beings . According , the rationality behind investment in human capital is based on three arguments: Return on HC Investment:
 The new generation must be given the appropriate parts of the knowledge which has already been accumulated by previous generations. New generation should be taught how existing knowledge should be used to develop new products, to introduce new processes and production methods and social services. Return on HC Investment:
 People must be encouraged to develop entirely new ideas, products, processes and methods through creative approaches. Return on HC Investment:
 Positive economic returns to education at the individual level have been consistently found, with such returns varying by the type and level of the qualification obtained, by subject are for higher education and over time . As training has been positively shown to increase HC in a firm education has also shown a positive return on investment for individuals and firms (e.g. . Return on HC Investment:
 Early achievement and qualifications are important determinants of future educational attainment, individuals with higher education attainment in turn undertake more training on the job, and those who have undertaken training previously are more likely to participate in further training . Additionally,  has shown education and even previous informal training to substantially increase an employee's ability to be innovated on the job. The theoretical and empirical evidence that HC in the areas of education and training provides positive returns on investment and possibly a competitive advantage is an incentive for individuals and firms to make such investments. Thus, strategic management of HC is of vital importance for any organization looking to improve their competitive advantage in the marketplace."
"K-economy and globalisation ― are our students ready?","https://scispace.com/paper/k-economy-and-globalisation-are-our-students-ready-3ixbjpmdln","2008","","","Ramlee Mustapha
Faridah Karim
Ruhizan Mohd Yasin
Norzaini Azman
Hamidah Yamat
Abdul Wahab Muhammad
Sobri Takriff","","https://scispace.com/pdf/k-economy-and-globalisation-are-our-students-ready-3ixbjpmdln.pdf","A critical challenge that faces post-modern society is to attain full employment and sustain economic growth in the global economy. The future of Malaysia’s competitiveness depends on the knowledge and skills of its workforce. With the advent of K-economy and globalisation, the need for a strong human capital has never been so critical. Literature has shown that several Asia Pacific countries, including Malaysia, have spent relatively low percentage of their GDP on ICT infrastructure and R&D. As a result, there is a low percentage of skilled and knowledge workers (K-workers) in the population such as the scientists, engineers and ICT specialists. In addition, the level of innovative R&D is also low among these countries which resulted in few numbers of technopreneurs and entrepreneurs. Further, the percentage of graduates who are unable to secure proper jobs posed a challenge to the nation. Thus, the education and training system has to gear itself to meet the demands of the new economy. The purpose of this study was to examine critically the educational experience of students in a higher learning institution in terms of their educational readiness to meet and adapt to the paradigm shift brought about by globalisation and the K-economy.","analysts have been involved in developmental work and conducted needs analysis and evaluation studies on issues associated with the effectiveness and efficiency of education and training . The focus in this study, however, is on human capital development and its relationship to economic development (globalization). CONCEPTUAL FRAMEWORK:
 According to , human capital theory views the role of education as an investment in human capital for achieving social and economic progress. He wrote: ""... the proposition that people enhance their capabilities as producers and as consumers by investing in themselves and that schooling is the largest investment in human capital. This proposition implies that most of the economic capabilities of people are not given at birth or at the time when children enter upon their schooling. These acquired capabilities are anything but trivial. They are of a magnitude to alter radically the usual measures of the amount of savings and of capital formation that is taking place. They also alter the structure of wages and salaries and the amount of earnings from work relative to the amount of income from property. There are long-standing puzzles about economic growth, changes in the structure of wages and salaries, and changes in the personal distribution of income that can be substantially resolved by taking account of investment in human capital."" .  argues that since schooling increases the future earning of a student and the productive capacity of labour, it should be considered as an investment in human capital. He presents three reasons why economic growth can best be explained by enlarging the concept of capital formation to include human rather than mere physical factors. First, the United States is a nation whose economic growth is the result of investment not only in physical capital, but equally in education, which has contributed to human capital formation. Secondly, the wage structures and salaries operating in many countries can be explained by the educational requirements for the occupation. Thirdly, the decline in wage gap is not only the result of curtailing private ownership, but it is related to the attainment of education.  asserts that the theory of human capital provides a basis for understanding the choices of skills acquisition and the consequences for the choices made by workers and training providers. The application of human capital theory in cost-benefit analyses of investments in human resources provides a basis for determining a worker's wage and a firm's productivity.  highlights the importance of human capital development in which the individual's knowledge and skills are applied to the production of goods or rendering K-Economy and Globalisation -Are Our Students Ready? of services in an economy. The human capital approach also ascribes priority to maximising skills and knowledge through education and training followed by the effective utilisation of the investment through the creation of jobs. The results may lead to an increase in economic growth, enhanced living standards, and more equitable distribution of income. CONCEPTUAL FRAMEWORK:
 According to La , the human capital model views an economic role of education in which individuals pursue the necessary knowledge and skills in order to manage the various aspects of economy and to facilitate its growth through the use of modern technology. In both industrial and developing countries, higher levels of education increase the chances that an individual will be employed and will receive additional training. Further, firms seem to provide more training to employees with a higher educational level . Therefore, educational level appears to influence employees development within the firm ."
"Adverse Selection in Household Investment in Education in Egypt: Can the World Bank Policy Recommendations Offer a Solution for Egyptian Households?","https://scispace.com/paper/adverse-selection-in-household-investment-in-education-in-3xgyxskyq6","2015","","","Doaa Mohie Mahmoud Saddek","","https://scispace.com/pdf/adverse-selection-in-household-investment-in-education-in-3xgyxskyq6.pdf","The Egyptian labour market gives preference to graduates of higher levels of education to fill remunerative jobs, which has encouraged households from all income levels to invest in post-secondary education. However, this investment failed to pay off in labour market outcomes as the number of graduates exceeded the number of remunerative jobs leading a substantial proportion of graduates to either accept low-paid jobs or remain unemployed until they secure remunerative ones. Paradoxically, in response to these unfavourable outcomes, households have continued to invest heavily in higher levels of education to give their children a competitive advantage to secure one of the few remunerative jobs, a behaviour best described as a version of ""adverse selection."" This situation has posed a challenge for Egyptian policy makers who faced the problems of increased demand for higher education and more unemployed educated youth. To address this challenge, the World Bank has consistently advised the Egyptian government to: a) reduce government intervention in labour markets; b) decrease public subsides, while encouraging private investment in post-secondary education; and c) improve the quality of education to match the needs of private employers and increase demand for educated youth. This thesis examines whether such recommendations could address labour market challenges faced by educated youth and avoid encouraging household spending. Toward this goal, the effect of changes in Egypt's policy direction, from a centrally-planned to a market economy, on the education-labour market relationship and on public and private investment in education was studied. Through interviews with a sample of Egyptian households, the determinants of Egyptian household spending on education were also examined to better understand how the quality and/or outcomes of higher education have influenced such spending. Evidence suggests that for the World Bank's policies to tackle the underlying causes of ""adverse selection,"" they must go beyond attributing education-labour market problems to the quality of education and to distortions caused by government education and labour market policies and focus on the need to promote the creation of good quality jobs. Fortunately, a recent shift by the World Bank to focus on creating good jobs may be a positive development.","the productive contributions made by education to growth, there is no consensus as to which theory better explains the link between education and growth, in part because the empirical evidence generated by both models has remained inconclusive (Pissarides, 2000). B. Microeconomic Theories and Investment in Human Capital:
 As noted earlier, while some microeconomic theories expect the impact of investment in education to be primarily reflected in increasing productivity (and hence in increasing earnings ), others, see education mainly as a screening mechanism whose main function is to determine who will gain access to the limited number of good jobs available. These theories are discussed in more details in this section. a. Education and Productivity: The Theory of Human Capital and The Rate of Return to Education:
 At the micro level, attempts to measure returns to education have been closely associated with the theory of human capital. Having demonstrated that labour market returns were closely linked to investment in education, theorists like Schultz (1961) and Becker (1964,   1993) argued that education should be seen as a key determinant of individual earnings and that this relationship reflected the increased productivity resulting from the positive impact of education on human capital. a. Education and Productivity: The Theory of Human Capital and The Rate of Return to Education:
 Assuming that education was an investment good, this approach gave rise to the widespread use of a specific methodology for estimating private and social rates of return to education in both developed and developing countries. i. Private Rate of Return:
 Private rates of returns refer to the returns accruing to individuals as a result of the investment in their own education. These returns are generally measured by the additional income (wage differential) earned through adding one additional year of schooling, or an additional level of education. i. Private Rate of Return:
 Ultimately, this approach assumes that household, or individual, decisions to invest in education are-or should be-based on a comparison of these private returns to education with those that would have been generated by other types of investment (e.g., capital investment). ii. Social Rate of Return:
 Social rates of return to education are generally used to provide a rationale for public spending on education. As in the case of private returns, such decisions should be based on cost-benefit principles comparing the net present value (public and private) of the social costs and benefits associated with investment in education against those of other forms of public investment. ii. Social Rate of Return:
 However, while these concepts may sound simple in theory, they are difficult to estimate in practice. Indeed, despite its widespread use, the rate of return method of estimation is widely criticized for defining the costs and benefits of both private and social investment in education too narrowly. Ultimately, the methodology's implicit assumption that costs and benefits can be reliably quantified, or that households have good information regarding the resulting rates of return, is rarely justified, especially in many developing countries. ii. Social Rate of Return:
 Despite these limitations, the results generated by this method of estimating the costs and benefits of investment in education have been widely-used as a basis for policy decisions around the world. In particular, the World Bank's policy recommendations about investment in education have depended heavily on results derived from this method of estimation even though there may be a reason to believe that the problems embedded in this methodology may be associated with pervasive and systematic distortions in the education policies that are derived from it, as will be discussed further in Chapter 2."
"Multidimensional Human Capital and the Wage Structure","https://scispace.com/paper/multidimensional-human-capital-and-the-wage-structure-e40m7a0q","2023","Report","","None Javier López Pisón","10.3386/w31001","https://scispace.com/pdf/multidimensional-human-capital-and-the-wage-structure-e40m7a0q.pdf","","Title: NBER WORKING PAPER SERIES MULTIDIMENSIONAL HUMAN CAPITAL AND THE WAGE STRUCTURE Authors: David J Deming (Corresponding Author) Introduction:
 According to human capital theory, education and training are investments where the costs are paid up front and the benefits are earned later in the form of increased productivity and earnings. At least since , economists have repeatedly found that differences in the quantity and quality of schooling are surprisingly powerful predictors of earnings differences between people and across countries. Introduction:
 In terms of both prediction and policy impact, human capital theory is one of the economics profession's biggest success stories. Over the last seventy years, the share of the world's population with at least some secondary school education increased from 13 percent to 51 percent, and the share with some tertiary education increased nearly sevenfold, from 2.2 percent to 14.6 percent . Education spending in the U.S. has more than doubled as a share of GDP over this same period, and growth rates are even faster in developing countries . Global economic growth exploded over this same period, especially in countries that invested more in education (e.g. . Introduction:
 Not surprisingly, scholarly study of human capital has also blossomed over the last halfcentury. Beginning with the  model, hundreds of studies estimate the economic return to schooling investments. The search for instrumental variables that affect schooling but are unrelated to unobserved determinants of earnings was a central focus of labor economists for decades and spawned the ""credibility revolution"" in economics  Pischke 2010). Introduction:
 To date, education and labor economists have focused mostly on the microeconomic implications of human capital theory. Education increases earnings by augmenting the marginal product of labor. People invest more in their own education when the economic return is higher, and so on. This literature has been a spectacular success. The causal impact of education on earnings is one of the most well-established and important findings in social science. Introduction:
 By their nature, causal estimates of the return to education are ceteris paribus tests of human capital theory. Yet the value of skills learned in school is contextual and depends on the technology of workplace production and -more broadly -the economic environment. Introduction:
 Numeracy and the ability to understand and analyze data are more valuable now than before computers were invented. Social skills are more important now that workers are assigned to flexible problem-focused teams, rather than taking spots on a factory assembly line. Education conveys a mix of general and specific skills, and these skills have an economic return that is determined by the intersection of supply and demand. Skills can be valuable in one context but worthless in another; skills can be scarce in some economies and plentiful in others."
"Shifting demand or just moving price?: A multi-level analysis of student price demand for college education and state policy preferences","https://scispace.com/paper/shifting-demand-or-just-moving-price-a-multi-level-analysis-536yeiwhqb","2013","","","Hironao Okahana","","https://scispace.com/pdf/shifting-demand-or-just-moving-price-a-multi-level-analysis-536yeiwhqb.pdf","College affordability and rising tuition and fees are a topic of national interest. While a number of recent studies examine this subject separately from state policy and individual student perspectives, the body of scholarship that reviews the intersection of two components of supply and demand for higher education is relatively small. My focus for this dissertation is to amplify the understanding of how individual characteristics of students explain differences in their price demand for college education in their first year at four-year public and private not-for-profit colleges and universities. I am also interested in analyzing how state policy preferences, namely state postsecondary education efforts and proportional shares of need-based state student grant aid, mitigate such individual differentials. Drawing from previous studies, my study is guided by a combination of the human capital investment perspective, student price responsiveness to college education, and college choice framework. I contend that the price tag of college education--either sticker or net--is roughly where a student's price demand meets a supply of college education. I also argue that a student's price demand for college education is shaped by different forms of capital (e.g., cultural, monetary, and social capital) that each student possesses; thus, some students have more willingness and ability to pay for college education than others. Further, public policy has a role in offsetting such differences in individual capital, thereby making college-going options more equitable regardless of socioeconomic status. I ran several multi-level analyses using the National Postsecondary Student Aid Survey (NPSAS) datasets of the 1999-00, 2003-04, and 2007-08 cohorts as well as institutional- and state-level data drawn from various sources. The result confirms the presence of sticker shocks, or significant differences in student price demand for college, based on socioeconomic characteristics. The result also suggests that state postsecondary education efforts negatively correlate with sticker and net tuition and fees for students at public colleges and universities; however, this was not the case for states offering more need-based aid. Therefore, while state postsecondary education efforts offset individual differences in price demand for college education, the same was not true for direct student aid awards.","investment is anticipated. Economists characterize this notion as human capital investment . In this framework, individuals or employers make investments in training or education with the anticipation that there will be returns in forms of increased efficiency in production of goods and/or higher earning potentials. Human Capital Investment and Higher Education:
 An illustration of such economic transaction in the case of postsecondary education pursuit is that an individual chooses to invest in human capital when the areas labeled as ""A: College earning premiums"" and ""B: Non-monetary returns"" exceed the size of the area labeled as ""Costs"" in Figure .1 . In the chart, the point ""E"" represents the time of enrollment in college, the point ""G"" represents the time of college graduation, and the   point ""R"" represents the time of retirement from the workforce. Since college graduates are said to have greater longevity compared to their counterparts without college education , the illustration contains two sets of lifespan labeled as L1 and L2. In terms of monetary returns, since college graduates earn more in their career, they also receive higher retirement benefits; they also enjoy longer terms of receipts of such benefits. They also enjoy nonmonetary returns, such as better health and longevity and better quality of life . Human Capital Investment and Higher Education:
 The Nobel laureate economist Gary S.  contends that as a form of investment in human capital, education and training are the most important means of investment. Human Capital Investment and Higher Education:
 They yield higher income for those who attained an advanced education compared to those who did not. Returns on investment are often conceptualized as higher earnings for individuals, as well as emotional and physical health . It is said that the aim for human capital investment is to yield an overall productive workforce as a result of better educated/trained workers . Unlike investments in stock or property, the costs of human capital investments go beyond monetary expenditures. One must factor in opportunity costs and net present values to accurately reflect the true returns on such investments . One assumption is that while investing in human capital, individuals are not engaging in incomegenerating activity as much as their current ability and skills allow. In the case of education as human capital investment, the concept of opportunity costs is often conceptualized in terms of students' foregone earnings. In other words, opportunity costs are wages that students could be collecting if they remained in the workforce, instead of pursuing postsecondary education . Also, how much a dollar is worth to individuals in present terms affects how much they may be willing to invest in human capital. How the individual values a dollar differs because of economic circumstances; this difference creates varying cost assessments for making investments in human capital . While those from affluent backgrounds may have enough disposable income for human capital investments, others from less affluent families have a more difficult choice-food on the table or education. Even though returns on higher education may be clear, the costs would simply be too high for the impoverished family."
"Skills and Earnings in the Full-Time Labor Market. The Impact of Human Capital in the American Labor Market Series.","https://scispace.com/paper/skills-and-earnings-in-the-full-time-labor-market-the-impact-415lq8dsjk","2018","","","Neeta Fogg
Paul Harrington
Ishwar Khatiwada","","https://scispace.com/pdf/skills-and-earnings-in-the-full-time-labor-market-the-impact-415lq8dsjk.pdf","Research on labor market gains associated with investments in human capital most frequently relies on years of schooling completed, or educational credentials, as a measure of human capital. Indeed, it is commonplace in speeches by college presidents to touch upon the increased earnings associated with a college education. <br><br>Clearly, the claim is backed by strong evidence. Over the past four decades, the size of the average earnings advantage for completing a bachelor's degree has grown substantially. Large increases in college enrollment rates among young people have resulted — as have large increases in college tuition and fees and skyrocketing student debt.<br><br>Yet while the gains from a college education can be quite large, that's not the whole story. Like any investment activity, the economic payoffs do not accrue to everyone. This paper raises the specter that, under some conditions, college enrollment may offer no economic benefit at all.<br><br>Using newly available data on the literacy and numeracy proficiencies of American adults produced by the Survey of Adult Skills of the Programme for the International Assessment of Adult Skills (PIAAC), this paper examines the independent effects of three key measures of human capital — basic skills, educational attainment, and work experience — on the earnings of prime-age (25 to 54 years old), full-time employed workers in the United States.<br><br>The study is designed to gauge the independent effect of each of these three measures of the human capital stock of workers on their earnings. In line with human capital theory, this study found a strong connection between earnings and each measure, with the details revealing strong gains for those with the most skills and education, but little or no gain, in one particular example, for those who fail to gain a bachelor's degree.<br><br>PIAAC provides an unusual opportunity to gain insights into these complex relationships for prime-age, full-time workers. Data on the literacy and numeracy skills for a nationally representative sample are difficult and expensive to produce and are not widely available, whereas data on educational attainment are regularly produced by the U.S. Census Bureau's household surveys. In fact, researchers have tended to use educational attainment as a stand-in for more complete measures of a person's human capital because of its availability.<br><br>Educational credentials, however, are not precise measures of basic skills proficiencies. For example, the reading and math scores of public high school graduates in Philadelphia vary enormously. Students from highly selective schools in the city of Philadelphia — where our Drexel University Center for Labor Markets and Policy is located — have the highest standardized test scores in Pennsylvania, while their counterparts enrolled in neighborhood high schools, just a mile or two down the road, have among the lowest.<br><br>Using PIAAC data, we find large earnings advantages to basic skills even after statistically controlling for the effect of educational attainment and other worker background characteristics and job traits for prime-age, full-time workers. These findings indicate that basic skills are not only fundamental to achieving higher levels of educational attainment but are also directly rewarded in the labor market in the form of higher earnings.","capital is the stock of knowledge, skills, abilities, behavioral characteristics, and other traits of individuals that contribute to this potential. Similar to physical capital development, the development of human capital requires individuals to invest in themselves, with future benefits expected to result. Introduction:
 Benefits from human capital investments are in large measure derived from gains in the cognitive capacity of individuals that make them more productive in the labor market.  While the gains to human capital investments are most often measured in the labor market, they also can be found in several dimensions of economic and social activities.  The evidence that human capital and labor market success are closely connected is quite convincing. The connection between skills and success has strengthened over time as the industrial composition of employment in the U.S. economy has continued to shift from goods-producing industries (e.g., construction and manufacturing) to services-producing industries (e.g., health services, professional scientific, and technical services). Furthermore, the U.S. labor market has undergone unprecedented technological change with widespread ""upskilling"" and automation of routine jobs.  Technological advances have made the production of goods and services more human capital-intensive. They have altered the staffing patterns of industries, even in goods-producing sectors, toward occupations characterized by higher levels of human capital requirements that complement the increasingly sophisticated technologies and organizational processes used in production. These changes have increased the demand for-and tilted the labor market in favor of-workers with more educational attainment and higher levels of literacy, numeracy, and problem-solving proficiencies. Recent decades have also seen a rise in labor market rewards for noncognitive skills such as soft (or social) skills.  Looking back at the past century, Goldin and Katz labeled the 20 th century as the ""Human Capital Century"" and considered human capital to be the central determinant of economic growth and rising prosperity in the United States.  These trends are expected to intensify as human capital becomes an increasingly important driving force behind growth in the 21 st century.  The evidence of this transformation in the labor market is readily available. Workers with higher levels of education have better employment and earnings outcomes compared to those with lower levels of education. Higher levels of education are associated with higher rates of labor force participation, lower likelihood of unemployment, higher likelihood of employment, and more weeks and hours of work over the course of a year. Introduction:
 Earnings of workers rise sharply with their level of educational attainment. In 2014, the median weekly earnings of full-time workers aged 25 and older were just $488 among high school dropouts, rising to $668 among high school graduates, and $761 among those with some postsecondary education below the bachelor's degree level. Among college graduates, median weekly earnings were $1,101 among those with a bachelor's degree and $1,386 among those with an advanced (postbaccalaureate) college degree. Earnings premiums relative to high school graduates were nearly 65 percent among bachelor's degree holders and almost 108 percent among advanceddegree holders.  Skills and Earnings in the Full-Time Labor Market"
"the wage return to education during the recent economic crisis – an application to the netherlands","https://scispace.com/paper/the-wage-return-to-education-during-the-recent-economic-1v8puq45c2","2016","","","K. van Trigt","","https://scispace.com/pdf/the-wage-return-to-education-during-the-recent-economic-1v8puq45c2.pdf","This paper examines the wage return to education in the Netherlands over the recent economic crisis (2008 – 2009). The data is based on the LISS-dataset and covers the years 2008 – 2015. The primary focus is male individuals, working full time, aged 30 – 55 years, but is extended to include young (20 – 29 years), old (56 – 65 years), part time and female workers. The wage return to education is estimated using the Mincer and wage differential model. Based on the interaction results of year dummies, unemployment rate and GDP growth rate with the level of education, it can be obtained that there is a significant decrease in the wage return to education in the years 2010 and 2013 for all individuals. However, the higher the educational level of the individual, the lower the decrease in the wage return to education. Furthermore, in line with the related literature, the wage return to education based on the instrumental variable approach is significantly higher. Also, the Heckman procedure suggests a negative sample selection due to non-response and some minor degree of positive sample selection due to non-employment.
Supervisor: Associate","returns to education in the Netherlands, it is also important to examine how the returns to education have been affected. The generally applied framework to examine the wage return to education is based on the Human Capital Theory of and the Human Capital Earnings Function of . SECTION 2: LITERATURE REVIEW:
 Section 2.1: Human Capital Many economists contributed to the theory on human capital. However, especially Becker shaped it. The Human Capital Theory assumes that human capital raises earnings and productivity mainly by providing workers with knowledge, skills and a way of analyzing problems. According to the evidence, human capital is very important.  states that probably the most impressive evidence is that more highly educated and skilled individuals almost always tend to earn more than others. SECTION 2: LITERATURE REVIEW:
 Although all investments in human capital contribute to an increase in the workers' productivity, the two most important and often mentioned investments in human capital are (formal) education and on-the-job training. However, not all of the workers' productivity is acquired via investments in human capital. Part of the workers' productivity is innate (e.g. ability and motivation) and represents the individuals' initial level of human capital.  treats human capital as an investment process in which the individual invests more or less in human capital to maximize its (expected) net present value of income (minus cost of education) over their life span. The individual will only make the investment if the expected stream of future benefits exceeds the short-term costs of the investment. At the optimum, the marginal benefit (i.e. rate of return) to an additional investment in human capital is equal to the marginal cost of this additional investment. The relationship between the costs and benefits of an additional investment in human capital can be derived by defining the internal rate of return. The internal rate of return is the discount rate that equates the present value of benefits to the present value of costs. More specifically, if the internal rate of return is larger than the market rate of interest (assuming perfect capital markets), more investments in human capital are worthwhile for the individual. SECTION 2: LITERATURE REVIEW:
 In the Human Capital Theory,  distinguishes between general and specific human capital. General human capital is acquired via (formal) education and specific human capital is acquired via on-the-job training or tenure. As a result, general human capital increases productivity in all jobs, while specific human capital only raises productivity in the firm providing it. According to , the worker pays the costs of acquiring general human capital as firms are unable to collect the returns from general human capital training. On the other hand, firms and workers will share the costs of acquiring specific human capital due to the fact that both are able to collect returns from specific human capital training. As a result, workers with specific human capital have less incentive to quit their job and firms have less incentive to lay them off. SECTION 2: LITERATURE REVIEW:
 Based on Becker's treatment of human capital, one can draw important implications for this study. As the optimal level of human capital investment differs for each individual, especially lower-skilled individuals will invest (none to) little in human capital due to the fact that the benefits are smaller or the costs are larger as compared to higher-skilled individuals."
"The measurement of tertiary education quality in indonesia through the education production function model and policy recommendations for quality improvement","https://scispace.com/paper/the-measurement-of-tertiary-education-quality-in-indonesia-4440c357fx","2015","","","Shang Gao","","https://scispace.com/pdf/the-measurement-of-tertiary-education-quality-in-indonesia-4440c357fx.pdf","This study is designed to answer one main research question: How could tertiary education quality be redefined and measured through the education production function model in developing countries. The study will use Indonesia as the target country to carry out research activities. Quality of tertiary education has been one of the most frequently discussed topics in relevant fields in academia and human development. As enrollment continuously increases and education systems expand in many developing countries, quality becomes their biggest concern. The purpose of this dissertation is to provide stakeholders a different and more practical approach to reevaluate tertiary education quality through quantifiable variables and to measure quality through educational input, equity and equality, labor market relevance, and system assurance factors.
Human capital theory serves as the guiding theoretical framework for this dissertation. The education production function model is the foundation for quality redefinition. Within the four quantifiable variables, benefit incidence analysis is used to measure equity and equality, economic rate of return is used to measure labor market relevance of the tertiary education system, and returns to investment is used to evaluate how education outputs yield from inputs. The study is designed to have an umbrella structure, with tertiary education quality being at the top of the skeleton and educational input, equity and equality, labor market relevance, and system assurance being the four supporting pillars. 
With the redefinition of tertiary education quality, four main research questions will be answered respectively. Educational input in Indonesia has been improving in the past decade; however, it is still behind compared to peer ASEAN countries and countries with similar economic profiles. Indonesia's tertiary education access inequality is mainly caused by socioeconomic differences. The labor market absorbs a majority of tertiary graduates and yields much higher returns at the tertiary level, and it has been responding very positively toward the continuously expanding graduating class. The quality assurance system suffers from short-staffing, low financial support, low capacity, and weak government support. At its current accrediting pace, Indonesia's tertiary education institutions will not be able to improve as fast as they are willing to.","findings, a comparison of BIA change over time will be presented by comparing the baseline year 2000 with 2010. This is for the purpose of examining the equity change or improvement, if any, over a10 year's period. BENEFIT INCIDENCE ANALYSIS FOR INEQUALITY:
 Through this effort, TEQ will be further defined from the equity perspective along with an overall expanding tertiary system. Y stands for the level of national income; C is the domestic household consumption of goods and services; I is the domestic real investment in buildings, equipment, software, and inventories, G is government spending on goods and services; X is foreign purchase of the country's exports of goods and services; and M will be the country's purchase of goods and services from other countries (imports). THE ECONOMIC RATE OF RETURN FOR LABOR MARKET RELEVANCE:
 Similar to the Cobb Douglas function, Real GDP highly depends on the productivity of its labor force. The Real GDP AD curve is another way to measure how much a country's Human capital corresponds to any stock of knowledge or characteristics that workers have. This stock of knowledge interacts with several variables, for instance, years of schooling, skills, innate ability, and quality of schooling and non-school investments ). THE ECONOMIC RATE OF RETURN FOR LABOR MARKET RELEVANCE:
 Education can be seen as one of the in-kind transfers from government/public subsidy. Other examples are healthcare, pension, and other social protection activities. The costs and benefits of education investments can be analyzed in the same way as other types of social benefits. In tertiary education, expenditure occurs during campus construction while students are still in school. Benefits are expected to accrue over the life-cycle of graduates (Dominic J. Brewer 2010). Within the expenditure, the net present value or the internal rates of return of the prospective operation can be computed. THE ECONOMIC RATE OF RETURN FOR LABOR MARKET RELEVANCE:
 Within the concept of returns to education, there are private rate of return, social rate of return, direct return, and indirect return. The purpose of this dissertation is to look into how TEIs are connected with the labor market directly. To do this, the study will start with an examination of economic growth by different sector, for instance, manufacturing, agriculture, service industry, and so on. As the main industry, agriculture has shrunk in recent decades, while other industries showed vigorous increase. The skill level that is required by those demand-increasing sectors is also increasing. The number of skilled workers with qualified program training at school determines how skilled the labor market is, and thus signals the connection between TEIs and labor market demand. Direct wage return to different degree holders in the labor market will therefore be used as a measurement of economic rate of return to tertiary education. Government spending will be analyzed in the financing section of this dissertation, which belongs to the input part of tertiary education. this effect is simply outside the scope of economics and for this reason the use of concept of human capital is justifiably criticized for the narrowness of its criteria"" (Dominic J. Brewer 2010). On the other hand, another stream of thoughts argues that the omission of some consumption, external, or indirect effects does not warrant abandoning efforts in this area. APPLICATION:
 Regarding the econometric methods used to derive income differentials (Dominic J."
"Mincer rates of return to education in the emerging economy of albania","https://scispace.com/paper/mincer-rates-of-return-to-education-in-the-emerging-economy-4g4pzclnsj","2011","Posted Content","Studies in Business and Economics","Gjipali Arsena
Kristo Suela","","https://scispace.com/pdf/mincer-rates-of-return-to-education-in-the-emerging-economy-4g4pzclnsj.pdf","In this paper we study the relationship between earnings and education measured in schooling levels. The main hypothesis to be tested is whether higher education levels reward with higher earnings the working labour force in Albania. We use cross section data from the Living Standards Measurement Survey (LSMS) of 2002 and develop a comprehensive framework for our quantitative analysis of the private returns to schooling and private incentives to invest in education. We construct estimates of the private return to each post-compulsory schooling level, taking into account the effects of education on wages. We find that only tertiary education provides significant positive returns with the upper secondary school being less rewarded. This finding might explain the reduced incentives to invest in additional post-compulsory schooling if this would not lead to tertiary.","as they are regularly exercised . However, rapid structural changes in labour markets, such as those found in transitional economies, may make this latter assumption inappropriate since the new market may not value previous investments whilst creating premiums for skills and competencies not previously valued. Investment into human capital and the role of education:
 Among the alternative forms of human capital acquisition, schooling will be our main interest here. For researchers, it is the component of human capital that is easiest to measure. Because compulsory schooling is almost universal and enrolments in post-compulsory form the basis for comparisons between countries' education systems and their population's education attainment, we focus our analysis on postcompulsory education. It is usually the latter that provides the possibilities for early specialisation and explicitly prepares youths for the labour market. Investment into human capital and the role of education:
 The human capital theory assumes that more educated people are typically more skilled and can be expected to be more productive than those with lower levels of educational attainment, they therefore earn more. Statistical evidence from around the world has shown that educational attainment is positively correlated with labour force participation rates, employment rates and earnings . However, rational decisions will lead to variation in individuals' intentions with regard to the size of stock of education they will try to acquire. The distribution of human capital quantity and quality in the population depends on the trade-off between lower earnings whilst investing in additional human capital and higher earnings in the future and is affected by financial and institutional constraints. Even when, controlling for individuals' ability, human capital investment turns out to be heterogeneously distributed. More able individuals may be able to ""convert"" schooling into human capital more efficiently  due to their higher intrinsic motivation and capability. Furthermore, as commonly emphasised, skill and ability beget future skill and ability as on-the-job training is targeted at the more educated . Investment into human capital and the role of education:
 At the microeconomic level, human capital theory is employed to explain earnings differentials, an explanation which includes two stages: accumulation of human capital that determines worker productivity and the latter determining relative wages. The difficulty in measuring explicitly the former relationship has led to direct tests of the impact of education on earnings levels. Estimates of rates of return to education involve a method known as the Mincerian earning equation . The estimates are generally derived using least squares regression, where the dependent variable is the logarithm of wages or earnings, and the independent explanatory variables include a constant, a measure of schooling (duration or attainment), observed demographic characteristics such as race, sex and experience, and other observed variables that are deemed relevant by the researcher . Methodology:
 As discussed in Section 2, human capital theory suggests that education is a productivity-enhancing investment which is translated into a higher probability of being in employment and receiving a higher wage for the individual that incurs the investment. Given the high rates of employment prevailing in most developed economies the former proposition is frequently ignored and in quantifying the economic returns to schooling research has focussed almost exclusively on wage returns generally adopting the specification proposed by . These studies have developed estimates of rates of return to education, which are generally derived using least squares regression of the following wage equation:"
"Empirical Evidence on Occupational Mobility. Interim Report. Information Series No. 193.","https://scispace.com/paper/empirical-evidence-on-occupational-mobility-interim-report-4s2mq52xpb","1979","","","Dixie Sommers","","https://scispace.com/pdf/empirical-evidence-on-occupational-mobility-interim-report-4s2mq52xpb.pdf","","progress'. He suggests that the problem lies in the fact that the theory treats labor as an aggregate, while increases in productivity may be the result of qualitative changes ih.labor, sudi as increasing levels of education and training (p. 433). ?:
 Analysis.of returns to such qualitative astSects of labor has led to an extension of neoclassical theory known as the human capital approach to labor markets.  'Human capital' refers to the individual's stock.of skills, knovvledge, and characteristics Slat make him or her valuable in the lat5or market. Humtin capital may be narrowly defined to include formal education, training, and on-the-job experience, or broadened to include personal attributes such as health, intelligence, or ability to deal with others. (Thurow, 1969)   The individual is Qiewed as investing-time, energy, and money (either cash or foregone income)   to acquire huMan catiital, with the expectation of receiving a return in the form of higher lifetime income. Much olhurnan capital economics has been devoted to measuring these investments and the returns received. S.:
 The 'role of occupational mobility, in the huMan capitalist's View, is to provide one of the processes that facilitates receiving returns to investments in human capital.  Mobility occurs%as the individual increases his or her stock of human capital and seeks to use thatgapital in an occupation paying higher returns than the previous occupation. On the other hand, mobility may become less likely as the individual approaches the point of maximum returns to existing human capital. At that point, the costs of mobility may become very high, including loss of investments made in the present occupation in terms of training and experience, while expected increases in returns in the form of higher earnings may be low, especiallyif the worker is already achieving relatively high earnings levels. S.:
 From this brief description, it can be readily seen that the human capitalist would analyze occupational mobility in terms of the factors inflUencing costs of mobility relazive to expected .44 returns. The time dimension is crucial: investments in human capital are undertaken at a present cost with the expectation of future returns, and the future returns are not only a function of the rate of return, but also of the period of time over which returns are accrued."
"Bookworms and party animals: an artificial labour market with human and social capital accumulation","https://scispace.com/paper/bookworms-and-party-animals-an-artificial-labour-market-with-2tch4uduwy","2014","Journal Article","Journal of Education and Work","Daniel Farhat","10.1080/13639080.2012.711944","https://scispace.com/pdf/bookworms-and-party-animals-an-artificial-labour-market-with-2tch4uduwy.pdf","Data show that educated workers earn higher wages and are unemployed less often. Some researchers believe that education improves a worker's productivity (or human capital), making them more desirable on the job market, while others believe that it improves a worker's network (or social capital), giving them more information about lucrative openings and more resources to secure a job (such as references from peers). Much of the research on human and social capital focuses on quantifying the various impacts of schooling on workers and often overlooks how economic systems actually manage to produce those outcomes. This paper develops an agent-based complex adaptive system featuring formal schooling and on-the-job training, social networks, labour market search and durable employment contracts to explain the process linking education to labour market outcomes and economic performance in New Zealand (and similar economies). Sample simulations show that human capital accumulation explains many of the novel fac...","education policy on these micro and macro phenomena. Introduction: The remainder for this paper reviews recent data and literature necessary for constructing and evaluating the computational model, describes the virtual framework, presents and discusses results, then concludes with a brief discussion of future research. Education, Labor Market Outcomes and Economic Performance:
 The beneficial impact that education has on labor market outcomes and economic performance is well-known. In New Zealand, for example, a worker with either tertiary schooling (bachelors, masters or PhD) or vocational/trade schooling earns on average 77% more than an uneducated 1 worker (see table ). This result is not driven by a minority of extremely wealthy 1 For New Zealand, high school achievement is categorized according to the National Certificate of Educational Achievement (NCEA) regime which began in 2004. A worker that has chosen not to seek higher education may either have no NCEA individuals which happen to be educated as workers with more schooling appear frequently in the higher end of the wage distribution (see figure ). Schooling is also linked to better outcomes at the aggregate level. In terms of GDP per capita growth, countries with a larger population of uneducated workers tend to perform worse (see figure ). Economists, sociologists and higher-education institutions have sought to explain the link between educational attainment and these outcomes so as to devise more effective tuition and enrolment policies. Education, Labor Market Outcomes and Economic Performance:
 Economists have tended to focus on the role of human capital in explaining the benefits of education. This strand of research, started by  and  developed theoretical models of both formal education (chosen by workers) and on-the-job training (chosen by firms) within the neo-classical paradigm. Although these ideas were contested early on, specifically by  and his work on job market signalling, a vast empirical literature flourished during the 1980s and 1990s to quantify the impact of human capital accumulation on labor market outcomes. Education, Labor Market Outcomes and Economic Performance:
 In the latter half of the 1990s, models of human capital development were applied to emerging ideas about labor market frictions. 3 Acemoglu (1996, 1997) and  showed, for example, that human capital externalities may develop naturally in the presence of search frictions and result in both physical capital deepening and wage increases for all. Education, Labor Market Outcomes and Economic Performance:
 With or without labor market frictions, if education causes worker productivity to perpetually rise then GDP per capita should rise as well. The idea that human capital influences the economy as a while began with the work of  and was subsequently taken up by macroeconomists (see, , for example). This literature used general-equilibrium modelling to explore the links between improved technology, innovation and persistent GDP growth. Education, Labor Market Outcomes and Economic Performance:
 Sociologists have tended to focus on the role of social capital in explaining employment outcomes for educated workers (i.e. it's not what you know but who you know).  and  show that a worker's social ties (in descending order of 'strength': family, friends, and acquaintances) affect their access to employment opportunities. This access can be in the form of knowledge about lucrative openings or in the form of referrals from peers and results in lower hiring costs for firms, increased worker productivity, and reduced turnover."
"Educational decentralization and student achievement : a comparative study utilizing data from PISA to investigate a potential relationship between school autonomy and student performance in Australia, Canada, Finland, Norway and Sweden","https://scispace.com/paper/educational-decentralization-and-student-achievement-a-8qg24ip1fb","2009","Dissertation","","Berit S. Haug","","https://scispace.com/pdf/educational-decentralization-and-student-achievement-a-8qg24ip1fb.pdf","The purpose of this thesis is to explore whether decentralization of education systems affects student performance. Many countries around the world have adopted similar educational policies since the 1980s, including the introduction of decentralization with a shift in decisionmaking power from central authority to local authority and in some cases to the schools themselves. There is a common view among many policymakers that one way of obtaining high quality education is through decentralization policies, a view encouraged by OECD (Organisation for Economic Co-operation and Development). Five countries, Australia, Canada, Finland, Sweden and Norway, are studied and compared by looking at the influence of decentralization in their educational reforms, at which level the decision-making power is situated, and how this correlates with the achievement of their students. The approach preferred is a quantitative comparative method, and already existing data from the PISA 2006 survey is utilized. 1806 schools participate from the five countries, each school representing one case. In the PISA survey, principals at sampled schools answer a questionnaire concerning their school’s decision-making power regarding hiring/firing teachers, budget allocation and curriculum matters. A limitation to the study is that this information is provided by only one person, the school’s principal. Nevertheless, the responses are employed in the study indicating the school’s autonomy level, while the students’ science score in PISA represents student achievement. Family background is a factor proven to influence student performance, and this is controlled for by utilize data on both socio-economic status and immigrant background provided by PISA. The findings implicate that the level of school autonomy has very little influence on student performance. In the countries expressing a significant correlation between school autonomy and student performance, mainly Australia and Canada, the effect disappears when controlling for socio-economic status. This result is not consistent with the suggestion of decentralizing education system as a way to increase student performance.","invest in human capital was seen by policymakers and politicians to result in rapid economic growth for society and economic success and achievement for individuals. Human capital theory provided a basic justification for large public spending in planning and expansion of education both in developed and developing countries ). Human Capital Theory:
 During the 1960s, governments also viewed education as a major instrument for improving and equalizing social opportunities; to promote social mobility. In the 1970s, the theory of human capital was challenged by alternative theories claiming that education had private benefits, but no social ones. Education had not benefited poorer classes, there were income inequalities and weak social mobility. Graduates were entering the labour market quicker than the market could absorb them, leading to lower wages and unemployment and thus lower rate of return. Rate of return is a key feature of the human capital model, because education is viewed as an investment with an anticipated yield, or rate of return . The 1980s started with more scepticism towards the human capital theory, due to the criticism and an increased financial restriction on public expenditures. The role between education and economy was regarded as more complex than the human capital model suggested, and there were important motivations other than economical ones in the demand for education. Human capital theorists developed reformulations on the model, moving towards a more complex picture of the economic role of education, but without challenging the central element. The central element remained; ""education as a profitable investment both in private and in social terms and individual decisions about how much education to pursue are made on a cost-benefit analysis"" . The human capital model regained confidence in the 1990s when the theory acknowledged a more complex reality besides education and income, but still without affecting the theory's central core .  sees the survival of the human capital theory for all these years as verification for human capital, the acquired abilities of people, as the reason and explanation for most of modern economic progress. When building human capital, the result is increased social return both for the individual and the nation, but as  says, investment in human resources is the foregone expenses, and it takes a long time for that investment to pay off. , the Secretary General of OECD, declares that the development of any society lies in the improvement of its population, which holds the nation's human capital. Human Capital Theory:
 Human capital is considered as the knowledge, skills, competencies and other attributes embodied in individuals that are relevant to personal, social and economic well-being. He states that quality education is one of the most valuable resources possessed by a society and an individual in today's competitive globalized economy. Human capital is needed for a nation to compete on the global market, and human capital is achieved within an effective and innovative education system. Faulty educational systems on the other hand, will result in declining standards, exclusion and unemployment . OECD data shows that labour force participations rates rice considerably with educational attainment in most OECD countries. International comparisons demonstrate the essential role education plays in promoting labour productivity and consequently economic growth, which underlines why a solid foundation of knowledge and skills at school is fundamental for the future success of individuals and societies ."
"Does Human Capital Have an Effect on Workers’ Income?","https://scispace.com/paper/does-human-capital-have-an-effect-on-workers-income-2xoohqrn","2023","Journal Article","Advances in economics, business and management research","","10.2991/978-94-6463-158-6_11","https://scispace.com/pdf/does-human-capital-have-an-effect-on-workers-income-2xoohqrn.pdf","","Title: Does Human Capital Have an Effect on Workers' Income? Authors: Hari Setia Putra (Corresponding Author),Hendra Dani,Rika Novariza,Diana Fitri Anggraini Keywords: Human Capital, Income, Workers Introduction:
 Human capital theory states that the learning process, values and skills that are useful in humans can increase their learning abilities and effectiveness. All this enables their future income by increasing their lifetime income. The learning process, as an investment model, is different from consumption, which provides immediate satisfaction or profit, but does not generate future income. Human capital includes all processes that can generate higher levels of knowledge and produce entrepreneurs who are competitive and better able to manage their businesses. Therefore, human development must be carried out in such a way that human quality can be improved for the sake of economic development, especially by improving the quality of industrial human resources. The main indicators of the analysis of the level of human resources in the region are education and health. In the opinion of  education and health indicators are important because they can explain not only an increase in economic activity, but also an increase in the quality of development. Introduction:
 In its development, the concept of human capital can be described as innate or innate and accumulated abilities or competencies that accumulate over time. Productive working age in the form of capital or other inputs to achieve economic resilience. Another more precise definition states that the concept of human capital is essentially education or intellectual competence and work experience. The term human capital is broadly defined as the accumulation of education, including working age knowledge and skills, which is accumulated through formal education, training, and experience . As stated by  human capital is a very important factor in determining the productivity of an economy. It is believed that two economies with the same amount of labor, physical capital, natural resources, and technology will produce different results if the quality of human resources is different. Introduction:
 The return on investment in human capital through education is based on two interrelated channels: an increase in labor income and an increase in business productivity . There are 2 streams of literature on human capital. The first is an assessment of human capital investment in terms of internal rates of return and the second is in terms of lifetime earnings. There is a trade-off between generating additional human capital and leasing the existing stock of human capital to the labor market. As maintained by  countries with good human resources accompanied by accelerated technological progress are expected to have a higher economic growth rate than countries with limited human resources and lagging technological progress. Therefore, it is very important for the country to continue to strive for the growth of human resources and the development of technological progress. Introduction:
 Income is a type of indicator used to understand or improve people's welfare. Work experience affects workers' income, the length of time working in the same or similar job leads to more knowledge and skills to do their job. The decline in productivity among older workers was more pronounced in jobs that required learning and speed, while in jobs where experience and verbal skills were important. Work experience increases productivity for several years, but there comes a time when further experience is no longer relevant. The decline in productivity among older workers was more pronounced in jobs that required learning and speed, while in jobs where experience and verbal skills were important. The relationship between education and productivity can be reflected in income. Higher education leads to higher productivity and also allows higher income, which indicates earned income."
"Human Capital Development","https://scispace.com/paper/human-capital-development-55jir1k1h4","2010","Journal Article","Social Science Research Network","Hyun H. Son","10.2139/SSRN.1695806","https://scispace.com/pdf/human-capital-development-55jir1k1h4.pdf","This paper has two main objectives. First, it assesses and measures the gaps in the stock of human capital across the world. It presents how effectively different regions are improving their stock of human capital, and how long it will take for developing countries to catch up with the current level of human capital in industrialized countries. Second, it revisits the contribution of human capital to economic growth, proposing a decomposition method to account for employment growth – which is also impacted on by human capital growth – in explaining growth in total output per worker. The proposed methodology introduces employment growth in the growth decomposition through the employment growth elasticity. It is conjectured that as human capital increases, employment growth elasticity will decrease, making the economy less labor-intensive, resulting in higher economic growth. The proposed method points to the importance of the micro linkage between human capital and the labor market.","on economic growth. Second, our estimates do not account for the indirect contribution of human capital in increasing output growth per worker through the generation of employment. This brings us to the next point pertaining to the micro linkage between human capital and the labor market. IX. Summary and Policy Recommendations:
 Human capital impacts economic growth only if it is utilized in the labor market: those who have attained schooling need to be employed so that their skills can be used to produce goods and services. However, there may be a mismatch between the skills taught by the educational system and the skills needed by the labor market, so highly educated workers may end up doing low-productivity jobs. Thus, despite a country's achievements in accumulating human capital through the education system, this achievement may not lead to economic growth and poverty reduction if the labor market is not considered. IX. Summary and Policy Recommendations:
 This is where education policy becomes very important. While each country's needs and conditions are different, a general recommendation arising from this study is that education policy must be closely tied with labor and economic policy. The educational system must not exist in a vacuum; rather, decisions on priorities, curricula, and budget allocation need to be made in line with medium-and long-term development plans. IX. Summary and Policy Recommendations:
 If the country seeks to develop its information technology sector, then the quality of math and science education will need to be improved. Likewise, if a country needs to improve governance and institutions, then civics and history cannot be eliminated from the curriculum. Likewise, development institutions will need to hone education sector strategies to the needs and situation of individual countries rather than propose sweeping one-size-fits-all strategies. IX. Summary and Policy Recommendations:
 Country-specific micro-level studies are needed if one wants to make sensible and relevant policy recommendations. Although the generalizations afforded by macro-level cross-country studies are interesting, they can seldom be applied to specific countries because policy recommendations need to deal with the within-country variations rather than the smoothed aggregates. A comprehensive study of human capital and economic development will need to consider the skills taught in the educational system, the dynamics of the labor market, and the institutions governing the means of production. Appendix: Growth Accounting Methodology:
 Growth accounting measures the contribution of human capital to economic growth by assigning the contribution of various inputs towards outputs. As has been discussed in the study, human capital has direct and indirect impacts on total output growth. For this section, we first discuss one of the ways by which human capital affects the employment growth elasticity. We show that higher levels of human capital leads to more capital-intensive (and hence less labor-intensive) growth in output, and thus a lower employment growth elasticity. This is followed by an exposition of the growth accounting methodology, which applies the concept of employment growth elasticity, used in Section V of the study. Human Capital and Employment Growth Elasticity:
 To begin the discussion, let us define the following identities: Human Capital and Employment Growth Elasticity:
 is the growth rate of output, where Y is total output"
"Return on training in knowledge-based economy: review and analysis of existing approaches to evaluation of training outcomes","https://scispace.com/paper/return-on-training-in-knowledge-based-economy-review-and-2qo7e3cwer","2011","Posted Content","Research Papers in Economics","Vladimir Ermakov","","https://scispace.com/pdf/return-on-training-in-knowledge-based-economy-review-and-2qo7e3cwer.pdf","Various studies report that in knowledge-based economy the company’s sustainable growth and prosperity depend on its highly educated and skilled employees. Having identified a positive correlation between investments into personnel training and development, and the bottom-line results, organizations pump millions of dollars into human resources and, therefore, want to estimate payback of such huge investments. In order to justify training costs, especially during a downturn, training professionals should be aware of current training evaluation techniques and master the language of numbers for successful communication with financial department and top management. Basing on the review of dozens of books, articles and reports dedicated to the training evaluation, this paper analyses the existing approaches to estimating return on investments into training and development programs. This study highlights the traits of up-to-date methods for estimating return on training, identifies their weaknesses and outlines the areas for further research of this challenging subject.","ECONOMY: REVIEW AND ANALYSIS OF EXISTING APPROACHES TO EVALUATION OF TRAINING OUTCOMES Authors: Vladimir Ermakov,Dba Keywords: Return on training, ROI of training, training evaluation, knowledge management, human resources INTRODUCTION:
 In general, a topic of return on investments (ROI) into human capital, and, in particular, payback from corporate education aiming at employees' training and development attracts a growing attention of top management. It can be explained by two main reasons: firstly, highly skilled and educated staff is a key successful factor for knowledge-based economies and, secondly, considerably increasing expenditures on personnel training programs. INTRODUCTION:
 The purpose of this paper is to study a current status in the area of training evaluation and calculating ROI of training and development programs in order to identify a gap between existing theories, methodologies, models, approaches and new models and tools required by training professionals and business practitioners that would allow them to calculate adequate and realistic ROI estimates before any human, financial and time resources for a particular training program have been allocated. INTRODUCTION:
 The paper reviews 50 various books, articles and reports on the training evaluation, analyzes the existing approaches to estimating ROI into training and development. In conclusion, it highlights the traits of up-to-date methods for estimating return on training, identifies their weaknesses and outlines the areas for further research of this challenging subject. LITERATURE REVIEW AND ANALYSIS:
 The reviewed sources are quite diverse and range from general and descriptive articles stressing the importance of training evaluation process to the reports on the real projects initiated by companies for estimating ROI of training and development activities. All reviewed literature has been grouped into five sections: Importance of training evaluation:
 Cost-Benefit Analysis Measuring tangible training costs and business outcomes Methods and models for quantifying educational expenditures and benefits ROI Case Studies:
 Importance of training evaluation  reports that in knowledge-based economy the key element of wealth generation is company's people, and more than half of the corporate expenditures are personnel-related. ROI Case Studies:
 Therefore, it becomes natural that more and more companies are eager to evaluate and to measure ROI into employees. The author underlines the positive correlation between investments into staff and company's bottom-line results. However, at the moment majority of organizations are not able to solve this challenging task due to the complexity of measuring such intangible effects and a lack of proper metrics and approaches. Nevertheless,  concludes that measuring the ROI of human capital is an emerging science, and company must develop their own metrics and solutions in calculating ROI in employees. ROI Case Studies:
 'Although it is increasingly recognized that human resources are crucial for the competitiveness and economic success of firms, research has paid scant attention to economic aspects of such resources. Major parts of the human resource management literature, and in particular the human resource development literature, have been dominated partly by psychological approaches and partly by prescriptive, practical approaches. These are of course important for the development of the field but only to a limited degree do they allow for investigation of economic aspects of human resources on the firm level' .  highlights the importance of the evaluation and states that very often 'program evaluation data are collected and then left on someone's shelf or in a computer file'.  reports that training evaluation is very complex task educators are facing. There are various evaluation techniques that range from such notions as 'good' and 'bad' to more systematic measurement approaches such as questionnaire."
"Economic Returns and Risks to Investment in Education: An Application of the Multifactor CAPM","https://scispace.com/paper/economic-returns-and-risks-to-investment-in-education-an-2qfu8xx5kd","2011","Posted Content","International Journal of Business and Economic Sciences Applied Research","Antonios Athanassiadis","","https://scispace.com/pdf/economic-returns-and-risks-to-investment-in-education-an-2qfu8xx5kd.pdf","Considering the investment in education as uncertain financial decision making we modify the short-cut method of calculating rates of return to education by incorporating the risk premium. Recognizing that market risk isn’t the only factor affecting returns, we estimate the returns to education in fifteen member - states of the European Union and the Organisation for Economic Co-operation and Development during the period 2005 – 2007 as seen from a macroeconomic point of view using Multifactor CAPM. Following this model we assess, except market risk, the impact of three key macroeconomic variables (investments, productivity and unemployment) on returns and, using panel data regression techniques, we investigate whether this holds true with respect to investment in education. We also evaluate the risk – adjusted performance of investment in education and the role of returns as well as that of the key macroeconomic variables to economic development. The results tend to confirm the theoretical expectations and empirical literature. The purpose of the present study is twofold: first, to estimate the relationship between education returns and risk and second to measure the impact of return and key macro factors on real GDP growth rate, therefore casting light in the channels through which the economic growth can be affected.","of human capital holds that investment in education directly augments individual productivity and, therefore, earnings . Productivity has been initially quantified by and in the form of anticipated increase in future earnings either as a result of general education or firm -specific training. Economic Returns and Risks to Investment in Education::
 Educational investment may not only result in increasing the educational level and returns of the labour force, but also in greater productivity of physical capital and more efficient management. The positive relationship between returns and productivity is not surprising in view of the marginal productivity theory of labour economics. Economic theory says that the wage a worker earns, measured in units of output, equals the amount of output the worker can produce . Economic Returns and Risks to Investment in Education::
 On the contrary, the phenomenon of unemployment has a negative influence on the returns of investment in education as corollary of the ""wage curve"". The wage curve is a stable, negative relationship between unemployment and pay level. Through random samples of nearly four million people from sixteen countries,  find that the local unemployment rate affects pay level such that ""A worker who is employed in an area of high unemployment earns less than an identical individual who works in a region with low joblessness"" . Their major finding is that the log of wages is a monotonically decreasing and convex function of local unemployment rates. The elasticity of pay with respect to unemployment -that is, the percentage amount that pay will change as unemployment changes -is minus ten percent (-0.10). Therefore, hypothetically, a region with an unemployment rate one percentage point higher than another region will have wages that are ten percent lower. Hence, our empirical findings are in line with this theoretical setup. Returns of Investment in Education, Income and Savings:
 It is well known that savings from income of households and individuals are potential investments and contribute to economic development . A considerable part of the increase in national income caused by improved human capabilities is attributable to the increased level of education of the labour force, while the rise in the educational level or standard of the labour force is indirectly demonstrated by the increase in the stock and return of educational capital. The increase in the stock of educational capital brings a corresponding increase in its economic return from education. This increase in economic return from education contributes in its turn to the increase in national income and gross national savings. Moreover,  in his lattermost work stressed the role of education in decisions pertaining to savings and investments. Returns of Investment in Education, Income and Savings:
 Thus, the economic return from increases in educational capital may be assumed to represent the contribution of education to the increase in the national income and gross national savings. For this reason, we consider the causality issue for the variables returns and savings using Granger Causality test as a measure of precedence and information content 14 . The empirical results, given in the Table , can be considered as simple indication that there is causality among returns and savings. The returns from investment in education affect savings and this effect is statistically significant."
"Education and Productivity.","https://scispace.com/paper/education-and-productivity-1uhif4q45e","1971","","","Theodore W. Schultz","","https://scispace.com/pdf/education-and-productivity-1uhif4q45e.pdf","","DESCRIPTORS Cost Effectiveness, *Education, *Educational Economics, Educational Finance, Human Capital, *Investment, *Productivity, Publications, *Resource Allocations IDENTIFIERS *Economic Growth, Efficiency, Equity, Private Benefits, Social Benefits Part A. EDUCATION AND GROWTH:
 The services of laborunskilled. skilled, including all technical and professional workersaccount for about four-fifths of the output of the U.S. economy and the rest comes mainly from the productive services of physical capital, i.e., (tom structures. equipment and land. The acquired skills of labor account in turn for most of the services of xtbor. The contribution of ""brute labor-to production is small and it is diminishing. Thus, a head count of laborers that fails to reckon the value of skills is a very imperfect measure because it does not take account of the difference in the skills of laborers. Moreover, these skills have become increasingly important in explaining the growing abundance of the goods and-services. Part A. EDUCATION AND GROWTH:
 My approach to the role of educAation in growth tests on the following propositions: (1) Increases in output come predominantly -front the growth in real factor inputs and only to a minor extent from ""total factor productivity'. (2) The growth in the produc- tive services per laborer is mainly a'consequence of additional skills. (31 Lei eases in the general level of skills are attained slowly and, as a rule, graduall' over tune; they are in this sense long run developments and not to be had either quickly or suddenly. (41 The acquisition of skills that account for the additional quality of labor over time conic in large part from schooling and education and associated activities. ( The acquisition of these skills is in essence an invest- ment in human capital and its contribution to output depends upon the ammitt of the investment and upon the realized rate of return. The Evidence:
 The extension of economics in analyzing human capital is of two basic parts. The ""capital'. part rests on the proposition that certain types of expenditures create productive stocks embodied in man that provide services for future periods.  These services consist both of personal satisfactions that accrue directly to the person and of productive services that enhance his earnings. The other part of this exten- sion of economics is the development associated with the allocation of ""time"" by Becker (1965 O an outgrowth of the-role that earnings foregone plays in the formation of human capital and in a wide array of nomnarket activities. The Evidence:
 The core of fiat available evidence can be summarized by presenting the rate of return estimates. It is these rates of return that reveal what schooling and higher education are contributing per dollar of investment to growth. In general, they show that the rate of return to higher education it ow additional earnings is approximately in line with the rate of return in the economy taken in its entirety even though the personal satisfactions that. accrue to students from their education over their life time are not taken into account. High school ranks higher by this test and elementary schooling is at the top as the following estimates show."
"China’s Human Resources Development: Recent Evolution and Implications for the Global Market","https://scispace.com/paper/china-s-human-resources-development-recent-evolution-and-k43jsq2l95","2013","Posted Content","Social Science Research Network","A.Pontiggia Apontiggia
Lala Hu
M. Sarvognan","","https://scispace.com/pdf/china-s-human-resources-development-recent-evolution-and-k43jsq2l95.pdf","Our purpose in this article is to develop a framework for studying organizational arrangements used by Chinese Global firms in allocating work and managing human resources in the international context. Our framework based on human capital theory, transaction cost economics, and resource-based view of the firm investigate four factors: institutional, demographic, legislative, and educational changes in China, drawing some of the main challenges in Human Resources Management (HRM) for both Chinese and foreign firms. The paper contains a brief review of literature concerning the role of human capital in economic growth, then it focuses on the recent evolution of the Chinese labor market, and finally, it draws some implications for human capital management in China from global point of view. Our general framework contribute: first, to the formulation of research hypothesis of convergence (or divergence) of HRM practices in global markets, second, it emphasizes the relationship between the institutional and country's specificities of labor market and the HRM, and last it shows some effects of institutional policies and reforms on the quality and the availability of human capital China. These three points seem to support a broad idea of competitiveness based on labor market efficiency and how the internationalization strategies depend on the sources of human capital.","labor market may incentive or not the development of specific skills and knowledge increasing the convenience of the so called ""internal labor market"" (ILM). These effects concern decisions to internalize or externalize employment, which are affected by the labor regulations. DISCUSSION:
 The economic and organizational perspectives analyze the expected returns of employee productivity and the contribution of employees' skills to the firms' core capabilities. Some open questions regard how the labor market reform influence the creation and allocation of human capital in terms of generic or specialized skills, transferability and complementarities of skills. Moreover, what are the incentives to invest in employee skills and how these investments may contribute to future productivity? The human capital theories suggest to investigate deeply labor market transformations such as the recent Chinese labor reform in order to measure the short and long term effects on: i. the labor costs relative to the return on investment for developing employee skills and competences; ii. the boundaries and protection from the transfer of human capital investments to other firms; iii. the distribution of costs and investments of skills development among different economic subjects such as firms, workers, institutions and state."
"The Role of Education in Preparing Graduates for the Labor Market in the GCC Countries","https://scispace.com/paper/the-role-of-education-in-preparing-graduates-for-the-labor-5dd3kd1xhy","2010","Book","Social Science Research Network","Lynn A. Karoly","10.7249/WR742","https://scispace.com/pdf/the-role-of-education-in-preparing-graduates-for-the-labor-5dd3kd1xhy.pdf","Reviews trends regarding the role of education in the labor market and then considers the implications for education in the countries of Bahrain, Kuwait, Oman, Qatar, Saudi Arabia, and the United Arab Emirates.","affects growth, while under the second hypothesis, it is the stock of human capital that drives economic growth. The reverse causal relationship could also hold if anticipated increases in economic growth in the future lead to increases in educational attainment (see, for example, . Economywide Benefits of Educational Investments:
 An equally active empirical literature has looked for support of the two hypotheses for the social returns to education as has considered the private benefits in the form of earnings (see , for a review).  In the context of the first hypothesis, economists have examined the empirical relationship between growth in a country's stock of human capitaltypically measured by a country's average level of education-and economic growth. Historical analyses for the United States, for example, indicate that the growth of human capital during the 20 th century contributed about 0.3 percentage points per year to economic growth . Such estimates from simple growth accounting may understate the contribution of the growth in human capital to economic growth to the extent that a more highly educated workforce also makes capital more productive, the second hypothesis . Economywide Benefits of Educational Investments:
 While no clear consensus has emerged regarding these competing hypotheses, education is nevertheless viewed as making a sizeable contribution to economic growth . In their review and reanalysis of cross-country data,  conclude that evidence in favor of the second hypothesis rests on assumptions not supported by the data. Their estimates, which support the first hypothesis, suggest that the social returns to education are at least as high as the private returns, although their estimates of the social returns may be biased upwards due to reverse causality. Economywide Benefits of Educational Investments:
 Other macroeconomic analyses suggest that it is not only the quantity of schooling that matters but the quality as well.  find that the quality of school as measured by math and science scores have a positive impact on economywide growth rates that exceeds that for the quantity of schooling. In their analysis, one standard deviation in test performance leads to a one-percentage point difference in the annual growth rate of real per capita GDP. Over a 50-year period, a one-percentage point difference in growth rates, for example 2 percent versus 1 percent, results in incomes that are higher by 64 percent . Thus, small differences in growth rates have a large cumulative impact over the long run. EDUCATION AND THE LABOR MARKET IN THE GCC:
 As discussed in the prior section, there is both a theoretical expectation and empirical evidence that education plays a role in the labor market through its contribution to skill formation. On the supply side, individuals have an incentive to acquire more human capital because of the future economic return. On the demand side, a variety of factors have converged to demand an even more educated workforce in the 21 st century. EDUCATION AND THE LABOR MARKET IN THE GCC:
 With this background, we now narrow our focus to the role of education in the labor markets of the six GCC countries. We begin by examining patterns of education enrollment, which reflect the human capital investment through education for cohorts that have yet to reach adulthood. Overall educational attainment is also considered, as it provides one measure of the stock of human capital available to an economy at any given point in time. We then consider evidence of the quality of the educational experience of current students by examining evidence from international education assessments, as well as the degree fields for university graduates."
"Access to post-compulsory education and training: economic, sociological and political determinants and remaining research gaps","https://scispace.com/paper/access-to-post-compulsory-education-and-training-economic-1zan5og34r","2007","Journal Article","Comparative Education","Manuel Souto Otero","10.1080/03050060701611961","https://scispace.com/pdf/access-to-post-compulsory-education-and-training-economic-1zan5og34r.pdf","This paper presents a review and assessment of existing theoretical accounts to explain differentials in access to education and training in advanced economies. These theories tend to focus on the analysis of the influence of a set of economic, sociological and political variables on access to education. Existing theories are criticized on two grounds. Firstly, they seldom take into consideration the crucial role of political‐institutional factors, and in particular, welfare states’ actions through direct investment and regulation in shaping access levels. Secondly, they focus narrowly on the analysis of different stages of education and training, and this does not reflect the current policy emphasis on lifelong learning. The paper concludes with an outline of a future research agenda to address these gaps, and also calls for a more rigorous analysis of the weight of the different factors affecting access.","risen steadily over the last century and adoption of innovative technological productive techniques has been consistently correlated with higher demand for education and training since it leads to an accelerated process of skill obsolescence , most of which is in agreement with Kerr""s seminal arguments. Economic development:
 Convergence theories, however, have suffered a number of difficulties in empirical tests. Firstly, we are still far from universal education at the highest levels. Moreover, some industrialised countries have developed their education and training systems only after less industrialised countries have done so, which questions the validity of convergence theories. The UK, for instance, expanded its higher education system only after less industrially developed countries, like Israel, had done so. Some industrialised countries may be ""locked"" in path-dependent low skills traps in various economic sectors, whilst providing training and higher skills levels for only a minority. They may ""rationally"" decide not to improve the skills levels of their population and use their low skills/ low pay population as a competitive advantage in international markets . Economic development:
 Convergence theories, then, are not well equipped to explain the complexities of different competitive strategies and the implications that they have for the demand of skills in the economy and by individuals. Returns to education:
 A second economic variable to explain levels of access has been suggested by human capital theory. The main concern of economists working within the framework of human capital theory has been with the analysis of the relation between education and training and individual earnings, firm competitiveness and national economic growth. Returns to education:
 Formalised in the 1960s and 1970s in the work of  human capital theory has established itself as one of the most prominent theoretical frameworks for the analysis of the interaction between education and training and labour markets. The theory proposes a straightforward link between investments in education and training, skills and productivity. Investment in education and training, according to human capital theory, can be analysed similarly to any other investment. Additional education and training leads to additional individual skills, which in turn can be transformed into additional labour outputs as well as individual and social economic returns. Returns to education:
 The key question in Becker""s seminal research was whether the level of investment in human capital in the USA in the 1960s was optimal or not, but since the theory assumes that increases in education and training will lead to increases in individual productivity which, in turn, will be reflected in higher wages, human capital theory also provided a theory for individual, and also household, demand for education and training. Returns to education:
 Human capital theory infers demand for education from the rate or return to educational investments. Educational investment is worthwhile and will be selected if the rate of return exceeds the capital cost -in this case time and money-and the returns of alternative investment opportunities (opportunity cost to investment). Returns to education:
 Equally, employers will offer their employees possibilities for education and training if this results in higher productivity. Since their employees are subject to poaching, employers will only finance training which develops firm-specific skills. Employees will be willing to pay for training which enhances their general skills and makes them marketable not only in the company where they work but also in other companies ."
"Higher Education Externalities in Egyptian Labor Markets","https://scispace.com/paper/higher-education-externalities-in-egyptian-labor-markets-20nwef6i24","2013","Posted Content","Advances in Management and Applied Economics","Hanan Nazier","","https://scispace.com/pdf/higher-education-externalities-in-egyptian-labor-markets-20nwef6i24.pdf","Augmenting a Mincerian earnings function with governorate level data, this paper estimated the external return to higher education for individuals in Egypt in 2010. The results suggested that these externalities are negative and exist only for female workers, while for males these externalities were again negative but statistically insignificant. A unit increase in governorate average higher education is associated with a 68% decrease in females’ hourly wage. This could be explained by the fact that education degrees are simply used as a device to signal higher ability without raising productivity. Another reason could be excess supply of higher education graduates in the Egyptian labor market. These results have been tested through a number of robustness checks. Results survived to the introduction of individual and governorate level variables; it is not due to imperfect substitutability across workers; it still holds when treating local human capital as endogenous variable and instrumented it.","Egyptian Labor Markets Authors: Hanan Nazier Keywords: JEL Classifications numbers: I20, J31, J24, D26 Human capital, Returns to education, Spillovers from education, Education externalities, Higher education, Wages Introduction:
 With the emergence of the concept of ""knowledge-based economy"" and the endogenous growth models in the mid-1980s, the critical role of education and human capital accumulation in achieving sustainable economic growth, higher living standards and equality in income distribution gained greater emphasize  . These endogenous growth theories highlighted the notion of education as a capital good. They attached a high premium to human skills as a factor of production in the development process. Because education plays the most important role in the creation and improvement of human capital, its significance and importance to economic growth and development were well recognized  . Accordingly, education as a form of investment became a well-established and generally accepted idea. Like all investments, investment in education, can be judged in terms of their returns. Introduction:
 These endogenous growth theories introduced education externalities as an engine for economic growth. They argued that returns to education might not be restricted to the private returns, which is the benefits to the individual himself, but may spill over to others in the same firm, industry, region or economy in what is known as the external returns to education . Introduction:
 Individuals benefit from education in the form of increased labor productivity and hence higher wages or earnings. Beside these economic benefits other noneconomic benefits of education can be identified, these include the impact of education on personal health, capacity to enjoy leisure and so on . Introduction:
 In addition to this individual benefits, education yields benefits for the society in what is known as externalities or human capital spillovers.  suggested that human capital spillovers may help explain differences in long run economic performance of countries. A high level of average human capital may favor the diffusion of knowledge among workers through interaction; hence, a worker's schooling enhances his or her own productivity as well as those of coworkers. More recent models built on this idea by assuming that individuals 195 enhance their human capital through pair wise meetings with more skilled neighbors at which they exchange ideas . Others focused on the importance of research in promoting technological innovation and productivity, the public good nature of the research and the resulting positive externalities in the form of knowledge spillovers . Finally, human capital spillovers may arise because the general level of education in the workforce make it profitable to invest in new technologies by facilitating the discovery, adaptation and use of more economically rewarding, though technologically more demanding and knowledgeintensive, production processes . Introduction:
 Besides these economic benefits, there are other noneconomic communitylevel benefits from education. These include improving social equity, strengthening national cohesiveness, lowering crime rates and so on . Introduction:
 Not underestimating the importance of the noneconomic benefits of education, this paper follows Locus 1988 approach and focuses on economic human capital externalities that occur in production and affect wages. Introduction:
 The existence of these externalities is considered a main argument for government subsidization of education ; . These externalities create a wedge between social and private returns to education. Consequently, individuals cannot reap all benefits from their educational investments, which may lead to underinvestment from a social viewpoint. Government subsidization of education will reduce the gap between private and social returns, so that the individual incentives to invest in education are no longer distorted ."
"Regional variability in the impact of human capital on regional growth","https://scispace.com/paper/regional-variability-in-the-impact-of-human-capital-on-p34kl3wcv3","2008","","","Enrique López-Bazo
Rosina Moreno Serrano","","https://scispace.com/pdf/regional-variability-in-the-impact-of-human-capital-on-p34kl3wcv3.pdf","The first objective of this study is to furnish new evi- dence concerning the aggregate profitability of the accumulation of human capital. In addition to the traditional measure of the re- turn to human capital, combining the information on its shadow price with the social cost of providing education allows us to con- firm the profitability of human capital investments as a tool for promoting economic growth. The possibility of obtaining estima- tions of these effects for each Spanish region enables us to em- pirically evaluate the amount of heterogeneity across economies in the effects of human capital. As a second objective, we provide evidence on the indirect effect of human capital in making private capital investment more attractive. Among the main explanations for this process, we observe that higher worker skill levels enable higher returns to be extracted from investment in physical capital.","country. Relating this effect to the level of development attained by each regional economy as well as the existing endowment of human capital, a trend is observed for the economies with the lowest levels of productivity to benefit most from the accumulation of this factor. CONCLUSIONS:
 Similarly, the negative relationship of the return with the existing stock of human capital suggests that no conflict was caused when using the stimulus for investment in education in the less developed regions as a development policy measure, given that the objectives of efficiency and equity are simultaneously met. Thus, such heterogeneity in the aggregate return and social profitability of human capital should be considered when supporting and financing education as a tool for development policy. CONCLUSIONS:
 Positive and non-negligible aggregate returns to human capital in the Spanish economy in the last few decades support a direct effect of worker education on aggregate productivity. But in addition, we have also detected a significant indirect effect through the stimulation of private investment in physical capital. From our results, we can conclude that the stock of human capital available in the economy exerts a beneficial effect on returns to physical capital, in such a way that it might well offset the traditional mechanism of decreasing returns. Therefore, improvements in the endowment of human capi-tal in an economy would make investment in physical capital more attractive in such an economy. CONCLUSIONS:
 The evidence reported in this study reveals that, on average for the last two decades, each additional year in the level of workers' schooling caused a 19% increase in the optimum stock of physical capital in the Spanish economy. Accordingly, we have also shown that returns to physical capital would have been much lower had the endowment of human capital increased at a slower pace. The implications of these results are then obvious. Human capital accumulation in Spain must have stimulated investments in existing firms, and helped improve its ability to attract new business and fight against the process of delocalisation towards economies with lower costs of production. CONCLUSIONS:
 The lessons obtained from the Spanish case can be useful for the design of development and competitiveness policies in other economies. They also support public policies aimed at promoting improvements in human capital endowment, given that individuals are not aware of the indirect effect that their investment in education might have on aggregate productivity, through induced additional investment in physical capital. In the absence of such policies, there is likely to be underinvestment in human capital. CONCLUSIONS:
 Whatever the case, there are a number of aspects arising from this study which need to be analyzed in greater detail in future studies. First, one could obtain measures of the profitability of investment at different levels of education. Here, we have considered the shadow price as being homogenous for all levels of education; however, it would be interesting to check whether the effects may differ significantly from one level to another. On the other hand, as we have not included the opportunity cost of school attendance (foregone wages), our measure of the cost of education might be underestimating the real price of educational human capital investments. It might be of interest to include this opportunity cost as well as to consider some other elements linked to the level of education that have not been taken into account in the present analysis such as the change in the probability of being employed and the increase in taxes associated to higher wages. Undoubtedly, they might have a role when measuring the aggregate profitability of educational investments."
"Curriculum planning in community colleges and the emerging technological economy.","https://scispace.com/paper/curriculum-planning-in-community-colleges-and-the-emerging-1g29c72a6e","1991","","","James M. Connolly","","https://scispace.com/pdf/curriculum-planning-in-community-colleges-and-the-emerging-1g29c72a6e.pdf","CURRICULUM PLANNING IN COMMUNITY COLLEGES AND THE EMERGING TECHNOLOGICAL ECONOMY FEBRUARY, 1991 JAMES M. CONNOLLY, B.S., BOSTON COLLEGE M.U.A., BOSTON UNIVERSITY M.P.A., HARVARD UNIVERSITY Ed.D., UNIVERSITY OF MASSACHUSETTS Directed by: Professor Robert Wellman This study examined curriculum planning strategies at four Massachusetts community colleges: Massachusetts Bay Community College, Bunker Hill Community College, Roxbury Community College and Middlesex Community College. This examination was done through an interview process conducted throughout 1990. The interviewees were three knowledgeable officials at each of the four community colleges. The interviews were conducted in person and lasted approximately two hours each. It was the goal of the interview process to have interviewers respond to a number of questions related to the planning strategies used currently in the context of curriculum development, labor force preparation, and the emerging technological economy and questions related to planning strategies being contemplated for the future in the context of curriculum development, labor force preparation and the emerging technological economy.","labor because decision-making is shared by some many interests including faculty, deans, chancellors, regent bodies, state legislatures, governors, administrative committees, and sometimes even voters. Human Capital: The business community is an important interest group. Human Capital:
 Student demand seems to be the most active force in shaping higher education programming eventhough this may not be the most reliable Human Capital:
 indicator of what the economy needs. Human Capital:
 economy allocates In -°es Co1 lege Matter, Solomon explains how the college trained manpower. Human Capital:
 When shortages develop in a field, wages rise, and students respond to such changes by choosing major fields. Human Capital:
 However, the market response would be very slow if, for example, the shortage field is a new one and academic departments are not organized to educate new entrants. Human Capital:
 The cost to the economy could be high if the adjustment period is delayed. Human Capital:
 Another Carnegie study  discusses that complicating higher education programming is the fact that student skills have been declining. Human Capital:
 Colleges have had to devote considerable resources to remedial and compensatory programs to meet basic skill requirements. Education and Jobs;:
 The Great Training Robbery, by Ivar Berg, asserts that improvements in the marketability (quality) of labor is a major source of economic growth. Improvements come about through training and education which makes two fundamental contributions to economic development: Education and Jobs;:
 (1) New techniques and ideas flow from higher levels of education. Education and Jobs;:
 These new techniques can be embodied in human capital, which in turn determines the rate at which the economy expands. Education and Jobs;:
 The more rapidly labor quality is improved and skills given to members of the workforce, the more easily the economy adjusts. Education and Jobs;:
 Fritz  points out that all levels of education have been found to improve the quality of labor through better hygiene, better working habits and discipline, improved skills, better comprehension of work requirements, prompt reaction to job situation changes, and increased capability to move into more productive occupations when opportunities arise. Education and Jobs;:
 Grant Venn in Mann, Education, and Manpower cities numerous studies that have been conducted by economists in recent years designed to quantify the link between education and economic growth. Education and Jobs;:
 A body of economic analysis has emerged from these efforts through: Education and Jobs;:
 (1) determination of the relationship between expenditures in education and growth in income^ Education and Jobs;:
 (2) the residual approach in determining the contribution of education to the Gross National Product (GNP); and Education and Jobs;:
 (3) the calculation of the rate of return from expenditures in education. Education and Jobs;:
 From these analyses, economists have estimated that between 20% and A0/o of our economic growth is the result of expenditures for schooling. Education and Jobs;:
 In Urban Economics, David Rasmussen presents the view that education is an investment in human capital that yields a benefit stream in the form of increased income to individuals throughout their lives and increased productivity to the overall economy. Education and Jobs;:
 A method of analyzing these human capital decisions is described in Net Present Education and Jobs;:
 E is an increase in earnings as a result of increased schooling. C Education and Jobs;:
 is the cost of acquiring the schooling including the opportunity cost of forgone earnings."
"The risk-return trade-off in human capital investment","https://scispace.com/paper/the-risk-return-trade-off-in-human-capital-investment-21s53oauwq","2007","Journal Article","Labour Economics","Charlotte Christiansen
Juanna Schrøter Joensen
Helena Skyt Nielsen
Helena Skyt Nielsen","10.1016/J.LABECO.2007.06.001","https://ftp.iza.org/dp1962.pdf","","Risk-Return Trade-Off in Human Capital Investment Authors: Charlotte Christiansen,Juanna Schröter,Helena Skyt Nielsen (Corresponding Author) Keywords: educational choice, efficient frontier, human capital investment, mean-variance analysis Introduction:
 Since the human capital revolution around 1970, economists have viewed education as an investment as well as a consumption good. The standard approach assumes that the individual invests an amount of time in education and then the return shows up in terms of enhanced future earnings. Hence, two individuals with identical abilities and borrowing opportunities would choose identical lengths of education. We extend this standard approach and allow the individual to choose between different educations (of varying length and subject) leading to future income streams with different properties in terms of means, variances, and covariances with the stochastic discount factor. We denote these different investment goods human capital assets. Hence, two individuals with identical abilities and borrowing opportunities might now choose different educations if they differ in terms of utility over risk and return. The main purpose of this paper is to shed more light on the risk-return trade-off in human capital investment as estimated from a rich dataset on individual incomes and education. Introduction:
 Relatively little is known about the properties of human capital returns despite the vast amount of evidence showing the importance of human capital to the structure and evolution of earnings, employment, fertility, and economic growth; see for example  and  for a review. On top of that, human capital has a dominant position in the aggregate wealth portfolio.  estimates the value of human capital to be three to four times the combined value of stocks, bonds, and other assets. For the largest part of (employed) individuals, human capital is the most important component in their wealth portfolio, since financial assets such as stocks are concentrated in the portfolios of the few; see for example  and  who find that few individuals hold stocks, and that individuals' human capital assets affect the stock market participation decision. On the other hand, even large changes in the market value of financial assets will probably not affect the human capital investment decisions of most individuals. This view is also supported by , who points out that human capital is largely unaffected by financial markets' gyrations. Introduction:
 We treat the human capital market separately from the equity market, since our goal is to compare the human capital assets that an individual can choose between rather than relate investment in human capital assets to investments in financial assets. Treating human capital investments separately from financial investments complies with the early empirical findings that human capital does not influence the findings regarding stock returns in the CAPM framework, cf.  and . Newer studies provide contradictory results:  confirms the earlier results because he finds that the dividend growth rate is hardly predictable by the ""labor income-dividend"" ratio. On the contrary,  find that a time series of aggregate labor income helps predict future stock returns. Likewise,  tends to contradict the earlier findings. He investigates the effect of human capital in the conditional CAPM framework, and finds that human capital returns help explaining the cross-section of financial asset returns. Furthermore,  finds that human capital assets have higher return per unit of risk than financial assets. We take no stand in this debate about the interrelationship between returns to human capital and financial assets because we treat human capital investments as separate from financial investments."
"Impact of education and training : third report on vocational training research in Europe, background report","https://scispace.com/paper/impact-of-education-and-training-third-report-on-vocational-2r2xo8mm30","2004","Book","","Pascaline Descy","","https://scispace.com/pdf/impact-of-education-and-training-third-report-on-vocational-2r2xo8mm30.pdf","'The value of learning' is the third in the Cedefop series of reports on vocational education and training (VET) research. It covers three broad themes: impact of education and training; the foundations of evaluation and impact research; and evaluation of systems and programmes. This volume of the background report addresses research work assessing the material and non-material impacts of education, training and skills at macroeconomic and regional level, and the impacts on enterprises and individuals. It includes case studies on the impact of active labour-market policies (ALMP) with training components, in terms of both effects for the economy and for social integration. The contents are: The impact of human capital on economic growth: a review / Rob A. Wilson, Geoff Briscoe; Empirical analysis of human capital development and economic growth in European regions / Hiro Izushi, Robert Huggins; Non-material benefits of education, training and skills at a macro level / Andy Green, John Preston, Lars-Erik Malmberg; Macroeconometric evaluation of active labour-market policy - a case study for Germany / Reinhard Hujer, Marco Caliendo, Christopher Zeiss; Active policies and measures: impact on integration and reintegration in the labour market and social life / Kenneth Walsh and David J. Parsons; The impact of human capital and human capital investments on company performance: evidence from literature and European survey results / Bo Hansson, Ulf Johanson, Karl-Heinz Leitner; The benefits of education, training and skills from an individual life-course perspective with a particular focus on life-course and biographical research / Maren Heise, Wolfgang Meyer.","sufficiently long time periods to facilitate econometric time series analyses. For developed countries over more recent years, cross-sectional and time series data have been combined into panel sets to enable a more comprehensive testing of the relationship between human resources and economic growth. Conclusions:
 Overall, these growth models demonstrate that higher educational investments have had a significant impact on national economic growth. Broadly, the weight of evidence suggests that a 1 % increase in school enrolment rates has lead to an increase in GDP per capita growth of between 1 and 3 %. An additional year of secondary education, which increases the stock of human capital, rather than simply the flow into education, has lead to a more than 1 % increase in economic growth each year. The results vary considerably, depending upon details of model specification and the precise data sets in use. Issues dealing with the robustness of such results are widely discussed. Almost all these growth models use only a limited set of educational variables to proxy human resource input and they do not incorporate any vocational training or social capital variables. Conclusions:
 Market valuation literature is an area concerned with the factors that determine the growth of individual companies and so, indirectly, the overall economy. Research studies in this area are concerned with how intangible assets, such as technical knowledge, influence potential performance and net worth. These are intimately tied to investment in education and training, as well as skills, which may often be a necessary, if not sufficient, condition for improving such intangible assets. Research and development, patents and intellectual capital are key determinants of corporate market value. Conclusions:
 Further studies relate to the links between education, training, skills and economic performance. This is concerned with company size and the structure, conduct and performance. Many studies have emphasised the role of the small firm in economic growth. Such small firms are an extremely heterogeneous group that have markedly different training needs from those of their larger counterparts. There is often far less emphasis on educational and training qualifications in small firm environments. Empirical research studies suggest that conventional theories of company behaviour ware far too simplistic for explaining the goals and aspirations of these smaller organisations. Conclusions:
 The final strand of literature deals with some of the indirect effects of investment in human resources that are not normally captured in measured national economic growth. Such spill-overs and externalities can be technological, spatial or environmental. Each can contribute significant social gain. Many of these effects are found to be related to other areas covered in this review. The spatial externalities, that embrace city dynamics, demonstrate how geographical clustering of businesses employing highly qualified workers can produce high productivity and strong local economic growth. Environmental spill-overs are often related to health and life expectancy, which typically increase in consequence of higher levels of education. Some policy implications:
 The overall conclusion from this body of work is that the impact of investment in education and training on national economic growth is positive and significant. However, its total effect is difficult to measure with any precision, as many of the influencing mechanisms are indirect and complex. Education is certainly a key determinant of economic growth for both developed and developing countries: its impact is probably more marked in developing nations. The link between vocational training and economic growth is more difficult to demonstrate at the macro level, mainly because of measurement difficulties associated with training investments. It is easier to see a positive impact from vocational training at company and industry levels, although again these are difficult to quantify precisely."
"The Rate of Return to Investment in Educaton: A Case Study of Lithuania","https://scispace.com/paper/the-rate-of-return-to-investment-in-educaton-a-case-study-of-4c0v1x8tmo","2014","Journal Article","Wroclaw Review of Law, Administration and Economics","Simona Potelienė
Zita Tamašauskienė","10.1515/WRLAE-2015-0014","https://scispace.com/pdf/the-rate-of-return-to-investment-in-educaton-a-case-study-of-4c0v1x8tmo.pdf","According to human capital theory, people invest in education to accumulate human capital, enhance personal productivity, and in return receive higher life-cycle earnings profiles. Education is a form of human capital investment and accumulation. The formulation and identification of human capital may be quite diverse and usually results in different estimation methods for the rate of return to education. This article is focused on approaches to the measurement of the returns of private investments in human capital in Lithuania. We focused attention on studying human capital investment accumulation through the rate of return on higher education. The aim of the research is to estimate the private rate of return to education in Lithuania and compare calculated data with analogical data in other countries. In the first part of the paper the concept of “human capital” is defined, before estimating the returns to human capital. Further, the research methodology is presented. One of the main ways to calculate the rate of returns to investment in education, which is used in empirical practice, is the full-discounting or elaborate method, which consists in calculating the internal rate of return, and it was this method which was employed. Results indicate that the rate of return for males is relatively higher than for females. The average estimated rate of return to higher education is 13 percent; with the estimated return for females being 12,5 percent; and for males 14,9 percent. After comparing Lithuania‘s and other European countries‘ rates of return on investment in human capital, it is seen that rate of return in Lithuania is similar to that of Spain.","identified a person's skills, abilities and personal knowledge as important qualities of people when considering their economic activities. Smith's major contribution to human capital theory was the identification of the economic value of education and apprenticeship in the acquisition of personal knowledge and skills. I. DEFINITION OF HUMAN CAPITAL:
 Human capital can be defined in many ways. This version can be defined as the ability of an individual to generate income by having certain skillset or knowledge or as the knowledge, skills, and experience of people that make them economically productive. According T. W. Schultz , the term ""human capital"" has been defined as a key element in improving a firm's assets and employees in order to increase productivity as well as sustain competitive advantage. G. S. Becker proposed that human capital is the stock of knowledge, skills and abilities embedded in an individual which results from natural endowment and subsequent investment in education, training and experience  . T. O. Davenport considered that human capital was composed of four main factors: ability, behaviors, efforts and time  . M. Lynn proposed that human capital included the skills and abilities posessed by the employees within an organization  . Some definitions of human capital (e.g. Laroche, Merette and Ruggeri 11 ) include innate abilities as well as the knowledge and skills that individuals acquire throughout their lifetimes. J. I. Nakamura defines human capital broadly as labour skills, managerial skills, and entrepreneurial and innovative abilities plus such physical attributes as health and strength  . I. DEFINITION OF HUMAN CAPITAL:
 Through these definitions there is a clear emphasis on human capital as the knowledge, skills and abilities of individuals, and the authors take this as the definition of the concept for the present study. II. INVESTMENT IN HUMAN CAPITAL:
 Human capital theory provides a framework for analyzing educational investment. In human capital theory, education is an investment of current resources in exchange for future returns. Human capital theory asserts that individuals consciously choose to invest in themselves through various activities  . Usually, this is through education and training. The standard approach assumes that the individual invests an amount of time in education, and then the return comes in the form of enhanced future earnings  , i.e. investment in education increases the individual's future earnings. Private investment in [Vol 4:2 education theoretically provides an individual with the higher lifetime income level, social status and personal freedom . As noted by T. Qiu, according to the traditional method of calculating rates of return to investment in education, which is known as cost-benefit analysis, the analysis must commence with the calculation of all costs and benefits involved in this investment  . It is suggested that although in theory it is straightforward, the actual measurement of costs, and especially benefits is difficult to obtain. Based on this, economists have tended to concentrate on the relatively hard evidence relating to benefits that exists in most countries, which is known as the age-earnings profile, that those people with higher levels of education on average receive higher incomes throughout their working lives than people with lower levels of education  ."
"Valuing Publicly Provided Services","https://scispace.com/paper/valuing-publicly-provided-services-3jnk40wklt","2001","Journal Article","Economic Record","John Quiggin","10.1111/1475-4932.T01-1-00024","https://scispace.com/pdf/valuing-publicly-provided-services-3jnk40wklt.pdf","Decisions about expenditure on health, education and other publicly provided services require choices regarding how much of our collective income we should allocate to these services and which services should be given priority. The attempt to answer this question has stimulated many developments in economic theory and practice, from human capital theory to systems of extended national accounts. This paper is a brief survey of some of the most important ideas, with reference to their implications for Australian public policy.","later life. 1 As with other investments, a sacrifice of current income (the goods and services that teachers and students could produce if they were not engaged in education) is accepted in order to generate monetary and non-monetary returns in the future. Human capital:
 In narrow versions of the human capital model, knowledge and skills are valued instrumentally, insofar as they contribute to increased productivity and hence, other things being equal, to higher earnings. However, the human capital model may be 1 An alternative view, that education provides socially unproductive 'screening' services has been popular among advocates of lower education spending. This view is contradicted by a wide range of empirical evidence . Human capital:
 interpreted more broadly, to encompass learning that does not contribute to higher market earnings. A knowledge of, and capacity to appreciate, literature, for example, provides a future consumption stream not reflected in market earnings. Human capital:
 It is also important to assess the extent to which education generates positive externalities, or, equivalently, the extent to which the benefits of education are private, rather than social. The fact that information is a pure public good is a central theme of the 'new growth theory' . It follows that educated individuals can share their information with others at little cost and will therefore generate positive externalities. Of course, 'information is not knowledge'. That is, the benefits of education consist as much in the capacity to acquire and use new information (converting information into knowledge) as in the possession of specific facts. To the extent that the transmission of knowledge requires that both the transmitter and receiver be educated, education is characterised by network externalities. 2 Human capital:
 A good deal of microeconomic analysis based on the human capital model has involved the estimation of earnings equations and the derivation of estimates of private and social returns to education investment. Analysis of earnings excludes both externalities and non-monetary benefits of education, and therefore yields lower-bound estimates of the return to education. Higher estimates of the benefits of educational investment may be obtained from studies of the determinants of economic growth, such as that of . Such studies have found that investment in human capital is consistently and significantly related to subsequent economic growth. Human capital:
 The use of earnings equations and growth accounting models to estimate the benefits of education is discussed further in Section 3. Human capital:
 The analysis of education as a form of investment is well-established in modern economic theory. By contrast, in much current policy discussion, education is treated as 2 I am indebted to Peter Kenyon for this point. Human capital:
 an element of current consumption. This analysis leads to mistaken policy conclusions, such as the view that a reduction in expenditure on education implies an increase in national savings, as suggested by  show that when expenditure on education is correctly classed as investment, the apparent decline in national savings during the 1970s is fully offset by an increase in educational investment. Human capital:
 The analysis of education in terms of investment in human capital may be applied to a wide range of human services including children's services and labour market programs. In particular, active labour market programs have been defended on the grounds that they may offset 'skill atrophy', the loss of human capital in periods of unemployment (Layard, Nickell and Jackman 1991)."
"The Contribution to Economic Growth by Human Capital: The Comparison among BRICs 1","https://scispace.com/paper/the-contribution-to-economic-growth-by-human-capital-the-57xlff2x27","2012","","","Kimiko Uno
Sumire Kobayashi","","https://scispace.com/pdf/the-contribution-to-economic-growth-by-human-capital-the-57xlff2x27.pdf","This paper aims to analyze the relationships between economic growth and human capital in emerging countries, especially BRICs. The human capital has been considered as the major tool for keeping high productivity. Education is likely to have a positive effect on economic growth by increasing labor productivity and leading to a higher level of output. The cost-benefit analysis is found useful to explain the returns of education. However, those results unlikely analyze the quality aspects of human capital. In this paper empirical results show that quantitative achievements less likely promise economic growth by enhancing human capital. In fact, some emerging countries, which achieved the educational attainment set by the government, are still under slow economic growth while others do without meeting educational goal. Therefore, we analyze factors, which contribute to economic growth from the quality and the stock side of human capital.","analyze the relationships between education and economic growth from the view point of the human capital among emerging countries which have already achieved economic growth. This will be the key to explain whether higher education leads to economic growth: the rate of returns to investment in education. I. INTRODUCTION:
 The rate of returns to education less likely refers its quality aspects. Today, EFA is emphasized concerning the quantitative achievements such as enrollment rates. However, such a spread of education is less likely leading to economic growth with the higher human capital. In fact, some emerging countries, which achieved the spread of education, are still under serious poverty, while others have achieved economic growth without achieving the high rate of schooling. Therefore, learning achievements should be focused on productivity growth than on the average number of years of schooling or on enrollment rates. Since 1900s, a number of studies have discussed the relationships between education and economic growth. Recent empirical studies suggest that education is important in facilitating research and development (R&D); in the form of imitation in the early stages, and innovation that requires higher education in later stages.  show that in developing countries, higher education causes wages differential because of the scarcity of human capital as compared to their average education level. Therefore, education promotes economic growth. On the other hand,  state that reverse causation running from higher economic growth to additional education may be at least as important as the causal effect of education to growth in the cross-country analysis, showing that the projection of growth on schooling is fewer than 30%. They claim the opposite opinion that economic growth promotes education. These studies suggest that the relationships between education and economic growth are different across countries. However, studies have not shown the relationships with the consideration of the difference of economic scale across individual countries. I. INTRODUCTION:
 Moreover, studies of returns to education tend to focus individual income and educational level without considering the contribution to economic growth. According to , the higher is the rate of the high education; the lower is its returns, and  remark that there is time-lag between education and economic growth. These indicate that higher school background does not necessarily lead to enhancing the productivity directly. If some factors are found to bring a positive effect on economic growth, it will be used to assign policy priorities to educational or other activities at the expense of taxes and other revenues. II. COST-BENEFIT MEASUREMENT OF EDUCATION:
 As a measurement of cost-benefit analysis 5 of schooling, the internal rate of return (IRR) 6 is commonly used. This method has two kinds of definitions. One definition is called private rate of 5 Cost-benefit analysis is a systematic process for calculating and comparing benefits and costs of a project. On investments as public policy, the government can have a priority to the project being the most benefit based on this analysis. 6 Returns to schooling based on the human capital theory have been estimated since the late 1950s. They indicate the benefits between an individual and a society by measuring of mainly three methods: internal rate of return (IRR), the short-cut and the earning function methods."
"An Empirical Study of Earnings of Immigrants and Native-Born Americans in the U.S. Labor Market Given Different Levels of Educational Attainment","https://scispace.com/paper/an-empirical-study-of-earnings-of-immigrants-and-native-born-j7016ypjbs","2016","","","Gomez Bravo
Yuli P","","https://scispace.com/pdf/an-empirical-study-of-earnings-of-immigrants-and-native-born-j7016ypjbs.pdf","","explains economic growth for periods of time, so it will eventually approach the equilibrium. The production function with decreasing returns to capital is represented by: = (, ). Human Capital: Where, Y is output, K is capital, and L is labor. Human Capital:
 2 Gary Becker, Human Capital: A Theoretical and Empirical Analysis, with Special Reference to Education, 2nd ed. (New York: National Bureau of Economic Research, 1975), 1. 3 Robert M. Solow, ""A Contribution to the Theory of Economic Growth,"" The Quarterly Journal of Economics 70, no.  1 (Feb., 1956): 65-94.  From this starting point, in 1992, Mankiw, Romer and Weil use the analysis of crosscountry data to extend the Solow model adding human capital as factor of production. Human Capital:
 With the data available, the Solow model implied that effects of savings and population growth on income were too large. In the paper, the authors point out that the exclusion of human capital may explain why they appeared too large, mainly for two reasons. Human Capital:
 ""First, for any given rate of human capital accumulation, higher savings or lower population growth leads to a higher level of income and thus a higher level of human capital; hence, accumulation of physical capital and population growth have greater impacts on income when accumulation of capital is taken into account. Second, human capital accumulation may be correlated with savings rates and population growth rates; this would imply that omitting human capital accumulation biases the estimated coefficients on savings and population growth."" Human Capital:
 The model proposed will then turn out to be a Cobb-Douglas production function, at time t, given by: Human Capital:
 Where: Y is output, K capital, L labor, and A the level of technology. Empirical evidence of the extended model shows consistent results with theory when including human capital. Human Capital:
 Further development of economic models that takes into account social attributes like family size and fertility has also pointed out the strong relation between population growth rates and human capital. Human Capital:
 Theodore Schultz showed in his empirical study that one fifth of the increase of national income in the United States between 1929 and 1957 was explained by additional education of the labor force. Human Capital:
 Theory and evidence has shown that investment in education is of benefit for both an individual and to society. The returns on investment for an individual are represented by the future earnings cash flows and to a government by the improvement of society referred to as a better cohesive and well trained labor force. Human Capital:
 For simplicity, the profound meaning of education will be omitted, since it has different definitions according to each country. So to make it as universal as possible the significance or the quality of the education received will be disregarded, and only quantitative aspects will be taken into account for human capital calculations. Human Capital:
 The value of human capital goes further than just a number, since it is transferable from place to place as a different to investment in physical capital. IF an educated individual decides to immigrate he will take with him all the education and knowledge since it is attached to his own self. But in contrast to land, building, equipment, or any physical capital its timeline depends on human lifespan. Once an individual dies the human capital also does."
"Return of Education for Women across Socio-Economic Status: Using Quantile Regression and Machado-Mata Decomposition Methods for Turkey","https://scispace.com/paper/return-of-education-for-women-across-socio-economic-status-1ctnecf7ry","2021","Journal Article","Ege Academic Review","Yağmur Tokatlioğlu
Nükhet Doğan","10.21121/EAB.907367","https://scispace.com/pdf/return-of-education-for-women-across-socio-economic-status-1ctnecf7ry.pdf","","role of education in the economy, has three basic components of human capital investment: innate abilities, information acquired by schooling, and learning on-the-job. Therefore, wage differentials in the market can be explained using the human capital theory in this respect. Human Capital Investment:
 In the economic literature, it is stated that human capital investments have four different effects on the productivity of the labor force. The first of these effects is the individual efficiency-promoting effect of the labor force, which is also called the ""laborer"" effect. In the ""allocation"" effect, which is the second effect, compared to a less-educated labor force, a higher-educated labor force increases the productivity of other production factors faster. The third effect, the ""spillover"" effect, em-phasizes that a better-educated labor force can adapt to technological innovation more and demonstrate new production techniques more quickly. The final effect of human capital on labor productivity is the ""research"" effect. Accordingly, the increase in the higher-educated labor force in the production process will also encourage research and development activities . All these effects are factors that increase factor productivity. Human Capital Investment:
 When we look at the evolutionary development stages of human capital, on the other hand, it is seen that it has a branch that establishes a relationship between human capital and wage and works in this direction. In the approach shaped by the studies of economists such as , , as one's human capital investments increase, especially as the time of labor force spent in education increases, both individual productivity and productivity of other production factors increase. The fact that the labor force is equipped with a higher-education, therefore, indicates a higher-efficiency and higher real wages. Human Capital Investment:
 However, this direct-relation between education and wage in human capital theory is not expressed this much in all economic schools. Moreover, in some economic approaches, there is no direct relationship between human capital and education and wages. Education is the most important phenomenon that undermines the assumption that the labor force is homogeneous in fact. Different levels of education also have the feature of eliminating the effects of abilities or inabilities brought about by the labor force either innate or acquired in the first period of life. Education, therefore, has different effects on the labor market and each economic school addresses only some of these effects. Human Capital Investment:
 To summarize the development of the notion of human capital, each of them was derived from the search for solutions to the problems that their era tried to solve.  made tangible connections between education and the concept of capital, he underlined the processes of learning on-the-job, and thus, he has changed the approaches of the Classical and Neoclassical economics related to the productivity of the labor force.  made the relation between human capital and education and wage differentials testable.  emphasized that the reasons for the income and wage differentials in the market were affiliated with the different education people have and human capital investments; , on the other hand, made the first study showing that there is a positive relationship between human capital and economic growth. While  revealed the relationship between wage, education, and experience, while  cited human capital investments as the reason for differences in economic growth rates between countries. , on the other hand, explained the differentiation of countries' development with human capital investments and applied the notion of human capital to convergence theories.  and  emphasized that it is the human capital that provides the relationship between technology transfer and accumulation of physical capital."
"Cooperative Education--A National Assessment: An Annotated Bibliography.","https://scispace.com/paper/cooperative-education-a-national-assessment-an-annotated-3j8pc57wfz","1976","","","Arthur M. Cohen
Lewis C. Solmon","","https://scispace.com/pdf/cooperative-education-a-national-assessment-an-annotated-3j8pc57wfz.pdf","ABSTRACT This review of the literature is divided into two parts--relevant and highly relevant documents. Abstracts of 90 relevant and 44 highly relevant studies are included.,Applied Management Sciences' staff members were responsible for the preliminary identification, collection, and categorization of the literature. Most of the abstracts in the highly relevant category have individual critiques appended. The documents to review were selected from an extensive literature search and were categorized according to their apparent importance and usefulness in assisting in the design of a major study of cooperative education. The documents in both relevant and highly relevant categories have been further subdivided into six sets: program description, evaluation, and impact; commentary and exhortation; feasibility studies; across-program assessments, methodological concerns, and bibliographies and guidelines. (RC)","addition, the assumption is that the economic benefits should provide the basis for expansion/contraction decisions. Many non-economists would argue that the existence and value of non-economic benefits should be incorporated into analyses of the value of particular vocational programs. Critique by Lewis Solmon:
 Once again, it should be noted that these non-economic benefits are even more difficult to measure than the economic ones, but they might be the crucial determining factor in the wisdom of expanding programs. Cost-Benefit Analysis and the Economics of Investment in Human Resources. An AnnotaTertiEliography. Kingston, Ontario: Queen's  University, 1970.  (tu U4 848)   This annotated bibliography presents 389 citations of periodical articles, monographs, and books and represents a survey of the literature as related to the theory and application of cost-benefit analysis. Listings are arranged alphabetically within these eight sections: (1) human capital; Critique by Lewis Solmon:
 (2) theory and application of cost-benefit analysis; Critique by Lewis Solmon:
 (3) theoretical problems in measuring benefits and costs; (4) investment criteria and the social discount rate; (5) schooling; ( ) training, retraining and mobility; Critique by Lewis Solmon:
 (7) health; and (8) poverty and social welfare. Critique by Lewis Solmon:
 Individual entries include author, title, source information, ""headings"" of the document which provide a brief indication of content, and a brief, noncritical annotation. The bibliography is intended to serve as an analytical reference for both the academic scholar and the policy-maker in this area. Human Capital:
 Cost-benefit analysis is a method of investment appraisal. It can be applied to any expenditure which is capital-forming, and, consequently, is expected to yield a future return. When cost-benefit analysis is applied to I/ expenditures which purchase some kind of treatment for human beings, it is assumed here that these expenditures represent human capital formulation. This section of the bibliography then deals with the theory and measurement of human  This section reviews the specific material on evaluation of MDTA (Bockmura) Human Capital:
 and other socially sponsored retraining programs (Bateman, Hardin, Borus). Human Capital:
 Mobility is treated here as an investment in human capital. Stigler discusses the effects of information on job search and dispersion of wage rates. Human Capital:
 The attainment of good health is described as investment in human capital. Human Capital:
 Klarmen's book on the Economies of Health generally covers factors influencing the demand for and supply of phYsician and hospital services. Furthermore, Hardin's analysis gives primary attention to those studies which result in complete benefit-cost ratios. Human Capital:
 The studies used three points of view in their benefit-cost analysis :cupational training: society, the trainee, and the government. Human Capital:
 Page defines the economic benefits for society as the sum of the growth in trainee earning:3 and the decline in trainee transfer payments which occur after the course and are attributable to it. The economic costs of society iacTude rental of private instructional facilities, operating costs of in-,..uction in public facilities, and the subsistence allowances received by trainees in addition to regular unemployment benefits."
"Changing Demands on Education and their Fiscal Implications.","https://scispace.com/paper/changing-demands-on-education-and-their-fiscal-implications-58mk0xkpqb","1963","Book","","John K. Norton","","https://scispace.com/pdf/changing-demands-on-education-and-their-fiscal-implications-58mk0xkpqb.pdf","","more than one-half of it, came from this source. These estimates also imply that between 36 and 70 per cent of the hitherto unexplained rise in the earnings of labor is explained by returns to the additional education of workers.17 EDUCATION AND ECONOMICS:
 Schultz gives this general conclusion: ""Truly, the most distinctive feature of our economic system is the growth in human capital. Without it there would be only hard, manual work and poverty, except for those who have income from property."" "" He recognizes many complexities in arriving at scientific measures of the returns to an economy from investment in education. He also points out that, in improving our human capital, services other than education, such as those in the field of health, contribute to the stock of human capital. EDUCATION AND ECONOMICS:
 Schultz suggests some tentative implications for social policy that arise from growing insight into the importance of investment in human capital. These include- EDUCATION AND ECONOMICS:
 of the College of Business of Oklahoma State University. He offers the following review: Many studies . . . show that the return on the investment in education pays economic dividends of approximately 10 per- cent with none of the k,osts allocated to consumption and with no consideration given to the cultural, political, and social benefits of education. EDUCATION AND ECONOMICS:
 These studies, in my opinion, grossly underestimate the value to society of education. They place a value on only those qualities which affect the lifetime earnings of the individual. They overlook many factors which I believe to be very im- portant. Just to list a few, what is the value to society of having: educated civic workers, educated mothers, educated neighbors, improved race relations (which seems to be related closely to education), reduction of poverty with consequent reduction in crime, mothers with some leisure time while their children are in school, the satisfaction which comes from developing one's talents during the educational process, an educated citizenry in the event of war, a citizenry that is literate, and a higher rate of economic growth for our society? 1"" Note that any study which begins as an attempt to measure only those aspects of education which result in changes in the income of the individual will of necessity omit all of the foregoing benefits of education and many more. Neverthe- less, even the studies which have focused only on the increased life earnings of the individual compared to the costs of education (both properly discounted) have shown that the return on the investment in education ( human capital) is equal to or greater than the return on investment in physical capital.20 EDUCATION AND ECONOMICS:
 Although not exact in the scientific sense, there is empirical evidence concerning the returns from investment in education. Two areas of observation are considered in the next sections of this reportthe growth in productivity of agriculture in the United States and the experience of nations, both those that are underdeveloped and those that are economically mature. EDUCATION AND ECONOMICS:
 "" Swearingen, Eugene L. ""Education as an Investment."" Financing the Changing School Program. Washington, D.C.: Committee on Educational Finance, National Education Association, 1962. pp.  20 Ibid., p. 35."
"Labor force participation and wages in Palestine for the period 2000 to 2011","https://scispace.com/paper/labor-force-participation-and-wages-in-palestine-for-the-2n4z0l9cud","2014","","","Issam Abu-Ghallous","","https://scispace.com/pdf/labor-force-participation-and-wages-in-palestine-for-the-2n4z0l9cud.pdf","of a Dissertation Submitted to the Graduate School of The University of Southern Mississippi in Partial Fulfillment of the Requirements for the Degree of Doctor of Philosophy","yield predicted future earnings', thus, education is consumption. rejects Shafer's conclusion and argues that education is an investment since it has a direct positive effect on earnings. In addition, argues that education and training increase workers' productivity and thus their wages. Human Capital and Earnings:
 The return to investment in human capital is positive to the extent that there is a market demand for skills.  argues that an increased supply of educated workers reduces their marginal productivity and wages. Rapid growth of demand for higher education relative to the market demand for educated labor force reduces the profitability of investment in education.  found that the increase in technological changes reduces the effect on human capital on productivity. While education reduces the time required to learn a new technology, high rates of technological changes increases the time required to learn new technology. The authors concluded that, with the advancement in technology in recent years, overinvestment in research and development has a negative effect on the benefits of human capital. The authors also concluded that specialization and investment in specific skills have higher returns, especially in an environment where the rate of technological changes is high.  investigated the effect of supply and demand forces on the return to human capital for works with experience in information technology (IT). The authors found that a return to skills for IT professionals in an IT specialized firms is significantly higher that return to the same skill in a non-IT specialized firm. The authors concluded that the growth of technological advancement depreciates the value of the acquired knowledge of skilled workers and thus the return to such knowledge. In addition, the authors concluded that human capital has more economic value if it is firm-specific rather than skill specific. Wage Premium and Return to Education:
 The return to education is the gain in earnings associated with an additional year of schooling, and the percentage gain in relative wage as a result of investment in education is referred to as the ""education premium"" . The effect of education on wages is due to the increased productivity of the educated labor force. A return to education in the labor market is expected to be positive to the extent that educated ""skilled"" and uneducated ""unskilled"" laborers are not perfect substitutes for each other .  found that in the U.S., college education enhanced productivity by 40%, and such enhancement in productivity accounts for twothirds of the wage premium for college education. Moreover, the author found that young college graduates with 1 to 3 years of experience earn 60% more than high school graduates. Wage Premium and Return to Education:
 Still, education on its own is not an absolute determinant of the rise of the quantity of the wage premium for educated workers . For example, an increase in the educated labor force entering the labor market reduces the marginal productivity of educated laborers, thus compressing their wages leading to reductions in the return to education . In advanced economies such as the U.S. and the U.K., there have been fluctuations in the return to education, especially during the 1970s and 1980s . Still the return to education continues to move positively over time although the demand for higher education continues to rise as well. Other factors, besides the quantity of education attained, also had a strong effect on the quantity of return to education awarded.  found that, in the U.S. in the 1940s and early 1950s, race, gender, family status, and city size determine the quantity of reward to knowledge and education within groups."
"Train to gain – The benefits of employee-financed training in Germany","https://scispace.com/paper/train-to-gain-the-benefits-of-employee-financed-training-in-2ok1iwr0my","2008","Posted Content","Research Papers in Economics","Harald Pfeifer","","https://scispace.com/pdf/train-to-gain-the-benefits-of-employee-financed-training-in-2ok1iwr0my.pdf","Individual returns on continuing vocational training have been in the focus of many empirical and theoretical papers. Most of the works do not explicitly discuss returns to training that is financed fully or partly by the employee. This seems surprising since several publicly funded programs to increase training participation aim at a stronger employee involvement in the financing of continuing vocational training. This paper analyses the participation in and the determinants and effects of employee-financed training using German panel data. The question is addressed, which employees invest and which benefit from training. Results show that employee-investment in training yields only moderate wage returns and has no significant impact on the further career development, especially when compared to the effects of enterprise-financed training. On the other hand, employees financing their own training gain in terms of unemployment risk reduction and the improvement in the matching of individual skills and job requirements.","Authors: Harald U Pfeifer Keywords: costs, educational economics, human capital, rate of return JEL-Classification: J24 -Human Capital, Skills, Occupational Choice, Labor Productivity"
"Government Education Spending and Education Outcome in Nigeria","https://scispace.com/paper/government-education-spending-and-education-outcome-in-58dvk2adly","2016","Journal Article","International Journal of Economics, Finance and Management Sciences","Charles Uchenna Obi
Sylvester Chukwunonso Ekesiobi
Stephen K. Dimnwobi
Emilia M. Mgbemena","10.11648/J.IJEFM.20160404.18","https://scispace.com/pdf/government-education-spending-and-education-outcome-in-58dvk2adly.pdf","Expenditure on education is regarded as investment in human capital because it helps in skill formation and thus raises the ability to work and produce more. Government education spending is of great importance to national development and plays a critical role in promoting growth and knowledge deepening. This paper examines government education spending and education outcome in Nigeria from 1970 – 2013. Employing Augmented Dickey Fuller (ADF) unit root test and Ordinary Least Square (OLS) technique, the study revealed that public education spending has a positive and significant effect on education outcome in Nigeria. Public health expenditure and urban population growth were also found to have positive effects on education outcome but are non significant in determining education outcome. The study recommends among other things, that government should spend more on education which needs to be targeted for the desired effects to be realized. Again government should monitor spending given the history of corruption and embezzlement of public funds in Nigeria.","his or her employment as educated workers tend to have higher wages, greater employment stability, and greater upward mobility in income, relative to less-educated workers . Just as with all investments, the outcome is subject to considerable uncertainty, especially at the individual level. The Economic Impact of Education on the Individual:
 In addition, benefits will accrue to society at large, such as the increase in the total output of goods and services produced through the increased productivity of the individual, an increased rate of productivity growth in the economy, and additional benefits to society such as more informed and socially-involved citizens and in better health. Building on traditional human capital theory,  developed a perspective to assess education policies over the life cycle of an individual. An investment in education matters in so far as skills are successfully acquired. In a nutshell, skills acquired over the life cycle are complementary, with two important features. The first one can be best summarised by Heckman's words: ""skills beget skills"". This is because already acquired skills are an input to the acquisition of further skills. The second feature is that the acquisition of skills is more productive when skills were acquired earlier on. These features result in a ""skill multiplier"", by which an investment in education at one stage raises the skills attained at that stage but, also, the productivity of the transformation of future educational investments into skills. The Economic Impact of Education on the Individual:
 If education at secondary level is of insufficient quality, then the productivity with which investments in education at tertiary level are translated into valuable skills will be negatively affected. Investments in secondary level education in turn are more productive if the young have acquired earlier skills, in primary, pre-primary education institutions and, of course, in the home. In the context of the efficiency of public expenditure, earlier public interventions are key to make investments in tertiary education productive. A productive tertiary education system requires sound learning foundations acquired by students at earlier stages, unless it relies on attracting talented students (and faculty) from abroad. Empirical analysis, mostly for the United States, shows that education is indeed such a life-cycle process. There is also European evidence supporting this view, although far less developed . The Economic Impact of Education on the Individual:
 There is abundant empirical literature on the private returns to education; however there are very few crosscountry comparative studies.  surveyed literature and found a very robust positive association between education and individual earnings in the labour market. Economic literature also considers signalling and screening models to explain the link between education and productivity. It stresses the role that education plays to signal the productivity of the individual, which is seen as an innate ability. In contrast, human capital models stress the role of education in raising individuals' productivity, which is rewarded in the labour market by higher earnings . There are some challenges in the estimation of returns because education may, at least partly, reflect a pre-existing ability. The Economic Impact of Education on the Individual:
 Thus the earnings differential does not only reflect the skills acquired via educational attainment, but would also result from the way employers use educational attainment to screen for ability. Furthermore, there are many technical issues surrounding the estimation of the return to schooling, especially related to the measurement of human capital."
"Approaches to study educational and occupational trajectories and outcomes","https://scispace.com/paper/approaches-to-study-educational-and-occupational-x5yi30i0fy","2012","Journal Article","Papeles de Trabajo sobre Cultura, Educación y Desarrollo Humano","Edgar Demetrio Tovar-García","","https://scispace.com/pdf/approaches-to-study-educational-and-occupational-x5yi30i0fy.pdf","This article analyzes the main approaches to study educational and occupational outcomes and trajectories. Young people have to decide when and what to study, later on, where to work. Their life levels will depend on those decisions, but the different ways that in both areas they are able to take and their outcomes in education and in the labor market depend on various factors. Among explications it is possible to identify six large approaches: human capital from economics, cultural and social capital from sociology, the socioeconomic status or familiar background approach and the educational and psychological approaches. These approaches are not contrary necessarily, they can be complementary, and their explanatory power depends on place and time, however, the literature does not have an effort to present together their contributions, methodologies and empirical results. This work seeks to remedy that situation and to point out some methodological and empirical weakness.","the value of the individuals' human capital, which in turn is used in the labor market. Then, the decision to start and to finish an educational trajectory depends on estimations of the future return that an individual is able to obtain in a job. HUMAN CAPITAL APPROACH:
 Like in the neoclassical tradition, human capital approach supposes that individuals are rational and look to maximize their welfare. A person will invest on his/her human capital as long as the present value of expected future return is still bigger than the present value of actual costs. The costs include tuition fees, transport, food, apartment, etc. and more important, they include the opportunity cost, for example, the cost of a job. Individuals make investments in their education in order to gain larger returns in their employments. They think that their labor market outcomes will be superior to those who did not invest in their capacities . This effect of education on job earnings is a rate of return and is possible to calculate it thanks to the Mincer's equation (a wage equation), which allows knowing the percentage increase in earnings for each additional year of education relative to its cost. Really, the majority of studies use a regression analysis where the estimated coefficient of the measure of education is interpreted as the rate of return. For example, income is regressed on years of education. Later on, income differences based on different levels of education are calculated and discounted to the present by using a capital market interest rate . This rate had been calculated for some countries and the empirical research shows that education has an important influence on occupation and earnings: ""It is unequivocal that education is associated with better labour market outcomes"" .  points out that labor experience and unemployment have a special role in the influence of the human capital on returns and therefore on decisions about educational and occupational trajectories. For example, a young man can think that stopping his educational trajectory in some level, to explore the labor market, will help him to obtain experience and later a larger return and higher occupational status, because workers with more experience have better skills and they are more efficient. On the contrary, experiences of unemployment have a negative effect on future wages and occupational status, because they are associated with a deterioration of skills, a reduction of human capital. HUMAN CAPITAL APPROACH:
 In general, the human capital approach is an analysis of costs and benefits, but educational and occupational outcomes and trajectories also depend on abilities, current and expected labor opportunities, preferences, and uncertainty . In labor markets there are many incongruities, like undereducation and overeducation , and outcomes that cannot be explained by dissimilar levels of human capital. People with similar levels of human capital but with race and gender differences, or living in different places, have different returns and occupational status . ) points out that ""human capital theory is being criticized for it does not consider further explanatory factors of income like social background, quality of school, gender, race, religion, luck, social contacts, intelligence, belonging to firm, ambition, motivation, region, unemployment and health""."
"The Importance of the Quality of Education: Some Determinants and its Effects on Earning Returns and Economic Growth","https://scispace.com/paper/the-importance-of-the-quality-of-education-some-determinants-4b9701ds36","2017","Journal Article","","Lisa Grazzini","10.3280/EP2016-002002","https://scispace.com/pdf/the-importance-of-the-quality-of-education-some-determinants-4b9701ds36.pdf","The aim of this paper is to provide a selective overview on the role played by the quality of education versus the quantity of education. After a presentation of some possible effects of the quality of education on both individual earnings and growth, the paper analyses some important school inputs and institutional characteristics of the education system which have been examined in the economic literature and could affect education achievements","interesting result shows a sharp decline in returns to schooling since the 1980s (by 3.5 percentage points over a 30 year period), in partly due to the expansion in schooling (more than 3 years in the same period). Pecuniary benefits:
 From a macroeconomic point of view, the main focus has been instead concentrated on the relationship between education and economic growth. This issue has been largely analysed by the theoretical growth literature which predicts a positive role for human capital in affecting growth. Human capital can stimulate growth by increasing or complementing the existing factors of production ), it can accelerate growth through innovations, i.e. new knowledge on new products and technologies ), or through the imitation and adoption of new technologies, i.e. through the ability of more educated workers to understand and process new information, and thus to implement frontier technologies devised by other countries 8 ). From an empirical point of view, the evidence for such an effect is however controversial, 9 especially on whether it is the stock of human capital or the change in the stock of human capital that it is the more decisive engine for economic growth. 10 In large part, this mixed empirical 4 However, in the theoretical literature, there is no consensus on the causes of such result. For example, education could increase the labour productivity of the workers ), or in an adverse selection framework, it could be used as a signaling device by workers to signal their labour productivity which is not perfectly observable by employers ), or it could be used by employers as a screening device to select higher productivity workers who also have higher education levels ). For a discussion on these different approaches, see, for example, . Pecuniary benefits:
 5 See the seminal contribution by  and, more recently, . See  for a review which enlights different types of econometric problems arising when estimating the causal relationship between schooling and labour market earnings by also focusing on studies that use institutional aspects of the schooling system as exogenous determinants of education outcomes. Pecuniary benefits:
 6 See, however, the strand of literature on overeducation, i.e. on a mismatch between individuals' education and educational requirement of job or occupations and the main theoretical explanations for such a phenomenon (e.g. human capital, job competition, assignment and search models). For a survey with special attention to measurement problems and policy implications see, for example, . Pecuniary benefits:
 7 See  for a paper that addresses the comparability problems across countries by using comparable microdata to estimate the economic return to schooling, and that shows a very large cross-country variation in the return to schooling for which ready explanation defies. See also  for a recent analysis that also examines the implications for economic growth and public policies. Pecuniary benefits:
 8 In this sense, the educational investment would have a positive effect not only on the productivity of the more educated workers but also on that of their colleagues. 9 For useful surveys, see , , , ."
"Is More Better? The Impact of Postsecondary Education on the Economic and Social Well-Being of American Society. American Higher Education Report Series.","https://scispace.com/paper/is-more-better-the-impact-of-postsecondary-education-on-the-573ib84qmg","2005","","","Adriane Williams
Watson Scott Swail","","https://scispace.com/pdf/is-more-better-the-impact-of-postsecondary-education-on-the-573ib84qmg.pdf","","I with a brief discussion of human capital theory, which is at the heart of much of the work done in this area. This part also includes some discussion of the kinds of tradeoffs one has to consider when debating how to rank public investment priorities. -Woodrow Wilson, 1909 1:
 In Part II we address the economic returns of education. Our first discussion concerns private returns on education: the economic benefits to the individual. We then take a close look at the economic benefits to the public, guided by a discussion of the current and future workforce and our emerging knowledge economy. The section ends with a summary of the economic literature on public benefits where we present both research that details benefits and research and scholarship that assert no such benefits exist. -Woodrow Wilson, 1909 1:
 In Part III we discuss non-economic public and private returns, such as improvements to society and quality of life. Readers will note that the findings are more subjective than those in the economic benefits section. -Woodrow Wilson, 1909 1:
 Conflict is the subject of Part IV, where we discuss two areas in the literature that take the findings discussed in Parts II and III in very different directions. In the first section, researchers adhering to the findings that show a benefit to society of increased public investment simulate equitable expansion and cost it out. In the second section, we present research on overeducation. This research suggests that if any growth in public investment should occur it need not be universal. Instead, it should be focused on specific societal needs. -Woodrow Wilson, 1909 1:
 In Part V, we reflect on this discussion with an attempt to ascertain what all of this research and discussion means to US society. Is more postsecondary education better? Or should we begin to think differently about expansion of postsecondary education? -Woodrow Wilson, 1909 1:
 Educational Policy Institute www.educationalpolicy.org 3 PART I. INFORMING THE DISCUSSION:
 The literature contained in this review comes from several different bodies of knowledge, including economic and sociological research. It also encompasses interdisciplinary research conducted by policy research centers for specific policy audiences. PART I. INFORMING THE DISCUSSION:
 The majority of studies discussed in this report explicitly or implicitly addresses human capital theory. It is also the case that a number of the studies highlight the kinds of tradeoffs at stake in attempting to understand the benefits to certain investments and the decisions that have to be made about whether to continue, decrease, or increase the level of those investments. For these reasons, we think it pertinent to describe in brief what human capital theory is and how we have chosen to look at the tradeoff question."
"A Review of Human Capital Theory: Microeconomics","https://scispace.com/paper/a-review-of-human-capital-theory-microeconomics-4zu8gu4orv","2007","Journal Article","Social Science Research Network","Kai-Joseph Fleischhauer","10.2139/SSRN.957993","https://scispace.com/pdf/a-review-of-human-capital-theory-microeconomics-4zu8gu4orv.pdf","With the beginning of the new millennium it has become more and more apparent that education and human capital constitute a key element of modern economies. Despite the important role of human capital in modern societies, there are still many unknowns about the process of educational production as well as individual and collective decisions concerning how much and what kind of education to obtain. Chapter 1 of my PhD thesis aims at providing a better understanding of the process of human capital formation and educational attainment. Although human capital plays an important role in both microeconomics and macroeconomics, we focus on the former branch of literature in order to analyze the individual incentives to acquire skills. 
This literature review is divided into six parts each of them representing an important topic of human capital literature. First, we introduce the basic concept of human capital that models individuals as investing in skills in response to the expected returns to education. After this, we investigate the different implications of investments in general and specific human capital and then provide an overview of various empirical studies measuring the rate of return to education. Because educational attainment may also be affected by other factors such as school characteristics or family background, we review the literature on educational production functions and discuss the significance of potential inputs into the process of educational production. Subsequently, we refer to models of human capital accumulation over the life-cycle that manage to replicate the empirical life-cycle patterns concerning the age-earnings profile of individuals. Finally, we analyze the effects of taxation and education subsidies on human capital formation.","discriminate either against investments in human or in physical capital. In a nutshell, the incentives for human capital formation depend on the net effective tax rate, which implies that education subsidies can increase efficiency by offsetting tax-induced distortions ). Section 8 concludes. Introduction:
 2 The Concept of Human Capital ""Human capital"" can be defined as knowledge, skills, attitudes, aptitudes, and other acquired traits contributing to production ). Skills represent individual capacities contributing to production as an argument in the production function ). According to , there are two main components of human capital with strong complementarity: early ability (whether acquired or innate) and skills acquired through formal education or training on the job. Human capital differs from other assets because it yields market returns only in proportion to the worker's supply of labor ).  suggest that it is the stock of human capital that predominantly determines the earnings of individuals. An extensive review of the theory of human capital is given by . Introduction:
 The first use of the term ""human capital"" in modern economic literature was by . He classifies expenditures on human capital as investment rather than consumption.  In the same year,  developed a first conceptual framework for estimating the value of assets in the form of human capital. Capital values of people as productive assets are incorporated into an analytical function of sex, age, stock of human capital, etc. The present value of an individual at any given age a is defined as the sum of his discounted expected future earnings Y t (equal to the value of productivity): Introduction:
 P at represents the probability of an individual of age a to be alive at age t and r is the discount rate. Introduction:
 In general, there are two methods of determining the value of human capital, namely by summing up the costs of production (input-based) and by considering capitalized earnings (output-based) ). Introduction:
 The first applications of human capital theory in economics are by Becker and Mincer of the Chicago school. In his original approach, Becker (1964) develops a model of individual investment in human capital. In this view, human capital is similar to ""physical means of production"". According to Becker , investing in human capital means ""all activities that influence future real income through the embedding of resources in people"". Human capital investments are expenditures on education, training, health, information, and labor mobility ). Introduction:
 The accumulation of human capital takes place in three ways: formal schooling (i.e. the individual devotes his whole time to learning), on-the-job training (i.e. post-school training provided by the current employer), and off-the-job training (i.e. post school training provided by ""for-profit"" proprietary institutions) ).  These investments involve initial costs (direct tuition expenditures, foregone earnings during schooling, and reduced wages during training) in order to gain a return on this investment in the future ). The return to education is based on two interrelated channels: Introduction:
 increased earnings for the worker and higher productivity for the firm as well as increased employment probabilities ).  In a nutshell, there are two key determinants of the return to education: the costs of education and the employment opportunities after education )."
"School Choice and Private Schooling : A comparative case-study between Greece and Sweden","https://scispace.com/paper/school-choice-and-private-schooling-a-comparative-case-study-27pewfjwe1","2019","Journal Article","","Alexandra Farazouli","10.18844/PROSOC.V6I1.4172","https://scispace.com/pdf/school-choice-and-private-schooling-a-comparative-case-study-27pewfjwe1.pdf","Over the past three decades, privatization and school choice have been introduced and embodied in the vocabulary of several national education policies. Although free education has been constituted ...","consequences as a form of capital. Since education becomes a part of the person receiving it, I shall refer to it as human capital … it is a form of capital if it renders a productive service of value to the economy (p.571). Human Capital Approach:
 In that way, investment in education is simultaneously an investment in economic growth. Also, Gary , complements this theory by arguing that education is the most important single determinant of economic growth (p.45), while Becker's approach was to calculate the private and social investment in human capital through mathematical models. Later, Ronald Reagan's National Commission on Excellence in , published the Nation At Risk, posing in that way the question on: what is education for? The answer provided in this publication was that education could contribute to national prosperity and security through the development of human capital, which means the production of knowledge and skills that have productive value for both individual and social interests. Human Capital Approach:
 The human capital theory is an economic approach to human behavior. As  note this ""economic approach to human behavior attributes means-end calculational rationality to human agents, and it is under such a model, where rational human behavior is seen as purposeful and goal-oriented, that individuals will invest in education"" (p. 144). The same scholars refer to the notion of ""stock of human capital"" which is the national sum of skills, talents, and knowledge embodied in its population . It is apparent though that humans are active determinants of the nation's economic performance and their personal welfare. Education operates as a means to economic growth which transfers the knowledge and skills needed for economic success. Therefore, among the main propositions of human capital theory are ""that education and training increase an individual's cognitive capacity; which in turn increases productivity; and an increase in productivity tends to increase an individual's earning; which becomes a measure of human capital"" . Human Capital Approach:
 Furthermore, the production of the workforce is intimately connected to the purpose of education as well, according to this theory. The human capital, which expresses the set of knowledge and skills obtained by individuals, contributes to their productivity and their future employment. Thus, education is essential as an investment in personal labor productivity while its outcomes are measured in terms of economic results, so that economists are able to estimate education's return on investment."
"The production and migration of educational capital: Some states win and others lose","https://scispace.com/paper/the-production-and-migration-of-educational-capital-some-3qq2eb250q","2010","Dissertation","","Patrick J. Kelly","10.18297/ETD/734","https://scispace.com/pdf/the-production-and-migration-of-educational-capital-some-3qq2eb250q.pdf","THE PRODUCTION AND MIGRATION OF EDUCATIONAL CAPITAL: SOME STATES WIN AND OTHER LOSE Patrick J. Kelly August 9, 2010 As state policymakers draw clearer connections between the college-level attainment of their residents and the corresponding economic and social benefits, there is great need for more data and information regarding the production and migration of educational capital. The purpose of this study is to address the following research questions: Which states in the U.S. are producing relatively large numbers of college graduates and which benefit (or not) from the production of other states by importing large numbers of college graduates? What are predictors of interstate migration of college graduates at the person and state levels? What are the most useful policy options for states to increase educational capital? What are the characteristics of some key statelevel policies already implemented in certain states in the U.S.? This study focuses primarily on the state as the unit of analysis. Coordinated and comprehensive policies aimed at increasing educational attainment are typically implemented at the state-level. It contains a comprehensive review of recent literature on the importance of educational capital, and the production and migration of educational capital. A variety of descriptive analyses are provided that gauge how well state systems of higher education produce college graduates and the degree to which states benefit (or","whose returns are in the form of wage, salary, or other compensation. These are normally measured and conceived of as private returns to the individual but can also be social returns"" (www.econterms.com. The Online Glossary of Research Economics). Educational Capital:
 The theoretical framework that supports the concept of human capital is based largely on the notion that human capital investments take place at the individual and governmental levels, and both are characterized by positive rates of return. Individuals experience greater earnings and quality oflife and the society at large experiences a more productive labor force that leads to economic growth. ""Human capital theory holds that education, whether formal or on-the-job, is an investment both for the individual and the society that devotes resources for providing it. Individuals decide on how much to invest based on their expected private return, whereas governments base their decisions to invest or subsidize human capital on the social return"" . Educational Capital:
 Gary Becker, perhaps the most notable author on the topic of human capital, quantified the monetary returns of a college education in a variety of ways. Overall, he found that the average monetary rate of return for a college education is between 11 and 13 percent in the United States ~ and that it differs substantially by race and gender, with white males having the highest rates of return . Nonetheless, there is a net effect even after taking these factors into account. He acknowledged that measuring societal returns is much more difficult; nevertheless ""it is clear that all countries that have managed persistent growth in income have also had large increases in the education and training of their labor forces"" . Educational Capital:
 In his summary of 20 th century research on human capital, George Langelett postulates that ""economists have identified nine ways in which education to individuals also contributed to economic growth to the country as a whole: (l) education changes knowledge and people's perceptions and expectations of themselves and the society around them, (2) education, through investment in human beings, results in a more efficient use of existing resources,  there is a positive correlation between literacy and life expectancy, ( ) education can make a net contribution to economic growth, even if the rate of return is lower than other fonns of capital because the investment in education would otherwise be consumed,  research is one of the traditional functions of education, leading to the development of new technology, including both new products and more efficient use of existing ones, ( ) education increases the level of human capital, the know-how or acquired ability of workers, which in tum raises the efficiency of the workforce,  there is a positive correlation between education and people's ability to adapt to change,  as demand increases for the education required for highpaying jobs, it is in the self-interest of educational systems to provide the supply, and  as education levels increase for women in developed countries, the opportunity costs of staying at home to raise a family rises, leading to both increases in labor force participation and reductions in fertility rates"" . Educational Capital:
 Foreshadowing many of the more recent works reviewed below was a book entitled Investment in Learning: The Individual and Social value of American Higher Education . It linked college-level learning to individual benefits such as private monetary returns, moral development, consumer behavior, and health. It also established relationships between higher education and societal benefits such as research, public service, economic productivity, citizenship, and human equality."
"The Effects of Human Capital on Agricultural Productivity and Farmer’s Income in Cameroon","https://scispace.com/paper/the-effects-of-human-capital-on-agricultural-productivity-320puy4ozu","2012","Journal Article","International Business Research","Jules Medard Nana Djomo
Fondo Sikod","10.5539/IBR.V5N4P149","https://scispace.com/pdf/the-effects-of-human-capital-on-agricultural-productivity-320puy4ozu.pdf","This study evaluates how human capital affects agricultural productivity and farmer’s income in Cameroon. Precisely, this study adopts methodologies that evaluate agricultural productivity, establish the stochastic frontier model and specify the returns to human capital. The database used to produce the empirical results is the Third Cameroonian Household Survey conducted by the National Institute of Statistics. Results obtained indicate that an additional year of experience and levels of education increases agricultural productivity. However, an additional year of experience squared denotes that the producer reduced his level of inefficiency. While an additional unit of education reduces the level of inefficiency. In addition, an additional year of education and years of experience squared increases farmer’s income. To provide a solution to the problem of food insecurity, the government should allow farmers to endow more in human capital.","income? To answer these questions the main objective of this study is to evaluate the impact of human capital on the mechanisms of production and income of farmers in Cameroon. We first present a literature review before proceeding to the methodology that will permit to generate results. Literature Review:
 Human capital is the stock of competencies, knowledge and personality attributes embodied in the ability to perform labor so as to produce economic value. Human capital is vitally important for an organization's success ; human capital increases through education and experience . Many early economic theories refer to it simply as workforce, one of three factors of production, and consider it to be a fungible resource homogeneous and easily interchangeable. Other conceptions of this labor dispense with these assumptions. The use of the term in the modern neoclassical economic literature dates back to Mincer's article in 1958. Then Schultz is also contributed to the development of the subject matter. The best-known application of the idea of ""human capital"" in economics is that of Mincer and Becker of the ""Chicago School"" of economics. Becker's book published in 1964 became a standard reference for many years. In this view, human capital is similar to ""physical means of production"", e.g., factories and machines: one can invest in human capital (via education, training) and one's outputs depend partly on the rate of return on the human capital one owns. Thus, human capital is a means of production, into which additional investment yields additional output. Human capital is substitutable, but not transferable like land, labor, or fixed capital. Modern growth theory sees human capital as an important growth factor. Further research shows its relevance for democracy or AIDS . Literature Review:
 For over three centuries economists have been interested in valuing the productive capacity of the workers in an economy. This paper defines human capital as the stock of knowledge, skills, and abilities embodied in individuals that determines their level of productivity. In principle it includes innate abilities and skills acquired through education, training and experience. On a macro level, it is also common to measure the economy's human capital by the rates of enrolment in elementary and secondary schools and in post-secondary institutions. It is assumed that high enrolment rates in education and training institutions indicate that more people are accumulating human capital and that the workforce, as a whole, is becoming more productive. Indeed, countries with high enrollment rates in education and training institutions tend to enjoy higher productivity, higher living standards, and faster economic growth . Recent evidence, however, suggests that education does in fact increase productivity by improving individuals' skills. There is a strong and well-established positive relationship between educational attainment and labor earnings, which reflect productivity . A simple correlation does not rule out the possibility that education captures the impact of an unobserved omitted variable, such as innate ability, but a large number of studies have used natural experiments to circumvent this problem (Note 1). These studies provide strong evidence that policy interventions that raised the educational attainment of certain groups in the past had large positive effects on the subsequent lifetime earnings of those individuals. This recent body of research gives rise to two key conclusions. First, rates of return to investments in education are high and possibly higher than what was implied by earlier research. Second, policy interventions that result in additional schooling being acquired by individuals from disadvantaged backgrounds, or those who face other barriers to acquiring human capital, may yield substantial returns in the form of enhanced productivity, in addition to contributing to equity objectives ."
"Methodological techniques for evaluating the efficiency of private investment in education","https://scispace.com/paper/methodological-techniques-for-evaluating-the-efficiency-of-1u784khyw9","2019","Journal Article","","I.A. Bukreev","10.24891/DF.24.1.53","https://scispace.com/pdf/methodological-techniques-for-evaluating-the-efficiency-of-1u784khyw9.pdf","","scholar Th. Schulz, while H. Becker developed a microeconomic analysis method to study various aspects of human behavior and interactions. Th. Schulz evaluated human capital investment through the same categories as physical capital, considering expenditures on education and respective time. G. Psacharopoulos, H.A. Patrinos , J.B. Mincer  and G.S. Becker, B.R. Chiswick  proposed approaches to measuring the return on human capital investment. Types of human capital investment [17]::
 • expenditure on education, including secondary school and vocational, formal and information training; Types of human capital investment [17]::
 • healthcare expenditures made up of the preventative treatment, medical services, diet, better housing and living conditions; Types of human capital investment [17]::
 • mobility expenditures people incurred to migrate from places with low productivity, wages and working conditions. Types of human capital investment [17]::
 As K.Marx and T. Hodgskin note, human capability to work is the main wealth-generating asset generated as a result of the prior work. The issue of capabilities is considered as the public benefit. Types of human capital investment [17]::
 From perspectives of personal benefit, human capital (productive force, constructive, namely intellectual, capabilities of a person, according to K. Marx) can really be accumulated, but not as the inert mass as compared with physical capital, but rather a living construct, being the art of a worker and degree of labor advancement . Types of human capital investment [17]::
 According to K. Marx, the developed productive force resolves itself into the complex spirit, though it can turn up as something simpler. The mere productive force, under no circumstance, cannot be embodies as a piece of complex work. The complexity and quality of work reflect the development of productive force, which concurrently unites the consumption and production of physical and intellectual capabilities . Types of human capital investment [17]::
 Nowadays, it is clear that human capital investment paves the way for the developed countries to technological advancement, making them more and more competitive. Furthermore, the cost effectiveness of investment in education depends on the development level of a specific country. It is necessary to keep track of education spending as precise as practicable and determine their effectiveness so to reduce gross labor costs in all areas of social reproduction. Types of human capital investment [17]::
 It is not that easy to gauge the economic effect of investment in education from individual perspectives since the consumer lacks the information needed to assess possible benefits as appropriate.. G.S. Becker framed the concept of individual demand curve with respect to investment in education. The investment demand curve accounts for increasing physical and intellectual requirements, income lost during the training period, reduction in the income generation time in case of the closing stage investment, increased risk in case of greater investment. The researcher assessed the cost effectiveness of education by deducting earnings of those who continued their education after high school from lifetime earnings of those who graduated from colleges . Types of human capital investment [17]::
 According to international researches, there is a 60percent correlation between the level of income and education (UNESCO data). In this respect, we can point out some trends 1 : Types of human capital investment [17]::
 • the remuneration of better education employees is higher than those with the lower educational level; • remuneration grows as an employee gets older and more experienced;"
"Determination in Education Development Towards the Improvement of Human Capital Productivity: Systematic Literature Review","https://scispace.com/paper/determination-in-education-development-towards-the-1z5brvt0","2023","Journal Article","International Journal of Academic Research in Economics and Management Sciences","Nur Sheilla Saida Abdullah
Sheerad Sahid","10.6007/ijarems/v12-i2/16649","https://scispace.com/pdf/determination-in-education-development-towards-the-1z5brvt0.pdf","A systematic literature review on education development towards improvement the of human capital is presented in this paper. It analyses the themes emerging from 20 articles identified through Scopus and the Web of Science database. The review was conducted using the Preferred Reporting Items for Systematic Reviews (PRISMA) approach which provides a comprehensive guideline for systematic review and data collection. The review included research studies published between 2018–2022. Development of education, quality of education, and productivity improvement were the three categories for the themes. This paper discusses these topics in depth and is presented in the literature review. Rather than reiterating the literature review and acknowledging the problem, an approach with a focus on innovative solutions to bridge a gap in education and human capital productivity was also presented. This study found that the labor force with low education levels should take the initiative to continue their studies. From an economic perspective, suggests that human capital investment affects economic development. Given its importance to the economy, any fluctuations in human capital production could hinder economic growth. Moreover, graduate employability is grounded on a strong sense of innovation, collaboration efforts, and government intervention for sustainable economic growth.","productivity . Overall, findings suggest that policymakers should account for education quality as well as spillovers and direct their efforts toward a more efficient and enhanced education system with an emphasis on high education levels to improve labor productivity overall and reduce spatial productivity disparities. Conclusion:
 This systematic literature review's general objective is to study development education toward human capital productivity in contributing the economy growth. The specific objective is to identify the importance of education development and creating value for economic growth, determine the relationship between education and human capital and identify whether education can lead to economic growth through the investment of human capital. The government needs to pay attention to the growth in public expenditure on the education sector and the burgeoning well-organized budget in relation to the source of productivity to upgrade the pedagogical curriculum for the maintenance of a quality assurance framework of higher, with the collaboration of global market development. Government should attempt to become a learning centre for educational excellence and address the deteriorating rates of return to the workforce from low education to higher education upgrade policies, provide merit-based scholarships, and update learning tools related to markets. This situation shows that to increase graduate employability, the primary players (graduates, academics/universities, employers, and the government) must collaborate. Without engagement with companies, universities cannot guarantee employment for their graduates. In the meantime, students must try to learn and gain the necessary information and abilities in a supportive atmosphere and the government should increase efforts to enforce policy framework and economic conditions that could support job seekers. The literature review that the researcher has done reinforces the proof that education plays a vital role in enhancing the productivity of human capital. Undeniably, determination in educational development is a valuable investment to increase human capital productivity. Education helps improve skills and knowledge, increasing productivity because employees can perform their jobs effectively. Education fosters innovation and creativity by exposing people to new ideas, concepts, and technologies. By developing critical thinking and problem-solving skills, education can help individuals develop new ways of solving problems and finding more effective ways of doing things. Additionally, education helps improve communication and teamwork. Effective communication and teamwork are important components of productivity. Education can help individuals develop these skills by encouraging collaboration and providing opportunities for teamwork. In addition to this, education can also increase job satisfaction. Employees who feel empowered and confident in their abilities are more likely to be satisfied with their jobs, leading to increased productivity. Finally, by investing in education, individuals can increase their earning potential, thereby improving their quality of life and productivity. Overall, education is a powerful tool for improving human capital productivity by enhancing skills and knowledge, fostering innovation and creativity, enhancing communication and teamwork, improving job satisfaction, and increasing earning potential. Education can help individuals become more productive and valuable members of the workforce. In conclusion, education, and human capital show a significant positive outcome in economic growth. There is a strong relationship between education and human capital that involves better knowledge, training, and support for economic growth. Higher education shows more skilled and productive workers. In order to improve education quality, the effectiveness of education input has to be increased. The rapid development of higher education must also be in line with the increase in economic growth. A favourable economic environment can create more employment opportunities. This could make people feel that investing in higher education is something that is profitable and not detrimental to a better life. Further study is required to evaluate the effects of the innovative potential objective clusters of entrants with higher education and to enrich the discussion about the methods and mechanisms of governance education and economic policy."
"The effect of government educational expendituron labor productivity in turkish manufacturing sector [Utjecaj vladinih rashoda za obrazovanje na produktivnost rada: Ne-linearni ardl pristup na turski proizvodni sektor]","https://scispace.com/paper/the-effect-of-government-educational-expendituron-labor-17xn2eddsw","2018","Journal Article","Zbornik radova Ekonomskog fakulteta u Rijeci : časopis za ekonomsku teoriju i praksu","Atakan Durmaz
Hakan Pabuçcu","10.18045/ZBEFRI.2018.2.519","https://scispace.com/pdf/the-effect-of-government-educational-expendituron-labor-17xn2eddsw.pdf","Labor productivity is very important phenomena to maintain the sustainable economic growth. Actually, there are many studies in the economic literature about determining the factors affecting labor productivity. At this point, this study aims to investigate the relationship between labor productivity and government educational expenditure by using the data covering the period of 1971-2015 for Turkey. To this aim, it is applied linear and non-linear autoregressive distributed lag model (ARDL). By using the bound testing approach, the long run relationship between variables has been investigated. Both models have been applied to determine whether the relationship between variables is linear or nonlinear. An asymmetric relationship between labor productivity and government educational expenditure was determined. For this reason, nonlinear model is preferred. The empirical findings indicate that positive changes in educational expenditure has negative effect on labor productivity and negative changes in educational expenditure has positive effect on labor productivity. The long run coefficient of openness is significantly positive; the short run coefficient of it is significantly negative for all lags. On the other hand, the effect of GDP growth on the labor productivity is significantly positive in both short and long run. While the effect of average annual labor worked hours is significantly negative for the first two lags, it is significantly positive the last two lags in short run, it is positive but not significant in long run.","that most of the skilled labor force is employed in the public sector, especially in the underdeveloped and developing countries, and that the return from the training process cannot be considered healthy because the production process in this sector is regulated by laws and regulations . Introduction:
 It is expected that this study will contribute to the literature in two different perspectives. First, unlike other studies in the literature, the non-linear ARDL approach is used. This approach is preferred because it can be non-linear returns of the education process. One of the most important advantages of this approach is the investigation of asymmetrical effects in the model. In other words, it is to investigate the effects of both increases and decreases in independent variables on the dependent variable. An examination of the effects of increases and decreases in government educational expenditures on labor productivity separately is different from other studies in the literature. Introduction:
 Secondly, studies in the literature generally use growth of per capita income to measure labor productivity. But in this case, as stressed by , the return of the majority of the labor force in the education process increased per capita income for developing countries such as Turkey are employed in the public sector is not a tool to reflect correct. For this reason, unlike other studies in the literature, this study uses the production level per labor force in the manufacturing sector to measure labor productivity. Introduction:
 The basic hypothesis of this work, which is prepared in the context of the literature on the subject, is that there is no short-run and long-run positive relationship between government educational expenditures and labor productivity, contrary to the hypotheses put forward by endogenous growth theories. Introduction:
 The study prepared in this direction consists of six main sections. Section 2 gives a short review of the literature on the relationship between human capital and labor productivity. Section 3 presents the theoretical framework and methodology being used in this study. Section 4 discusses the method used in analyzing the data. In Section 5, we discuss empirical results, and Section 6 concludes. Literature review:
 Towards the end of the 20th Century After the theory of ""human capital"" emerged in the forefront of economists such as  and , interest in education and its effects on economic growth has increased in the economic literature . At this point, the literature on the relationship between human capital and economy can be gathered under three headings. (I) Studies seeking that to demonstrate the positive effects of human capital on economic growth, directly and/or indirectly, based on the assumption of a complementary relationship between human capital and physical capital . (II) Studies that show that economic growth depends on the accumulation of human capital, which only creates new knowledge  and/or facilitates the adoption / imitation of foreign technologies . (III) Studies emphasize that the effect of economic growth of the human capital depends on the human capital accumulated during a certain period ."
"Productivity and employment growth: an empirical review of long and medium run evidence","https://scispace.com/paper/productivity-and-employment-growth-an-empirical-review-of-4e6dfng6m8","2004","","","H.H. van Ark
Ewout Frankema
Hedwig Duteweerd","","https://scispace.com/pdf/productivity-and-employment-growth-an-empirical-review-of-4e6dfng6m8.pdf","This study argues that the creation of productive jobs is the key to economic growth, social development and improvements in living standards. The study provides extensive empirical evidence showing that the long run trend has been towards simultaneous growth in per capita income, productivity and employment growth. However, depending on the type of indicator and the time frame adopted, there are legitimate concerns about the distribution of the productivity and welfare gains from growth both within as well as between countries. Following the analysis of the long term growth pattern (Chapter 2), the study investigates under which conditions, in which regions and which industries a trade-off occurs between productivity and employment growth. In Chapter 3 patterns of employment-productivity trade-offs are established across regions and time periods at the macro level. Chapter 4 focuses on sectors of the economy. In Chapter 5 the study discusses the policy areas that will be most conducive to breaking or reducing the trade-off between productivity growth and employment in order to exploit the long run growth potential. We argue that, in addition to sound macroeconomic policies, a sensible role for market forces in allocating resources to their most productive uses is important. However, the key challenge is to create an institutional environment that can alleviate some of the negative effects in the short and medium run while not hampering the realisation of the long run growth potential. Support to the creation of social capabilities and national innovation systems are important policy areas to achieve this goal. While strengthening an economy’s fundamentals in the short and medium run, these also contribute to the virtuous circle of productivity growth, employment creation and poverty alleviation, which is the main theme of the ILO World Employment Report 2004.","particular when comparing countries with very different institutional arrangements in their labour markets (see Chapter 3). The major advantage of the latter measure, however, is that it can be relatively easily used in measuring the impact of education on output and productivity growth. The Role of Human Capital:
 Given the fact that human capital is widely accepted as an important means to strengthen the growth potential, there has been a huge research effort to measure the effects of education on growth. Again various approaches can be distinguished.  Firstly, with the availability of earnings measures, a substantial body of research has focused on measuring the private and social returns to education. Such measures reflect the private benefits relative to either the private or total cost of education, with the latter including both private and public expenditure on education. Table .14 shows measures of private and social benefits for a recent year (mostly in the 1970s or 1980s) for 42 countries . These measures confirm earlier evidence that (1) private returns to education exceed social returns (partly because the latter does not capture the social benefits of education); (2) returns on primary education exceed those on secondary and higher education; and (3) that returns are highest in lower and middle income countries. The Role of Human Capital:
 According to  one major problem concerning the measurement of returns to investment in education concerns the causal interpretation. Higher returns may be caused by differences in education, but they may also drive the decision on whether or not to take education in the first place. These issues are partly tackled in growth regression analysis which provides a way of testing the relationship between, on the one hand, years of schooling and, on the other hand, per capita income and productivity by using time lags on the variables in question. The evidence suggests a positive impact of education on growth but the size of the effect that is usually found is not very large. For example,  show that for a sample of 21 OECD countries an extra year of average schooling raises output per capita by 6 per cent. The effect may be somewhat larger for lower income countries, but there is also substantial more variation across low income countries . Other factors, related to social capabilities, interact with the effect of education on growth. Moreover in particular with large samples of countries most studies have relied on the somewhat imperfect measure of enrolment in schooling as a measure of human capital."
"Parents Behavior towards Educational Investment Decision: A Case Study of Bahawalpur, Pakistan","https://scispace.com/paper/parents-behavior-towards-educational-investment-decision-a-43pqbl81zx","2014","","","Mariam Abbas Soharwardi
Abdul Sattar Khan","","https://scispace.com/pdf/parents-behavior-towards-educational-investment-decision-a-43pqbl81zx.pdf","2 Abstract: This study is concerned with the parents' investment behavior towards higher education. Primary data is collected from 300 households for the empirical analysis. Data is collected through field survey by using questionnaires'. Simple random sampling is used for collection of data. For the determination of parent's investment behavior's predictors quantitative and qualitative analysis is conducted. For qualitative analysis cross tabs and percentages are used and for quantitative Binary logistic model is used for estimation. Parent's investment behavior is measured by their decisions for investment which is taken as dependent variable. Father income, family back ground, gender discrimination, number of adults' child, and traditional attitude towards education andacademic records are used as independent variables. The findings of this study explore that the parents'decisions to send their children to university for higher education is highly associated with their traditional attitude toward education ( as they consider just males as their future investment); their preference for education based on sex and family back ground. All these variables have greater impact on parent's investment behavior towards higher education and statistically significant (p≤0.05).","in estimates of returns to schooling. ""Estimating the returns to education: Models, Methods and Results"" their study appropriate non-experimental methods and micro econometric models for recovering the returns to education using individual data. In this paper at least three distinct ways defined the ""returns to education"": (a) the private return (b) the social return and (c) the labour productivity return. The first of these is made up of the costs and benefits to the individual and is clearly net of any transfers from the state and any taxes paid. The second definition highlights any externalities or spill-over effects and includes transfers and taxes. . highlights the importance of Human Capital for Economic Growth"" that human capital plays an important role in explaining income differences has been present in economists' thinking for a long time. By some accounts, it can even be traced to the work of Adam Smith and Alfred Marshall, although it was not until the middle of the 20thcentury that Gary Becker and others developed a theory of human capital. According to this theory which a person's level of education and experience determine his or her (labor) income, was originally envisaged in a microeconomic context, but had subsequently been applied to macroeconomics. explained ""The policy determinants of investment in tertiary education"". Human capital is seen to be a major driver of economic growth. In this context, the need for IJSER reforming higher education systems has been intensively debated in a number of OECD countries. They discussed how policies can affect investment in tertiary education in ways that would eliminate some of the perceived shortcomings of existing systems, while preserving or (preferably) enhancing equality of access to higher education. Their focused on the institutional set-up of tertiary education that provides incentives for supplying quality educational services; the private returns from higher education which act to attract prospective students; and, individual funding mechanisms to help overcome the liquidity constraints that may restrict participation in higher education. explained in his paper ""Returns to investment in higher education"" Fulltime employed graduates receive a substantial wage premium over non-graduates, on average of the order of 65 per cent; that is controlling for age, experience and other characteristics usually included in such analysis, an employed graduate receives on average about 65 per cent more than an employed person without a degree. explained in his article ""Return to investment in education: A further update"" Returns to investment in education based on human capital theory have been estimated since the late 1950s. In the 40-plus year history of estimates of returns to investment in education, there have been several reviews of the empirical results in attempts to establish patterns. The rise in earnings inequality experienced during the 1980s and 1990s in many countries led to renewed interest in estimates of returns to schooling. A very large literature suggests that systematic changes in the production process led to changes in the demand for certain types of labor. It was argued much earlier in the literature that education is more productive the more volatile the state of technology .A more selective rates of return estimate review focusing on the causality debate between schooling and earnings concluded that the effect of ability and related factors does not exceed 10% of the estimated schooling coefficient. The classic pattern of falling returns to education by level of economic development and level of education are maintained in the updated data set the private returns to higher education are increasing. These new results are based on six new observations and updated estimates for 23 countries since the last review"
"Educational Stock and Economic Output: A Quantitative Analysis.","https://scispace.com/paper/educational-stock-and-economic-output-a-quantitative-265m6unhws","1998","","","Yuxiang Liu","","https://scispace.com/pdf/educational-stock-and-economic-output-a-quantitative-265m6unhws.pdf","A series of multiple linear regressions analyses was used to investigate the relationship between educational stock and economic output. The gross state product (GSP) per capita was used as the dependent variable. Used as independent variables were percentages of: (1) state residents with a high school diploma and above; (2) state residents with any kind of higher education; (3) state residents with an associate degree and above; (4) state residents with a bachelor's degree and above; and (5) state residents with a graduate or professional degree. Results of the multiple linear regression analyses indicate that there is a significant linear relationship, at the 0.05 level, between GSP per capita and each of the five independent variables. Results of the multiple linear regression analyses also indicate that about 19% of the variance in GSP per capita can be explained by percentage of state residents with a high school diploma and above, and about 21% of the variance in GSP per capita can be explained by the percentage of state residents with any type of higher education. About 25% of the variance in GSP per capita can be explained by the percentage of state residents with an associate degree and above, and about 401 of the GSP per capita can be explained by the percentage of state residents with a bachelor's degree and above. The percentage of state residents with a graduate or professional degree explains about 50% of the variance in GSP per capita. (Contains 7 tables and 23 references.) (Author/SLD) ******************************************************************************** Reproductions supplied by EDRS are the best that can be made from the original document. ******************************************************************************** Educational Stock and Economic Output: A Quantitative Analysis PERMISSION TO REPRODUCE AND DISSEMINATE THIS MATERIAL HAS BEEN GRANTED BY TO THE EDUCATIONAL RESOURCES INFORMATION CENTER (ERIC) 1 Yuxiang Liu U.S. DEPARTMENT OF EDUCATION Office of Educational Research and Improvement EDUCAJONAL RESOURCES INFORMATION CENTER (ERIC) This document has been reproduced as received from the person or organization originating it. 0 Minor changes have been made to imprOve reproduction quality. Points of view or opinions stated in this document do not necessarily represent official OERI position or policy. Center for Research on Teachig and Learning College of Education University of Arkansas at Little Rock","education has any impact on the economy. Introduction: Economists and educators have spent much time and effort identifying the impact of education on economic development. Human capital theory has been used as a basis for the analysis of the relationship between education and the economy. Introduction:
 According to human capital theory, part of the variance in productivity can be explained by the labor quality in terms of education and training received by the work force. Investment in education leads to higher productivity, and higher productivity, in turn, causes higher earnings . Introduction:
 Human capital theory has helped economists and educators explain the economic residual, calculate the costs of education, and compute the returns to society. Studies based on human capital theory have been carried out in such areas as the relationship between school enrollment and the gross domestic product, and the relationship between educational expenditures and the gross domestic product. Introduction:
 From their studies, economists and educators have found much evidence to show the impact of education on economic development. This study is intended to contribute evidence to the literature on human capital theory. The focus of this study is on the relationship between educational stock and economic output. Human Capital Theory:
 What is the relationship between education and the economy? This question is not new today, and according to Woodhall (1987), the question was not new three decades ago either (p. 1). He believed that the question had a much longer history. The systematic study of this question, he noted, however, did not start until the 1960s when a branch of economic theory called the economics of education began to develop rapidly. Woodhall listed such topics in the study of the economics of education as the contribution of education to economic growth, the profitability of investment in education, the role of educated manpower in economic development, the costs of education, the finance of education, and the effects of education on the distribution of income and wealth. The concept of human capital, he pointed out, was ""central to much of the research in the economics of education"". The Human Capital Revolution:
 Many economists and educators (e.g., Wykstra, 1971, and Woodhall,  1987) have agreed that the treatment of human beings as a capital component is by no means a novel idea. Woodhall (1987) quoted a message from T h e Wealth of Nations by Adam Smith (1776): ""A man educated at the expense of much labor and time ... may be compared to one of those expensive machines"" (p. 1). Woodhall also noted that in 1924 the Russian economist Strumilin ""drew analogies between investment in education and investment in physical capital"" (p. 1). The Human Capital Revolution:
 While accepting the fact that the idea of the treatment of human beings as a capital component came from the classical economists, many contemporary economists have pointed out that the concept of human capital was not applied seriously until the 1960s. In his Human Capital,  said that ""what has been called the human capital 'revolution' began about three decades ago"" (p. 15).  argued that although the idea of the treatment of human beings as a capital component was in the literature of the classical economists, ""the discipline of economics failed to incorporate fully the human capital component into the stream of economic thought"" (p.   2)."
"Productivity, Employment and Human Capital in Eastern and Western EU Countries","https://scispace.com/paper/productivity-employment-and-human-capital-in-eastern-and-1u0o0wa2vj","2010","Book Chapter","","Enrico Marelli
Marcello Signorelli","10.1057/9780230277403_5","https://scispace.com/pdf/productivity-employment-and-human-capital-in-eastern-and-1u0o0wa2vj.pdf","Many institutional, economic and policy changes have occurred in Europe over the last two decades, within a world that in the meantime was rapidly ‘globalizing’ and where new competitors were making their appearance. The most important changes as regards Eastern (or CEEC) countries concerned: (i) the fall of the Berlin wall (1989), with the subsequent complex and diversified transition processes, (ii) the further EU enlargements (with particular reference to 2004 and 2007) and attainment of deeper integration, with the adoption of a monetary union (since 1999) in the Euro-zone, progressively extended also to the New Member States (NMS). Recently the 2008–2009 global crisis and recession also significantly affected the CEECs, especially those (small) countries with a higher degree of openness.1","EU-27 countries, by distinguishing in particular between Eastern and Western European countries. The focus is on the main determinants, human capital in the first place, but also some other variables, e.g. structural, institutional or related to labour market dynamics. A Partial Review of the Literature:
 As well known, education 3 is a fundamental component of human capital 4 ; however, the main elements of human capital accumulation are not only education through school/university (primary, secondary, tertiary, etc.), but also out-of-job training courses, on-the-job training (generic training, specific training, learning by doing) and life-long learning. For many components, it is quite difficult to find appropriate statistical data. In addition, if we consider a wider concept of ""education"", we are aware that the empirical measures generally adopted (such as years of schooling or level of school/university completed -sometimes distinguishing for the different types of schools/universities) are just a ""proxy"" and exclude the role played by non-school subjects -like family networks and social background -in contributing to the achievement of higher and better ""education"" and to the accumulation of human capital. A Partial Review of the Literature:
 The role of education or human capital (stock or accumulation) for economic growth (and productivity dynamics) has been largely investigated, both theoretically and empirically, by mainstream and heterodox economists, especially in the last two decades (e. g. Lucas, 1988; Mankiw,   1 Starting from the (unexpected) empirical results in terms of (absolute) beta-convergence between a large set of countries, Barro finds that when the initial measures of human capital are included in the regression model, the beta coefficientlinking productivity growth to the initial level of productivity -turns negative and significant (conditional betaconvergence). 2 Many papers analyse the relationship or co-movement between gdp and employment (e.g.  and obviously they obtain, at least indirectly, some evidences also for productivity (per worker gdp) dynamics. 3 As for the recent developments in the economics of education, see . 4 According to the definition by ) ""Human capital is a broad and multifaceted concept encompassing many different types of investment in people.  The key aspect of human capital has to do with knowledge and skills embodied in people and accumulated through schooling, training and experience that are useful in the production of goods, services and further knowledge"".  Vandenbussche, . Human capital has also been considered, as already anticipated, for analysing conditional beta-convergence between different economies (e. g. ."
"Reconceptualization of Vocational Education Program Evaluation.","https://scispace.com/paper/reconceptualization-of-vocational-education-program-4waozkywq7","1985","","","Joanne Farley","","https://scispace.com/pdf/reconceptualization-of-vocational-education-program-4waozkywq7.pdf","","stated, ""The human resource is the master economic re- source. Human Capital Theory: It acts as the economic catalyst that changes the material and imaginary stuff of our world into usable goods and serv- ices"" (p. 8). Human Capital Theory:
 Human resources or capital then has a special role to play in economic growth and development. Becker  further explained this significance: Human Capital Theory:
 Recent years have witnessed intensive concern with the research on investment in human capital. . . . The main motivating factor has probably been a realization that the growth of physical capital, at least as conventionally measured, explains a relatively small part of the growth of income in most countries. Human Capital Theory:
 The search for better explanations has led to improved measures of physical capital and to an interest in less tangible entities, such as technological change and human capital. (p. 1) Human Capital Theory:
 In providing human capital with its special significance, theorists also point out another mistake made by CLM adherents. This consists of the latter's lack of recognition that labor market success is directly related to differences that characterize individuals within any given labor market. Human Capital Theory:
 In terms of the human capital approach, the most relevant of these has to do with dif- ferences in the sill levels possessed by members of the labor market. Human Capital Theory:
 This In turn has led to an increase in the attention paid to educaticn and training and their role in the skill acquisition process. Human Capital Theory:
 Carnevale illustrated the increased significan attributed to education as a source of skill training: Human Capital Theory:
 In short, productivity turns on human decisions, work attitudes and the contributions of health care, education and training to the quality of the workforce. . . Growth in on-the-job training, reallocation of labor and the increase in the quality of labor through education, training, and health care have Consistently accounted for the lion's share of productivity increases since 1929 and for most of our growth in national income.  From the human capital perspective, expenditures that go to im- proving the productivity of an indiviApal shoul.d,be considered ""investments."" Human Capital Theory:
 Investments are typically thought of as long-term ventures where both costs and benefits are realized over a number of years. Human Capital Theory:
 In much the same way, expenditures on human capital that go toward more education and skill 'training are investments whose ""dividends"" become significant only over, time. Human Capital Theory:
 Investments in human capital typically have resulting benefits of three types. The first is the benefit that goes to the individual Who, upon. incurring the costs of increased education or skill training, will ultimateii, receive a greater salary or wage rate than would have been received without the additional education or training. Human Capital Theory:
 The second type of benefit accrues to the employer or firm who has invested in employees by providing them with on-the-job training or education. Human Capital Theory:
 In this case, the benefits consist of the difference between the workers' contribution (marginal value product) to the firm and the wage paid to the worker. Human Capital Theory:
 If the firm does not pass on to workers the full value realized from the additional productivity, the firm will realize a greater net profit from its investment in human capital."
"Gender Equity in Access to Higher Education in Mongolia1","https://scispace.com/paper/gender-equity-in-access-to-higher-education-in-mongolia1-179x97l3yq","2011","Book Chapter","","Enkhjargal Adiya Diffendal
John C. Weidman","10.1007/978-94-6091-722-6_18","https://scispace.com/pdf/gender-equity-in-access-to-higher-education-in-mongolia1-179x97l3yq.pdf","The increasing proportion of entering students has been one of the most outstanding events in the recent evolution of higher education. In particular, the extension to more inclusive groups including female students and less privileged social class students is becoming a worldwide phenomenon. Over the past decade and a half, higher education expansion has been most dramatic in the newly independent republics of the former Soviet Union and Mongolia (Magno and Silova 2008).","expenditure on education both in developing and developed countries. Efforts to promote investment in human capital were seen to result in rapid economic growth in society. For individuals, such investment was seen to provide returns in the form of individual economic success and achievement. Returns to investment in human capital:
 As any other investment, the investment in human capital brings benefits and returns both to the individual and to the society as a whole. Knowledge provides a future consumption stream not reflected in market earnings . However, because monetary returns are easier to measure, most empirical studies have focused on monetary returns rather than on broader definitions of the benefits of education. The private rate of return is derived by comparing the costs actually born by the student (earnings foregone and tuition fees) with the benefits received (the increase in after-tax income) . The social rate of return takes account of both private and social costs and benefits, including the costs of publicly provided education and the increased tax payments of more highly educated individuals . Ideally estimates of the social rate of return should take account of external benefits arising when higher productivity is not fully reflected in higher wages. As previously mentioned these external benefits represent one of the main reasons for public subsidies to education. However, because external benefits are hard to capture econometrically, the existence of a net subsidy to education implies that the measured social rate of return is lower than the measured private rate of return for any given data set .  has conducted studies to attempt to measure the private and social rates of return to education using examples from 32, 44 and 61 countries respectively. His findings indicate that incomes increase with the level of education and that the implied private and social rates of return to education are high. He also came up with four major findings about the return to investment in human capital: first, the returns of primary education are the highest among all educational levels; second, private returns are always higher than social returns; third, all rates of return to investment in education are higher than the opportunity cost of capital; and fourth, the returns to education in less developed countries are higher than corresponding returns in advanced countries. Returns to investment in human capital:
 Furthermore, according to , education is strongly correlated with income, and examples from different countries around the world demonstrate that individuals profit from investments in education. In addition, returns to investments in education tend to follow the same rules as investments in physical capital: that is, they decline as investment is expanded through educational cycle over time, within countries across the countries . Typically each additional year of education is associated with increases in earnings of 10 percent or more, sometimes up to 20 percent. The jobs that become accessible with education pay more, offer an opportunity for on the job training, raise productivity and bring faster pay increases as work experience accumulates. Returns to investment in human capital:
 There are non-monetary benefits of education as well. More educated individuals have better health knowledge and better health status, even after controlling for such variables as family income, healthier diets, behaviors and lifestyles . Other nonmonetary benefits include transmission of cultural values, more intelligent voting behavior and reduced predisposition to criminal behavior. In case of women's education, some researchers argue that investment in women's education may be profitable. Even if a woman does not work Returns to investment in human capital:
 and earn money her level of education affects the education of her children ."
"The Returns to Education: Macroeconomics","https://scispace.com/paper/the-returns-to-education-macroeconomics-48g5qc1zhe","2003","Journal Article","Journal of Economic Surveys","Barbara Sianesi
John Van Reenen","10.1111/1467-6419.00192","https://scispace.com/pdf/the-returns-to-education-macroeconomics-48g5qc1zhe.pdf","We offer an extensive summary and a critical discussion of the empirical literature on the impact of human capital on macro-economic performance, with a particular focus on UK policy. We also highlight methodological issues and make recommendations for future research priorities.

Taking the studies as a whole, the evidence that human capital increases productivity is compelling, though still largely divided on whether the stock of education affects the long-run level or growth rate of GDP. A one-year increase in average education is found to raise the level of output per capita by between three and six percent according to augmented neo-classical specifications, while leading to an over one percentage point faster growth according to estimates from the new-growth theories. Still, over the short-run planning horizon (four years) the empirical estimates of the change in GDP are of similar orders of magnitude in the two approaches. The impact of increases at different levels of education appear to depend on the level of a country's development, with tertiary education being the most important for growth in OECD countries. Education is found to yield additional indirect benefits to growth. More preliminary evidence seems to indicate that type, quality and efficiency of education matter for growth too.","that over the short-run planning horizon (4 years ahead) the empirical estimates of the change in GDP for a given increase in the human capital stock are of similar orders of magnitude in the two approaches. Conclusions: The most robust qualitative results include: Conclusions:
 * The factors that appear to have an important impact on growth in samples including both OECD and developing countries have traditionally been found to be considerably less precise and have much less explanatory power when estimated for the OECD sub-sample alone. Some promising very recent contributions based on a new harmonised dataset for the OECD, as well as on more sophisticated techniques exploiting the time-series dimension of the data have however obtained significant and robust estimates in models with high explanatory power. * The impact of increases in various levels of education appears to vary greatly according to the level of a country's development. In particular, while primary and secondary skills appear to be related to growth in the poorest and in intermediate developing countries respectively, it is tertiary skills that are important for growth in OECD countries. * In addition to its direct contribution to growth, human capital has indirect effects as well, by stimulating the accumulation of other productive inputs (e.g. physical capital, technology or health) which in turn foster growth, while discouraging factors (like population growth or infant mortality) which hamper growth. Conclusions:
 More preliminary evidence seems to indicate that type, quality and efficiency of education all matter for growth: fail to affect labour force quality, nor do they seem to directly affect economic growth; * the contribution of human capital to growth has been found to depend on the efficiency with which resources are allocated to the various levels of education. Conclusions:
 There are many methodological and conceptual problems in this literature, but it does give some guidance for policy. Taken as a whole we feel confident that there are important effects of education on growth. We are less confident that the effects of education on growth are as large as it is claimed by the new growth literature. There needs to be a much more concerted attempt to combine the new growth theory with rigorous micro-studies to demonstrate the link between innovation and human capital, in particular work reconciling micro and macro evidence by combining data at different levels of aggregation (individual, firm, industry and economy-wide). Other main research areas that need supporting include better attempts to control for reverse causality by using more exogenous changes affecting education, in parallel to the quasi-experimental approach adopted in the estimation of private returns by labour economists. Improving the (timevarying) measurement of the stock of human capital, taking account of quality issues as well as of further investments in the form of training, should also be high on the agenda. Finally, a more policy-oriented approach would attempt to open up the 'black box' of education by trying to explore the mechanisms through which human capital affects growth, for instance by looking at more disaggregated issues in more detail and in a more satisfactory way than done to date."
"Human capital in a global and knowledge-based economy : final report","https://scispace.com/paper/human-capital-in-a-global-and-knowledge-based-economy-final-39j56aky9x","2002","Book","","Ángel de la Fuente
Antonio Ciccone","","https://scispace.com/pdf/human-capital-in-a-global-and-knowledge-based-economy-final-39j56aky9x.pdf","","a wide variety of results from different countries however. It appears that product innovation has a positive effect on employment growth in Germany but a nega-tive effect in France (e.g. . Evidence concerning process innovations is also mixed (e.g. . (x) Technological change and employment:
 (xi) Non-market returns to schooling So far we have only discussed the return to education related to improved labour market performance. There is much literature identifying additional nonmarket returns for individuals and families (e.g. . The main component of these additional returns is usually taken to be the positive effect of education on own health and on the health of families headed by better educated individuals. For example, better educated men have a lower risk of death from heart disease, and children of better educated women have lower mortality rates (e.g. . Some studies argue that health benefits can add up to 40 % to the labour market return of schooling (e.g. . Another important non-market component of the return to schooling is the efficiency of home production, including the management of household finances and the education of children. For example, households headed by more educated individuals achieve higher returns on financial assets and the children of better educated parents stay longer and do better in school (e.g. . Moreover, better educated individuals are more efficient learners later in life (e.g. . These non-market returns imply that the private and social labour market returns to human capital should be seen as lower bounds when making investment decisions. (b) Human capital and growth: macroeconomic evidence:
 This section surveys the macroeconomic evidence on the growth effects of education. After briefly reviewing the role of human capital in recent theories of growth, we discuss the specifications most commonly used in empirical work in this area, some econometric issues that arise in their estimation, and the main results of the literature. A more detailed literature review is contained in Section 3 of the appendix to this report ( 9 ). (i) Human capital in growth theory:
 One of the most distinctive features of the 'new' theories of growth developed in recent years has been the broadening of the relevant concept of capital. (i) Human capital in growth theory:
 While traditional neoclassical models focused almost exclusively on the accumulation of physical capital (equipment and structures), more recent contributions have attributed increasing importance to the accumulation of human capital and productive knowledge and to the interaction between these two factors ( 10 )."
"Cost and Economic Benefits of Postgraduate Education among Lecturers in Federal and State Universities in Edo and Delta States","https://scispace.com/paper/cost-and-economic-benefits-of-postgraduate-education-among-1xynjazlha","2017","Journal Article","IOSR Journal of Humanities and Social Science","Chukujindu Joyce Okafor
Ven. Professor Mon. Nwadiani","10.9790/0837-2204036670","https://scispace.com/pdf/cost-and-economic-benefits-of-postgraduate-education-among-1xynjazlha.pdf","This paper investigated the direct private cost and economic benefits (monetary) to investment in the postgraduate education of lecturers in Federal and state universities in Edo and Delta States. Descriptive survey method using ex-post designed was used. Study population was made up of two thousand, seven hundred and ninety seven (2,797) lecturers in the Federal and State universities in Edo and Delta states. Using purposive sampling technique method, 300 lecturers with either master’s or doctoral degrees from Federal and State universities in Nigeria were sampled. A checklist on direct private cost and direct private economic benefit of masters’ and doctoral degrees (DPCDEBMDE) – was used to solicit information on the direct private unit costs and economic benefits (salary and other monetary income) from postgraduate education. Data gathered were analysed using descriptive and econometric statistics. The results showed that: (a) there is a variation in the direct private cost of postgraduate education in course areas studied. (b) on economic (monetary) benefit to postgraduate education, the study also found that there are variations in economic benefits of postgraduate education of lecturers in federal and State universities in Edo and Delta states.. (c) the net present value and the profitability index of science based courses was highest followed by management sciences and Arts respectively. From the findings it was concluded that postgraduate education is a viable investment because it was profitable for all the courses studied. The results of this study have serious implications for individuals who may want to invest in this type of educational programme. And it is recommended that those who want to invest in postgraduate education should invest in sciences because it is highly profitable","Lecturers in Federal and State Universities in Edo and Delta States Authors: Chukujindu Joyce Okafor,Ven Professor,Mon Nwadiani Keywords: Cost, Economic benefit, Net present Value and Profitability Index, postgraduate education I. INTRODUCTION:
 The economics of education has expanded considerably in scope over the last four and a half decades. The human capital theory remains central to any analysis of individual's behaviour regarding demand for education at any level. The modern analysis of the economics of education had its birth with Theodore Schultz's address to the American Economic Association in December 1960. That address introduced the notion that education can be regarded as an investment in human capital, an investment that is similar to investments in physical capital. The theory states that the individuals decide to invest in their own education, at the margin, just as firms decide to invest in new machinery. The investment in each case entails current costs, and yields future benefits. An internal rate of return to the investment can in each case be calculated . I. INTRODUCTION:
 It is accepted as true that expenditure on training should be considered an investment  since it is embarked on with a view to increasing income of the individual or the employer. Key to the theory of human capital is the concept that, gaining of more knowledge and skills raises the value of a person's human capital, thereby increasing their employability, income potential and productivity. In general terms, human capital stands for the investment people make in themselves that enhance their economic productivity. For example investment in postgraduate education, may involve a series of activities that influence future real income through the imbedding of resources in the individual who decides to pursue a postgraduate education. I. INTRODUCTION:
 According to  human capital theory provides a basic justification for large public expenditure on education both in developing and developed nations. The theory is in agreement with the ideologies of democracy and liberal progression found in most Western societies. Its attraction is based upon the presumed economic return of investment in education both at the macro and micro levels. For individuals, such investment provides direct returns in the form of individual economic success and achievement. Educational investment according to  should take into account certain criteria which are: direct economic returns to investment, in terms of the balance between the opportunity costs of resources and the expected future benefits; indirect economic returns, in terms of external benefits affecting other members of society; the private demand for education and other factors determining individual demand for education; the geographical and social distribution of educational opportunities; and the distribution of financial benefits and burdens of education. I. INTRODUCTION:
 Education plays a great and significant role in the economy of any nation. Thus expenditures on education constitute a form of investment. This improves individual's human capital and leads to greater output for society and enhanced earnings for the individual worker and allows them to reap pecuniary and non pecuniary returns and gives them opportunities for job mobility."
"Human capital in a global and knowledge-based economy","https://scispace.com/paper/human-capital-in-a-global-and-knowledge-based-economy-4o4iyi15ph","2003","Posted Content","Research Papers in Economics","Antonio Ciccone","","https://scispace.com/pdf/human-capital-in-a-global-and-knowledge-based-economy-4o4iyi15ph.pdf","This report is an extension and partial update of de la Fuente and Ciccone (2002). It constructs estimates of the private and social rates of return on schooling for fourteen EU countries using microeconometric estimates of Mincerian wage equations, the results of cross-country growth regressions and OECD data on educational expenditures, tax rates and social benefits. The results are used to draw some tentative conclusions regarding the optimality of observed investment patterns and educational subsidy levels.","percent to the labour market return of schooling (e.g. ). xi. Non-market returns to schooling: Another important non-market component of the return to schooling is the efficiency of home production, including the management of household finances and the education of children. xi. Non-market returns to schooling:
 For example, households headed by more educated individuals achieve higher returns on financial assets and the children of better educated parents stay longer and do better in school (e.g. , ). Moreover, better educated individuals are more efficient learners later in life (e.g. ). These non-market returns imply that the private and social labour market returns to human capital should be seen as lower bounds when making investment decisions. b. Human capital and growth: macroeconomic evidence:
 This section surveys the macroeconomic evidence on the growth effects of education. After briefly reviewing the role of human capital in recent theories of growth, we discuss the specifications most commonly used in empirical work in this area, some econometric issues that arise in their estimation, and the main results of the literature. A more detailed literature review is contained in section 3 of the Appendix to this report. i. Human capital in growth theory:
 One of the most distinctive features of the ""new"" theories of growth developed in recent years has been the broadening of the relevant concept of capital. While traditional neoclassical models focused almost exclusively on the accumulation of physical capital (equipment and structures), more recent contributions have attributed increasing importance to the accumulation of human capital and productive knowledge and to the interaction between these two factors. Theoretical models of human capital and growth are built around the hypothesis discussed in section 2, namely that knowledge and skills embodied in humans directly raise productivity and increase an economy's ability to develop and to adopt new technologies. In order to explore its implications and open the way for its empirical testing, this basic hypothesis is generally formalized in one of two (not mutually exclusive) ways. The simplest one involves introducing the stock of human capital (which will be denoted by H throughout this report) as an additional input in an otherwise standard production function linking aggregate output to the stocks of productive inputs (generally employment and physical capital) and to an index of technical efficiency or total factor productivity (TFP). The second possibility is to include H in the model as a determinant of the rate of technological progress (i.e. the rate of growth of TFP). This involves specifying a technical progress function that may include as additional arguments variables related to R&D investment and the gap between each country and the world technological frontier. We will refer to the first of these links between human capital and productivity as level effects (because the stock of human capital has a direct impact on the level of output) and to the second one as rate effects i. Human capital in growth theory:
 (because H affects the growth rate of output through TFP). As will be emphasized later, the distinction between these two types of effects, while conceptually clear, is often less sharp in practice than may appear from the preceding discussion, particularly in models that allow for the diffusion of technology across countries."
"Considering human capital theory in assessment and training: Mapping the gap between current skills and the needs of a knowledge-based economy in northeast Iowa","https://scispace.com/paper/considering-human-capital-theory-in-assessment-and-training-15o00618ua","2010","Dissertation","","Wendy Ann Mihm-herold","10.31274/ETD-180810-1946","https://scispace.com/pdf/considering-human-capital-theory-in-assessment-and-training-15o00618ua.pdf","In light of the current economic downturn, thousands of Iowan’s are unemployed and this is the ideal time to build the skills of the workforce to compete in the knowledge-based economy so businesses and entrepreneurs can compete in a global economy. A tool for assessing the skills and knowledge of dislocated workers and students as well as identifying skills deficits in order to match individuals’ transferrable skills to high-demand jobs is essential in order for dislocated workers and students to increase their human capital. It is essential for individuals to make informed decisions regarding the training they need and for educational institutions to provide appropriate educational programs that are responsive to the needs of the knowledge-based economy. The purposes of this study were to compare the relationships between knowledge levels, transferrable skills, and skill needs of dislocated workers in northeast Iowa to the knowledge and skill needs of area businesses, to outline and develop a model for equipping Iowa’s workforce for a knowledge-based economy, and to provide a paradigm for assessment and training. The research questions guiding this study included: (a) What are the demographic characteristics of northeast Iowa’s dislocated workers? (b) What are the current skills, knowledge, and competencies of dislocated workers in northeast Iowa? (c) Are there differences in the skills, knowledge, and competencies between male and female dislocated workers? (d) What are the aspirations of dislocated workers in northeast Iowa? (e) What are the skills gaps of dislocated worker regarding the knowledge-based economy? (f) What education and training programs are needed to adapt the current skills set clusters to a knowledge-based economy in northeast Iowa?","training, including old-style apprenticeship organized by firms; Human Capital Theory: • formally organized education at the elementary, secondary, and higher levels; Human Capital Theory: • studies of adults that are not organized by firms, including extension program notably in agriculture; Human Capital Theory:
 • migration of individuals and families to admit to hanging job opportunities (p.9).  and Schultz' (1971) applications of human capital theories opened the door for many advancements of the human capital theory in the economic field and have advanced research in many specialized areas such as ""labour economics"", ""public sectors economics"", ""growth theory"" and ""welfare economic"" . Human capital theory has been important for scholars for decades and its analytical framework supports economic approaches used to inform and support education policy makers . This advancement is critical in the current study to show the impact of human capital in a new growth economy.  research asserts that on-the-job training is a complementary factor that, with education and ability, relates to workers' income and productivity. This research supports that knowledge and skills are both essential for determining human capital in a knowledge-based economy.  raised concerns that human capital theory should not only look at the rate of return method with education and income as contributing factors but should also account for the benefits, social valuations, and quality of life created when comparing to education investment.  contends that human capital is at an all time low and needs to increase for the U.S. to be competitive in a global economy. In these unprecedented times, a nation's greatest assets-skills and knowledge-are the most widely dispersed form of wealth. Human Capital Theory:
 Thurow further contends that a knowledge economy is what makes anything possible and is an essential part of our nation's success in the future. In times of turbulence in the economy with businesses not being able to find critical skilled labor and marked job loss knowledge has lead to increased capitalism for entrepreneurial success in the past and is predicted to occur in the future.  note that the uniqueness of an employee's skills and capabilities are critical requirements for gaining competitive advantage. Human capital theorists suggest that organizations develop resources internally only when investments in employee skills are justifiable in terms of future productivity . Human Capital Theory:
 Human capital has an emphasis on the cost of labor relative to the return on investment in order to gain future productivity by developing employees' skills and knowledge. Employees own their human capital while firms work hard to protect these skills and knowledge so they are not transferred to other businesses. Therefore many businesses are reluctant to invest money in generic or job-specific skills unless the investments are justifiable for future productivity .  found that ""the value of human capital can be influenced by a multitude of sources, such as a firm's strategy and technologies"" (p. 35) meaning an employee's potential to contribute by using new technologies is what created advanced manufacturing which transformed the manufacturing to knowledge worker versus a hand on worker.  suggests that firm-specific skills are non-transferable. The value of any employee's human capital will be less with any other firm. Although  noted that ""extendibility"" (p.44) of core competencies are developed from knowledge and skills that can be used repeatedly in different arenas. Core assets are critical for organizations to develop their employees in order to gain a competitive advantage ."
"The Impact of Investment in Human Capital on Industrial Development: An Empirical Analysis of Pakistan","https://scispace.com/paper/the-impact-of-investment-in-human-capital-on-industrial-5cwledzkki","2024","Journal Article","Pakistan journal of humanities and social sciences","Tanveer Ahmad Naveed
Mahvish Sana
Li Wang
Sundus Aijaz Mughal","10.52131/pjhss.2024.v12i2.2177","https://scispace.compdf/the-impact-of-investment-in-human-capital-on-industrial-5cwledzkki.pdf","Over the last half-century, reduction in poverty and reasonable economic growth have been the fruit of continued industrial development, mostly in Asia. Improved telecommunication, liberalized markets, and better infrastructure cannot accelerate economic growth unless an appropriate level of investment in human capital is not available. The study mainly targets to investigate impact of investment in human capital on industrial development in Pakistan from 1980 to 2023. The study incorporates government expenditures on education (EXE), government expenditures on health (EXH), and growth in enrollment rate in vocational institutes (EVG) as indicators of investment in human capital. The study has applied Augmented Dickey-Fuller to check stationarity of variables followed by estimation of Autoregressive Distributive Lag (ARDL) model to find co-integration. It is resulted from estimation that expenditure in health and enrollment in vocational training confirm leaves positive impact on industrial development in case of Pakistan. The empirical outcomes are consistent with existing evidence found on the same subject for other economies. In Pakistan, there is a need for policy formulation to achieve the right direction of educational development for industrial development. ","productivity, which will ultimately enhance economic development. In the twentieth century, explained that investment in education was a more profitable and important tool for gaining economic growth. As a result, the skills acquired via advanced education are more productive than the other investment. Literature Review:
 Then, with time, human capital theory was developed by , who postulated that investment in education is more precious than investment in physical capital. Advanced education and a healthy workforce enhance productivity and earnings. Literature Review:
 On the other hand,  introduced the term innovation for the sake of growth in output through the adoption of technology. Literature Review:
 Consequently, human capital is not a single type of input that can be embodied in production function; however, capital and labor both ultimately enhance skills and efficiencies, which is one sign of high productivity. Literature Review:
 explained that job training is beneficial in elevating human capital, and this contributes to enhancing growth by producing productive labor and promoting technical skills. presents in his model that ""human capital is the engine of growth."" Investment in human capital increases the marginal product of labor and productivity levels. Literature Review:
 Empirically, many economists used education attainment and health expenditures as proxies of human capital and skill development . Numerous researchers  explained that investing in schooling and job training increases workers' productivity. examined the role of human capital on economic growth using cross-country analysis. Literature Review:
 The results showed that human capital has a positive effect on an economy's growth rate. Many studies also address the theoretical relationship. For example,  differentiate the countries according to technological and human capital development. For this purpose, they used a growth accounting framework among all countries. Literature Review:
 The result showed that human capital enhances economic growth by producing new technologies and a skilled labor force, along with the productivity of the labor force. Some empirical studies have also determined the impact of investment in human capital and economic development. Literature Review:
 stated that the increase in expenditures for vocational training and skills development enhances the human capital of the country, which is a very important determinant of economic development. Literature Review:
 Similarly,  investigated that economies which spend more on human capital building result in providing high income per capita to individuals or in other words higher income is associated with higher human capital. Literature Review:
 The study concluded that less developed countries boost their per capita income by investing in health in the short run but, in the long run, enhance their overall income and economic growth. rendered research for South Asian industries and found the relation between the effect of worker education and productivity. Literature Review:
 Naturally, this is resulted that more attainment of education is highly correlated with elevated individual earnings. Moreover,  explores the role of physical capital in increasing industrial productivity. Nigeria has abundant human capital, which contributes to productivity; however, enhancement of this capital is ensured by integrating it with physical capital. Literature Review:
 estimated that human capital is important to facilitate a country's getting the benefits of its innovation-native efforts. The literature in Pakistan is scarce on the direct question; however, some researchers have conducted studies on other aspects of the subject. Literature Review:
 empirically analyzes that for the short-term behavior of industrial growth in Pakistan, an error correction model was applied, and the error correction term was found to be negatively signed and statistically significant."
"The Investments in Education and Quality of Life","https://scispace.com/paper/the-investments-in-education-and-quality-of-life-3jbqpe580j","2013","Posted Content","Journal of Knowledge Management, Economics, and Information Technology","Dan Dumitru Ionescu
Alina Mariuca Ionescu
Elisabeta Jaba","","https://scispace.com/pdf/the-investments-in-education-and-quality-of-life-3jbqpe580j.pdf","A considerable amount of literature has investigated positive economic and social outcomes that learning may have both for individuals and for societies. Better-educated people typically have better health status, lower unemployment, more social connections, and greater engagement in civic and political life. This paper aims to explore the relationship between investments in education and research and the level of quality of life in a country. The investments in education and research are expressed in terms of expenditure on education and research, financial aid to pupils and students and public subsidies to private sector. For the assessment of quality of life there were considered three well-known composite indicators: Human Development Index, Economist Intelligence Unit Quality of Life Index, and Satisfaction with Life Scale. The analysis is done using data on European Union 27 member states, which come from Eurostat database and from specialized institutions’ sites. The study shows a positive relation between investments in education and quality of life. It identifies the annual expenditure on public and private educational institutions per pupil/student and the gross domestic expenditure on research and development as being the indicators of investments in education that best predict the level of quality of life in a country. Journal: Journal of Knowledge Management, Economics and Information Technology","implication in terms of economic policy is that if inequalities in income distribution are to be reduced in a given country, the starting point is to reduce inequalities in access to schooling, given that income inequality seems to be higher when education is less equally distributed . Investments in education and quality of life:
 The human capital theory, an economic rationalist approach, focuses on returns to investment in education: education and training (human capital) increase worker productivity and hence the value of educated workers. Thus, individuals who invest time, energy, and money into education do so with the expectation of securing a better job and enhanced lifetime earnings. At the individual level, increasing education (human capital) increases worker productivity and thus garners better employment and income for the individual. At the social or aggregate level, general increments in the stock of human capital are supposed to increase overall productivity, prosperity, and social cohesion . Investments in education and quality of life:
 From a stock based approach to sustainability, investments in education -essentially through expenditure on education and researchare both important and necessary in securing a high quality of life on long-term, since it contributes to the constitution and development of the human capital as a resource that enhances well-being of future generations . Human capital refers to the knowledge, skills and attributes that are embodied in each person and that facilitate the creation of different forms of well-being ). The benefits of human capital are both economic and social, and they may accrue both the person making this investment and to the community of which they are part. The economic benefits of human capital investment take the form of higher income and earnings capacity for the individual making this investment. At the aggregate level, investment in human capital is an essential factor for economic growth, as growth is based on technical advances that request workers more skilled and qualified. Investment in human capital also delivers social returns, such as higher life-expectancy for more educated people, lower undesired fertility in less-developed countries, and greater participation in civic and social life. Because of this range of payoffs, the concept of human capital may be approached as a driver of economic growth and innovation; as an investment to secure greater access to jobs, higher income and lower poverty; and as one of the assets that should be preserved and developed to secure sustainable development . Investments in education and quality of life:
 One limit that occurs in the evaluation of impact of investments in education on QOL is the fragility of link between expenditure on education and people's QOL: expenditures relate to the resources that go into the institutions providing educational services, whereas educational attainments are driven by many other factors ). Another weakness is that analysis only of education expenditures -as the monetary cost of producing new human capital -ignores depreciation of human capital and the fact that the same level of expenditures can produce human capital of very different qualities ."
"Human Capital: Current Status in the Fortune 500.","https://scispace.com/paper/human-capital-current-status-in-the-fortune-500-56vfh748w5","1990","","","Teresa M. Palmer","","https://scispace.com/pdf/human-capital-current-status-in-the-fortune-500-56vfh748w5.pdf","An exploratory study examined what the largest and most successful manufacturing and service companies in the United States are doing to address human capital needs through training and development. A questionnaire was sent to 168 firms from the service sector and 165 from the manuiacturing sector, as identified by ""Fortune""; 81 responded. Findings indica_ed that few organizations relied on a wholly centralized training function (only 6.5 percent of service ana 8.6 percent of manufacturing firms). Considerably more firms reported wholly decentralized training (17.4 percent of service and 31.4 percent of manufacturing firms). The most common arrangement was to have both (76 percent of service and 60 percent of manufacturirg firms). A cler_ majority of both reported the existence of a separate training department. Responses indicated that human resource planning was done at all levels from chief executive officer and corporate staff to line management. Almost identical percentages from the service and manufacturing sectors, 68.9 percent and 68.6 percent respectively, indicated that their firms had formal policy statements recognizing human resources as an essential corporate asset. Data were collected on kinds of training provided, delivery systems, and time spent on training. (The questionnaire and 30 references are appended.) (YLB) *********************************t************************************* * Reproductions supplied by EDRS are the best that can be mau., * * from the original document. * *******,:************************$:************************************* '0 HUMAN CAPITAL: CURRENT STATUS IN THE FORTUNE 50","nducation, *Corporate Education, Educational Research, Education Work Relationship, Employer Attitudes, Industrial Training, Inplant Programs, *Labor Force Deve?opment, *Manufacturing Industry, xOn the Job Training, Questionnaires, *Service Occupations Introduction:
 During the last five years, the press (business and popular) has devoted increasing attention to the state of the American business and its labor focce. Introduction:
 It would be difficult for any literate adult to be unaware of the collective concern being expressed by business, labor, economists, various organizations, and the government about the current and future state of human capital in the United States of America. Introduction:
 What is human capital and what does it mean to invest in it? What are the factors which affect the labor force needs? What are current labor force needs? Do we know what future labor needs will be? What is being done to meet current and future needs? This paper focuses on what is being done to address human capital needs by America's largest mnufacturing and service companies. Related Literature:
 One of the measures commonly used to assess the health of an economy is its productivity--the value of the goods and services produced--and more specifically, the growth in that productivity. Historically, economists have identified the factors of production as land, labor and capital; and increases in produe-ivity have resulted from varying the quantities of these factors used in production. Related Literature:
 From early agrarian times to the present, it has been understood that investments made to improve the quality of the land (crop rotation, fertilization, drainage, conservation practices, etc.) result in higher yields. Similarly, the historical expcilNices of the industrial revolution demonstrate clearly that investments in technology and better tools and equipment can also result in dramatic increases in productivity. Productivity increases from labor have traditionally resulted from the addition of more units of labor (raw labor) and, more recently, from hiring more skilled labor. Investment in the development of labor skills has been primarily individual investment, with the returns from that investment accruing to the individual in the form of higher earnings. Related Literature:
 It wasn't until the 1960s and 1970s that economists focused much attention on the development of human capital. Related Literature:
 The importance of human capital investment has been extensively documented .  recognized that ""natural resources, physical capital, and raw labor are not sufficiefit in developing a highly productive economy. A wide array of human skills are essential...without them the economic prospects are bleak."" Investment in huoan capital is the commitment of resources in those ""activities that influence future monetary and psychic income by increasing the resources in people...[that will] improve skills, knowledge, or health"" . Two of the activities which contribute to the acquisition of human capital are education and training. Education includes schooling which precedes entry to the labor force and that which occurs while individuals are part of the labor force."
"America’s College Promise: An Economic Evaluation of President Obama’s Free Community College Plan","https://scispace.com/paper/america-s-college-promise-an-economic-evaluation-of-1scctp3ghu","2015","","","Yue Guan","","https://scispace.com/pdf/america-s-college-promise-an-economic-evaluation-of-1scctp3ghu.pdf","In his 2015 State of the Union Address, President Obama announced "" America's College Promise, "" a plan to make community college free for all American families making less that $200,000. In this thesis, I provide an analysis of the plan and provide an evaluation of its potential impact on the education attainment gap in the United States. I also evaluate the plan's various components and assess its potential impact on community college student enrollment, completion, and transfer to four-year universities. Lastly, I offer recommendations for improvement.","explains about 36% to 70% of the rise in income to labor. He concluded that the decline in the income capital ratio was a signal that ""human capital investment has been increasing relatively not only to conventional capital but also to income"" . Human Capital Attainment Effects on Personal and National Economic Wellbeing:
 Schultz early conclusions about the important effects of human capital investment led to the study of human capital as a branch of Economics. In a 1999 survey paper, Blundell et al examines the returns of education for the individual and the economy. Similarly to Schultz he defined human capital to be an investment decision in which individuals give up income for some expected future return. For the UK and other developed western nations, the current empirical research details an average gross rate of return for an additional year of education at five to ten percent . In addition to the monetary returns on education, researchers also found that workers with higher levels of education were also more likely to participate in workplace training and other educational opportunities after their formal schooling. Human Capital Attainment Effects on Personal and National Economic Wellbeing:
 Further on-the-job training was found to be highly portable in that workers benefited from the training after leaving their current jobs . However, researchers noted that the returns on training, especially vocational training, flattened over time leading them to conclude that there are benefits to renewing training throughout an individuals life time. Despite this caveat, the positive rate of return on education and the self-sustaining component to human capital accumulation that suggests that investment in human capital is a valid tool for individual economic growth. Human Capital Attainment Effects on Personal and National Economic Wellbeing:
 Individual investment in human capital has numerous positive spillover effects for the economy as a whole. Education produces a more employed population, which decreases crime rates and social welfare programs such an unemployment aid, in turn reducing taxpayers' burden. It also improves the democratic process, as citizens are able to make more informed decisions. The literature presents the Growth Accounting Model to justify the importance of education in Economic development. The model states that the relatively high rates of Economic growth cannot be accounted for with the rates of growth seen in the quantity of labor and capital, the traditional inputs in a production function. The ""residual"" remains unexplained even when reclassified as ""technical change"" or ""efficiency."" Thus, Economists conclude that the quality of human capital, more than the just the quantity of labor, plays a large role in Economic growth. In fact, empirical evidence shows that the increased rates of education in the labor force over the past fifty years accounts for about one-third of the overall growth in productivity in the United States (Griliches, 4). Under the Growth Accounting Model there are two main streams of thought. One group of economists agree that the level of output depends on the level of human capital in the labor force, implying that countries who accumulate higher rates of human capital over time will also have higher rates of output. In this case, human capital attainment is directly linked with Economic development. Another strain of thought states that human capital is the primary source of innovation and increases an individual's ability for technological innovation and to adapt to change. This school of thought claims that education levels indirectly impact output by making technological and organizational changes possible )."
"An Analysis of the Planning Process in Secondary Education in Trinidad and Tobago: 1962-1976","https://scispace.com/paper/an-analysis-of-the-planning-process-in-secondary-education-1x501734","2023","Dissertation","","","10.32597/dissertations/192/","https://scispace.com/pdf/an-analysis-of-the-planning-process-in-secondary-education-1x501734.pdf","Problem. During the period 1962-1976, the Government of Trinidad and Tobago directed very specific attention to the development of education in general and secondary education in particular. Three major documents related to educational planning were prepared. A survey of the literature revealed that a detailed analysis of educational planning in Trinidad and Tobago had not yet been undertaken. The purpose of the study was to analyze the planning process in secondary education in Trinidad and Tobago during the period 1962-1976. Method. The design of the study conforms to the pattern of descriptive research. The nalysis was based on seven points arrived at by establishing a measure of agreement on the constituent parts of a planning process. The review of the literature provided the base for setting the parts of the process. The seven points which the researcher sought to determine were: 1. The philosophical basis on which planning in secondary education was conceived and the method used to determine it 2. The theoretical concept or concepts utilized in planning 3. The goals to be achieved and the method for their determination 4. The relationship between philosophy, aims, and objective of the educational plans evolved during the period 5. The evaluative criteria developed for measuring success or failure of the plan 6. The planning machinery and the process of implementation 7. The method by which conclusions were arrived at and any subsequent recommendations made Five major documents were analyzed according to the seven points established and the findings listed in the research. The five major documents were: 1. Committee on General Education, 1959 2. Educational Planning Mission, 1964 3. Draft Plan, 1968-83 4. Report of Working Party on Education, 1976 5. Prime Minister’s Proposals to Cabinet on Education, September 18, 1975 Twenty-nine other documents were consulted in the course of the study and some additional information was gleaned from these sources. Three interviews were also conducted with persons involved in educational planning in Trinidad and Tobago. Findings. The findings of the study were the following: (1) The philosophical basis of planning was primarily that the education system should serve the needs of the people of Trinidad and Tobago. (2) An eclectic approach was followed in planning, incorporating social-demand, manpower-requirements, and cost-benefit analysis. (3) The goals in secondary education were intended to make the curriculum more diversified and less examination conscious, to increase the number of school places, to cater to individual differences, to develop an administrative structure and physical plant adequate to meet the aforementioned goals. (4) There was a general degree of congruence between philosophy, aims, and objectives in secondary education. (5) Evaluative criteria were not clearly delineated in some of the plans prepared. (6) Several of the goals targets were not met in keeping with time projections. (7) There were no standard methods used for arriving at decisions; some of those utilized were: public input, governmental policy statements, professional expertise provided by international organizations, research. Conclusions. The following conclusions are supported by the findings: 1. There was a definable process of educational planning, which included secondary education, in Trinidad and Tobago during the period 1962-1976 2. The philosophical basis which influenced planning in secondary education was essentially that education should serve the needs of the people of Trinidad and Tobago. This was in contrast to the externally oriented system of the pre-independence era 3. There was a shift in emphasis from social demand planning to a more eclectic approach 4. No definitive statement on the success of the plans can be given at the present time since greater importance was given to the realization of quantitative targets and there are no criteria stated for evaluating quantitative goals 5. There are serious questions surrounding the claims of macro-planning as the tool of education development and consequently national development. ","defective) can be accurate enough to be useful guides (p. 23). ""... they are not so much predictions of what will happen in the manpower fields as indications of what must happen i f certain targets for economic growth are to be realized ). 2.:
 In the cost-benefit analysis, or rate -o f return approach to educational planning, the researcher seeks to answer e sse n tia lly two questions: 2.:
 1. How are we to compare the relative advantaae of such investment (i.e . in human resource development) with other uses of resources? 2. How should investment in one increment to educational endeavour be assessed in relation to another educational pro gramme? . 2.:
 Even though no fool-proof method or strategy of educational planning has yet been devised, the rate-of-return approach anparentlv has the largest number of hurdles with which to contend. Some c r i t i cisms and counter arguments follow: 2.:
 1. Ignores the non-economic benefits of education. Answer: so does manpower planning. 2.:
 2. Catches only direct but not indirect economic returns-equally true of manpower planners; moreover the la tte r do not build any cost estimates into th e ir models and make no attemot to measure even direct economic returns. 2.:
 3. Assumes pure competition. False. 2.:
 In fa c t, rate-of-return analysis helps soot the monopolistic restrictions and ooints to where they need correction. 2.:
 (Neither rate-of-return analysis nor manpower requirement estimates are once-for-all a ffa irs; as a planning device each becomes more useful and interesting as i t is reoeated). 4.:
 Is impractical because the necessary data are not av ail able. This argument is circ u la r . . . these data are lacking because few people have been interested in th eir use for planning purposes. 5.:
 Ignores income effects of a b ility , motivation, and family status th at are correlated with schooling. Though quite a formidable argument, i t is not s ta tis tic a lly insurmountable. 5.:
 6. Rate-of-return analysis does not incorporate systematic assessment of linkages between educational and economic develooments over time. 5.:
 7. Central decisions with respect to educational policy necessarily involve lump changes, in scale units too large to ju stify use of the marginal cost and return measures on which the logic of rate-of-return analysis is founded. 5.:
 8. Market prices, with or without an ""incomes policy,"" are faulty indexes of the productivity of such people as doctors and nurses, and also, administered prices (wages and salaries) in a com mand economy are not measures of productivity for anyone . 5.:
 The accurate determination of the rate-or-return to investment in education is fraught with many problems, however, the study has developed to the stage where the results are significant enough to warrant attention. 5.:
 Especially is this concern relevant when i t is considered that education must compete with other services for scarce capital resources ."
"How Does Human Capital Formation Affect Labour Force Participation in Pakistan? A Primary Data Analysis","https://scispace.com/paper/how-does-human-capital-formation-affect-labour-force-2tgv3f7wp0","2012","Journal Article","Canadian Social Science","Muhammad Zahir Farid
Imran Sharif Chaudhary
Muhammad Shaukat Malik","10.3968/J.CSS.1923669720120804.1139","https://scispace.com/pdf/how-does-human-capital-formation-affect-labour-force-2tgv3f7wp0.pdf","Human Capital Formation is considered as main source of labor force participation and employment and raises economic growth and development. The major purpose of the present study is to trace out the human capital related factors which determine employment in Pakistan. The study is based on purely primary source of data, which is collected by the authors by employing multistage cluster sampling techniques. Binomial Logit regression technique is used to estimate the parameters of labor force participation model. The study concludes that the completed years of education, experience, various level of education, health status of workers significantly influenced the labor force participation and employment. In addition, it is observed that some socio economic factors like house holds’ assets, spouse participation in economic activities and number of dependents also significantly affect the employment. Therefore, it is suggested that the government should provide education and health facilities without any discrimination for all. Key words: Labor force; Human Capital; Health status; Workers’ level of education; Logistic regression; Pakistan","education raised economic growth not only be enhancing and improving human capital but also social and physical capital focused on the role of human capital in improving the economic productivity. He concluded that the sources of growth of labor productivity are high investment in human and physical capital. REVIEW OF PAST LITERATURE:
 Most of the studies were conducted in Pakistan to observe the effect of education, experience and health as a human capital determinant on earnings, employment and economic growth. , ,  and  provided the estimates of earning function by using dichotomous variables for various educational levels. In addition,  investigated the influence of education and health as human capital on employment based on Primary source of data. The study concluded that all levels of education and better health were positively and significantly related to employment.  explored the role of higher education in economic growth. The analysis revealed that The aggregate of knowledge, abilities and skills that may be utilized in a productive way is referred as human capital. According to Adam , the abilities that results from the specialization attained through the division of labour, bring a sizeable increase in the productivity of the other factors of production. Irving Fischer (1987) has incorporated the workers in the definition of the capital of a firm. The following aspects are included in the concept of human capital formation by GARCIA ADRIANO: i. REVIEW OF PAST LITERATURE:
 To enhance knowledge, experience and skills ii. To maximize the utilization rate. iii. To give incentives and records to work. iv. To explore the means and ways to enhance the allocative efficiency for decisions making and the ability to lead. v. REVIEW OF PAST LITERATURE:
 To create innovative working environment for human resources.  suggested a various forms of investment in human capital e.g. formal schooling, job market information, on the job training, health and sanitation, and migration. Human capital formation refers to such phenomenon in which a person becomes more productive, capable and more beneficial for the society as a result of an improvement in human activities due to changes in the economy.  stated that in the process of human capital formation, humans considered as productive assets. Further, he mentioned that education might lead to higher productivity of labor or worker. Modern technique of production, skill and knowledge may lead to technological development. REVIEW OF PAST LITERATURE:
 Education is a type of human capital investment. Generally, economists interpret education as having ""direct effects"" and ""indirect effects"". Direct effects of education are monetary returns to investment in education. These are the granting of knowledge and skill that are attached with more wages. The indirect effects of education are non monetary returns to investment in education. These are also known as external benefits or as non market benefits or consumption benefits . According to , non monetary benefits of education are referred as the wider benefits of learning. These benefits include political stability, human rights, higher level of democratic participation, reduced crimes and environmental protection, reduction in fertility and family welfare and health."
"Income gaps: Education and inequality","https://scispace.com/paper/income-gaps-education-and-inequality-ho0349ow9q","2020","Journal Article","","Julián Leone
Jorge Lo Cascio","10.18559/EBR.2020.4.3","https://scispace.com/pdf/income-gaps-education-and-inequality-ho0349ow9q.pdf","The aim of this paper is to analyze the employment-related real income gaps according to the education level reached by the working population during the 1997–2017 period. Using a panel methodology (pseudo-cohorts) it sums up that throughout recession, employment-related real income gaps by education level are wider, amplifying income inequality. During the economic boom the narrowing of the gap was due to the weak growth in skilled employment that did not manage to recover the pre-crisis values. This phenomenon is typical of a labour market structure with less skilled employment demand than its increasing supply. The employment-related difference in reduction of the real income gaps is exclusively reflected by a decline in employees from the highest education segment. The whole of tertiary education although with less intensity, replicates its trend. Not only educational credentials increase future employment-related income but also starting then not completing a university degree provides a significant disparity. Gender control shows a sharp drop in its determination.","criticisms. e second section describes the methodological decisions adopted for the estimates. In the third the results are presented and analyzed, both for the income gaps and for the pseudo-panels. In the last section concluding remarks and future lines of research are expressed. e theory of human capital: Contributions and criticisms:
 e human capital theory has strongly entered in to the ""common sense"" of the demands on education, so the expectation regarding schooling is o en reduced to obtain future bene ts in monetary terms, in trying to measure the capital formed during the educational process. In this way it is expected that gaining skills and knowledge as capital, because of the student's educational investment, will improve the productivity of the future workers, allowing them to obtain higher income. In this way the di erential in labour productivity translates into di erential income.  states that although labour productivity grew in tandem with investment in physical capital, formal educational credentials were presented as the main determinant of this process. Empirical evidence illustrates a di erent trend during the last twenty years. For example, an OECD report (2013) a rms that labour productivity shows a strong deceleration in line with a decrease in the capital-labour ratio. Being particularly pronounced a er 2008 the factors' productivity plunge appears as the structural phenomenon that explains the trend. e theory of human capital: Contributions and criticisms:
 To acquire a rate of return on educational investment the human capital theory has considered schooling years as a measure of investment in education. However, this measure seems incomplete since it does not capture the total cost of the investment. Not only educational expenditures are worth including, but also the opportunity cost of income not received during the time devoted to education . In a more recent view  propose to use the scores of the standardized learning tests as an indicator of education. In this sense, standardized tests of academic performance such as PISA can be used to compare learning in international terms since it seeks to capture the cognitive skills of students who represent their ""knowledge capital"", leaving social skills in the background. Consequently, the use of these tests recorded throughout the time of education will quantify the value added by education. e theory of human capital: Contributions and criticisms:
 Despite the objections the human capital theory maintains its hard core that formats the causalities with which education is usually associated. is can be expressed as the fact that higher education improves wages, the distribution of income and equal possibilities for the population, enabling economic development. , among others, a rms that these causal relationships go in a reverse direction. On the other hand an OECD (2018) report indicates that in many of its member countries (with high levels of education) real wage growth was associated with lower labor productivity growth, entailing a reduction in labour share of national income. Moreover, median wages grew at an even lower rate than the average wage, displaying an increasing wage inequality. However, the theory of human capital also allows the justi cation of the state investment in education from a perspective that associates the educational issue with income improvements (via productivity) or insertion in the labour market (avoid unemployment)."
"Using Rate of Return Analyses to Understand Sector Skill Needs. CEE DP 70.","https://scispace.com/paper/using-rate-of-return-analyses-to-understand-sector-skill-j737h0x3r1","2006","","","Nattavudh Powdthavee
Anna Vignoles","","https://scispace.com/pdf/using-rate-of-return-analyses-to-understand-sector-skill-j737h0x3r1.pdf","Published by Centre for the Economics of Education London School of Economics Houghton Street London WC2A 2AE © Nattavudh Powdthavee and Anna Vignoles, submitted January 2006 July 2006 ISBN 07530 2017 3 Individual copy price: £5 The Centre for the Economics of Education is an independent research centre funded by the Department for Education and Skills. The views expressed in this work are those of the author and do not reflect the views of the DfES. All errors and omissions remain the authors.","in section 5, before focusing on the rate of return to specific qualifications and types of education in section 6. Introduction: We conclude with an analysis of what the empirical evidence implies for policy-makers working on sector skills issues (section 7). Some Theory:
 In rate of return analyses, education is analysed as an investment, which involves individuals and the state incurring costs now (lost income or direct costs of tuition), in order to reap gains in the future (higher income). So how does education and training actually enhance individuals' earnings? Human capital theory suggests that when individuals invest in education and training they make themselves more productive in the labour market, and this then leads them to have higher earnings. This assumes that the labour market is fully competitive so that wages will fully reflect the productivity of workers, and that any gain in productivity due to education will subsequently result in higher earnings for the worker. Of course one can question these assumptions. Signalling theory (Spence, 1973) for example, hypothesizes that individuals acquire education merely to signal their already superior productivity to potential employers, and that the education itself is not necessarily productivity enhancing. Equally there are a number of theoretical reasons as to why wages may not reflect an individual's true productivity  . However, the bulk of the empirical evidence on this issue is broadly supportive of a human capital perspective (Machin and   Vignoles, 2005)."
"Using Rate of Return Analyses to Understand Sector Skill Needs","https://scispace.com/paper/using-rate-of-return-analyses-to-understand-sector-skill-3u20vc516s","2006","Posted Content","Research Papers in Economics","Nattavudh Powdthavee
Anna Vignoles","","https://scispace.com/pdf/using-rate-of-return-analyses-to-understand-sector-skill-3u20vc516s.pdf","Published by Centre for the Economics of Education London School of Economics Houghton Street London WC2A 2AE © Nattavudh Powdthavee and Anna Vignoles, submitted January 2006 July 2006 ISBN 07530 2017 3 Individual copy price: £5 The Centre for the Economics of Education is an independent research centre funded by the Department for Education and Skills. The views expressed in this work are those of the author and do not reflect the views of the DfES. All errors and omissions remain the authors.","in section 5, before focusing on the rate of return to specific qualifications and types of education in section 6. Introduction: We conclude with an analysis of what the empirical evidence implies for policy-makers working on sector skills issues (section 7). Some Theory:
 In rate of return analyses, education is analysed as an investment, which involves individuals and the state incurring costs now (lost income or direct costs of tuition), in order to reap gains in the future (higher income). So how does education and training actually enhance individuals' earnings? Human capital theory suggests that when individuals invest in education and training they make themselves more productive in the labour market, and this then leads them to have higher earnings. This assumes that the labour market is fully competitive so that wages will fully reflect the productivity of workers, and that any gain in productivity due to education will subsequently result in higher earnings for the worker. Of course one can question these assumptions. Signalling theory (Spence, 1973) for example, hypothesizes that individuals acquire education merely to signal their already superior productivity to potential employers, and that the education itself is not necessarily productivity enhancing. Equally there are a number of theoretical reasons as to why wages may not reflect an individual's true productivity  . However, the bulk of the empirical evidence on this issue is broadly supportive of a human capital perspective (Machin and   Vignoles, 2005)."
"Retorno, financiamiento y deserción, factores clave de la educacción superior. Lecciones para la política públlica : el caso de Chile","https://scispace.com/paper/retorno-financiamiento-y-desercion-factores-clave-de-la-3e4gqjiqs9","2023","Dissertation","","Luis Améstica-Rivas","10.5821/dissertation-2117-95676","https://scispace.compdf/retorno-financiamiento-y-desercion-factores-clave-de-la-3e4gqjiqs9.pdf","La Educación Superior constituye un imperativo estratégico para los países, impactando a la sociedad como un todo, siendo la formación de capital humano avanzado uno de los factores que permite un mayor bienestar de las personas y propicia la movilidad social. Es así como, en&#x0D; Chile, el retorno de la educación superior, su financiamiento y la deserción, especialmente en las universidades, pasan a constituir factores claves de este proceso y, por ende, preocupación creciente de la política pública. En concordancia con el objetivo central de esta investigación, los resultados obtenidos, desde la perspectiva del estado del arte y desde su metodología, contribuyen a reafirmar los factores enunciados, generando desafíos en la discusión política y técnica del modelo de educación superior imperante.&#x0D; Considerando las características de la educación superior actual y las problemáticas descritas, se desarrollan cuatro hipótesis. La primera, analiza la tasa de retorno a la educación superior en Chile, utilizando la técnica del estimador de “Diferencias en Diferencias”, estableciendo el impacto que ésta genera en la movilidad social, utilizando datos de corte transversal obtenidos de la encuesta de caracterización socioeconómica gubernamental (CASEN), para los intervalos 2003–2009 y 2006–2011, obteniendo que el salario de las personas, más su nivel de estudios,&#x0D; podrían explicar un cambio en la estratificación social de los individuos. Para el intervalo 2003-2009, la tasa interna de retorno de la educación superior es positiva, con un 31,47%. Sin embargo, se evidenció que no hay mejoramiento real de ingresos para el individuo para el período 2006-2011 con un -15,47%. Por lo cual, existe un grupo de instituciones y titulaciones que no necesariamente son rentables.&#x0D; Una segunda hipótesis, se relaciona con las condiciones que explican los salarios de los egresados, previas a su ingreso a la universidad o las generadas durante su desempeño en ella. De esta forma, un estudio sobre 1.108 egresados de pregrado de una universidad estatal y regional, que han financiado sus estudios universitarios con créditos estatales, correspondientes a las cohortes de los años 2005 al 2010, bajo un análisis de ecuaciones estructurales, evidenciando que el salario promedio de los egresados no se explica por su rendimiento en la universidad, sino por características anteriores a su ingreso universitario, como son sus notas de enseñanza secundaria, el resultado de su prueba de selectividad a la&#x0D; universidad y, de forma muy especial, de sus resultados en la prueba de selectividad de matemáticas, es decir, con una fuerte correlación con sus habilidades cognitivas.&#x0D; Una tercera hipótesis que fue contrastada, se relaciona con la segmentación y segregación territorial, que han generado las políticas de financiamiento a las universidades en Chile. Para lo cual, se examinó la política pública de financiamiento destinado a las universidades estatales y&#x0D; privadas del Consejo de Rectores (CRUCH), en un análisis de correlación de variables de financiamiento actual, con datos 2011-2012, confirmando una alta correlación de los distintos instrumentos analizados. Esto, reafirma que las asimetrías y desigualdades entre las instituciones, especialmente, para las universidades estatales de regiones y sus “claras desventajas de inicio”, son producto de la entrega de recursos económicos basales en un sistema de financiamiento a la oferta, donde se mezclan instrumentos de financiamiento directo con subsidios a la demanda, becas y créditos, en un sistema altamente competitivo, destacando que el mayor aporte otorgado a las universidades de mayor complejidad, durante más de treinta años, ha impactado en el posicionamiento, clasificación, reputación y la percepción social sobre el prestigio de estos planteles universitarios.&#x0D; En un sistema donde la deserción alcanza un 52% promedio, caracterizado con una cobertura creciente de créditos y becas, para estudios de pregrado, focalizado hacia estudiantes de condiciones socioeconómicas más pobres, se contrastó la hipótesis que relaciona los factores&#x0D; explicativos de los estudiantes que han desertado, durante cinco años continuos. Es así, como se detectó 2386 casos de una universidad estatal y regional, durante el período 2008-2013. A partir de un análisis estadístico descriptivo, se pudo constatar que los mayores desertores son&#x0D; aquellos estudiantes que fueron beneficiarios de crédito estatal (55,36%), más que los beneficiarios de becas o con una combinación de ambos. Al revisar la condición socioeconómica, se evidenció que los estudiantes pertenecientes a familias de menores recursos fueron los que presentaron mayor deserción, alcanzando los estratos (quintiles) uno y dos un 69,69% del total. Al analizar la variable género, se pudo constatar que los hombres (64,79%) fueron los que presentaron mayor deserción respecto a las mujeres. Asimismo, hay condiciones institucionales que pueden ayudar a bajar las tasas de deserción, siendo instrumento de política pública, ya que está generando importantes pérdidas, tanto para el Estado como para las familias. ","económicos de la educación, existiendo importantes aportaciones realizadas por autores pertenecientes a diversas escuelas de pensamiento económico, sobre la educación y la formación en el crecimiento económico . ECONOMÍA DE LA EDUCACIÓN E INVERSIÓN EN CAPITAL HUMANO:
 El futuro inmediato, tendrá que desenvolverse en un escenario contradictorio y entre las tensiones producidas para alcanzar una economía competitiva, basada en el conocimiento, por un lado, y las exigencias para acortar la brecha social existente, por el otro. ECONOMÍA DE LA EDUCACIÓN E INVERSIÓN EN CAPITAL HUMANO:
 Todo un desafío de largo plazo, para las políticas públicas y la educación. Es así como, Psacharopoulos y Patrinos (2004) sostienen, que las ganancias de la educación en los individuos, no reflejan los beneficios externos que afectan a la sociedad en su conjunto. ECONOMÍA DE LA EDUCACIÓN E INVERSIÓN EN CAPITAL HUMANO:
 Si se reconocieran estas externalidades o beneficios indirectos, las tasas de rentabilidad social, pueden ser mayores que las tasas de retorno privadas para educación. ECONOMÍA DE LA EDUCACIÓN E INVERSIÓN EN CAPITAL HUMANO:
 Sin embargo, hasta nuestros días, la economía de la educación ha experimentado un desarrollo acelerado, no estando exenta de importantes controversias entre los economistas, dando lugar a teorías alternativas, especialmente, corrientes nacidas en Norteamérica, como las denominadas de filtro y segmentación, impulsada por . ECONOMÍA DE LA EDUCACIÓN E INVERSIÓN EN CAPITAL HUMANO:
 Por otro lado, examinar la relación entre nivel de educación e ingresos, ha sido objeto de estudio permanente de la teoría de capital humano, es así como en Chile, encontramos estudios que se han realizado en las áreas de economía y educación, que tienden a explicar la relación de salario y educación , cuyos estudios empíricos concluyen que, el acceder y titularse de la educación superior, tiene retornos económicos positivos. RETORNO DE LA EDUCACIÓN SUPERIOR:
 La educación superior se ha transformado en un factor estratégico de las políticas sociales y de desarrollo de los países, convirtiéndose en un motor de la movilidad social  y en la herramienta más efectiva para superar la pobreza y enfrentar la desigualdad, es la educación , la cual afecta la productividad laboral y, por ende, explica los niveles salariales de la población. RETORNO DE LA EDUCACIÓN SUPERIOR:
 Para la mayoría de los países, se aprecia una correlación positiva entre inversión en capital humano y salarios laborales . Asimismo, las diferencias a nivel individual, en los recursos de capital humano, siguen siendo fuente primaria de desigualdades sociales, en las sociedades modernas ."
"La financiación de la educación en Estados Unidos: análisis de la inversión en educación y su relación con el rendimiento académico","https://scispace.com/paper/la-financiacion-de-la-educacion-en-estados-unidos-analisis-510tmw8dp4","2013","Journal Article","Foro de Educación","Esther López Martín
Eva Expósito Casas","10.14516/FDE.2013.011.015.007","https://scispace.com/pdf/la-financiacion-de-la-educacion-en-estados-unidos-analisis-510tmw8dp4.pdf","The importance attributed to the role of education in economic growth, has generated great concern for improving the quality of education in the United States. This interest is clear from both the investments that different governments (Federal, State and Local) intended to defray the costs of the educational activity, and the educational reforms conducted by the Federal Government in recent years. Financing education in the United States is a key determinant for the resources, both in quality and quantity, dedicated to education and, consequently, the educational results achieved. In this sense, a positive and imperfect relationship between investment in education and students’ academic performance has been shown. Received: 12/01/2013 / Accepted: 10/02/2013 How to reference this article Lopez Martin, E., Exposito Casas, E. (2013). La financiacion de la educacion en Estados Unidos: analisis de la inversion en educacion y su relacion con el rendimiento academico. Foro de Educacion , 11(15), pp. 149-165. doi: http://dx.doi.org/10.14516/fde.2013.011.015.007","deliberada. Este capital humano, que en las sociedades modernas ha crecido a un ritmo más rápido que el capital convencional (no humano), puede considerarse uno de los rasgos más característicos del sistema económico actual. Introducción:
 Por su parte, Gary , en su obra Human Capital: a theoretical and empirical analysis, with special reference to education, desarrolló toda una teoría alrededor del tema. Para Becker, los conocimientos y las habilidades que poseen las personas son la base de la productividad de las economías modernas y, como consecuencia, el capital humano se convierte en un bien privado que proporciona bene cios tanto al individuo que lo posee como a la sociedad en la cual se encuentra inmerso. Desde esta perspectiva, los individuos tienden a invertir en capital humano en vistas a aumentar su renta futura, bien sea material o inmaterial. Introducción:
 Posteriormente, han sido numerosos los autores que han defendido la importancia que tiene el capital humano en la creación de bienestar personal, social y económico, entendido, dicho capital ‚inmaterial' como los conocimientos, habilidades, competencias y atributos adquiridos por los individuos a través de la educación formal, la educación informal y la experiencia . Introducción:
 La importancia concedida a la inversión en capital humano, ha hecho que durante las últimas décadas, su estudio haya ocupado un lugar privilegiado dentro de la literatura económica. Igualmente, ha traído consigo una mayor preocupación de los Estados por invertir en educación. Tal y como señala De Pablos (1998): Introducción:
 Históricamente la educación ha aparecido como uno de los factores más importantes en el desarrollo socio-económico de un país. Ha sido precisamente esta creencia lo que ha motivado que el Estado (...) haya intentado promover y proteger la formación de capital humano. Todos los países de nuestro entorno económico cuentan con algún tipo de intervención pública en este sentido (pp. 1-2). Desde esta nueva perspectiva, la educación se entiende como una inversión que tiente costes y retornos. El retorno de la inversión haría referencia a las ganancias derivadas de un mayor nivel de escolarización, mientras que los costes incluirían todos los gastos directos (matrículas, materiales,...,) e indirectos (coste de oportunidad,...,) derivados de la actividad educativa . La educación, al igual que todo proceso de producción, requiere de un conjunto de factores productivos que le permitan obtener un producto o prestar un servicio y, es por ello, que cualquier sistema educativo debe disponer de los recursos materiales y humanos necesarios que, de una manera e caz y e ciente, le permitan alcanzar los objetivos que tiene encomendados."
"The Effects of Education on Labor Market Outcomes","https://scispace.com/paper/the-effects-of-education-on-labor-market-outcomes-46pzgfpb4q","2007","Book Chapter","","Jessica Goldberg
Jeffrey A. Smith","10.4324/9780203961063.CH38","https://scispace.com/pdf/the-effects-of-education-on-labor-market-outcomes-46pzgfpb4q.pdf","","Title: The Effects of Education on Labor Market Outcomes Authors: Jessica Goldberg,Jeffrey Smith Introduction:
 Human capital represents the most valuable asset held by most individuals. Individuals accumulate human capital through investments in schooling and training. Introduction:
 Governments subsidize many forms of human capital accumulation including primary, secondary and post-secondary schooling. This chapter surveys the literature on the labor market effects of human capital with a particular focus on higher education. Introduction:
 The seminal book by  defines human capital as ""activities that influence future real income though the imbedding of resources in people"" Thus, skills as varied as basic literacy, helpfulness, familiarity with Ford Motor Company's parts manual, and expertise in cardiac bypass surgery all represent forms of human capital. Introduction:
 Individuals acquire these skills in diverse settings, and over different periods of time, at different costs to themselves and society. These different aspects of human capital also imply different financial and non-financial rewards. Individuals, firms, and governments make decisions about investments in human capital by focusing on the costs and benefits of particular investments ""at the margin"", that is, relative to the existing stock of human capital. Individuals care about their private costs, which include tuition, foregone earnings, and the effort cost of learning. These costs differ among people because they depend on individual ability, preferences, and access to financial resources. Individuals balance these private costs against the private benefits, which include not only higher wages, but also the non-pecuniary aspects of particular jobs, such as opportunities to do help others or to work outdoors, social opportunities, and effects on health. Firms, many of which provide vocational training, weigh the costs of training against the benefits of increased worker productivity. Firms, too, may face unique costs and benefits that depend on their financial situations, level of technology, and business outlook. Governments consider the private benefits to citizens and the public benefits from higher tax revenue, greater civic participation, lower crime, and so on. Introduction:
 Surveying the vast literature on the labor market effects of education presents a daunting task to both reader and writer. Our chapter builds on the surveys of , , , , , . This chapter differs from these earlier efforts on several dimensions: we assume a less technical and more policy-oriented audience, focus on evidence for the United States and devote most of our attention to higher education. Our central theme of variability among persons in the effects of education due both to the variety of available educational experiences and to individual variability in responses to common experiences draws inspiration from  and . Drawing on the recent literature in economics and statistics, we call this variability the ""heterogeneous effects"" of education. Introduction:
 Our chapter begins by considering estimates of the labor market effects of years of schooling. This topic dominates the literature though we argue against the usefulness of many such estimates for all but the very broadest policy questions. We then consider how the labor market effects of schooling vary with the characteristics of the student and the school, such as college quality and program of study. We end with a discussion of heterogeneity in the labor market effects of education more generally, and consider its subtle but important implications for the interpretation of the empirical findings in the literature. Table  summarizes key papers selected to illustrate particular points and highlight the range of estimates in the literature."
"Psychometric Factors in Human Capital Research: Identification and Modeling of Employee Groups","https://scispace.com/paper/psychometric-factors-in-human-capital-research-1kgkngsv7n","2017","Proceedings Article","","Anna Aletdinova
Maxim Bakaev","10.2991/ITSMSSM-17.2017.57","https://scispace.com/pdf/psychometric-factors-in-human-capital-research-1kgkngsv7n.pdf","Post-industrial economy is shaped by both digitalization, i.e. network-based co-ordination of relations, advanced development of service industry, increase in the number of open innovations, and by deep changes in the role of human and knowledge. The development of Information society can provide competitive advantages for a country in the world economy, as cyberspace enhances intellectual and emotional human resources, broadens cognitive, creative and communication skills, thus allowing boosting the human capital. Our paper is dedicated to studying the factors of education, work experience and personal features (psychometric factors) with respect to their effect on wages and overall identification of employee groups. In this, we employ labor market statistics (both traditional one and collected from online sources with a dedicated software system) and psychological diagnostics methods, which we modified according to our tasks. In our current work, two groups of employees were identified based on the above factors and enhanced Mincer model’s quantitative evaluations: freelancers and full-time employees. We particularly consider the effects of education level and type (including open education), work experience, residence location, and personal features on wages in the Siberian Federal Okrug. Keywords—information society; human capital; freelance; Mincer model; web scraping","equalization, put forward by A. Smith, became the basis of the modern concept of investment in human capital, and several researchers have proven the lead of human capital accumulation compared to material one, having received quantitative values for education's contribution to economic growth. II. METHODS IN HUMAN CAPITAL RESEARCH A. Related Work:
 So, E. Denison based on data of 1929-1982 analyzed economic growth and proven that it's mostly determined by the quality of work force, rather than the quantity of production factors engaged. For the production output increase per capita, education was the major factor . G. Becker evaluated the particular normative returns for college graduates, based on data from censuses in 1940, 1950 and later. His estimations for the returns were 14.5% in 1939, 13% in 1949, 12.4% in 1956, and 14.8% in 1958; and for high schools the corresponding values were 16%, 20%, 25% and 28% . Basically, an additional year of an employee's education in the USA at that time would increase the wage by the return rate. Research by A. Fuente and A. Ciccone suggested that an additional year of education increased individual wage by 6.5% in European countries on average, and this effect reaches 9% for EU member countries with less regulated labor market. Further, an additional year of work experience increased the wage by almost another 5% . According to these authors, in a ""typical"" OECD country human capital provided up to 22% of reported growth in work productivity during 1960-1990 period and was responsible for up to 45% of differences in average productivity for these countries in the 1990s . As G. Psacharopoulos and H. Patrinos noted, the individual education return rate is usually higher than the corresponding social return rate, if the latter is defined based on evaluations of private interests and common (private and social) costs ."
"Human Capital Development, Economic Rejuvenation and Stable Long-Term Growth: The Case of Nigeria","https://scispace.com/paper/human-capital-development-economic-rejuvenation-and-stable-3hfg3bvmx6","2014","Journal Article","International Letters of Social and Humanistic Sciences","Martins Iyoboyi","10.18052/WWW.SCIPRESS.COM/ILSHS.27.202","https://scispace.com/pdf/human-capital-development-economic-rejuvenation-and-stable-3hfg3bvmx6.pdf","The paper investigates the relative impact of human capital development on economic rejuvenation and growth in Nigeria form 1981 to 2010, using the bounds testing approach to cointegration. The study utilized a combined proxy of education and health to capture the influence of human capital on growing and consequently rejuvenating an economy. Fixed capital and human capital were found to be positively associated with economic growth in both the short and long run, while Granger-causing economic growth in the period of study, implying the imperatives of using them to rejuvenate an economy. The stability of the coefficients of the estimated model is confirmed by the CUSUM and CUSUMSQ tests. The paper showed that for Nigeria’s economic rejuvenation and long-term stable growth, emphasis should be placed on deliberately developing the country’s vast human resources.","human capital extends from skills originating from the scientific, technical, and managerial to engineering horizons, embracing the most valuable resources of a nation. Economic growth and by extension economic development is positively correlated to the elasticity and quality of a country's human resources. LITERATURE AND THEORETICAL ISSUES:
 The development of a nation's human capital involves the systematic and sustained efforts through manpower planning, a scheme involving allocative labour inputs to training and education in tandem with a country's growth and developmental needs. This implies the projection of manpower requirements, the development and sustenance of adequate, efficient and effective training and educational programmes in a mix that efficiently allocates scarce labour resources with a view to eliminating labour shortages and surpluses . It is no surprise therefore to find in most developing countries a direct relationship between the level of manpower (human capital) development and productive capacity. A nation is less productive not so much as by the quantum of its natural resources as by the skills and knowledge possessed by its populace. A society's capacity to produce, commercialize and utilize knowledge is fast becoming fundamental when underpinned on growth initiatives, so that countries' comparative advantage is shifting from emphasis on natural endowments to one of knowledge engineering. LITERATURE AND THEORETICAL ISSUES:
 Modern growth theory suggests that economic growth is reflective of human capital accumulation. Whereas controversial and inconsistent results have been produced from macro studies , many studies at the micro level have shown a consistently positive relationship between labour productivity and the level of education of the workforce . The implication of this is that the more education and training at the disposal of an individual, the more the level of employability, productivity and earnings. Being thus a worthwhile and substantial investment, human capital development is the key to International Letters of Social and Humanistic Sciences Vol.  the reactivation of a nation's workforce productivity, since such undertaking will equip the citizenry with requisite skills and knowledge imperative for higher future earnings, savings and investment. Human capital development is linked to the educational system. Since human capital is encapsulated in the individual's ability and efficiency to engage in the transformation of raw materials into greater values, the nexus is that the educational system provides the leverage on which these skills can be transmitted. It is therefore conceivable why the analysis of human capital by experts exigently deals with such metrics as literary rates (Azariades & Drazen, 1990), years of schooling (Cohen & Soto, 2007), rates of school enrolment  and test scores . LITERATURE AND THEORETICAL ISSUES:
 Although there is a substantial amount of work which investigates the impact of gross domestic product (GDP) on health expenditures (e.g. Di Matteo & Di Matteo, 1998; , very little has been done in terms of examining the impact of health on a country's GDP.  and  maintained that health is a veritable factor in human capital accumulation and consequently to productivity gains, so that it is apposite to consider health as a form of human capital."