"Paper Title","Paper Link","Publication Year","Publication Type","Publication Title","Author Names","DOI","PDF Link","Abstract","Relevant Excerpt"
"How Effective is Correctional Education?: The Results of a Meta-Analysis","https://scispace.com/paper/how-effective-is-correctional-education-the-results-of-a-3j2rxfxigb","2013","Book","","Lois M. Davis
Robert Bozick
Jennifer L. Steele
Jessica Saunders
Jeremy N. V. Miles","10.7249/RB9728","https://scispace.com/pdf/how-effective-is-correctional-education-the-results-of-a-3j2rxfxigb.pdf","To examine the effectiveness of correctional education and its association with reductions in recidivism and improvement in employment after release from prison, the authors present the results a comprehensive literature review and meta-analysis.","Title: How Effective Is Correctional Education? The higher-quality research studies (Levels 4 and 5) indicate that, on average, inmates who participated in correctional education programs had 43 percent lower odds of recidivating than inmates who did not. These results are consistent even when the lower-quality studies are included. This translates to a reduction in the risk of recidivating of 13 percentage points for those who participated in correctional education programs versus those who did not. Because most state prison inmates have not completed high school, high school/General Education Development (GED) programs are the most common approach in the studies we examined. When we focus only on studies that examined such programs relative to no correctional education, inmates who participated in high school/GED programs had a 30 percent lower odds of recidivating than inmates who did not. In general, studies that included adult basic education (ABE), high school/GED, postsecondary education, and/or vocational training programs showed a reduction in recidivism. In looking at postrelease employment, we found-using 18 studies spanning Levels 2-5-that the odds of obtaining employment postrelease among inmates who participated in correctional education (either academic or vocational programs) were 13 percent higher than the odds for those who did not. But only one of the 18 studies had a high-quality research design. Key findings::
 • Correctional education improves the chances that inmates released from prison will not return and may improve their chances of postrelease employment. Key findings::
 • Cost analysis suggests that correctional education programs can be cost-effective when it comes to recidivism. Key findings::
 • Going forward, there is still a need to understand what is inside the ""black box"" of effective programs, such as curriculum, dosage, or quality. Key findings::
 • Four areas are critical in building the evidence base: Key findings::
 (1) applying stronger research designs, (2) measuring program dosage, (3) identifying program characteristics, and (4) examining more proximal indicators of program efficacy, such as changes in motivation, literacy gains, developing skills needed by local employers, and attaining academic degrees and industry-recognized certificates. Bureau of Justice Assistance U.S. Department of Justice:
 One might expect vocational training programs to be more adept than academic education programs at imparting labor market skills, awarding industry-recognized credentials, or connecting individuals with prospective employers. And, indeed, individuals who participated in vocational training programs had odds of obtaining postrelease employment that were 28 percent higher than individuals who had not participated in such programs."
"Correctional education can make a greater impact on recidivism by supporting adult inmates with learning disabilities","https://scispace.com/paper/correctional-education-can-make-a-greater-impact-on-193rzobqbe","2015","Journal Article","Journal of Criminal Law & Criminology","Angela Koo","","https://scispace.com/pdf/correctional-education-can-make-a-greater-impact-on-193rzobqbe.pdf","This Comment brings attention to a group that is overlooked within our prisons—adult inmates with learning disabilities. These inmates currently face challenges in receiving appropriate educational programming. Recognizing that several studies support the proposition that education reduces recidivism, this Comment argues that correctional education programs must make reforms to accommodate adult inmates with learning disabilities in order for education to fully impact recidivism rates","gains in prison are less likely to recidivate. They are also more likely to succeed at finding employment and earning higher wages. Not only does education work, but the costs of educational programming are much less than the costs of reincarcerating inmates. CONCLUSION:
 Given the postrelease benefits of education and the undeniable fact that many inmates have learning disabilities, correctional institutions must make changes to their education programs. Their current educational programming is inadequate because it does not recognize or support inmates with learning disabilities. This inadequacy means that the impact on recidivism has not yet been truly measured because this large segment of the prison population has not been accounted for. To make educational programming effective, prisons must begin identifying inmates with learning disabilities at their doors. Assessing for learning disabilities fits naturally with the battery of other tests prisons conduct upon an inmate's entry. CONCLUSION:
 Prisons must also train correctional educators to work with these inmates. While staffing prisons with special education teachers or mirroring the services provided to juveniles is financially unrealistic, prisons can make significant changes to the classroom experience by following through on formal policies and providing annual trainings on best practices for working with learners with learning disabilities. Classrooms should also incorporate a life-skills component to prepare inmates for postrelease life. Recognizing and addressing the additional challenges that prisoners with learning disabilities face in employment will likely increase inmates' postrelease success. And lastly, further discussion of this population is 2015]:
 Adult Inmates with Learning Disabilities 269 needed. Researchers currently studying the relationship between education and recidivism should assess this population and add it to their findings. The Department of Justice can lead these research efforts, which could provide the data base for more discussion and reform. If the suggestions in this Comment are implemented, in part or in whole, the criminal justice system will take a meaningful step towards providing much-needed support to adult inmates with learning disabilities."
"Reducing Recidivism Rates through Vocational Education and Training","https://scispace.com/paper/reducing-recidivism-rates-through-vocational-education-and-51tmwc0xnn","2015","Journal Article","Procedia - Social and Behavioral Sciences","Hadi Mohammed
Wan Azlinda Wan Mohamed","10.1016/J.SBSPRO.2015.08.151","https://scispace.com/pdf/reducing-recidivism-rates-through-vocational-education-and-51tmwc0xnn.pdf","","prisoner to undertake offending behaviour programed and desire to earn money through paid prison work. Other factors were short sentences (under 12 months) and long waiting lists of courses, being transferred to another centre without much more notice or being release early. How vocational education reduces recidivism:
 • Literacy and numeracy: the educational programme offer literacy and numeracy courses as well as higher-level qualifications such as Vocational training Diplomas. The completion rate was found to be over 80 percent. The high completion rate was attributed to: undertaking a risk assessment and looking at the sentence management plan to determine the educational and vocational training needs of offenders, offering the courses as modules, having dedicated training workshops, promoting the employment opportunities provided by the training, recognizing the achievements of trainees who completed the course. How vocational education reduces recidivism:
 • Motivation: Another factor that will determine an offender's recidivism is the motivation for the offender to change (7).Argued that the analysis of former offenders indicated that their decision to change was a significant factor in them not re-offending. Offenders with no motivation had fatalistic and respondent attitudes towards their criminality whereas motivated offenders were able to identify and make sense of their criminality. How vocational education reduces recidivism:
 (7) Argues that for some offenders, the motivation to change may need to include the severing of negative social bonds, as he argues that this may have been a factor in their original offending (1). describes offender's motivation to change as being instrumental in improving an offender's mental health as they are more focused on goals and resilient to negative external and social impacts in their lives. How vocational education reduces recidivism:
 In order for Technical and vocational education to benefit the offender, it is important for it to be tailored and focused on the needs of the offender; an example of this is the needs surrounding female offenders. , Argues that issues surrounding female offenders are compounded by other issues that can include being single percent family rejection, history of physical or sexual abuse as well as a high prevalence of mental health issues. How vocational education reduces recidivism:
 A female offender's history of physical and sexual abuse is an issue that will regulate training and education programed to be specifically tailored towards them for optimal effectiveness. Olaitan ( ) trainers and educators will need to present their programmed in a manner that is inclusive, fair and consistent. How vocational education reduces recidivism:
 • Employment opportunity: (17), describes how training and education offered to offenders needs to be relevant to employment opportunities that exist in the location that the offender lives and is likely to be employed in. An example of this is for offenders in areas with high tourism, hospitality courses would be the focus likewise, and vocational training in rural areas would focus on agriculture and forestry . Preparing offenders for employment through vocational education and training alone may not be enough to get them in to the employment market ( ), describe how offenders, especially those who have been incarcerated, may have significant issues that inhibit their ability to find employment. These may include lack of recent employment experiences, being excluded from certain types of employment, as well as the potential to weaken social connections that may lead to employment. Poor educational attainment coupled with poor employment record prospects on an offender's mental health (9), indicates that 36% of male police detainee and 53% of female police detainees reported either being diagnosed with a mental or being treated for a mental illness."
"Evaluating the Effectiveness of Correctional Education: A Meta-Analysis of Programs That Provide Education to Incarcerated Adults","https://scispace.com/paper/evaluating-the-effectiveness-of-correctional-education-a-2peaco6gf3","2013","Book","","Lois M. Davis
Robert Bozick
Jennifer L. Steele
Jessica Saunders
Jeremy N. V. Miles","","https://scispace.com/pdf/evaluating-the-effectiveness-of-correctional-education-a-2peaco6gf3.pdf","After conducting a comprehensive literature search, the authors undertook a meta-analysis to examine the association between correctional education and reductions in recidivism, improvements in employment after release from prison, and learning in math and in reading. Their findings support the premise that receiving correctional education while incarcerated reduces an individual's risk of recidivating. They also found that those receiving correctional education had improved odds of obtaining employment after release. The authors also examined the benefits of computer-assisted learning and compared the costs of prison education programs with the costs of reincarceration.","relationship between correctional education participation and employment holds among studies with the most scientifically defensible research designs. Although we do detect an employment advantage favoring inmates receiving education while incarcerated, we cannot rule out selection bias as a potential explanation for this observed effect. Interpreting the Relationship Between Correctional Education and Employment:
 As with our analysis of recidivism, we apply two other metrics to aid in interpretation: the risk difference and the number needed to treat. The risk difference is the absolute improvement in employment rates between those who received correctional education and those who did not. The number needed to treat indicates the predicted number of inmates who need to receive correctional education to secure one additional inmate postrelease employment. These two metrics require an estimated rate of employment in the population upon which to calibrate their calculations. Unfortunately, there is no national estimate of postrelease employment for former inmates that can serve this purpose. In lieu of a national estimate, we use the percent- age of male inmates supporting themselves via employment at 15 months postrelease, based on a study of approximately 1,700 adult male inmates conducted between 2004 and 2007 in 12 states . We base our calculations on our odds ratio for those studies meeting a Level 3, Level 4, or Level 5 rating on the Maryland SMS, as these represent the highest-quality studies available to us. In this aforementioned multistate study, 66.0 percent of adult male inmates were employed at 15 months of release. Applying our pooled odds ratio, we find that correctional education would be expected to improve postrelease employment rates by 0.9 percentage points. Using these estimates, the number needed to treat (NNT) indicates that 114 inmates would need to receive correctional education to procure postrelease employment for one additional inmate. Role of Program Type and Method Used to Collect Employment Data:
 We conclude our analysis of employment by exploring whether the relationship we observe between correctional education and the odds of obtaining employment varies varies by program type and/or the method used to collect employment data. The scientific review team abstracted both of these variables during their assessment and coding of the studies, which followed the review protocol shown in Appendix D. We use this information to recalculate our odds ratios separately for vocational programs and nonvocational programs and separately for studies that relied on administrative data, surveys to parole officers, and surveys to inmates. We focus on these two dimensions, because they have substantive and methodological implications for interpreting our main findings as well as for planning for future research in the field. Additionally, the data on these two variables are complete for our full sample of studies. Ideally, we would examine a broader range of program characteristics, but the data collected across studies were too inconsistent or incomplete. With a small pool of studies to examine, we consider these analyses to be purely exploratory. We urge readers to interpret these findings with that caveat in mind."
"Assessment of Quality Vocational Education in State Prisons. Executive Summary. Final Report.","https://scispace.com/paper/assessment-of-quality-vocational-education-in-state-prisons-3znoknetq2","1980","","","Eric Rice","","https://scispace.com/pdf/assessment-of-quality-vocational-education-in-state-prisons-3znoknetq2.pdf","","Policy, Educational Pesearch, Employment Statistics, Models, *Outcomes of Education, 1risoners, Program Administration, Program Descriptions, *Program Design, *Program Effectiveness, Recidivism, Success, *Vocational Rehabilitation corrections have become increasingly difficult to discern and act upon. One cannot be certain if corrections exists for the purpose of retention, rehabilitation, retribution, reintegration, deterrence or protection. To the degree that the purposes are rehabilitation and reintegration, education and particularly vocational preparation activities have become increasingly important because one key to success in life outside institutions is education. This is not to imply that education can solve all human problems; however, marketable skills coupled with the ability to read and write greatly enhance the probability that an individual released from a correctional institution will become a contributing member of society. The populations housed in correctional institutions have been neglected too often as a foci for research activity, particularly in the area of vocational education. This situation exists in spite of the thousands of persons who are released from Federal and state prisons each year, relatively few of whom have received the kind of training while in prison that would enable them to compete successfully for jobs. Further, this training gap continues in spite of the belief that the greatest aid to rehabilitation and the reduction of recidivism is education, particularly vocational education. This situation does not imply a total absence of successful, effective or innovative vocational education programs in correctional institutions. Rather, it simply points up a condition that can be characterized as one of (a) too few programs and opportunities; (b) too little systematic attention toward identifying, describing and analyzing the variables that combine to create successful, effective and/or innovative vocational programs; and (3) too little shared information about effective vocational education programs among practitioners. PURPOSE AND OBJECTIVES:
 The overall purpose of this research study was to discern, analyze, describe and disseminate information about successful exemplary programs and the critical variables, methods, strategies and procedures that lead to reducing recidivism, increasing post-release employment and increasing in-program success in vocational education programs located in adult-level state prisons. PURPOSE AND OBJECTIVES:
 The contract specified a set of objectives that were designed to guide study activities. The objectives were as follows: PURPOSE AND OBJECTIVES:
 o Define operationally and quantitatively program success in terms of relatively lower rates of recidivism, relatively higher rates of post-release employment and relatively higher rates of in-program success. PURPOSE AND OBJECTIVES:
 o Identify nine vocational programs located nationwide which are very effective in reducing recidivism, increasing postrelease employment and boosting in-program success levels. PURPOSE AND OBJECTIVES:
 o Analyze in depth and describe the selected vocational education programs to determine the relative impact of critical variables and the relationship of program elements to each other and to reducing recidivism, increasing post-release employment and boosting in-program success. PURPOSE AND OBJECTIVES:
 o Plan, conduct and evaluate regional dissemination sessions for state officials and administrators in order to convey the information derived from the study and to facilitate discussion among the officials about procedures for improving the quality of vocational education in state prisons. PURPOSE AND OBJECTIVES:
 The ultimate goal of the project was to produce and disseminate descriptive program information that would be immediately useful to correctional educators in planning or revising vocational programs in adult correctional institutions. This outcome was focused specifically on the need for more shared information about and more systematic analysis of successful programs."
"Australian prison vocational education and training and returns to custody among male and female ex-prisoners: A cross-jurisdictional study","https://scispace.com/paper/australian-prison-vocational-education-and-training-and-2uezd583b2","2019","Journal Article","Australian and New Zealand Journal of Criminology","Jesse Cale
Andrew Day
Sharon Casey
David Bright
Jo Wodak
Margaret Giles
Eileen Baldry","10.1177/0004865818779418","https://scispace.com/pdf/australian-prison-vocational-education-and-training-and-2uezd583b2.pdf","The current study examined the impact of vocational education and training in the custody setting on returns to custody among Australian adult prisoners from selected jurisdictions. Vocational education and training, education, and behavioural change programme participation in custody and demographic and risk assessment data were provided by correctional services in four Australian states for 10,834 Australian prisoners released from custody in 2010–2011. This information was used to predict returns to custody by 2015–2016. Overall, the results showed that participating in vocational education and training in custody contributed to the likelihood of remaining custody free at two and five years post-release for both male and female prisoners. However, for males the relationship was moderated by risk level. These findings are discussed in the context of developing vocational education and training in prison settings to address the specific needs of individuals and expectation of the wider community.","VET (e.g., economic conditions including the unemployment rate). Alternatively, VET and education may exert positive impacts on desistance over and above any direct impact on employment (e.g., by instilling more pro-social attitudes and beliefs, improving social skills). Discussion:
 A related issue is the over-representation of Indigenous Australians amongst prisoners in Australian prisons, and in the current context, access to opportunities both in prison and post-release. Although it was not possible to include data from the Northern Territory in the multivariate models, the proportion of prisoners accessing VET in the Northern Territory was the lowest among the States included. In addition, the clear majority of prisoners in the Northern Territory (over 90%) are Indigenous. This highlights two potential issues when it comes to VET in prison and post-release outcomes. The first is whether appropriate resources are in place to run VET that is meaningful for prisoners in that they provide the tools to enhance positive post-release outcomes (i.e., such as finding employment, not reoffending etc.). The second is whether and to what extent does VET in custody parallel the post-release job market. Prisoners who receive vocational training need skills that will help them succeed in the job market of the communities they live in post-release. Therefore, it is important that developing VET in prison is both meaningful and appropriate to prisoners, as well as the broader employment opportunity structure they will engage with post-release. Limitations and Conclusion:
 The current study suffered from several methodological limitations. Assessment of risk level was influenced by the availability of risk assessments across the jurisdictions that supplied data for the study. The assessments used by several corrective services departments in the current study (e.g., LSI-R) have reasonable predictive utility for general and violent offenders but are likely to underestimate risk level for sexual offenders, especially child sex offenders. Whilst this may have underestimated risk for some prisoners included in the study, it is unlikely to have influenced overall results regarding the influence of VET on returns to custody. It should be noted that returns to custody was operationalised as a return to corrective services, including both community and custodial orders (with the exception of data from South Australia that included only returns to prison). This is a somewhat conservative estimate of recidivism as it does not consider arrests, charges or convictions that did not result in a community or custodial sentence. It is possible that employing this measure of 'recidivism' over-estimates the recidivism of high-risk offenders. Such high-risk offenders may be more likely to receive a custodial or community sentence (as opposed to say, fines) due to more substantial criminal records. Despite these limitations, the overall results of the current study are consistent with other research which has found positive effects post-release for VET and education in prison."
"The impact of prison reform on the inmate population of swaziland","https://scispace.com/paper/the-impact-of-prison-reform-on-the-inmate-population-of-3l7trvn05e","2008","","","Jacobus Bruyns","","https://scispace.com/pdf/the-impact-of-prison-reform-on-the-inmate-population-of-3l7trvn05e.pdf","","who did not receive such training Vocational programmes: • were more likely to complete stays in a halfway house Vocational programmes: • were less likely to have their release on parole revoked Vocational programmes: • were more likely to be employed after release. Vocational programmes:
 MacKenzie  has shown that programmes that begin job search assistance and preparation for employment prior to leaving prison and that continue assistance after release hold promise for reducing recidivism. ,  and  indicate that offenders released from prison who have a legitimate job (with higher wages or higher quality jobs) are less likely to recidivate. ) evaluated two studies done by ) and one study by  and concluded from the results of the studies that vocational training and/or work release programmes are effective in reducing recidivism as well as improving job readiness skills. The study by  indicates that the work release programme achieved its primary goal of preparing inmates for final release and facilitating their adjustment to the community. Although there are indications that those who participated in work release programmes were somewhat less likely to be rearrested, the results were not statistically significant. , who compared offenders participating in training and work programmes with similar offenders who did not take part, demonstrated significant training effects on both in-prison (misconduct reports) and post-prison (employment and arrest rates) outcome measures. Vocational programmes:
 While the period of imprisonment could be viewed as an opportunity to build skills and prepare inmates for job placement, the literature provides mixed to negative support for the effectiveness of in-prison job training programmes . In addition, long periods of imprisonment may weaken social contacts that lead to slighter employment opportunities upon release . There is also evidence that suggests that being labelled as a criminal (e.g. being arrested or imprisoned) may adversely affect subsequent employment stability .  indicates that certificates issued by a correctional institution bear little weight on the outside, and that they are often considered detrimental to an offender's ability to obtain a job. It has been shown to be more beneficial when certificates are endorsed or provided by organisations or trade associations that are directly related to the vocational skill required. Prison labour and inmate behaviour:
 Like the findings of research on corrections-based education programmes, research on prison labour is also encouraging. It appears that prison work experience operates through several mechanisms to produce better behaved inmates, lower recidivism rates and higher rates of involvement in constructive employment after release. Prison labour and inmate behaviour:
 Just as offenders present deficient educational records upon entry to prison, their work histories also reflect vague or non-existent employment records, few marketable skills and an inadequate work ethic. Thus, the purpose of prison labour has always been multifaceted, and includes instilling positive work attitudes and the development of self-discipline and marketable skills. In addition to these offender-focused goals, work programmes have sought to be economically self-sufficient (if not profitable), and to keep inmates occupied in productive activities that reduce the risks associated with inmate idleness. The administration of prison labour programmes and the question of whether such programmes assist in reducing recidivism are complicated by the multiple goals and objectives that are sought through prison labour . Prison labour and inmate behaviour:
 As a research issue, prison labour also suffers from definitional ambiguity; the definition of ""prison work assignment"" may range from innocuous and trivial institutional maintenance assignments to 40 hours per week in workshops that approximate real-world work practices."
"An Analysis of Entrepreneurial Education in the Criminal Justice System","https://scispace.com/paper/an-analysis-of-entrepreneurial-education-in-the-criminal-4sv7js20d4","2017","Dissertation","","Austin Powell","","https://scispace.com/pdf/an-analysis-of-entrepreneurial-education-in-the-criminal-4sv7js20d4.pdf","Currently, American federal and state prisons release more than 600,000 offenders each year that contribute to the estimated 70 million or more Americans that have some form of criminal record. By holding a criminal record, successful reentry for offenders are difficult because the criminal record serves as a barrier to public benefits. There are many correctional education programs designed to help offenders while in prison to overcome these barriers. Entrepreneurial education programs are becoming more popular, due to the positive recidivism and post-release employment results. The purpose of this study is to compare entrepreneurial education to other programs while analyzing the components that make the program successful. This thesis concludes that entrepreneurial education programs utilize logotherapy components derived from Viktor Frankl’s psychotherapy to achieve lower recidivism and higher post-release employment rates. To draw this conclusion, this thesis presents a literature review which contains information regarding the current criminal justice system, and the current educational programs offered. Furthermore, the analysis of entrepreneurial education developed after an in-depth review of phenomenology and Viktor Frankl’s logotherapy.","inmates with at least some postsecondary education were more than twice as likely to have earned a personal income of $2,000 or more in the month before arrest, contrasted to state prison inmates with less than a high school diploma. 39 Recidivism:
 The definition of recidivism varies across many studies.  Some researchers count recidivism as only re-incarceration; however, others stipulate that recidivism is bounded by the conditions of the re-arrest.  Recidivism could include reconviction for the same or a different criminal offense and re-incarceration for technical violations during community supervision.  For the purpose of this study, recidivism will be defined as the ""act of re-engaging in criminal offending despite having been punished.""  The recidivism rate ""is the proportion of persons released from prison who are rearrested, reconvicted, or returned to custody within a specific amount of time,"" and this rate is often used as one of the measurements for the effectiveness of correctional education.  With more than 600,000 individuals returning home annually from U.S state and federal prisons, the National Reentry Resource Center approximated that more than four offenders in every group of ten will be returned to a state prison within three years or less of their release.  The community-level risk factorspoverty, inequality, socioeconomic disadvantage, and limited neighborhood resourcesare identified in placing individuals more at risk to reoffend.  In contrast, individual-level risks are respective to a person's age, ethnic group, gender, and their employment status, living situation, educational attainment, economic mobility, prior criminal record, history of mental health conditions or substance abuse and more.  In reducing recidivism, correctional education is proven to be effective. Offender Reentry and Post-Release Employment:
 Compared to the last three decades, more individuals are being released in some form of community supervision, and the process by which these offenders are leaving the correctional system and returning to civilian society is known as offender reentry.  In a study conducted to answer the question of what differentiates successful and unsuccessful parolees, a successful reentry is defined as ""being discharged from parole by three years after release.""  In other words, a successful reentry is where an individual is not rearrested, reconvicted, or returned to a prison within three years after being released. Although offender reentry cannot be limited to one concept or framework, research does confirm that strategies for reentry include social integration with larger society, local communities, and the workforce.  Other research indicates the components of a successful reentry include: having strong supportive relationships with family and friends; the value of providing classes and other types of programs while offenders are incarcerated; and aftercare support that maintained high levels of self-efficacy or self-worth. 52"
"Employment-Focused Programs for Ex-Prisoners: What Have We Learned, What Are We Learning, and Where Should We Go from Here?.","https://scispace.com/paper/employment-focused-programs-for-ex-prisoners-what-have-we-5btub2381g","2006","","","Dan Bloom","","https://scispace.com/pdf/employment-focused-programs-for-ex-prisoners-what-have-we-5btub2381g.pdf","","other program models, including preemployment training and transitional work. IPS is a work-first approach that relies on rapid placement in unsubsidized jobs, coupled with postemployment supports and accommodations (Bond, Becker, and Mueser, 1999). Employer-Focused Strategies:
 prisoners' prospects might be improved if their records were expunged. Perhaps a state might be willing to experiment with a more liberal or expedited expungement or pardon policy, for example, for individuals who have never committed a violent offense. Education and Training Strategies:
 As discussed earlier, even if they are successful in finding jobs, most former prisoners will earn very low wages. This may be partly attributable to their incarceration, but the larger issue is that relatively few well-paying jobs are available for people with low levels of education and skills. The earnings supplementation strategies discussed above are designed to address this problem, but it is also worth considering whether any specific education and training strategies should be tested among former prisoners. Education and Training Strategies:
 Unfortunately, studies of general job training programs for low-income populationsmany of which were discussed earlier -do not point to many promising models for men. Similarly, in the welfare system, there is little evidence that education and training-based strategies raise earnings more than strategies based on rapid employment -although these studies mostly tested programs that required recipients to attend basic education programs whether they wanted to or not.  And, of course, there is a practical problem: Most former prisoners need to work a lot to make ends meet, leaving little additional time for education or training. Education and Training Strategies:
 The most obvious strategy is to make better use of the time individuals spend in prison. While somewhat promising, the studies cited earlier provide little solid evidence that prisonbased training makes a difference, and little is known about the quality of the training. Thus, an explicit test of a strong prison-based vocational training program, linked to jobs in a highgrowth sector, might be considered. As with the earnings supplement proposal described earlier, some might raise equity concerns about providing better vocational training to prisoners than is typically available to low-income individuals with no criminal record. System Reforms:
 Most of this paper has focused on program models rather than on the systems in which they operate. For example, the paper does not address whether employment services for exprisoners should operate within the context of the criminal justice system or the broader workforce development system. System Reforms:
 The paper also has not discussed the parole system, which sets the context for most community-based reentry programs. Petersilia 56 describes how parole workers' caseloads have . . grown, and how the system has increasingly focused on surveillance and monitoring rather than services to help prisoners reenter the community. 57 Indeed, one-third of prison admissions are for parole violations. A recent study found that parole supervision has little impact on rearrest rates of released prisoners.  It is possible that reentry outcomes could be improved without directly changing parole practices. Many early welfare-to-work initiatives grafted employment services onto the welfare system without attempting to change the day-to-day practices of welfare eligibility workers, even though some of those practices were seen as discouraging employment."
"Listening to the Experts: Correctional and Community College Administrators’ Perceptions of How Collaboration Contributes to the Public Value of a Postsecondary Correctional Education Partnership","https://scispace.com/paper/listening-to-the-experts-correctional-and-community-college-2xrs4nx7ic","2017","","","Luis S. Garcia","","https://scispace.com/pdf/listening-to-the-experts-correctional-and-community-college-2xrs4nx7ic.pdf","","correctional education indicate, by providing correctional programming in correctional systems, correctional education administrators in the criminal justice system possess a unique public value opportunity to impact correctional populations with the academic and occupational skills necessary to becoming productive members of society postrelease . Correctional Education Research: An Overview:
 Given existing recidivism data and the likelihood that 95 out of every 100 inmates return to the community, ensuring effective correctional programming to correctional populations has been a major concern for correctional administrators. The most compelling argument for providing correctional education within correctional institutions has been its role in recidivism reduction. Given this context, a significant body of research has demonstrated the relationship between correctional populations that have participated in correctional educational programming and reduced rates of recidivism and increased post-release employment  In addition, research has demonstrated that investments in correctional education have provided better cost/benefit outcomes than has investment in simple incarceration. According to , every one million dollars spent on correctional education has prevented close to 600 crimes, whereas the same money invested in simple incarceration has prevented only 350 crimes. , in a State of Washington report, found that correctional education programming in Washington state prisons had produced some of the largest net economic benefits for the state from state funding. The reduced costs to the state were multifactorial, including fewer incarcerated state prison inmates, less expenditure treating victims of crime, and improved future economic contributions by the working, nonincarcerated ex-offenders .  suggested that correctional populations that availed themselves of educational opportunities while incarcerated gained employment at a higher rate, began to pay taxes, and contributed in qualitatively different ways than those who returned to criminal lifestyles. In a summary of the impact of correctional education programming,  found that adult basic education and vocational education programs were positively related to post-release employment and negatively related to future criminal activity. In a meta-analysis of 15 studies conducted during 1990-1999,  found a negative correlation between inmate participation in prison PSCE programming and the rate of recidivism. Correctional Education Research: An Overview:
 In a study a sponsored by the State of Virginia Department of Correctional Education, inmates who participated in some PSCE courses had significantly lower recidivism rates than those who did not. Moreover, inmates who participated in PSCE programming increased average earnings after release, especially those who had earned an associate's degree. Correctional Education Research: An Overview:
 Furthermore, inmates who enrolled in both academic and vocational courses through correctional education programming while incarcerated were more likely to continue their education at a Correctional Education Research: An Overview:
 State of Virginia community college after release than were those who did not take any coursework ."
"How Effective Is Correctional Education, and Where Do We Go from Here? The Results of a Comprehensive Evaluation","https://scispace.com/paper/how-effective-is-correctional-education-and-where-do-we-go-1urzoo3l6y","2014","Book","","Lois M. Davis
Jennifer L. Steele
Robert Bozick
Malcolm V. Williams
Susan Turner
Jeremy N. V. Miles
Jessica Saunders
Paul S. Steinberg","","https://scispace.com/pdf/how-effective-is-correctional-education-and-where-do-we-go-1urzoo3l6y.pdf","This report assesses the effectiveness of correctional education programs for both incarcerated adults and juveniles and the cost-effectiveness of adult correctional education. It also provides results of a survey of U.S. state correctional education directors that give an up-to-date picture of what correctional education looks like today. Finally, the authors offer recommendations for improving the field of correctional education moving forward.","much"" correctional education is necessary to produce a change in the desired outcomes. In future studies, the proper recording of program dosage when collecting data and monitoring the progress of inmates through correctional programs will be critical to enable researchers to examine these questions. Identify Program Characteristics:
 When we undertook our review of the literature on academic and vocational training programs for incarcerated adults, our charge from BJA was to identify promising or evidence-based programs that could be potentially replicated in other settings. We were unable to identify speci c exemplary programs-not because such programs do not exist, but because the evidence base does not provide su cient detailed information about such programs to allow us to do so. Many of the studies in the literature review did not provide su cient detail on the characteristics of the program, such as the structure of the curriculum, the training and certi cations of the teachers, the instructional methods used by the teachers, the student-teacher ratio in classrooms, and supplemental access to textbooks and technology. To the extent possible, we culled this information from the studies that provided it and used it in an exploratory fashion in our meta-analyses. However, few studies consistently listed these details in their program descriptions; consequently, our ndings from these few studies are suggestive at best. us, from a meta-analytic approach, we are unable to o er evidence-based prescriptions about what aspects of correctional education are most or least e ective. e eld would be well served if future research carefully documented the characteristics of the programs so that di erent models of program organization and instruction could be empirically validated. Examine More-Proximal Indicators of Program Efficacy:
 More research is needed on more-proximal measures that would better indicate how programs actually a ect thinking and behavior, such as changes in motivation, literacy gains, development of concrete skills, or academic progress versus academic achievement. Overwhelmingly, the research conducted to date has looked at recidivism as the major outcome indicator, which is understandable given its importance as a marker of successful prisoner rehabilitation. However, despite its salience in criminological research, the emphasis on recidivism has meant that we know much less about the process through which correctional education helps shape how former inmates re-integrate into the community. Correctional education is believed to improve the skills and abilities of inmates (i.e., ""human capital"" in economics parlance), which, in turn, improves their chances of continuing education/training upon release and then nding gainful employment. Only four studies in our review looked at skills and abilities (as measured by achievement test scores), and only 18 looked at employment. ere were too few studies of additional education/training to include in a meta-analysis. Applying these more-proximal indicators of program e cacy will help to better elucidate the mechanisms that undergird the role of education in the rehabilitation process."
"A Rapid Evidence Assessment of the effectiveness of prison education in reducing recidivism and increasing employment","https://scispace.com/paper/a-rapid-evidence-assessment-of-the-effectiveness-of-prison-1g71levpy0","2017","Journal Article","Probation Journal","Mark Ellison
Kirstine Szifris
Rachel Horan
Chris Fox","10.1177/0264550517699290","https://scispace.com/pdf/a-rapid-evidence-assessment-of-the-effectiveness-of-prison-1g71levpy0.pdf","This is a Rapid Evidence Assessment (REA) of educational programmes delivered within prison. Included in this review are evaluations of vocational, academic, basic skills, accredited and unaccredit...","educational progress when they move around the estate. Finally, they will encourage governors to work with local organisations to ensure the educational provision is tailored to the needs of the workforce and for education providers to develop 'through the gate' skills such as interviewing techniques. Recent and current policy:
 Having recounted the current policy climate, this review of extant literature provides a timely update to the discussion of what is known about the relationship between engaging in prison education and post-release outcomes and its required placement within a broader programme of necessary prison reform. Educational and employment backgrounds of prisoners and links with re -offending:
 Data regarding the educational needs of the prison population are complex and varying. This section provides an overview of recent reports of the educational levels and employment histories of prisoners in England and Wales. Educational and employment backgrounds of prisoners and links with re -offending:
 The Surveying Prisoner Crime Reduction (SPCR) was a longitudinal cohort study of 1,457 adult prisoners sentenced to between one month and four years in custody in the UK in 2005/06 (Minstry of Justice, 2014). The survey found that around a third of prisoners (32%) reported being in paid employment in the four weeks prior to custody and 51 percent reported being in paid employment during the 12 months prior to custody . Both of these figures are considerably lower than the UK general employment rate, which was 75 percent in 2006 for those of working age (Ministry of Justice, 2010). Further to this, many prisoners reported needing help finding a job on release (48%), with education (41%), and to improve work-related skills (40%), and agreed that having a job would help them stop reoffending (68%) . A lower likelihood of reconviction has been associated with having been employed in the year before custody (40% compared with 65% not in employment) and having a qualification prior to custody (45% compared with 60% for those who did not have a qualification) whilst a higher rate of reconviction is associated with having been in receipt of benefits in the year before custody (58% compared with 42% for those not in receipt of benefits) ."
"Prison Education and Offender Behavior: A Review of the Scientific Literature. Prision Education Research Project: Report 1.","https://scispace.com/paper/prison-education-and-offender-behavior-a-review-of-the-3l9mzmhftq","1993","","","Jurg Gerber
Eric J. Fritsch","","https://scispace.com/pdf/prison-education-and-offender-behavior-a-review-of-the-3l9mzmhftq.pdf","This paper provides an overview of the literature evaluating the outcomes of adult correctional education programs. The goal was to identify research that assessed the effects of correctional education on inmates. The paper focused on four possible outcomes: (1) Do inmates who participated in education programs vhile incarcerated have lower recidivism rates than nonparticipants? ( Are participants more likely than nonparticipants to enroll in educational programs upon release from incarceration? (3) Do participants have better employment records than nonparticipants after release? and (4) Do participants exhibit fewer disciplinary problems than nonparticipants while incarcerated? Adult education in prison could lead in two ways to a reduction in criminal behavior, to postrelease enrollment in education, to better postrelease employment history, and to fewer disciplinary problems. First, inmates could become more conscientious as a result of moral development due to exposure to the liberal arts. Second, inmates may benefit because they have better educational creaentials upon release, which lead to more opportunities. The document distinguishes between academic, vocational, and social education. Some studies focus on the outcomes of participation in college education; others examine high school or below high school education. Other studies analyze the outcomes of educational programs for juveniles; some concentrate on programs for adults. The paper discusses separately the literature dealing with each of these programs. The discussion focuses on academic and vocational education for adults. The most common finding is that inmates exposed to education programs have lower recidivism rates than nonparticipants. (DK) 'c****************** Reproductions supplied by EDRS are the best that can be made * from the original document. * .---,-:, -7. ,-----..,.....-_","showed a strong inverse relationship between college education and recidivism, while two showed no relationship. The findings thus are somewhat mixed, but the methodological weaknesses identified by critics cannot explain, in themselves, why some programs succeeded and others did not. Adult Academic Education:
 The available studies on the relationship between college education and postrelease employment and education are methodologically weak, but consistently show positive consequences for society. We recommend reserving 7According to the author, this research proves that education does not lead to an increase in inmates' moral development--at least, not enough to prevent recidivism.  No definite conclusions can be drawn concerning the relationship between correctional participation in college programs and prerelease disciplinary problems. Of the three studies we found on this subject, two were methodologically sound but generated contradictory findings.  showed the expected inverse correlation;  disclosed no correlation between enrollment in prison-based college programs and prisoners' misconduct. Vocational Education:
 In his ""nothing works"" article,  claimed that vocational education produces no positive consequences. Again, however, his conclusion was based on little evidence. Indeed, in the single study discussed by Martinson that addresses the issue most directly, , found a correlation between vocational training and lower recidivism but only ""when a trainee succeeded in finding a job related to his area of training"" . Martinson interprets this finding as evidence that ""skill development programs fail because what they teach bears so little relationship to an offender's subsequent life outside prison . Vocational Education:
 Mosi of the research conducted in recent years shows a correlation between vocational training and a variety of outcomes generally considered positive for either society or correctional institutions: lower recidivism rates, lower parole revocation rates, better postrelease employment patterns, and better institutional disciplinary records. Studying determinants of parole success in a midwestern state,  showed that among several other factors, participation in academic and vocational programs was correlated positively with successful parole. These researchers ) also found that ""completers"" of vocational programs had better employment rates and fewer arrests than noncompleters. In an earlier study,  found that vocational training leads to longer postrelease employment, fewer arrests, and fewer parole revocations.  studied the impact of vocational programs in Texas, and found evidence for lower recidivism rates among inmates who participated. Participants also broke fewer rules while incarcerated, a finding that Alston explains as the result of ""more positive impulse control"" (1981:9).  reported very similar findings in research on federal penitentiaries: inmates who received vocational training while in prison showed ""better institutional adjustment"" (fewer rule violations) than those who did not receive such training, were more likely to complete stays in a halfway house, were less likely to have their paroles revoked, and were more likely to be employed."
"From the Classroom to the Community: Exploring the Role of Education during Incarceration and Reentry.","https://scispace.com/paper/from-the-classroom-to-the-community-exploring-the-role-of-4wh0ehgw22","2009","","","Diana Brazzell
Anna Crayton
Debbie A. Mukamal
Amy L. Solomon
Nicole Lindahl","","https://scispace.com/pdf/from-the-classroom-to-the-community-exploring-the-role-of-4wh0ehgw22.pdf","","advisory committee that advises the state on academic and vocational education for incarcerated students . Promoting Education and Employment Success after Release: Even if a strong educational foundation is laid in prison, individuals may encounter significant barriers to continuing their education or obtaining employment after release. Promoting Education and Employment Success after Release:
 Returning prisoners face challenges on many fronts and obtaining education and training may not be their first priority as they struggle to meet their basic needs and reconnect with their families. Those who do pursue education or employment may have difficulty with issues as basic as finding transportation to class or a job and a stable, calm living environment in which to study and rest. Individuals need reentry planning and case management to help them navigate the reentry process and ensure that all the pieces are in place to support their employment and education endeavors. Those who are 37 One of the most difficult challenges to continuing one's education after release is funding, despite the fact that people just released from prison are often eligible for financial aid. In a recent survey of incarcerated men, funding was identified as the biggest obstacle preventing individuals from pursuing education after release . Many people return to the community without a job or with a low-paying job, lacking savings or assets, with poor credit histories, and with a significant amount of debt from child support and criminal justice expenses. Yet education can be a valuable investment and, given their low incomes, many former prisoners qualify for need-based financial aid for postsecondary education (see text box on the next page). Unfortunately, formerly incarcerated people are often unaware of public and private funding sources that may be available for continuing their education. Additionally, some colleges have started conducting background checks and making admissions decisions based on applicants' criminal histories (Center for Community Alternatives 2008). There are generally no legal protections against using criminal records in college admissions. Partnerships to Support Reentry Success:
 Whether they are seeking education, employment, or both, individuals returning from prison need support and case planning to achieve their goals. Increased collaboration and communication among agencies that work with returning prisoners can enhance educational services and support for this population. For example, when correctional 38 educators have information about what happens to their students after release, they can gauge whether their methods are being successful and how they might better prepare their students for reentry. They can also work to link their students to opportunities in the community and design their programs to help facilitate the transition process. Partnerships to Support Reentry Success:
 Partnerships between corrections, community supervision, service providers, educational institutions, and employers can strengthen correctional and community education programs and create links between incarceration and the community. Collaborations are particularly valuable for providing multimodal programs that address individual's multiple interrelated reentry needs, from employment and education to physical and mental health, substance abuse treatment, stable housing, and family reconnection. Partnerships to Support Reentry Success:
 Innovative programs such as education release (similar to work release) inside facilities and education-focused transitional housing after release can help create bridges between incarceration and education in the community. Partnerships like North Carolina's business and industry advisory committee not only bring the expertise of employers into the design of correctional education, they also build buy-in among employers and interest in hiring former prisoners educated in the system. Multi-agency collaborations like the ones described above also help ensure that all partners are working toward a common goal; for example, that stringent supervision requirements are not getting in the way of individuals attending class."
"From Mass Incarceration to Mass Education: Fostering Collaboration Between State Prisons and State Universities","https://scispace.com/paper/from-mass-incarceration-to-mass-education-fostering-b5up6wpos4","2018","","","Miriam Edwin","","https://scispace.com/pdf/from-mass-incarceration-to-mass-education-fostering-b5up6wpos4.pdf","","K. (2012). The post-release employment and recidivism among different types of offenders with a different level of education: A 5-year follow-up study in Indiana. Justice Policy Journal, 9(1), 24. Ibid. Benefits of correctional education:
 only had a higher recidivism rate, but also such uneducated (or under-educated) offenders were likely to be re-incarcerated earlier than those offenders who had a higher level of education."" 60 There are further cases that present objective data linking college programs within prisons to reductions in recidivism rates. For example, only 17% of released students from San Quentin's Prison University Project have recidivated within three years of their release, with zero new commitments for violent crime, compared to a California statewide recidivism rate of approximately 65%. A college-in-prison program run by Cornell University reports recidivism rates of only 7% for students who participate in the program but complete fewer than 3 courses at time of release, and a 0% recidivism rate for students who graduate with an associate's degree.  In a society that anticipates and plans for nearly two-thirds of formerly incarcerated individuals to return to prison, an intervention with a zero percent recidivism rate is highly remarkable, and warrants further research and possibly replication."
"Education Reduces Crime: Three-State Recidivism Study. Executive Summary.","https://scispace.com/paper/education-reduces-crime-three-state-recidivism-study-1dvsc0ljq8","2003","","","Stephen J. Steurer
Linda G. Smith","","https://scispace.com/pdf/education-reduces-crime-three-state-recidivism-study-1dvsc0ljq8.pdf","Education Reduces Crime, Three-State Recidivism Study-Executive Summary is published through a partnership between Correctional Education Association (CEA) and Management & Training Corporation Institute (MTCI), February 2003. You may download the complete study at CEA, is a non-profit professional association serving educators and administrators around the world. They are committed to educating individuals/students in correctional settings. CEA is the largest affiliate of the American Correctional Association. Involved in this publication partnership are MTC is a leader in inmate rehabilitation through education. MTC is the third largest operator of privatized correctional facilities in the world with approximately 13,000 beds under contract. MTC also manages and operates 23 Job Corps centers in 19 states for the U.S. Department of Labor, preparing disadvantaged youth for meaningful careers. The MTC Institute, a research unit within MTC, sponsored the printing and distribution of this document. The Institute staff involved in this publication partnership includes: Why read this booklet? With the increased numbers of inmates crowding our jails and prisons, it is imperative for the public to reconsider the traditional view of the purpose of incarceration. Rather than accepting the old adage of locking them up and "" throwing away the key, "" we must consider recent research findings that show many prisoners can be rehabilitated, through education and training, and eventually contribute constructively to society upon reentry. These studies are demonstrating that prison can be a place where criminals are transformed into law-abiding citizens, productive workers, and good parents. If you think this is important, please continue reading. The Three-State Recidivism Study reviews one of the major functions of the criminal justice system, that is, to rehabilitate. Over the past decade, greater emphasis has been placed on the other major rationales, specifically incarceration and punishment without much commitment to rehabilitation. The result of the push to incarcerate and punish that occurred in the 1990s and early 2000s is an unprecedented growth in the size of the nation's prison and jail populations, even as crime rates have decreased. Given the economic hardship of maintaining federal, state, and local correctional systems, and the number of people in jails and prisons, society can no longer afford to ignore ways to reduce crime and lower over-burdening costs resulting from high incarceration rates. Since there are methods and programs that work, our intent is to bring this information to political leaders, the media, and the public to shed light on successful …","Multivariate Analysis, *Outcomes of Education, Parole Officers, Participant Characteristics, Prisoners, *Recidivism, Role of Education, Statistical Bias, Surveys, Vocational Rehabilitation Bivariate Matching, *Impact Studies, Maryland, Minnesota, Ohio EDUCATION REDUCES CRIME:
 PREFACE By Stephen J. Steurer, Ph.D. EDUCATION REDUCES CRIME:
 Why read this booklet? With the increased numbers of inmates crowding our jails and prisons, it is imperative for the public to reconsider the traditional view of the purpose of incarceration. Rather than accepting the old adage of locking them up and ""throwing away the key,"" we must consider recent research findings that show many prisoners can be rehabilitated, through education and training, and eventually contribute constructively to society upon reentry. These studies are demonstrating that prison can be a place where criminals are transformed into law-abiding citizens, productive workers, and good parents. If you think this is important, please continue reading. EDUCATION REDUCES CRIME:
 The Three-State Recidivism Study reviews one of the major functions of the criminal justice system, that is, to rehabilitate. Over the past decade, greater emphasis has been placed on the other major rationales, specifically incarceration and punishment without much commitment to rehabilitation. The result of the push to incarcerate and punish that occurred in the 1990s and early 20o9s is an unprecedented growth in the size of the nation's prison and jail populations, even as crime rates have decreased. Given the economic hardship of maintaining federal, state, and local correctional systems, and the number of people in jails and prisons, society can no longer afford to ignore ways to reduce crime and lower over-burdening costs resulting from high incarceration rates. Since there are methods and programs that work, our intent is to bring this information to political leaders, the media, and the public to shed light on successful alternatives to the current system. Specifically, we want to share the results of the findings from the Three-State Recidivism Study. EDUCATION REDUCES CRIME:
 The primary investigators of the Three-State Recidivism Study believe that the results of their research need to be disseminated beyond the correctional and academic worlds. The full-length version of the study is available on the CEA website, at ceanational.org. However, this publication provides a shortened version of the key findings for those who are unaware of the positive impact of correctional education as well as those who might be able to bring about a change in public policy related to correctional education programs. What follows in the next two sections are two important summaries a brief introduction of important previous research and an executive summary of the study. EDUCATION REDUCES CRIME:
 The title of this booklet may be a bit simplistic, but it tries to make a point. Education programs can reduce the likelihood of repeat offending and improve public safety for everyone. The results of the study argue forcibly against the notion of locking people up and ""throwing away the key"" without offering a viable means for rehabilitation, specifically through education. On a consistent basis, research is showing that many adult offenders are capable of positive change."
"The Condition of Correctional Education in Minnesota: Toward a Vision for Learning.","https://scispace.com/paper/the-condition-of-correctional-education-in-minnesota-toward-dppjyrsd83","1993","","","Duane A. Rominger","","https://scispace.com/pdf/the-condition-of-correctional-education-in-minnesota-toward-dppjyrsd83.pdf","","that education leads directly to a reduction in recidivism. Many explained that vocational education leads to a source of income that may lead to reduced recidivism. Others explained that correctional education helps to reduce recidivism in conjunction with other variables. CHAPTER FIVE CONCLUSIONS:
 The literature also addresses what may be a self-inflicted problem facing educators in prison settings. 'There appears to be nearly universal acceptance of the proposition that the correctional population is significantly different from the normal population in educational attainment and skills with respect to functional literacy. This has often been the basis for exaggerated claims on the efficacy of educational programs in prisons by educators and subsequent high expectations for such programs by the general public and prison administrators. Failure to deliver on these promises with miraculous reductions in recidivism has threatened the viability of such programs arid their support within the criminal justice culture. CHAPTER FIVE CONCLUSIONS:
 Educational programs, however, do not exist in isolation from a wide range of variables found in the prison culture and in the individual inmates. After all, correctional institutions do not have the education of their residents as their first priority. Education must be accepted as only one of many elements in the rehabilitative effort, an element that may have no effect on some individuals. Similarly, neither sex offender treatment programs nor long mandatory sentences have a positive effect on some individuals. A truly effective correctional system must be based on a comprehensive and holistic design that attempts to deliver all rehabilitative elements through an effective and continuously improving process, while actepting that the process may not work at all with some individuals. CHAPTER FIVE CONCLUSIONS:
 Vocational Program Completion. The transfer or release of cor- rectional students prior to program completion is the greatest barriers to vocational program completion. CHAPTER FIVE CONCLUSIONS:
 The data suggests that voca- tional program completion among the correctional population in the state of Minnesota is between 20 and 22 percent. Fifty percent of the supervisors and 66 percent of the instructors listed inmate transfer or release as a reason students leave vocational programs. This was the most frequently cited reason for failure to complete vocational the Condition of Correctional Education in Minnesota Page 36 programs. Wenty-eight percent of the supervisors and 42 percent of the instructors listed a lack of time for inmate completion due to releases or transfers as a major weakness of their programs. One of the three suggestions for the improvement of vocational correctional education most frequently mentioned by instructors was that students be allowed the time and means to complete training programs while in prison. This is clearly a national problem with few practical solutions in evidence. Correctional educators are neither privy to nor influence decisions on the disposition of their students. A constantly repeating theme in the literature is the frequency with which inmates are transferred throughout correctional systems, with little regard for their educational needs. This is perhaps the one area where correctional administrators and educators are most in conflict. The relative importance of correctional education to the prison system is stated loudly and clearly every time a student leaves an educational program without warning, consultation, or program completion. CHAPTER FIVE CONCLUSIONS:
 Transitional Services. Correctional education would be improved by sustained, intensive transitional services immediately before and after release."
"Past Trends and Projections in Wages, Work, and Occupations in the United States","https://scispace.com/paper/past-trends-and-projections-in-wages-work-and-occupations-in-27e9fpnw67","2009","Book Chapter","","David H. Autor","10.17848/9781441631992.CH3","https://scispace.com/pdf/past-trends-and-projections-in-wages-work-and-occupations-in-27e9fpnw67.pdf","","random-assignment field experiments were not in place. CONCLUSION: Against this backdrop, this paper asks, ""What do we learn from the latest research regarding what works in rehabilitative programming?"" We believe that the most important lessons from recent research are the following: CONCLUSION:
 • First, it is very hard to have a substantial impact on the lives of adult criminal justice offenders. That is, research that seriously tries to account for positive selection into rehabilitative programs is often unable to reject the null hypothesis of no program effect on outcomes, be they labor market outcomes or recidivism. CONCLUSION:
 • Second, this result should not be completely surprising given what we know about how hard it is to change life trajectories, 13 what we have learned thus far from the SVORI evaluation about the apparent underprovision of programs, and what we know about how the institutional realities of prisons and prison life make it difficult to deliver rehabilitative programs in ways that comport with how the programs were designed to be delivered. CONCLUSION:
 • Third, the early results of the CEO evaluation that show no effects of the program on employment, even as program participation reduces recidivism, suggest that we need to think hard about the mechanisms through which an employment program might affect recidivism and employment. CONCLUSION:
 • Fourth, the results from Berk's recent work-release research suggest that the targeting of scarce program resources at particular types of offenders and ex-offenders could potentially have big payoffs. In particular, her findings tell us that perhaps we should target employment programs at offenders who commit incomegenerating crimes, with the potential corollary being that we might target cognitive-behavior or substance-abuse programs at offenders who are in prison for nonincome-generating crimes, such as violent crime, drug use, and weapons possession. Notes:
 1. An additional 750,000 individuals were in local jails in 2006, for a total penal population of 2.25 million. 2. According to the same source, the comparable figures in 1979 were 17.1 percent for black male dropouts and 4.0 percent for white male dropouts. 3. Approximately 95 percent of the individuals who are incarcerated are eventually released. The 5 percent who are not are composed of those who die while in prison, who are executed, or who are serving life-without-parole sentences. 4. Prison programs also focus on drug treatment and recovery, life skills, and cognitive behavioral skills designed to change the decision-making processes of criminal justice offenders. While any of these programs could, if effective, improve the labor market outcomes of individuals, since their primary goal is not to improve employment outcomes, they are not considered in this study. 5. It is worth noting at this point that almost all of the program evaluation research has been focused on the effects of program participation on recidivism, with very few studies looking at labor market outcomes such as wages, earnings, or employment as the outcome of interest. This is partly because most criminologists are primarily interested in program effects on recidivism and partly because, until recently, labor market information on ex-offenders has been difficult to obtain."
"Can residential mobility programs improve human capital? Comparing social mechanisms in two different programs","https://scispace.com/paper/can-residential-mobility-programs-improve-human-capital-2hci7t7aev","2009","Book Chapter","","James E. Rosenbaum","10.17848/9781441631992.CH8","https://scispace.com/pdf/can-residential-mobility-programs-improve-human-capital-2hci7t7aev.pdf","","random-assignment field experiments were not in place. CONCLUSION: Against this backdrop, this paper asks, ""What do we learn from the latest research regarding what works in rehabilitative programming?"" We believe that the most important lessons from recent research are the following: CONCLUSION:
 • First, it is very hard to have a substantial impact on the lives of adult criminal justice offenders. That is, research that seriously tries to account for positive selection into rehabilitative programs is often unable to reject the null hypothesis of no program effect on outcomes, be they labor market outcomes or recidivism. CONCLUSION:
 • Second, this result should not be completely surprising given what we know about how hard it is to change life trajectories, 13 what we have learned thus far from the SVORI evaluation about the apparent underprovision of programs, and what we know about how the institutional realities of prisons and prison life make it difficult to deliver rehabilitative programs in ways that comport with how the programs were designed to be delivered. CONCLUSION:
 • Third, the early results of the CEO evaluation that show no effects of the program on employment, even as program participation reduces recidivism, suggest that we need to think hard about the mechanisms through which an employment program might affect recidivism and employment. CONCLUSION:
 • Fourth, the results from Berk's recent work-release research suggest that the targeting of scarce program resources at particular types of offenders and ex-offenders could potentially have big payoffs. In particular, her findings tell us that perhaps we should target employment programs at offenders who commit incomegenerating crimes, with the potential corollary being that we might target cognitive-behavior or substance-abuse programs at offenders who are in prison for nonincome-generating crimes, such as violent crime, drug use, and weapons possession. Notes:
 1. An additional 750,000 individuals were in local jails in 2006, for a total penal population of 2.25 million. 2. According to the same source, the comparable figures in 1979 were 17.1 percent for black male dropouts and 4.0 percent for white male dropouts. 3. Approximately 95 percent of the individuals who are incarcerated are eventually released. The 5 percent who are not are composed of those who die while in prison, who are executed, or who are serving life-without-parole sentences. 4. Prison programs also focus on drug treatment and recovery, life skills, and cognitive behavioral skills designed to change the decision-making processes of criminal justice offenders. While any of these programs could, if effective, improve the labor market outcomes of individuals, since their primary goal is not to improve employment outcomes, they are not considered in this study. 5. It is worth noting at this point that almost all of the program evaluation research has been focused on the effects of program participation on recidivism, with very few studies looking at labor market outcomes such as wages, earnings, or employment as the outcome of interest. This is partly because most criminologists are primarily interested in program effects on recidivism and partly because, until recently, labor market information on ex-offenders has been difficult to obtain."
"What we know about the impacts of workforce investment programs","https://scispace.com/paper/what-we-know-about-the-impacts-of-workforce-investment-57vw0zrci8","2009","Book Chapter","","Burt S. Barnow
Jeffrey A. Smith","10.17848/9781441631992.CH10","https://scispace.com/pdf/what-we-know-about-the-impacts-of-workforce-investment-57vw0zrci8.pdf","","random-assignment field experiments were not in place. CONCLUSION: Against this backdrop, this paper asks, ""What do we learn from the latest research regarding what works in rehabilitative programming?"" We believe that the most important lessons from recent research are the following: CONCLUSION:
 • First, it is very hard to have a substantial impact on the lives of adult criminal justice offenders. That is, research that seriously tries to account for positive selection into rehabilitative programs is often unable to reject the null hypothesis of no program effect on outcomes, be they labor market outcomes or recidivism. CONCLUSION:
 • Second, this result should not be completely surprising given what we know about how hard it is to change life trajectories, 13 what we have learned thus far from the SVORI evaluation about the apparent underprovision of programs, and what we know about how the institutional realities of prisons and prison life make it difficult to deliver rehabilitative programs in ways that comport with how the programs were designed to be delivered. CONCLUSION:
 • Third, the early results of the CEO evaluation that show no effects of the program on employment, even as program participation reduces recidivism, suggest that we need to think hard about the mechanisms through which an employment program might affect recidivism and employment. CONCLUSION:
 • Fourth, the results from Berk's recent work-release research suggest that the targeting of scarce program resources at particular types of offenders and ex-offenders could potentially have big payoffs. In particular, her findings tell us that perhaps we should target employment programs at offenders who commit incomegenerating crimes, with the potential corollary being that we might target cognitive-behavior or substance-abuse programs at offenders who are in prison for nonincome-generating crimes, such as violent crime, drug use, and weapons possession. Notes:
 1. An additional 750,000 individuals were in local jails in 2006, for a total penal population of 2.25 million. 2. According to the same source, the comparable figures in 1979 were 17.1 percent for black male dropouts and 4.0 percent for white male dropouts. 3. Approximately 95 percent of the individuals who are incarcerated are eventually released. The 5 percent who are not are composed of those who die while in prison, who are executed, or who are serving life-without-parole sentences. 4. Prison programs also focus on drug treatment and recovery, life skills, and cognitive behavioral skills designed to change the decision-making processes of criminal justice offenders. While any of these programs could, if effective, improve the labor market outcomes of individuals, since their primary goal is not to improve employment outcomes, they are not considered in this study. 5. It is worth noting at this point that almost all of the program evaluation research has been focused on the effects of program participation on recidivism, with very few studies looking at labor market outcomes such as wages, earnings, or employment as the outcome of interest. This is partly because most criminologists are primarily interested in program effects on recidivism and partly because, until recently, labor market information on ex-offenders has been difficult to obtain."
"Stratagies for Improving Economic Mobility of Workers: Bridging Research and Practice","https://scispace.com/paper/stratagies-for-improving-economic-mobility-of-workers-b1e8as0zfl","2009","Book","Research Papers in Economics","Maude Toussaint-Comeau
Bruce D. Meyer","10.17848/9781441631992","https://scispace.com/pdf/stratagies-for-improving-economic-mobility-of-workers-b1e8as0zfl.pdf","The contirbutors to this book provide a provocative assessment of the effectiveness of various policies and practices designed to help disadvantaged segments of our population overcome the obstacles in their path to upeard economic mobility.","random-assignment field experiments were not in place. CONCLUSION: Against this backdrop, this paper asks, ""What do we learn from the latest research regarding what works in rehabilitative programming?"" We believe that the most important lessons from recent research are the following: CONCLUSION:
 • First, it is very hard to have a substantial impact on the lives of adult criminal justice offenders. That is, research that seriously tries to account for positive selection into rehabilitative programs is often unable to reject the null hypothesis of no program effect on outcomes, be they labor market outcomes or recidivism. CONCLUSION:
 • Second, this result should not be completely surprising given what we know about how hard it is to change life trajectories, 13 what we have learned thus far from the SVORI evaluation about the apparent underprovision of programs, and what we know about how the institutional realities of prisons and prison life make it difficult to deliver rehabilitative programs in ways that comport with how the programs were designed to be delivered. CONCLUSION:
 • Third, the early results of the CEO evaluation that show no effects of the program on employment, even as program participation reduces recidivism, suggest that we need to think hard about the mechanisms through which an employment program might affect recidivism and employment. CONCLUSION:
 • Fourth, the results from Berk's recent work-release research suggest that the targeting of scarce program resources at particular types of offenders and ex-offenders could potentially have big payoffs. In particular, her findings tell us that perhaps we should target employment programs at offenders who commit incomegenerating crimes, with the potential corollary being that we might target cognitive-behavior or substance-abuse programs at offenders who are in prison for nonincome-generating crimes, such as violent crime, drug use, and weapons possession. Notes:
 1. An additional 750,000 individuals were in local jails in 2006, for a total penal population of 2.25 million. 2. According to the same source, the comparable figures in 1979 were 17.1 percent for black male dropouts and 4.0 percent for white male dropouts. 3. Approximately 95 percent of the individuals who are incarcerated are eventually released. The 5 percent who are not are composed of those who die while in prison, who are executed, or who are serving life-without-parole sentences. 4. Prison programs also focus on drug treatment and recovery, life skills, and cognitive behavioral skills designed to change the decision-making processes of criminal justice offenders. While any of these programs could, if effective, improve the labor market outcomes of individuals, since their primary goal is not to improve employment outcomes, they are not considered in this study. 5. It is worth noting at this point that almost all of the program evaluation research has been focused on the effects of program participation on recidivism, with very few studies looking at labor market outcomes such as wages, earnings, or employment as the outcome of interest. This is partly because most criminologists are primarily interested in program effects on recidivism and partly because, until recently, labor market information on ex-offenders has been difficult to obtain."
"Just Couldn't Have Been Our School: A Phenomenologic al Study of the Schooling Experiences of African American Male Inmates""","https://scispace.com/paper/just-couldn-t-have-been-our-school-a-phenomenologic-al-study-4me9cbxdau","1999","","","A Stan
B Frank
R. Terrell
Kim Kachelmyer","","https://scispace.com/pdf/just-couldn-t-have-been-our-school-a-phenomenologic-al-study-4me9cbxdau.pdf","","We must accept the reality that to confine offenders behind walls without trying to change them is an expensive folly with short term benefitsa winning of battles while losing the war (Schollsman and Spillane, 1992, p.5). Recommendations for Action:
 Burger proposed that all vocational and educational programs be made mandatory, with credit against sentence for educational progress. He explained that it would be, ""literally a program to learn the way out of prison,"" so that no prisoner leaves without being able to read, write, do basic arithmetic and demonstrate a marketable skill. This program is similar to the ""pay for knowledge"" program used in some businesses. According to Norm Carlson, from the Federal Bureau of Prisons, ""Incarceration has dramatically increased during the last decade.""  The U.S. Department of Justice's Bureau of Justice  reported that as of March, 1994, slightly over one million are now incarcerated in American prisons. Most inmates (95 percent) will eventually be released. Approximately 150,000 inmates are released each year. In the federal prisons about half of the inmates have access to some type of education. Recommendations for Action:
 In terms of cost to society in dollars alone, it makes sense to provide adequate vocational training to give former inmates a chance to do legitimate work. A 1994 Government Accounting Office report pointed out that correctional institutions can do more to improve the employability of former inmates. In this society, regular employment is the accepted way of assuming responsibility for oneself . Recommendations for Action:
 Employment not only affects the former inmate's ability to be self supporting without recourse to crime but also influences use of leisure time, association with friends, self-concept, and expectations for the future.  reported that at the August 1981 National Advisory Council for Vocational Education hearings, former inmates testified that if they had not had vocational education classes while in prison and been given job opportunities when released they would ""very likely have returned to prison."" Recommendations for Action:
 Correctional institutions have always faced the problem of what to do with inmates. It is generally agreed that corrections should not only maintain custody, but also achieve some degree of rehabilitation .  describe vocational education in a correctional institution as providing instruction in a setting constantly bombarded with security needs, maintenance needs, treatment modes, and competing activi- Recommendations for Action:
 The Yearbook of Correctional Education 149 ties. These activities limit the time available for vocational education instruction. Furthermore, educators and educational administrators are typically isolated from other parts of the correctional institution. Often there are misunderstandings with custodial and other staff members who may have difficulty understanding the educators' need to build trusting relationships with inmates in order to enhance their learning and skill development. Currently there are variations among the states in mandating and supporting vocational education programs in correctional institutions. Recommendations for Action:
 Since the 1960s the emphasis in correctional education has been on vocational training. Resources for vocational education programs are frequently minimal, often depending upon contributions from local industries and the dedication of staff to maintain operation. Many adult correctional institutions are old, were designed as industrial prisons, and lack proper space and equipment for vocational education programs . Recommendations for Action:
 Research with Canadian prison populations has demonstrated a link between cognitive skills programming and an improvement in the effectiveness of vocational education in prison ."
"The Effectiveness of Education and Employment Programming for Prisoners.","https://scispace.com/paper/the-effectiveness-of-education-and-employment-programming-aeo7pdfaa2","2018","","","Grant Duwe","","https://scispace.com/pdf/the-effectiveness-of-education-and-employment-programming-aeo7pdfaa2.pdf","","a portion of the state's corrections budget to finance college courses for prisoners. The following year, the US Department of Education launched a pilot program to provide prisoners with access to federal aid for postsecondary education, which Congress had eliminated in 1994. Education Programming:
 Notwithstanding these recent efforts to increase postsecondary educational opportunities for prisoners, education has long been a staple of prison-based programming. The prevalence of education programming in prisons is likely due, at least in part, to the well-documented relationship between low educational achievement and antisocial behaviors. Several studies have linked poor academic performance among adolescents to juvenile delinquency and future offending, although the direction of the causal relationship remains unclear.  In general, the literature on the effectiveness of prison-based education programming has looked at its impact on the following outcomes: prison misconduct, postprison employment, recidivism, and return on investment (ROI). A correctional program can produce a positive ROI by generating benefits (the return) that exceed the costs (the investment) to operate the program. An intervention that lowers recidivism can create cost-avoidance benefits by decreasing victim costs, criminal justice system costs (including police, courts, and prisons), and lost productivity of incarcerated offenders. Programs that improve employment incomes can also create a benefit by increasing income taxes that employed offenders pay to the state."
"Corrections education and employment assistance ‘down under’: current and emerging practices and paradigms","https://scispace.com/paper/corrections-education-and-employment-assistance-down-under-1v4bg1x587","2014","Journal Article","London Review of Education","Joseph Graffam
Alison J. Shinkfield
Barbara Lavelle","10.18546/LRE.12.2.07","https://scispace.com/pdf/corrections-education-and-employment-assistance-down-under-1v4bg1x587.pdf","This article provides a view of contemporary Australia in terms of patterns of offending and incarceration, the characteristics of its correctional systems, vocational education and training (VET) within correctional settings, and post-release employment of prisoners and offenders serving community-based orders (CBOs). A two-year case study of employment assistance for 2,458 Australian prisoners and offenders serving CBOs was evaluated. The voluntary 12-month programme targeted participants at moderate to high risk of reoffending. Overall, employment outcomes were positive with more than one-third of registrations resulting in employment. Employment outcomes varied for gender and participant status (prisoner/offender). Recidivism outcomes were analysed for the whole programme and for a random sample of 600 prisoner participants. Results indicated a very low overall recidivism rate (7.46 per cent) for programme participants, and comparison of pre-programme and post-release recidivism showed reduced recidivism on three recidivism measures. The findings are contextualized in terms of current thinking and emerging practices in offender treatment, with a focus on reintegration as ecological system engagement and integrated systems of support as central to promoting positive lifestyle change.","Under': Current and emerging practices and paradigms 1 Authors: Joe Graffam (Corresponding Author),Alison J Shinkfield,Barbara Lavelle Keywords: corrections education, employment assistance, employment training, prisoners, offenders Introduction:
 It is well understood that the high rate of growth in the prison population over the past decade has resulted in a large number of individuals re-entering the community following prison release. An important strategy in addressing this issue has been the development of programmes that promote successful community reintegration and reduced rates of reoffending. Employment is a key factor in this endeavour, with benefits relating to the individual and family , wider system-level benefits (see , and potential social justice benefits as well. This article provides a contemporary view on post-release employment of prisoners and people serving community-based orders (CBOs) in Australia and on interventions that have been implemented to enhance employment opportunities. It then presents in depth the outcomes of one of these interventions in the state of Victoria. It concludes with a proposed model for an integrated system of support, which is considered a necessary element of provision to help offenders get work and stay in work. Introduction:
 In-prison programmes can provide valuable employment-relevant skill acquisition. However, nationally and internationally, low participation rates in vocational training and education programmes within prisons remain a problem. In Australia, the low proportion of prisoners achieving a certification or qualification may be explained to some extent by the impact of typically short sentences on programme participation. There are long waiting lists for courses, indicating that demand is much higher than availability . Clearly, there is a chronic, yet urgent need to improve programme participation in prisons so that individuals leave prison with a skill base that can improve their chances of successful employment after release. Policy and programme reform is also urgently needed to reduce waiting lists for courses and to increase resources to provide vocational training and education. Introduction:
 Researchers have identified the key qualities of successful post-release employment programmes . These include networking with the labour market; modifying recruitment and placement procedures in line with labour market needs; and providing employer incentives, information about job opportunities, appropriate vocational training, work-release opportunities for suitable offenders, job-retention skills, assistance to offenders in appropriate disclosure of criminal history, and long-term follow-up support. Introduction:
 In addition to the need for employment assistance, there is the issue of stakeholder attitudes toward the employability of ex-prisoners. Employers, employment service providers and corrective services staff have been shown to rate the employment prospects of ex-prisoners as poor , with variations related to the type of crime and whether training had been completed in prison. Attitude change can be promoted by exposing employers and employment service providers to ex-prisoners through job fairs and work trials, and by publicizing success stories. Employer incentives have also been shown to be effective in influencing employers to hire ex-prisoners (e.g. The Bridge Project, 2011)."
"Vocational education and training for adult prisoners and offenders in Australia: research readings","https://scispace.com/paper/vocational-education-and-training-for-adult-prisoners-and-25wmu9q1ga","2007","Journal Article","National Centre for Vocational Education Research","Susan Dawe","","https://scispace.com/pdf/vocational-education-and-training-for-adult-prisoners-and-25wmu9q1ga.pdf","This book of research readings provides clear evidence that adult prisoners and offenders who participate in vocational education and training (VET) during their sentence are less likely to re-offend. A reduction in recidivism represents significant cost savings to the community. This book highlights recent improvements in the delivery of VET for adult prisoners and offenders in Australia. Chapters include: International research and trends in education and training provision / Raymond Chavez and Susan Dawe; The role of VET in recidivism in Australia / Victor Callan and John Gardner; Ex-prisoners and ex-offenders and the employment connection: assistance plus acceptance / Joe Graffam and Lesley Hardcastle; The role of education and training in prison to work transitions / Margaret Giles, Anh Tram Le, Maria Allan, Catherine Lees, Ann-Claire Larsen and Lyn Bennett; Should education and vocational training be compulsory in corrections? / Peter de Graaff; The provision of VET for adult prisoners in Australia / Sian Halliday Wynes; Using research to inform practice: Western Australian correctional education / Christine Laird, Raymond Chavez and Melanie Zan; Throughcare and VET for adult prisoners and offenders within the New South Wales Department of Corrective Services / Karen Banfield, Steve Barlow and David Gould; Improving VET for adult prisoners and offenders in Australia / Sian Halliday Wynes; Improving literacy for adult prisoners and offenders / Bernard Meatheringham, Pamela Snow, Marine Powell and Michael Fraser; Education and training for Indigenous people in prisons / Cydde Miller.","during their period of incarceration and that they commence parole with no fixed abode and fractured or depleted social capital (through loss of networks). As a large proportion of jobs are found through social networks, the lack of these networks further reduces opportunities for employment. Implications:
 For policy-makers, therefore, the chief questions should not be restricted to: 'What can we do for prisoners during incarceration?' but, just as importantly: 'What can be done for ex-offenders struggling to build meaningful lives in the community?' The answers do not lie with correctional authorities alone. Other government agencies, non-government organisations and private industry should share the responsibility and challenge of building on the beneficial education and training programs undertaken in prisons. Conclusions:
 The sample in this study over-represented prisoners who were female or who had higher levels of educational attainment (Year 11 or above), while Indigenous Australian prisoners and those in maximum security prisons were underrepresented. In addition, no data were collected from regional prisons. However, the findings suggest that most prisoners in Western Australia now have a choice of prison jobs and/or study options tailored to meet their needs, and those studying vocational education anticipate good future work prospects after release from prison-more enjoyable work and higher wages than prior to their incarceration. About half of the prisoners interviewed study to complete basic adult education, schooling, short courses or full qualifications in vocational education and training or higher education-including postgraduate study. Most of those who study also work either in jobs related to the maintenance of the prison (for example, cooking, cleaning and gardening) or in commercially based prison work (such as metal work, furniture production, meat processing, building and construction and warehousing). Some prisoners study but do not work, and a few do not study or work. Conclusions:
 The differences in work and study patterns result from choices made by prisoners within the constraints of their individual prisoner management plans, prisons jobs, and course availability, and with regard to their previous work and study backgrounds. Since 2004, the gratuity system in Western Australia has applied to participation in study and work rather than work alone. Some offenders view study as a practical means for satisfying requirements for early parole, conjugal visits and child access. Conclusions:
 Significantly more prisoners undertaking VET courses, such as traineeships, expect better labour market futures (such as work, more enjoyable work and more money) than those undertaking non-vocational education courses or work only. Prison work on its own, even that involving commercial endeavours, is not seen by prisoners as being an entry to a career outside prison. Conclusions:
 Reasons for the relative 'success' of training courses may include: Conclusions:
 v regular interaction and encouragement from 'outside' lecturers v enrolment in the same units and achieving similar competencies as outside trainees v links to prospective employers and employment opportunities outside prison v links to suitable support networks 'outside' prison Conclusions:
 Other government agencies, non-government organisations and private industry should share the responsibility and challenge of building on the beneficial education and training programs undertaken in prisons. To break the cycle of poverty and recidivism and to participate as constructive members of the community, ex-offenders require support networks, especially to ensure stable housing, transport, re-entry to employment, new social networks, health and further education support in the community."
"The Professional Development of Correctional Educators.","https://scispace.com/paper/the-professional-development-of-correctional-educators-elr83lzh4y","1971","","","Franklin M. Semberger
George F. Aker","","https://scispace.com/pdf/the-professional-development-of-correctional-educators-elr83lzh4y.pdf","The objectives of the Florida Institute for Correctional Educators are presented. These include; (1) Promote professional growth of correctional educators; (2) Provide opportunity for association with professionals in correctional educatione (3) Introduce different perceptions of inmate experiences; (4) Provide insights into leadership skills and means of change; (5) Present problems and possible solutions in correctional education in Florida and nationally; and (6) Introduce several methods of instruction appropriate for adults. At the conclusion of the Institute the participants were asked to express their views as to what the Institute objectives were--in terms of what they learned or achieved. Representative responses include; (1) To bring correctional educators together; (2) To make correctional educators realize where they fit into the total correctional picture; and (3) To give correctional educators some idea of the professional responsibility and professional image they should possess. (CR) U.S. DEPARTMENT OF HEALTH. EDUCATION & WELFARE OFFICE,OF EDUCATION THIS DOCUMENT HAS BEEN REPRO. PROFESSII DUCED EXACTLY AS RECEIVED FROM THE PERSON OR ORGANIZATION ORIG INATING IT POINTS OF VIEW OR OPIN, IONS STATED DO NOT NECESSARILY REPRESENT OFFICIAL OFFICE OF EDUCo CATION POSITION OR POLICY. CORRECi luntu. LuOCATORS ci The Florida Institute for Correctional Educators C3 1411","and work habits; 91 (4) earning a living and living within one's earnings; 6.: (5) moral and spiritual values; 6.: (6) good use Of leisure time; providing and nmumaging a home. 6.:
 Inmates are most interested in vocational and trade training:.: It is the job of the skilled and well trained teacher to work with the counselor, other teachers, psychologists, and custodial officers to develop an environment in which work, training and social adjustnent develoP as a total program in the life of the offender while he is within the walls of the correctional institution. 6.:
 Correctional education in the United States is a patchwork of programs and philosophies. Many prograno attempt to transfer a public school program into an institutional setting. Others see aoademic education or vocational education as the cure-all for rehabilitation. Still others are groping in an attempt to find a unified program which will blend vocational training, academic education and multiple attempts at resocialization into a coordinated and comprehensive program whic'h will have marked success in rehabilitating offenders. 6.:
 Many correctional institutions assign inmates with low educational achievement scores, as determlned by performance on a reading test, to a mandatory basic education program. This becomes a part of their ""job"" assignment program in prison. Classes may vary from those taught by inmated to those taught by qualified, state-certified teachers. 6.:
 One method used is the Laubach literacy method, which has met with worthwhile results. In most instances the purpose is to provide education which will assist inmates in their basic adjustment in the ""free world"" and to help them obtain essential skills' for engaging satisfactorily in social living. Perhaps an underlying philosophy is the concern to instill entry level employment skills in order to be self supporting. One study noted that as many as 60% of the men in prison are classified as laborers. 6.:
 Thus ABE is conceived of as having benefit to inmates as well as society: 6.:
 ContemPorarily rehabilitation is receiving greater emphasis than at any other time in. history. The goal of confinement is to help the individual develop new skills, new attitudes and greater self-understanding. The hope is that these changes will enable one to find a place in society and become a positive contributor. According to Beadle (3) the.""new look"" at the period of incarceration is not just punishment but treatment. The President's Commission of Law Enforcement and the Administration of Justice made a recent study of America's system of criminal justice. It has found many deficiencies in the present system. 6.:
 It refers to the isolation of the correctional apparatus stating: it is isolated from the public partly ,by its invisibility and physical remoteness; partly by the inherent lack Of drama in most of its activities, but perhaps most importantly by the fact that the correctional apparatus is often used-- or misused--by both the criminal justice system and the public as a rug under which disturbing problems and people can be swept . Comments on histor:
 The year '1930,was pivotal in correctional education. Writing in 1929, MacCortick (13) stated:"
"A Survey of Staff and Inmates at the New Lisbon Correctional Institution Detailing Relevant Factors Associated with Career and Technical Education and Post-Release Outcomes","https://scispace.com/paper/a-survey-of-staff-and-inmates-at-the-new-lisbon-correctional-3p5rcy36z5","2010","","","David John Hines","","https://scispace.com/pdf/a-survey-of-staff-and-inmates-at-the-new-lisbon-correctional-3p5rcy36z5.pdf","2 Inmates released to the community without a basic education and little job training face a higher risk of re-offending and being returned to prison. By providing effective career and technical educational programming, the Wisconsin Department of Corrections (WI DOC) can increase educational levels, provide meaningful job skills, as well as help offenders to think critically and more responsibly in order to enhance their reentry to the community and to reduce the possibility of recidivism. The purpose of this study was to evaluate career and technical educational programming at the New Lisbon Conectional Institution (NLCI) and its relationship to recidivism and the successful reentry of inmates to the community. The design of the study was Qualitative in nature and utilized a modified case study approach that consisted of a series of interviews with","relationship between education and employment. However, the manner in which these kinds of programs are offered varies widely . Some programs that are labeled as ""career and technical"" may include those that are certified through state technical college systems, asthey are in Wisconsin. Correctional Educational Programming:
 Other programs may include apprenticeships, classroom-based job skills programs, or simply ""on-the-job"" training programs often offered as part of prison industries programs. Those offering certified credentials are generally preferred over those that are not based on a participant's ability to document their completion. With jobs declining throughout the country, providing inmates with marketable skills whether job-specific or transferable skills becomes imperative. Correctional Educational Programming:
 Studies have shown that inmates who participate in educational programming while incarcerated have lower rates of recidivism than those who did not . Although estimates vary as to the actual rates of reduced recidivism, these studies suppoli the notion that cOlTectional education enhances post-release employment, reduced rates of recidivism as well as successful reentry to the community . Correctional educational programs need to help inmates better prepare themselves for successfully reintegrating to their respective communities . Lack of data that suppolis this notion of positive post-release outcomes can create problems for correctional educational administrators who are trying to maintain support and funding for these kinds of programs . Therefore, the collection of data relating positive post-release outcomes with correctional education programs is essential. Recidivism:
 Recidivism is generally recognized as one of the most widely used post-release outcomes for measuring the effectiveness of a program because the individual does not re-offend and come back to prison which satisfies the public demand to be accountable for the expenditures for correctional education . Others suggest there may be problems with utilizing only recidivism as a measure of effectiveness and feel that interpretations relating correctional educational programming to recidivism are ""ambiguous"" . It has been suggested that other factors ought to be utilized such as employment and educational attainment,  or educational assessment as measured by a recognized test such as the Tests of Adult Basic Education, or T ABE . Regardless of where some researchers stand on the importance of the related variables, the most consistent theme throughout all of these studies has been recidivism as long as one recognizes ""the different outcomes related to recidivism [such as] parole violation, reconviction, and reincarceration"" ). However, overall, studies support the assertion that cOITectional educational programming ""significantly reduces recidivism"" (MacKenzie, 2005, p.6). Reentry:
 Reintegrating successfully back to the community is the shared hope of both offenders and correctional practitioners. The WIDOC has recognized this with its' current reentry initiatives which include a comprehensive program consisting often modules which address the most common areas where inmates struggle in their efforts to successfully return to their communities. Reentry:
 They include: housing, transportation, personal development, education, health, well ness, financial literacy, employability, and family. Although cOlTections systems can ' t provide all aspects of reentry and must take into account labor markets, families, and other institutions of social integration they can provide a solid platform and educate soon-to-be-released irunates on how to utilize community resources ."
"Education and its effects on recidivism.","https://scispace.com/paper/education-and-its-effects-on-recidivism-47c8gi90pt","2000","","","Matthew J. Conway","","https://scispace.com/pdf/education-and-its-effects-on-recidivism-47c8gi90pt.pdf","EDUCATION AND ITS EFFECTS ON RECIDIVISM MAY 2000 MATTHEW J. CONWAY, JR. B.S., CENTRAL CONNECTICUT STATE UNIVERSITY M.S., CENTRAL CONNECTICUT STATE UNIVERSITY Ed.D., UNIVERSITY OF MASSACHUSETTS AMHERST Directed by: Professor Howard Fleeter Correctional education came from the belief that criminals lack the academic, vocational and social skills needed to be successful in society. Lacking these skills, individuals turn to crime in order to survive. By meeting the criminals basic education and social needs, we should be able to correct the criminal behavior by opening up employment and social opportunities which allow them to achieve these goals legally (Davidson, 1995). The second school of thought is that criminal acts are committed because criminals lack the cognitive and moral maturity needed to make proper decisions. Law abiding citizens have developed the ability to rationalize the cost of the punishment against the social cost of committing the crime. The goal of education is to develop cognitive thinking. By developing cognitive thinking, it is believed criminals will make socially normal and law abiding decisions. The philosophy of educating inmates to reduce recidivism has been in practice for more than a century. Since these early attempts at providing treatment programming to the inmate population, many programs throughout the world have been developed to","non-post-secondary participants in relation to recidivism. An 80% recidivism rate was reduced to 10% when comparing inmates who did not attend college while incarcerated to groups who did study at the post-seondary level while in prison . Work Details vs. Education Programs:
 Using an ex-post facto design, inmates were placed into three groups: inmates who had a GED, inmates with a high school diploma, and inmates with some college education. They studied the inmates in each group who while in prison, participated in post-secondary education and those who did not participate in higher education, looking for the related effect on recidivism. They found a small but statistically significant differ¬ ence between the two groups at the 0.05 level, with a phi coefficient of 0.14352. Ninetytwo percent of the sample were still out in the ""free world"" and 7.7% were recidivists. Work Details vs. Education Programs:
 However, of the 7.7%, 11.5% were non post-secondary participants while only 3.9% had been in the correctional post-secondary educational program. In a second study on the relationship of the types of crime committed and the participation or non-participation in a correctional post-secondary education program, no relationship was found. Work Details vs. Education Programs:
 Based upon the findings of the study, it is the author's conclusion that correctional education programs result in a decrease in recidivism. The programs also prepare the inmate psychologically for reentry into the ""free world.""(0'  1. College Courses offer Increased Cognitive Skill Development Work Details vs. Education Programs:
 The goal of education in the correctional environment is to raise one's cognitive development in order to affect the way he or she analyses, perceives, interprets and acts in specific situations. Studies reveal this goal is accomplished by creating an environment that is perceived to be separate from the correctional facility and by developing curriculum which nourishes cognitive growth. Mathematics, the sciences, and philosophy courses have been found to be effective for developing logical thought and reasoning, while English literature and history courses have been found to promote cognitive growth and moral reasoning  as cited Lucien Work Details vs. Education Programs:
 In a study conducted by   Inmates were in those courses for the improved job potential, the enjoyment of a specific course, or to help pass their prison time, not to make themselves better people. Work Details vs. Education Programs:
 Those enrolled in University courses tended to give more cognitive or affective responses as to what effect the courses had on them. This was especially true of those inmates/students participating in humanities and social science courses. In courses where students learn about the behavior of themselves and others, they responded by having gained a greater insight into people and society and having learned to act according to their new insight."
"Prisoners’ Perspectives on Limited Rehabilitative Program Opportunities","https://scispace.com/paper/prisoners-perspectives-on-limited-rehabilitative-program-1mf9ldxujf","2021","Journal Article","The Qualitative Report","Kerry Edwards PhD","10.46743/2160-3715/2021.4495","https://scispace.com/pdf/prisoners-perspectives-on-limited-rehabilitative-program-1mf9ldxujf.pdf","Approximately 1.5 million persons are incarcerated in American prisons (Carson, 2020), and the rate at which persons who have been incarcerated reoffend (recidivism) is high (Alper et al., 2018, p. 1). This has propelled the effort to help offenders change their trajectory. Rehabilitative programs are used to help prisoners gain skills and strengths necessary to succeed in the community after their release. Yet, these high recidivism rates persist. Why do some prisoners not benefit from these programs? Although many researchers have studied the efficacy of programs over the past six decades, less attention has been directed towards access to prison programming. Additionally, studies that explore prisoners’ perspectives are not common. This researcher sought to understand programming access and utilization through the prisoner’s lens. This phenomenological, qualitative study explored 49 male prisoners’ perspectives. The findings suggest the prison’s operational structure impeded program access and the study’s participants who experienced blocked access were negatively affected, not receiving needed rehabilitative programming and, separately, suffering from the act of disenfranchisement from services.","firefighting and furniture making) as more meaningful than others in multiple respectsbeneficial to community, skill building, challenging, pride in work activity or product, requiring discipline, and involving teamwork; additionally, the more meaningful work seemed to affect identity . How Do In-Prison Education and Vocational Education Affect Recidivism?:
 While some research has clearly indicated that prison-based educational programs reduce recidivism , other research has yielded mixed findings depending on the type of educational program .  argued although many studies have drawn varied conclusions, overall, research suggests correctional education is ""one of the most productive and important reentry services"" (p. 27).  noted that approximately 38% (3,582) of their sample (9,394 state prisoners) did not have a high school diploma or GED at the time they were incarcerated; however, approximately 34% (1,212) of those had earned a high school diploma or GED by the time they were released. Thus, 25% (2,370) of all these inmates were without a high school diploma or GED at the time of their release, illustrating the importance of correctional education. How Do In-Prison Education and Vocational Education Affect Recidivism?:
 In their meta-analysis regarding in-prison vocational and work programs,  found that vocational programs were correlated with reduced recidivism rates (11%; as cited in . They also found that some work programs indicated reduced recidivism, but less than the vocational program effect. MacKenzie also posited, ""[V]ocational training and other work programs increase employment opportunities, and this reduces future criminal activities"" . MacKenzie wrote, ""There is sufficient evidence at this point in time to conclude that vocational education programs are effective in reducing recidivism"" . Literature Summary:
 Criminological theories have asserted different aspects of work can be criminogenic or protective. Access to work for disadvantaged populations, including offenders, has been limited by the labor-market structure. Fortunately, research has suggested that certain types of work, even if they do not fit within the primary sector of the labor market, may provide a unique protective benefit-identity capital (see . Work, vocational, and educational programs may, to varying degrees, be rehabilitative, provide protective factors, and reduce recidivism. Effective programs likely include those that raise the educational level, ""develop pro-social self-concepts and identity…"" , and involve ""quality work."" Literature Summary:
 The reviewed literature provides a useful context in which to consider the present study's findings. This paper addresses organizational barriers to access programming and highlights the inmates' perceptions of such barriers. Self-of-the-Researcher:
 This study arose from my interest in two fields, criminology and the sociology of work. Through my experiences, academic study, and previous work in criminal justice (juvenile probation officer, employment case worker for adult parolees, and volunteer mentor for parolees), I had two especially pertinent preconceptions as I began this research: Financially adequate and stable employment is essential for offenders to change their trajectory; and inprison work has not assisted offenders in obtaining adequate work post-release. Thus, I entered the research process believing that the nature and role of prison work needed to be better understood."
"Racial Disparities and Similarities in Post-Release Recidivism and Employment Among Ex-prisoners with a Different Level of Education","https://scispace.com/paper/racial-disparities-and-similarities-in-post-release-1t5t7todpl","2015","Journal Article","","Susan Lockwood
John M. Nally
Taiping Ho
Katie Knutson","10.15845/JPER.V2I1.703","https://scispace.com/pdf/racial-disparities-and-similarities-in-post-release-1t5t7todpl.pdf","Previous studies rarely examined racial disparities in post-release employment and recidivism. Finding a job is an immediate challenge to all released ex-prisoners, and often more difficult for African American ex-prisoners who typically return to economically-depressed neighborhoods upon release from prison. The present researchers conducted a 5-year (2005-2009) follow-up study in an attempt to understand racial disparities in post-release employment and recidivism among 6,394 released ex-prisoners (2,531 Caucasian and 3,863 African American), while controlling for the ex-prisoner’s level of education. Results of this study showed that African American ex-prisoners had a higher unemployment rate and recidivism rate than Caucasian ex-prisoners. This study also revealed that released ex-prisoners, if employed, would likely be under-employed and experience difficulties in sustaining employment, regardless of the ex-prisoner’s ethnicity. Most importantly, post-release employment and level of education were the two most influential predictors to recidivism among ex-prisoners, regardless of ethnicity.","employers of ex-prisoners, providing mostly hourly-based or seasonally labor-intensive jobs. Undoubtedly, skill-based manufacturing or construction jobs provided better wages for ex-prisoners with the necessary skill sets, but these job opportunities decreased during the recession . Conclusion:
 In recent years, funding for correctional education programs across the United States has decreased due to federal and state budget constraints. Needless to say, many skill-based vocational programs, such as manufacturing, are difficult to implement in prison settings due to the cost. However, correctional education administrators could selectively implement several of these skill-based programs. Undoubtedly, the benefits of employment-oriented, skill-based correctional education outweigh the cost of incarceration. Future research shall focus on the long-term impact of correctional vocational programs on post-release recidivism among ex-prisoners."
"Evaluation of the Windham School District Correctional Education Programs","https://scispace.com/paper/evaluation-of-the-windham-school-district-correctional-25y8qh3vls","2012","","","Gaylene S. Armstrong
Dennis Giever
Daniel Lee","","https://scispace.com/pdf/evaluation-of-the-windham-school-district-correctional-25y8qh3vls.pdf","","for release. Further, they reported viewing educational programming as an opportunity to correct their behavior for loved ones . Offenders have repeatedly demonstrated that they value the importance of obtaining an education while incarcerated, as it facilitates success in their transition back into the community . Related Benefits of Correctional Education:
 Several positive outcomes of correctional education have been discussed throughout the review of existing literature. Perhaps the most researched benefit of correctional education is the reduced levels of recidivism among participants once they are released . In addition to lower recidivism, empirical evidence suggests an increased likelihood of success in obtaining and maintaining employment for former offenders and higher wage earnings . Correctional education programs may also provide incentives for offenders to behave in a positive manner during their incarceration and reduce the cost of confinement or imprisonment through reduced levels of institutional misconduct . Related Benefits of Correctional Education:
 Constrained by budgets, correctional programs are always under scrutiny to determine if they are performing up to par. Although specific outcomes will vary by program, studies have consistently demonstrated education programs, specifically basic and secondary academic programs are able to reach their goals and make positive impacts on offenders and their success upon release. Moreover, the benefits of receiving an education while incarcerated may reach much further than obtaining employment, as program participation is also linked to improving decision-making skills and promoting pro-social thinking . Correctional Education Post-Secondary Education Literature Review:
  Offenders enrolled in post-secondary correctional education courses, for example, are less likely to commit disciplinary infractions while incarcerated, have greater chances of becoming employed post-release, have more pro-social thinking, and are less likely to recidivate upon release from prison."
"Yearbook of Correctional Education 1989.","https://scispace.com/paper/yearbook-of-correctional-education-1989-58z2or991i","1989","","","Stephen Duguid","","https://scispace.com/pdf/yearbook-of-correctional-education-1989-58z2or991i.pdf","","far from conclusive, these findings suggest the need for further empirical assessments of not only television's impact on prison order, but the effect of other ""amenities"" such as air-conditioning, sanitation, food service, visitation, and the like. Discussion:
 2 :1 9 250 PART V. CURRENT RESEARCH AND SPECIAL TOPICS Other Education. College attendance reduced an 80% recidivism rate to as low as 10% in Gude's study (1974); however, no difference was found in recidivism rates between inmates who had passed the GED and those who had not . Discussion:
 Prior Employment History.  studied 903 inmates released from federal institutions and found that prior employment played a role in successful post-release adjustments. The longer one had been previously employed in a single job, the lower the recidivism rates and the longer the time period before failures occurred.  indicates that underemployed or unemployed parolees were four times more likely to fail on parole as their employed counterparts. Discussion:
 Other Inmate Characteristics.  found no significant relationship between recidivism and such demographic characteristics as age, sex, race, or marital status. Data related to the age variable is contradictory and therefore still inconclusive. While Mace (1977) found no age-related differences in the post-release behaviour of training individuals,  did. The latter authors note that success in vocational training programs tends to be associated with older and more mature offenders in comparison to very young offenders. They further state that the young, unmarried first offender without a high school education and with below average intelligence is not likely to complete vocational training. Discussion:
 Positive Outcomes. As indicated, vocational training is associated with both lower recidivism rates and higher employment rates. There are some indirect benefits to training more individuals who do not repeat crimes. For example, Mace  finds that the non-recidivists in their study earned a significantly higher average monthly income. And  Acquilano (1972) indicates that released offenders who had some vocational, academic, and job placement skills demonstrated an 80% job retention rate. Discussion:
 Although vocational education programs for inmates have not proven to be completely successful in lowering recidivism rates, studies do indicate that offenders with vocational skills are more self- sufficient and better able to adjust to social demands while on parole. In addition, Sylvia G. McCollum, an Education Administrator at the Federal Bureau of Prisons, indicates that it may be unrealistic to measure the effectiveness of any particular program in terms of recidi-vism. She indicates that factors such as a person's life history and the quality of that life at the time of incarceration have much more impact on recidivism rates. Among the variables that must be considered are family support at post-release, mental and physical health, and access to opportunities . Discussion:
 Fortunately, the historj of the effects of vocational education on recidivism has not hen entirely discouraging. Carefully administered programs such as a New York initiative where inmate-students re- ceived pre-testing, remedial education, counselling and training, have been shown to reduce recidivism dramatically (from 66% to 48%). The New York program demonstrated the emerging philosophy of ""reinte- gration"" which recognizes that a rehabilitation program will not be suc- cessful unless it is linked to the offender's home community (Ce11983)."
"National Assessment of Vocational Education. Final Report to Congress. Volume IV. Access to Programs and Services for Special Populations.","https://scispace.com/paper/national-assessment-of-vocational-education-final-report-to-4h7af7pzfk","1994","","","Lisa Hudson","","https://scispace.com/pdf/national-assessment-of-vocational-education-final-report-to-4h7af7pzfk.pdf","","rare, and many correctional researchers have noted the need for studies in this area (e.g., Schlossman and Spillane, 1992). However, the few studies available do suggest that these education programs may have positive effects. Factors Affecting Education Programs Within Prisons:
 For example, a recent study of ex-offenders in Alabama found that the recidivism rate for those who completed community or technical college programs while in prison was about 5 percent, compared to 35 percent for the entire prison population.18 Studies in Maryland, New Jersey, New York, and the District of Columbia have also found lower recidivism rates among inmates who enroll in education programs.19 A study of youthful offenders found that education and treatment programs within the correctional environment are two of many factors related to post-release success.20 Factors Affecting Education Programs Within Prisons:
 Perhaps the best research on this issue comes from two recent studies conducted by the Federal Bureau of Prisons. The first of these found that participation in correctional education courses reduced the recidivism rate among ex-offenders; those completing at least one course per each six months of confinement had recidivism rates of 36 percent, compared to 44 percent for those who completed no courses.21 The second study examined the relationship between participation in vocational and work experience programs and a range of post-release success measures. Participants in these programs were found to have better post-release success, including longer-term employment, slightly higher income levels, and a decreased likelihood of having their parole revoked.22 Factors Affecting Education Programs Within Prisons:
 The rigor and reliability of many of these studies are limited or unclear, and we would not base definitive conclusions on them. There are, however, logical reasons to expect such positive outcomes from correctional education programs. First, the most common reason inmates give for participating in education programs is their interest in self-improvement and enhancing their chances of success after release.23 Hence, programs may provide the means for a selfselected group of inmates to develop a viable alternative to a life of crime. Second, successful ex-offenders have noted that education programs can also spark interest in personal growth and change, by providing inmates with positive role models (through reading) and a constructive way to channel their anger and frustration (through writing). Some studies support this anecdotal evidence, showing that education programs have positive effects on the attitudes and behaviors of inmates while they are still incarcerated effects that may carry over to the post-release environment.24 Factors Affecting Education Programs Within Prisons:
 Vocatimud Education in Cometio1101 Facilities 117 107 Studies that look specifically at the outcomes of correctional vocational education programs are even more rare. Noting this lack of evidence, researchers at the National Center for Research in Vocational Education have concluded:"
"Vocational education and training provision and recidivism in Queensland correctional institutions","https://scispace.com/paper/vocational-education-and-training-provision-and-recidivism-co0ahqw2ug","2005","Journal Article","National Centre for Vocational Education Research","Callan Victor
John Gardner","","https://scispace.com/pdf/vocational-education-and-training-provision-and-recidivism-co0ahqw2ug.pdf","Victor Callan and John Gardner examine links between prisoners' participation in the vocational education and training (VET) programs available within the Queensland prison system and their chances of returning to prison. The findings reveal that being involved in VET before initial release decreases the chances of returning to prison from 32 per cent to 23 per cent. Nevertheless, particular attention needs to be given to designing a comprehensive range of programs targeted at meeting the needs of individual prisoner groups, particularly for Indigenous prisoners. The research supports efforts to promote the value of VET and its role in prisoner rehabilitation, and to reduce barriers to accessing VET in correctional centres.","authorities, but also on their achievements in rehabilitation and prisoner adjustment and employment upon release. The achievement of throughcare will require patience, time and planning, as well as continued cultural and structural change, including the introduction of better systems and evaluation mechanisms. Implications:
 Examining ways to achieve a more comprehensive integration of the existing elements that operate in correctional centres should become the basis of more integrated prisoner management systems. These elements include the links between offender induction programs; the application of a prisoner risk management classification that is linked to the identification of programs which deal with offender behaviours and prisoners' educational and training needs; the integration and coordination of these offending behaviour and training programs around prison work; and links between these programs and the transition of prisoners into pre-release employment programs near the end of their sentences. Implications:
 While involvement in VET is linked to reduced levels of recidivism, only about one in five offenders are accessing VET programs while in prison. In addition, due to their shorter sentences, many others are ineligible for participation in VET programs. However, people with shorter initial sentences appear to be more likely to return to the corrective system than people with longer initial sentences. Given the evidence from interviews and the statistical analyses about the positive impacts of VET programs upon offenders, a key issue for further debate is the value in expanding offenders' levels of access to VET. If this is to occur for prisoners with shorter sentences, the related challenge is how to deliver VET in a meaningful way to this group of offenders during their shorter periods of incarceration. Implications:
 Those features of VET which have been successfully integrated into most workplace environments should be investigated to enable them to be more successfully introduced into correctional institutions than is currently the case. In particular, these elements include the application of prior learning/recognition of current competency, the introduction of workplace assessment into prison workshops, and the training of suitably qualified custodial or program officers as workplace assessors. Implications:
 Developing links between correctional institutions and employer groups would enable employment opportunities to be identified for prisoners well before release. This would encourage correctional centres to provide VET courses for prisoners in areas of identified employment need in local communities, thereby enhancing the likely employment of offenders upon release."
"The relationship between participation in different types of training programs and gainful employment for formerly incarcerated individuals","https://scispace.com/paper/the-relationship-between-participation-in-different-types-of-53kskxlm5n","2018","Journal Article","Human Resource Development Quarterly","Candace Flatt
Candace Flatt
Ronald L. Jacobs","10.1002/HRDQ.21325","https://scispace.com/pdf/the-relationship-between-participation-in-different-types-of-53kskxlm5n.pdf","","Keywords: human capital, workforce development, formerly incarcerated"
"State Correctional Education Programs. State Policy Update.","https://scispace.com/paper/state-correctional-education-programs-state-policy-update-1iukpjrgju","2002","","","Michelle Tolbert","","https://scispace.com/pdf/state-correctional-education-programs-state-policy-update-1iukpjrgju.pdf","","Nongovernmental Organizations, Nonprofit Organizations, Policy Formation, Postsecondary Education, Prisoners, Professional Associations, Program Administration, *Public Policy, Special Education, State Legislation, *State Programs, Trend Analysis Criminal Justice System, Maryland, Ohio, Texas STATE CORRECTI[ONAL EDUCATHON:
 PROGRAMS STATE alai= UPDATE OvervIew nsuring that prisoners are prepared to return to society is becoming an increasingly important issue for policymakers to address considering the growing number of inmates expected to be released from prison in the coming years. In fact, nearly 600,000 inmates were released in 2000. Most startling, however, is the number of adults who will be rearrested after they are released, the majority for parole violations. Approximately two-thirds of federal and state inmates released on parole are rearrested within three years of leaving prison and almost half are reincarcerated.1 STATE CORRECTI[ONAL EDUCATHON:
 The societal costs of the number of adults rearrested and reincarcerated are great. A high rate of recidivism, for example, ""translate[s] into thousands of new victimizations each year.""2 Not only is public safety a factor, but there are also fiscal and social consequences of recidivism.3 From 1982 to 1998, state spending on each of the major criminal justice functions (police, judicial, and corrections) increased 332 percent, from close to $11 billion in 1982 to nearly $46 billion in 1998.  Moreover, the $46 billion does not include the cost to the victims. A high rate of recidivism also disrupts family and community life, endangers public health, and may lead to disenfranchisement and homelessness.  While more research is needed to determine ways to reduce recidivism, a recent study funded by the U.S. Department of Education found that participation in state correctional education programs lowered the likelihood of reincarceration by 29 percent.6 Similar results have also been found in other studies, including a Federal Bureau of Prisons study that showed a 33 percent drop in recidivism among federal inmates who were enrolled in vocational and appren-ticeship training/ These programs lead to lower recidivism rates, according to advocates, because they provide inmates with the knowledge, skills, attitude, and values needed to succeed in society and to avoid future criminal activity.8 In addition, correctional education reduces the idleness rate among inmates while incarcerated, deterring prisoner misconduct and, in turn, creating a safer environment for prison administration and staff.9 Despite these benefits, state spending on correctional education has not kept pace with the growth in the prison population, which has nearly doubled in size over the last decade. In other words, the percentage of prisoners being served by state correctional education programs has decreased, resulting in an inmate population less prepared to be released from prison than in years past.  This State Policy Update provides background on the criminal justice system, summarizes the funding sources, correctional philosophy, and laws affecting state correctional education programs, and describes the adult prison population today. In addition, the Update reviews the various components of correctional education, discusses the benefits of education to inmates, and highlights correctional education initiatives in three statesMaryland, Ohio, and Texas."
"Structure and Components of Successful Educational Programs","https://scispace.com/paper/structure-and-components-of-successful-educational-programs-5en0dcy3l8","2008","","","Doris Layton MacKenzie","","https://scispace.com/pdf/structure-and-components-of-successful-educational-programs-5en0dcy3l8.pdf","Educational programs have been a mainstay of rehabilitation since penitentiaries first opened. A large number of offenders participate in correctional education while they are in facilities or in the community. There seems to be a general acceptance by the public and policy makers that education has benefits in its own right. Encouraging is the fact that education programs include many of the components of effective correctional treatment. Furthermore, research demonstrates that education programs such as basic education, GED, postsecondary and vocational are effective in reducing later recidivism and increasing future employment. In contrast, life skills programs have not been found to be effective in reducing recidivism. Questions remain about the effect of life skills when embedded within a multi-modal or holistic program. Research on education programs fails to untangle the issues of what works for whom, when, why and in what circumstances. Educators in facilities face tremendous difficulties in normalizing the experiences of student-inmates. Lockdowns, transfers facilities, and restricted movement in facilities limits the time students spend in classrooms. Security concerns prohibit use of the internet by students, thus limiting their ability to access information or use on-line library resources. Unless education programs are specifically designed to assist in reentry there is little contact between educators within facilities and in the community meaning few offenders receive assistance in continuing their education upon release. Reentry Roundtable on Education, March 31 and April 1, 2008 Structure and Components of Successful Educational Programs Page 1 Structure and Components of Successful Educational Programs Education in Prisons and Reformatories Originally, education programs for offenders focused on religious instruction. This instruction was expected to help offenders achieve spiritual enlightenment (Gerber & Fritsch, 1995; Teeters, 1955). Consistent with the religious beliefs of those who were responsible for the early penitentiaries, offenders were thought to need time to reflect on their crimes and repent. Solitary confinement was intended to make offenders realize the error of their sinful ways and make them penitent. Religious instruction was expected to help in the process of penitence. When the reformation era began, the focus of education programs changed from religious instruction to basic literacy and communication skills. Zebulon R. Brockway is usually credited with initiating the reformatory age in 1876 when he proposed his theory of rehabilitation at the first conference of the American Prison Association (the forerunner of the current American Correctional Association). Since that time academic education has been a cornerstone of correctional programming. As superintendent of the first reformatory in Elmira, New York, Brockway brought his revolutionary ideas into practice. The goal of the reformatory was to reform youth. The reformatory was designed to provide a physically and mentally healthy environment where youth would have access to academic education and extensive vocational training. Brockway believed that law-abiding behavior was attainable through legitimate industry and education (Reagan & Stoughton, 1976). Elmira was used as a model for both adult prisons and juvenile reformatories throughout the United States. The reformatory age let to an era of rehabilitation in corrections when the use of indeterminate sentencing became an important component of decision making. Offenders were released when there was evidence that they had been rehabilitated. The goal of corrections was to “correct” through rehabilitation. Educational programs became a mainstay of correctional rehabilitation during this time. By 1930, academic and vocational educational programs were operating in most prisons, where they were considered to play a primary role in the process of rehabilitation. From the original basic literacy programs, the type and variety of educational programs grew to include opportunities for a high school or General Equivalency Development (GED) diploma, vocational education, life skills programs, postsecondary or college education, and educational release. The focus on rehabilitation continued until the 1970s when corrections in the United States turned away from a rehabilitation philosophy to just desserts and crime control philosophies that emphasize retribution, deterrence and incapacitation (MacKenzie, 2006). Despite the “tough on crime” rhetoric of many decision makers and politicians, prisons continued to offer academic education. There appears to be a general belief that education has benefits in its own right (Applegate, Cullen, & Fisher, 1997; Cullen, Skovron, & Scott, 1990). One reason for the continuing emphasis on educational programs is the strong correlation between educational level and criminal activity. Convicted offenders are, on average, less educated and have fewer marketable job skills than the general population (Andrews & Bonta, 2003; Harlow, 2003). For example, 41 percent of the inmates in prisons or jails and 31 percent of probationers have not completed high school or its Reentry Roundtable on Education, March 31 and April 1, 2008 Structure and Components of Successful Educational Programs Page 2 equivalent (Harlow, 2003). In comparison, only 18 percent of the general public had not finished the 12 grade. Incarcerated adults also have high rates of illiteracy. In an assessment of adult literacy, the U.S. Department of Education found in comparison to the general public, prison inmates were lower in their ability to search, comprehend and use information, use documents, and perform computations (Greenberg, Duleavy, Kutner & White, 2007). Ryan (1990) estimates that half of America’s inmates are illiterate if sixth grade achievement is used as a cutoff. According to several researchers, the average reading level of incarcerated offenders may be below the fifth grade level. More than one half of all prison inmates have not completed high school, and those who have are often two to three grade levels behind in actual skills (Tewksbury & Vito, 1996). Educational Programs Today Today most correctional facilities offer educational programs. Academic education is legally mandated for juveniles and youthful adults. However, correctional administrators do not limit the programs to only those for whom education is legally required. In a recent Bureau of Justice Statistics report, Harlow (2003) found over 90 percent (91.2%) of state prisons, all federal prisons and almost 90 percent (87.6) of private prisons offered educational programs. These facilities usually house offenders sentenced to a year or more, thus the inmates have sufficient time to achieve educational goals. Many different types of programs fall under the rubric of education. The most commonly offered programs are basic education (including English as a second language special education and literacy classes), GED or high school, vocational education, and postsecondary education/college. Many facilities also offer life skills programs and vocational education. Life skills programs, also called social skills, are sometimes part of other curriculums such as basic adult education or vocational education. At times, drug treatment and education, parenting, and cognitive skills programs are considered educational programs but since many of these are not taught by academically trained educators they will not be included in this review of educational programs. Cognitive skills programs emphasize changes in thought processes such as errors in thinking, problem solving, coping skills, antisocial attitudes and impulsivity. Sessions are usually taught by trained lay people and not educators. Parenting class are also frequently lead by people not trained as educators and they use varied models for presenting the information. Similarly, drug treatment and education is usually provided by drug counselors and not educators. Furthermore most studies examining the impact of drug treatment and education focus on a combination of treatment and education or treatment alone and not education alone. Educational programs available to inmates differ somewhat by facility. Most state prisons offer basic adult education (80.4%) or secondary education (83.6%), and almost all of the federal prisons offer these programs (97.4 and 98.7 percent, respectively). Fewer private prisons offer basic adult education (61.6%) and secondary education (70.7%). Many of the state, federal and private prisons provide college courses (26.7 %, 80.5 % and 27.3 %, respectively) and vocational training (55.7 %, 93.5 %, and 44.2 %, respectively). Reentry Roundtable on Education, March 31 and April 1, 2008 Structure and Components of Successful Educational Programs Page 3 In comparison to prisons, local jails hold people from arraignment through conviction and for short sentences. Despite the fact that inmates spend a relatively short time in these facilities many jails (60.3%) provide educational programs (Harlow, 2003). Many inmates take advantage of the education opportunities while they are incarcerated (Harlow, 2003). Over 50 percent of the state (51.9 %) and federal (56.4 %) inmates reported participating in educational programs since their most recent incarceration. Fewer jail inmates participate (14.1 %). Offenders on probation (22.9 %) also reported participating in educational programs. While there may have been a decline in the percent of inmates who were able to take advantage of educational programs over time due to the great increase in the numbers of inmates in prison, a large percent still participate in educational programs. Theoretical Rationale for Association between Education and Recidivism Conspicuously absent from the research literature in the area of education is a discussion of a theoretical explanation for the connection betwee","are necessary before a person makes initial moves toward a different way of life. Only if a transformation occurs is the person able to sustain a new life. Thus, educational programs that bring about a cognitive transformation would be expected to be effective in changing offenders. What Works in Corrections?:
 Prison industries or other work programs may not be effective for correctional populations because the programs focus on giving opportunities for employment but do not emphasize individual change. The person may not have the individual abilities and/or attitudes to take advantage of the environmental opportunities, and thus a bond with the world of work is not formed. I found education and vocational education programs effective in reducing recidivism. I conclude they may be effective because they focus on changing the thinking skills of the students. This in turn, may increase an exoffender's ability to find and keep employment. The individual becomes more educated, this makes employment more likely, which in turn permits the person to form a tie or bond to the work of work. What Works in Corrections?:
 These findings have direct implications for the development of effective re-entry programs. Programs would be expected to be most effective if they focus on individual transformations. There will be a temptation to focus on programs that increase opportunities for work, reunite families, and provide housing. Obviously, these are important needs of the re-entering exprisoners. Such programs provide opportunities for the formation of ties or bonds to the community. However, the research on ""what works"" suggest that an emphasis on these opportunities for ties will not be effective if there is not also a focus on individual-level transformation such as might occur with academic and vocation education programs. From this perspective education programs are important in bringing about a change in thinking and cognitions and not in their ability to directly impact the offender's ability to get employment. The Blackbox of Correctional Education:
 The good news from research on correctional education is that ABE, GED, PSE and vocational education appear to reduce the recidivism of offenders as well as increase employment. There is, however, serious concern about the quality of the research and whether these results will be upheld if more rigorous randomized trails that eliminate the self-selection problem are conducted. On the other hand, many education programs are consistent with the principles of effective programs and they also would be expected to bring about the cognitive transformations associated with effective correctional programs. The Blackbox of Correctional Education:
 There are still many unknowns about correctional education. Questions remain about the exact curriculum that is effective and what works for whom, when, why and in what circumstances. Does the link between education and recidivism depend only on cognitive change or some combination of cognitive change and increased opportunities for additional schooling or employment in the community? The Blackbox of Correctional Education:
 We also know little about the exact curriculums that may be most effective for different types of offenders. Strong arguments have been made about the importance of gender and race/ethnicity sensitive programming. However, we do not know if such ""responsive"" programming would increase academic progress, be more effective in reducing recidivism or assist in employment success."
"Factors Influencing the Completion of the GED in a Federal Correctional Setting a Multiple Regression Correlation-Predictive Study.","https://scispace.com/paper/factors-influencing-the-completion-of-the-ged-in-a-federal-4wayytdfva","2013","","","Kimberly Akers","","https://scispace.com/pdf/factors-influencing-the-completion-of-the-ged-in-a-federal-4wayytdfva.pdf","Kimberly J. Akers. Factors Influencing the Completi on of the GED in a Federal Correctional Setting: A Multiple Regression, Correlational-Pred ictive Study (under the direction of Dr. Holder) School of Education, Liberty University, Ja nu ry 2012. Correctional education’s primary goal is to reduce recidivism and increase employment among ex-offenders. The Bureau of Prison’s practical goa l in its mandatory GED program is to maximize the number of inmates obtaining the GED in a given time period. The purpose of this research is to model the number of instructional ho urs an inmate requires to obtain the GED as a regression on socio-demographic and Bureau of Priso n policy variables related to inmate conduct in education programs. This quantitative research uses multiple regression to produce and analyze the model. An archival random sample of GE D graduates in a large federal correctional complex is selected, the model fit and diagnosed, a n a hold-out sample tested for predictive reliability. Any conclusions regarding policy alte rnatives for the Bureau of Prisons will then be drawn. Such alternatives may lead to improvements i general criminal justice and in correctional education in particular. Descriptors: GED, good conduct time, instructional hours, GED UNSAT, GED SAT, Federal Correctional Institute, recidivism, custody classif ication points FACTORS INFLUENCING THE COMPLETION OF THE GED 4","the GED is therefore of considerable relevance to current policy. If current practices do not lead to the desired goal, this research may provide guidance to forces that would, and suggest policy alternatives that will lead to the goal of inmates obtaining the GED. Review of the Literature:
 Correctional education's purpose should be no different, and it could be argued, is even more essential, for ex-offenders who have at least one additional negative to contend with by being an ex-offender.  contends that obtaining a credential like a GED combats the negative signal that incarceration sends to the labor market.  contends that correctional education can ""normalize"" an inmate towards pro-social norms that incarceration tends to attack. ""Results of this analysis provide substantial evidence that prison education program participation reduces the likelihood of recidivating irrespective of post-release employment. I interpret this result as a support of the normalization hypothesis, which posits that many policies, operations, and programs found in modern prisons reduce prisonization and nurture pro-social norms supporting rule/law abiding behavior"" ). Harer's conclusion then is that correctional education has more than only economic benefits for the offender and society. It has behavioral benefits also, suggesting that the greater the number of inmates who obtain the GED while incarcerated, the better off society becomes. However the majority of research in correctional education looks at programming that affects post-release outcomes such as recidivism, employment rates, or wage differentials. Review of the Literature:
 Correctional education programs are designed to make the offender's transition from incarceration back into society more successful. The question is what does ""successful"" mean to the correctional educator, offender, or society. From the offender's viewpoint, success includes employment at a living wage. From society's viewpoint, success means the offender does not recidivate thus reducing the cost of incarceration. If such success is accomplished through the offender's employment, and resulting contributions to the overall social welfare, then society as well as the offender benefits. Review of the Literature:
 Recidivism is the most frequently used post-release outcome. Meta-analyses by , , , and  examine studies which conclude that various types of correctional education programs reduce recidivism to varying degrees. Depending upon the study, recidivism is defined as re-arrest, reconviction, re-incarceration, or parole violation. Employment rate is used as a measure of success in literature reviews by ; ; ; and in the metaanalysis by . Review of the Literature:
 The studies show that, on average, a greater number of correctional education participants are employed within six months of release than by non-participants. However, averages can be deceiving. As  conclude, GED participation improves employment rates and wages only for non-white inmates and the improvement in wages disappears after three years."
"The Design Conference for the National Assessment of Vocational Education. Summary Proceedings. (Washington, D.C., March 13-15, 1991).","https://scispace.com/paper/the-design-conference-for-the-national-assessment-of-4q0pwbn93v","1991","","","Anne H. App","","https://scispace.com/pdf/the-design-conference-for-the-national-assessment-of-4q0pwbn93v.pdf","","that money, many states would have no funds for vocational education in correctional institutions. Those who design the assessment should keep in mind the fact that there is no uniform philosophy or intent as to why the federal government has funded vocational education for this group. Discussion:
 Vocational education for offenders can be considered from several points: 1) It is an educational equity issue. These people have usually missed out on mainstream education, and we need to make it up to them. 2) The economics, as noted above. 3) In connection with point two, addiction, and abuse as children. The background unemployment and poverty rates are about 40 percent. Even if people in this population leave prison with certificates and high-quality vocational education, they will have difficulty finding jobs because of their criminal records. Therefore, it would be very hard to measure the program's success by whether or not completers have jobs. Discussion:
 Other correctional constraints that make the prison program different include available time, restrictions involving tools, and sudden transfers and releases. The assessment could look at the impact of these factors. Congress also will probably want to know what effect the 1 percent set-aside had on the recidivism rate. Discussion:
 The major question for people in corrections is: What vocational programs have the highest success with what types of offenders, as measured by post-release employment, economic status, and reduced recidivism? Although corrections administrators do not expect a definitive answer, the assessment can provide information to guide their efforts. Data sources. It will be possible to find data on recidivism through the state departments of corrections. However, data on how former inmates are faring in terms of employment, staying off welfare, etc., will be difficult to find. Parole records in state employment commissions might yield some useful data. Discussion:
 The Department of Education has just funded the National Correctional Education Data Collection Project. A draft survey instrument has been developed and will be piloted after approval from the Office of Management and Budget. The National Assessment should tie in with that project. Discussion:
 In terms of case studies, the Correction Education Association and the Association for State Directors of Correction Education would be useful sources. It is also recommended that a correction expert be included in the overall assessment effort. Major points::
 If there is a limited amount of resources for research on vocational education in correctional institutions, the major types of institutions covered should be prisons and juvenile correction facilities. To determine the impact vocational education can have on recidivism or post-release employment, it would be wise to investigate institutions with broad programs focused on vocational education. The issue is not to determine whether or not poor correctional education works, but if good correctional education works. (The Vienna Correctional Center in Southern Illinois is recommended.) Major points::
 Identifying the target population may be difficult. States run literacy and schoolcompletion programs for offenders, and may have limited money for vocational education. Therefore, they may target vocational education to people who will be released in the short term. The assessment will need to look at this issue. People on probation may be good sources of data on work transition."
"Women in Prison: Planning the Getaway: Vocational Education in a Southern Women's Correctional Institution","https://scispace.com/paper/women-in-prison-planning-the-getaway-vocational-education-in-351jl03cee","2012","","","Aimee Michelle Burgdorf","","https://scispace.com/pdf/women-in-prison-planning-the-getaway-vocational-education-in-351jl03cee.pdf","","education returns more than two dollars to the citizens in reduced prison costs. In Maryland, that means that last year's $11,700,000 annual state budget for correctional education returned at least $23,280,000 to the state"" . 7).:
 As stated previously, one of the biggest components of the crime problem in the U.S. is recidivism, or chronic offending. Using the most recent recidivism data available, the United States Bureau of Justice Statistics found that of the 272,111 people released from prison in fifteen states in 1994, an estimated 67.5% were rearrested within three years . This growing body of literature that suggests that providing education within the prison system is one way to reduce recidivism . 7).:
 For example, one study looked at over 3,600 inmates who were released from Maryland, Ohio, and Minnesota correctional institutions who participated in a longitudinal study investigating education in prison. This study found that ""simply attending school behind bars reduces the likelihood of re-incarceration by 29%"" . Additionally, the U.S. Department of Justice ( ) reported that inmates who successfully completed one or more educational programs for each sixmonth term of their prison sentence had a lower recidivism rate (35.5%) than those inmates who completed no courses (41.1%). Vocational Education:
 Writing for the National Institute of Corrections (NIC),  define vocational education as training that is ""designed to provide learning experiences to develop occupational awareness, give exploratory job experiences, and develop job skills and work habits in preparation for gainful employment. Vocational training is provided through on-the-job training and related classroom experience"" (p. 2). Vocational Education:
 For the purposes of this study, this definition will be used.  study on educational and vocational programs available for offenders found that almost 100% of the 474 correctional institutions studied offered general education classes. While general and adult basic education classes fulfill a definite need, vocational education programs are especially important to inmates. In a study done at the University of Oklahoma in 1988, Allen found that inmates who received vocational education had a 25% recidivism rate. Comparatively, the recidivism rate of those inmates who had not had the benefit of vocational education was 77% . Vocational Education:
 In addition to reducing recidivism, vocational programs help provide training that is useful in the ""outside world"". Since many crimes are committed due to under or unemployment directly related to a lack of skills, providing vocational education within prison enables inmates to learn a trade, thereby reducing the need to reoffend . Since vocational training seeks to directly prepare workers for entry into the workforce, it is vital that this training be offered in prisons as not only a means of reducing recidivism, but also to provide inmates with rehabilitation through the means of employment. Differences in Vocational Education:
 Whereas vocational education seems like an ideal solution to the recidivism problem, there continues to be a debate over the kinds of vocational education available to inmates. Regrettably, the research available reveals that female inmates are being offered not only fewer but often second-rate vocational programs in relation to their male counterparts . For example, a 1973 study titled ""The Sexual Segregation of American Prisons"" by Arditi et al found that:"
"Perceptions of Incarcerated Individuals in a Men’s Prison About the Impact of Educational Programs on Their Vocational Aspirations: A Narrative Inquiry","https://scispace.com/paper/perceptions-of-incarcerated-individuals-in-a-men-s-prison-dtvb5hivck","2019","","","Jody Bergstrom","","https://scispace.com/pdf/perceptions-of-incarcerated-individuals-in-a-men-s-prison-dtvb5hivck.pdf","","utilizes the: CDCR also provides CTE opportunities for offenders. Courses take approximately six to Change does not come solely from facts and information; change requires an emphasis on problem-solving skills that drive offenders to a different frame of mind than they previously had. The prison utilizes the:
 Problem-solving in a new way is far from the norm for these students; however, this transformation could prove itself to be essential in lasting change . The ""desistance paradigm"" indicates that correctional programming needs to make sense to students in order to allow them to lead a better life . Obtaining educational credentials may allow offenders to change their sense of identity and self-image that leads them to be more motivated to lead productive lives free from crime. Academic programs can be one tool for a newly released offender to build a stronger resume, which in turn can improve their chances of obtaining employment . The prison utilizes the:
 Most commonly ABE, vocational training, and GED preparatory courses are used in correctional education. Using these programs to improve the self-image, educational achievement, and motivation of the inmate is a positive way to help offenders reintegrate. The downside of this programming is the lack of fluidity. Inmates with deficient levels of education or those with learning disabilities can burden an educator and classroom. Without special assistance for these individuals, a barrier exists for both types of students. By exploring correctional education and how the offenders perceive their programming, a potential solution to the disparities that currently exist in the classrooms may be possible. Vocational education. Vocational education or CTE is training designed to equip:
 prisoners with skills in a chosen occupation. Vocational education is also part of a prisoner's rehabilitative programming. Offenders who complete these types of programs increase their odds of successful reintegration into the community and a reduction of the risk of reoffending. CTE provides motivated prisoners the skills that improve the offender's life through discipline and by supporting confidence and stability in their lives . Some vocational programs provide a formal certificate, which helps the formerly incarcerated gain acceptance into a workplace. Certificates provide ex-offenders an advantage over nonparticipants, which increased their chances of finding employment in the competitive job market . Vocational training will likely help offenders integrate into the labor market, boost their ability to bring home a livable wage in a legal manner, provide job stability, and provide a sense of belonging to the community . Vocational education. Vocational education or CTE is training designed to equip:
 Through vocational education, the incarcerated may address cognitive changes, not unlike those experienced by academic program students. CTE is designed to provide the occupational skills that employers are looking for in applicants. Furthermore, those inmates with certificates and training could potentially have more job prospects when they are released . The comprehensive training that employers are looking for is likely to require the licenses and certificates coming from these programs. The expectation of a reduction in reoffending through the use of vocational programs is intended to ease the transition into the community and workforce ."
"An Offender's Perspective of Correctional Education Programs in a Southeastern State","https://scispace.com/paper/an-offender-s-perspective-of-correctional-education-programs-68fgwzbmr4","2015","","","Boderick M. Bennett","","https://scispace.com/pdf/an-offender-s-perspective-of-correctional-education-programs-68fgwzbmr4.pdf","An Offender’s Perspective of Correctional Education Programs in a Southeastern State by Boderick M. Bennett MA, University of the Rockies, 2011 BS, South University, 2009 Dissertation Submitted in Partial Fulfillment of the Requirements for the Degree of Doctor of Philosophy Human Services Walden University April 2015 Abstract Many offenders are incarcerated in U.S prisons with the intent of rehabilitation; however, a majority of these offenders will be released with limited options for employment. Recidivism has been linked to unemployment. The purpose of this multiple case study was to examine the lived experiences of 20 offenders involved in correctional education programs while incarcerated to explore their correctional education experience within theMany offenders are incarcerated in U.S prisons with the intent of rehabilitation; however, a majority of these offenders will be released with limited options for employment. Recidivism has been linked to unemployment. The purpose of this multiple case study was to examine the lived experiences of 20 offenders involved in correctional education programs while incarcerated to explore their correctional education experience within the context of postincarceration employment. The theoretical foundation of this study was based on Bandura’s self-efficacy theory. Narrative data were elicited pertaining to offenders’ perceptions of past education experience, correctional education experience, and their perceived impact of the experience on their future employment. Data were analyzed using inductive coding procedures to categorize the offenders’ perceptions of correctional education. According to study findings, offenders’ participation in and completion of correctional education programs while incarcerated provided the necessary support for them to successfully reenter society; program participation aided offenders to bridge the gap between release and securing employment by providing the necessary skills to compete for employment. This study contributes to social change by informing correctional education administrators, faculty, and staff of the viability of correctional education programs offered to offenders. An Offender’s Perspective of Correctional Education Programs in a Southeastern State by Boderick M. Bennett MA, University of the Rockies, 2011 BS, South University, 2009 Dissertation Submitted in Partial Fulfillment of the Requirements for the Degree of Doctor of Philosophy","regarded and accepted outcome measure based on the mandates imposed by state and U.S. federal funding entities . Although the effectiveness of correctional education is measured through recidivism, post-release employment may be an indicator of the effectiveness of correctional education programs. Defining Recidivism:
 According to  approximately 60% of exoffenders return to prison at least once after release. According to  approximately 40% of offenders 21 and under who earned a GED while incarcerated recidivated within 3 years of release, this is in comparison to 54% of exoffenders that did not earn a GED. The results are similar for postsecondary education . Defining Recidivism:
 According to  the higher the education attained while incarcerated, the higher the odds are for reduction in recidivism.  stated that correctional education programs are cost effective for society. The researcher's explain the offenders that possessed a minimum of 2 years of college had a recidivism rate of 10% opposed to 60% for those lacking this level of education . This review of articles about correctional education indicated a positive relationship between correctional education and a reduction in recidivism . Themes and Issues:
 The theme and primary issue discussed in the literature displays the possibility of a connection between correctional education program participation and reduced recidivism. , , and  suggested correctional education programs aid in the increase of employment upon release and reduces recidivism. Another emerging conclusion regards the lack of data, which highlights the fact that further analysis is needed to analyze programs and identify viability. Themes and Issues:
 However, the lack of data and the informational gap regarding correctional education is discussed throughout the literature that is available. The articles and reviews researched focused on the history and current status of the need for correctional education program information on the state level. According to  even though correctional education programs offered in almost all state, private, and U.S. federal institutions, a break in communication and a lack of information regarding the overall status of the programs nationwide exists. This lack of information contributes to the impossibility to compare the effectiveness of correctional education programs with other programs offered at the state and U.S. federal levels . The lack of data negatively impacts the discipline which continues to be directed by the philosophy of the ever changing leadership and management in the penal system . Themes and Issues:
 According to , the lack of funding for correctional education programs, in conjunction with the condemnations of being an exoffender, contribute to recidivism. This assumption is based on previous studies which assessed the impact of correctional education on recidivism . It was argued the more education amassed by the offender while incarcerated, the better the chance of the offender successfully reintegrating into society . Themes and Issues:
 Research conducted by  concluded offenders that participated in correctional education programs had fewer rule violations during their incarceration. The direct result was less time spent behind bars . Also noted was the increase in program participation led to a decrease in the likelihood of recidivism ."
"The crux of context: an examination of how collateral consequences legislation impacts the desistance process","https://scispace.com/paper/the-crux-of-context-an-examination-of-how-collateral-5ggy60gubi","2014","Dissertation","","Erin M. Kerrison","","https://scispace.com/pdf/the-crux-of-context-an-examination-of-how-collateral-5ggy60gubi.pdf","","criminal justice involved citizens, but it is a significant barrier to reintegration upon which policymakers can improve. identify three principal strategies that could be better developed to improve former prisoners' employability: (1) former convicts require education and job-specific training; CONCLUSIONS AND POLICY IMPLICATIONS:
 (2) reentry programming and support initiatives must help clients identify employment opportunities; CONCLUSIONS AND POLICY IMPLICATIONS:
 (3) put an end to legally-sanctioned employment discrimination against this population. CONCLUSIONS AND POLICY IMPLICATIONS:
 First, longitudinal studies confirm that inmates who participate in carefully designed, thoughtfully implemented correctional training and work experience while incarcerated are more likely to be employed upon release and are less likely to recidivate .  note the important distinction between vocational training (involves skill development in a particular trade or industry, such as carpentry, auto detailing, electronic servicing, graphic arts/printing, horticulture, masonry, and welding), employment services training (focused on providing assistance with obtaining and retaining employment: interviewing skills, professional workplace habits, etc.) and prison industries programming (consists of work in prison-based industries like laundry and license plate manufacturing). The first two initiatives affect a much more positive and far-reaching impact on desistance processes. For black respondents in their study,  reported that more satisfaction was gleaned from having participated in vocational training than educational programming. The individuals did not dismiss the value of education, but the consensus highlighted a greater utility in job-specific training. Women in the study identified low self-esteem as the most significant barrier to employment, and they also remarked that the only training opportunities available to them focused on developing secretarial and cosmetology skills. Individuals who struggle with low self-esteem are less likely to excel in these service-sector arenas that require confidence and strong interpersonal skills. As such, those skills can and must be bolstered prior to release, too . Finally, regardless of the employment training agenda, for an increasingly drug-addicted modern cohort, the provision of simultaneous and extensive substance abuse treatment services is imperative as well . Rather than focusing on employment exclusively, it may also prove more useful if correctional rehabilitation programming was prioritized, as many inmates simply are not ready to yield the greatest potential benefits from educational and vocational programming until their substance use and addiction problems are addressed. Consistent with a maturation hypothesis are recent findings indicating that employment is an outcome of desistance, a change in patterned thinking, and the adoption of a conventional life, rather than a precursor of it . CONCLUSIONS AND POLICY IMPLICATIONS:
 Next, many respondents in the Roads Diverge study expressed frustrations with their absence of social capital and utter lack of entrée into professional networking spaces. In a particularly constrained labor market, returning prisoners need help finding jobs. As it stands, the labor market information system is highly exclusive and private sector employment opportunities are publicly posted with increasing infrequency. Access to informal social networks is increasingly influential in securing work for job applications marked by the stigma of a criminal record . As employment assistance improves the job chances of prison releasees  is it critical that communities with a stake in prisoner reentry continue and broaden their job identification programming. Work release is a generally effective bridge between incarceration and community release, for it helps to foster relationships between inmates and employers, which bolsters desistance efforts , and for cities like Wilmington, DE, enables cost avoidance and community regeneration ."
"Federal Student Aid: Actions Needed to Evaluate Pell Grant Pilot for Incarcerated Students. Report to Congressional Requesters. GAO-19-130.","https://scispace.com/paper/federal-student-aid-actions-needed-to-evaluate-pell-grant-1pxbtd9qke","2019","","","Gretta L. Goodwin","","https://scispace.com/pdf/federal-student-aid-actions-needed-to-evaluate-pell-grant-1pxbtd9qke.pdf","","differences; or (5) involved a comparison group that was not applicable to our research interests, such as juveniles. Gretta L. Goodwin Director Homeland Security and Justice: In the first stage of the review, we examined the study abstracts. Gretta L. Goodwin Director Homeland Security and Justice:
 Following the first stage of the review, 42 studies remained. In the second stage, we read the full description of the study's methodology. Following the second stage, 20 studies remained for our in-depth review. Gretta L. Goodwin Director Homeland Security and Justice:
 Based on our review of the literature described above, studies found that inmates who participated in a correctional education program while incarcerated generally achieved more positive outcomes after release (e.g. higher employment, lower recidivism) than inmates who did not participate in a correctional education program while incarcerated. In 2013, RAND Corporation published a meta-analysis of 58 studies and found that inmates who participated in correctional education had 43 percent lower odds of recidivating than non-participants, and 13 percent higher odds of obtaining employment. 2 Many studies we reviewed that tested impacts on one or more measures of recidivism have also found that incarcerated students who participated in a postsecondary program or earned a postsecondary degree while in prison were less likely to be re-arrested or re-incarcerated than those who did not participate. Some research, however, has found that program completion may lead to positive effects more than participation alone.  Policy, vol. 16, no. 2 (2017). These results apply to the pooled strata. In the non-pooled estimates, one stratum was estimated to have experienced benefits from participation. Gretta L. Goodwin Director Homeland Security and Justice:
 Research Findings correctional education program were less likely to be re-arrested, reconvicted, and re-incarcerated in two states; in the third state, there were no significant differences between participants and non-participants.  Additionally, some research suggests incarcerated students who participated in a postsecondary program while in prison were more likely to find employment after release, work more hours, or earn higher wages than those who did not participate, but this was not always found. For example, in one study, earning a postsecondary credential while incarcerated was associated with an increase in total hours worked and total wages earned in the first 2 years after release; however, it was not associated with an increase in the odds of finding employment.  Additionally, one study of inmates in three states found no statistically significant difference in post-release employment in the 3-year follow-up among participants in a correctional education program compared to nonparticipants. 6"
"OCE/CEA Three State Recidivism Study.","https://scispace.com/paper/oce-cea-three-state-recidivism-study-4wfia50r49","2001","","","Stephen J. Steurer
Linda G. Smith
Alice Tracy","","https://scispace.com/pdf/oce-cea-three-state-recidivism-study-4wfia50r49.pdf","","and community background, economic status and employment, educational experience, offender perspectives on education and motivational factors that correlate highly with criminality as well as educational, correctional and criminal history. This is the first study to collect extensive information from the inmates themselves. Tables and Figures:
 Another unique aspect of the study is the collection of individual wage data from two of the states labor databases. Data was collected from each state, but only Maryland and Minnesota was useable. The Ohio data was in a format that could not be read by the researchers. Tables and Figures:
 The analysis of the data indicates that inmates who participated in education programs while incarcerated showed lower rates of recidivism after three years. For each state the three measures of recidivism, re-arrest, re-conviction and re-incarceration were significantly lower. The employment data shows that in every year, for the three years that the study participants were followed, the wages reported to the state labor departments were higher for the education participants compared to the non-participants. Tables and Figures:
 The following report narrates the overall design, execution of the study, data analysis, discussion of the results and conclusions. INTRODUCTION:
 Correctional educators have worked for years in the belief that education not only provides hope for their students and an avenue for change, but that it also reduces the likelihood of future crime. Correctional educators have continued to teach while facing constant scrutiny and pessimism from the public and from certain legislators about the value of their work among those who have committed serious crimes. While the climate was always difficult, Congress got much tougher on crime in the 1990s. Inmate eligibility for Pell grants for post secondary education was entirely eliminated in 1994. INTRODUCTION:
 Federal adult and vocational education set asides for correctional agencies were dropped a few years later. There were even limitations put on the right to special education services for the incarcerated. Many states also cut back or eliminated their funds for programs. One state even fired all the full time teachers in the state prisons. INTRODUCTION:
 In the meantime correctional educators have continued on in their effort to convince the public and legislators of what they believe is a worthwhile contribution in the ongoing battle to reduce the recidivism of incarcerated offenders returning to their homes and communities. However, as noted in the next section, while there have been a studies examining correctional education, there is a dearth of rigorous studies examining the impact of correctional education on post-release behavior particularly recidivism. It was apparent that valid and reliable empirical data was needed to determine if correctional education did, in fact, help reduce recidivism and increase the incarcerated offenders' participation in the labor market after release from prison. Literature Review:
 In an attempt to counter the efforts at cutting back or eliminating correctional education there have been a variety of studies conducted since 1990 to measure the value of correctional education including GED participation, vocational training, cognitive 8 skills programs, and post-secondary/college participation . Most of these occurred in the early 1990's with little being done during the last five years . Texas, however, has consistently examined the impact of their correctional education programs and has provided the most comprehensive studies with large sample sizes . Literature Review:
 Unfortunately, many of them have had a number of research design weaknesses."
"An Evaluation of a Prison Education Program1","https://scispace.com/paper/an-evaluation-of-a-prison-education-program1-36g7cgk7y7","1984","Journal Article","Canadian Journal of Criminology-revue Canadienne De Criminologie","Rick Linden
Linda Perry","10.3138/CJCRIM.26.1.65","https://scispace.com/pdf/an-evaluation-of-a-prison-education-program1-36g7cgk7y7.pdf","","of these studies, reported by Jacobson and McGee (1965) found. that boys involved in an intensive educational program had. a significantry larger number of institutionaloffences than boys who had been involved in the routine care of the institution. Review of the Literature:
 A third study by Zivan  found that institutional adjustment for boys who had received 10 months of services from an integrated and phased vocational rehabilitation program was no clifferent than it was for the control group who received standard institutional care. Contradictory resufts are obvious in studies which looked at the impact of prison training on subsequent occupational adjustment. Sullivan and Irlandell (L967) report that inmates who participated in a pro- gram which combined acadernic education with special training in the use of IBM equipment had better post-release employ- ment success than did a group of controls who did not have this training. Contrary to these positive findings, Gearheart et al-.  reported that inmates who had vocational training had less success staying on a job after release from prison than those who did not have the training. Several of these studies discussed above have also been concerned with the impact of education on recidivism rates. Of these, the only clearly positive report in this area came from the Su1livan and ltfandell (L967 ) study. They report that after one year the recidivism rate for the experimentals was 48.0å as compared with 66.08 for controls. One other program which also was found to have a positive impact on recidivism was the New Start project in Denver, Colarado . After one year a smal-Ier proportion of the experimental boys, who under went a ""non-institutional multiple-impact educational progiram"", including vocational training, role-playing, Lorton, Virginia. The program included job-oriented basic remedial education in addition to vocational-training. Upon release, job placement' counselling and follow-up services were provided to the graduates. I{hile Leiberg does not pre- sent any data on the length of time the inmates included in the follow-up have spent in the community. 74.02 of the released trainees v/ere considered to have been ""successes"" in that they had not been re-institutional-ized. Unfortunately, this study suffers fron the lack of a control-or comparison group. Although this limits the inferences one can draw from this study, one important implication which is suggested in the results is that extensive post-release support in the first months irnmediately following release may enhance an inmates attempts to adjust successfully."
"The Thirteenth Amendment, Prison Labor Wages, and Interrupting the Intergenerational Cycle of Subjugation","https://scispace.com/paper/the-thirteenth-amendment-prison-labor-wages-and-interrupting-55gilm01c2","2019","Journal Article","Seattle University Law Review","Josh Halladay","","https://scispace.com/pdf/the-thirteenth-amendment-prison-labor-wages-and-interrupting-55gilm01c2.pdf","INTRODUCTION On September 9, 2016, more than 24,000 prison inmates and even some corrections officers across twelve states began a weeks-long protest.2 This protest took the form of the largest prison strike in U.S. history and was commenced to organize “against slavery in America”; the protest brought attention to prison labor conditions, with prisoners hoping to find protection from the exploitation of the Thirteenth Amendment to the United States Constitution.3 The strength of the strike prompted prison officials to withhold newspapers, shut down prisoners’ access to social media accounts, and place prisoners on lockdown in an attempt to disrupt the organizing efforts and end the strike.4 The Thirteenth Amendment states, “Neither slavery nor involuntary servitude, except as a punishment for crime whereof the party shall have","will learn or maintain a compensable skill. Therefore, the argument goes, that labor is a form of vocational education that suffices to compensate prisoners. It rehabilitates inmates by teaching them job skills. However, the results do not support this theory. C. Rehabilitation: Vocational Learning Does Little to Reduce Recidivism and Thus Does Not Justify Requiring Work Without Compensation or Meager Compensation:
 Studies comparing recidivism rates have concluded that prisoners benefit from prison labor. A Rand Corporation meta-analysis study showed that inmates who participated in vocational training programs were 28% more likely to find employment after release than those who did not.  A meta-analysis study by New York University School of Law concluded that good vocational programs can reduce recidivism by 20%, raise earnings post-release, and diminish future criminality.   California and Washington studies reached similar conclusions.  However, these statistics are misleading at least to some degree. The meta-analysis studies mentioned above include a ""strong caveat"": they are overwhelmingly methodologically weak.  Most of the studies examined did not employ experimental designs or control for selection bias of those inmates studied.  Further, produce contradictory results.  For example, when the State of Washington published two studies on the effect on recidivism of inmate participation in the State's more sought out Correctional Industry work program, the studies, published a month apart, contained contradictory findings.  Further, prison labor often does not lead to prisoners learning the transferrable, employable skills necessary to support themselves. While corrections departments across the country have partnered with private industries, the majority of prison work consists of low-skill jobs within the prisons.  Most prisoners, about 700,000 of the 870,000 working inmates, 145 work as janitors, groundskeepers, and kitchen workers.  The skills learned in these jobs do little more than prepare former inmates for minimum wage jobs, leaving prisoners and their families with little hopes of ever escaping poverty."
"First Step Act: Best Practices for Academic and Vocational Education for Offenders.","https://scispace.com/paper/first-step-act-best-practices-for-academic-and-vocational-1iwd8fb38d","2019","Journal Article","Federal Sentencing Reporter","David B. Muhlhausen
Hugh J. Hurwitz","10.1525/FSR.2019.32.1.56","https://scispace.com/pdf/first-step-act-best-practices-for-academic-and-vocational-1iwd8fb38d.pdf","","Title: First Step Act: Best Practices for Academic and Vocational Education for Offenders Authors: David B Muhlhausen,Hugh J Hurwitz,Nij Ojp Gov,Ojp Gov Introduction:
 The American criminal justice system currently holds almost 2.3 million people in 1,719 state prisons, 122 federal prisons, 1,772 juvenile correctional facilities, 3,163 local jails, and 80 Indian Country jails as well as in military prisons, immigration detention facilities, residential reentry facilities, civil commitment centers, state psychiatric hospitals, and prisons in the U.S. territories.  At year-end 2016, more than 4.5 million adults were under probation and parole.  Most individuals in custody, close to 95 percent, will be released and some will reenter the criminal justice system.  A nine-year longitudinal study of 401,288 adult state prisoners released in 2005 conducted by the Bureau of Justice Statistics found high rates of recidivism nationwide over time. Sixty-eight percent of formerly incarcerated state prisoners were rearrested for a felony or serious misdemeanor within three years after release, 79 percent within six years, and 83 percent within nine years.  This analysis highlights the critical nature of offender reentry and the pressing need to prepare offenders for release. As offenders reenter society, American communities will need to be able to provide the resources and support necessary to help steer these individuals away from returning to a life of crime. Introduction:
 A key component of reentry is providing useful skills for individuals to drawn upon. As specified in the Second Chance Reauthorization Act of 2018, academic and vocational education are important features of potential reentry success. Prisons (including state departments of corrections and BOP), jails, and juvenile facilities devote extensive resources to educating and training incarcerated individuals. Vocational training can engage offenders in constructive activities, fostering their employability upon release and their ability to successfully reintegrate into society. Introduction:
 The following discussion provides a high-level overview of best practices relating to academic and vocational education for offenders in prisons, jails, and juvenile facilities. Most empirical assessments of offender reentry are conducted to determine whether academic and vocational services reduce recidivism and improve post-release outcomes such as employment and housing. For those areas where best practices have not been identified in the empirical literature, guiding principles for the provision of academic and vocational education will be provided. Evidence-Based Policymaking:
 If academic and vocational education programs for offenders in prisons, jails, and juvenile facilities are going to be of value in mitigating high recidivism rates, then the identification of best practices needs to be based on rigorous scientific evidence. A critical review of the scientific literature is a necessary step. The criminal justice policy arena is filled with assertions about what is or is not effective in reducing crime. Many of these assertions 1) confuse correlation with causation, 2) rely on anecdotes, or 3) rely on studies that lack scientific rigor."
"Prison Education Program Participation and Recidivism","https://scispace.com/paper/prison-education-program-participation-and-recidivism-3dh39ax2le","2007","","","Zarona Ismailova","","https://scispace.com/pdf/prison-education-program-participation-and-recidivism-3dh39ax2le.pdf","iv","do not seem to achieve adequate conceptualization -perhaps there are too many variables. And statements of individual rehabilitation go only with the single instance in a single life. We have no way of knowing whether education of any kind is the motive force for rehabilitation . III. Literature Review:
 Aims of education are the same for all men everywhere. These are general principles that can be provided. Prisoners serve hard time, as they are meant to, but typically learn little of value during their time behind bars. They adapt to prison in immature and often destructive ways. As a result, they leave prison no better, and sometimes considerably worse, than when they went in . One of the most penetrating comments on this point is that of a prisoner. Reformation, like education, is an intrinsic thing. It must come from within the one who is to be affected. It can get its inception, however, from the contacts made and the situations arising from a definite program of training for work, studies, and the proper use of leisure time. III. Literature Review:
 The process of education must be creative, that is, character building. Every institution program should place emphasis on education and use it as a basis for preparing men and women prisoners to meet properly the problems that will confront them in the days after they have left the institution. A desire to become stalwart, self-reliant men and women must be created . III. Literature Review:
 The primary objective of exposure of inmates to education and training is to help equip them for good citizenship upon release. The prevailing objectives should encompass programs designed to meet the needs, interests and abilities of each inmate to the end that he will return to society capable of and willing to become a contributing member in a socially acceptable manner . However, educational programs are not offered in all correctional institutions and even if they are, not all of them are offered in short, attainable manner and are meaningful to the learner. III. Literature Review:
 There are different ways to offer correctional education. Although this study is not designed to look into a particular form of correctional education, I believe it is useful to mention how other researchers measured the effectiveness of different educational programs and their impact on recidivism.  conducted a comprehensive assessment of the research literature on correctional education. They divided the studies into three subject areas: academic education (further divided into adult basic/secondary education and college education), vocational education and social education. For example,  measured educational program exposure by completion of the General Equivalency Diploma (GED), or higher. Nine of the fourteen studies found educational program participation to be related to recidivism. Of the seven studies that received the highest methodology score, three found no relationship between educational programming and recidivism, and four showed inverse correlations; the more education, the lower the recidivism .  monitored 1,736 adult basic education (ABE) participants released from Canadian prisons in 1988. Among those who completed the ABE program, 30.1 percent were readmitted to prison during the follow-up period. III. Literature Review:
 Recidivism was 35.5 percent among those who were released from prison before the ABE program could be completed, and 41.6 percent among those who withdrew from the AB program. Porporino and Robertson also reported that the effects of ABE program participation were especially effective among higher-risk offenders (1992)."
"Prisoner education and training, and other characteristics: Western Australia, July 2005 to June 2010","https://scispace.com/paper/prisoner-education-and-training-and-other-characteristics-3lhvmqj1yx","2013","","","Margaret Giles
Jacqui Whale","","https://scispace.com/pdf/prisoner-education-and-training-and-other-characteristics-3lhvmqj1yx.pdf","","income) related to a cohort of ex-prisoners, together with the prisoner/ex-prisoner demographic and offence information. These authors were therefore able to report on the links between in-prison study, and both recidivism and post-release employment. Education and employment, crime and recidivism:
 Most studies on the impact of correctional education on recidivism and post-release labour market success or community connectedness, disaggregated in-prison study into broad categories related to level of education. For example,  used three categories of studybelow high school; high school or General Equivalency Diploma (GED); and college education. No specific courses were mentioned by the authors, although they did discuss whether or not studying in prison represented up-skilling. Education and employment, crime and recidivism:
 These studies generally linked the attainment of skills through in-prison study directly to employability and hence, reduced recidivism.  also argued that there is an indirect link between in-prison study and reduced opportunities for infractions (misbehaviour inside prison), which can jeopardise parole or early release and may also jeopardise opportunities for employment. Education and employment, crime and recidivism:
 Various types of recidivism measures are described in the literature. In its most uncomplicated form, the term refers to the repetition of offending behaviour; including offending, being charged, sentenced and incarcerated. For example, studies that used longitudinal incarceration data may refer to prisoners who reappear in the prison system more than once as ""recidivists"" and those who do not as ""successfully re-integrated into the community"". Some studies suggest a revolving door of offenders leaving and re-entering the prison system as typical of recidivists. Others propose a longer timeframe in which to judge whether or not the offending behaviour has stopped. For example, Petersilia  suggested that reduced recidivism is only achieved after a minimum of seven years of no offending. Education and employment, crime and recidivism:
 Most studies however use much shorter timeframes, such as twelve months, eighteen months or three years. Education and employment, crime and recidivism:
 Broader definitions of reduced recidivism include reduced severity of offences by repeat offenders and increased time in the community (so-called ""survival time"" between offences) . This de-escalation of offending behaviour could also be considered a positive outcome of rehabilitation, including correctional education and anti-crime programs. Human capital theory:
 Several Australian and overseas studies have shown that prison populations are characterised by relatively low levels of educational attainment and work experience (see, for example, . Hence correctional educators argue that there is a need to fill the education deficit during incarceration. For example, a study of the needs of female ex-prisoners found that job training programs in prison can mediate the effects of negative life histories ."
"Empowering the Marginalized: The Challenges and Opportunities of Teaching Communication in a Womenâ€™s Detention Facility","https://scispace.com/paper/empowering-the-marginalized-the-challenges-and-opportunities-2oqs3ckxm2","2017","","","Rachel Clancy
Breanne Acio
Denisha Biggers
Courtney Hook
Chelsea Chapman
Luke Winslow","","https://scispace.com/pdf/empowering-the-marginalized-the-challenges-and-opportunities-2oqs3ckxm2.pdf","Social justice can often be measured by how a society treats its incarcerated citizens. In a promising development, public opinion has evolved recently away from a punitive attitude toward criminal justice to one of rehabilitation and recovery. In turn, communication scholars are uniquely equipped to contribute to the process of reconstructing just discourses related to inmate rehabilitation. This pedological exploration takes a narrative approach to how instructors communicatively construct their experiences behind bars. Through the perspective of six volunteer instructors, we offer a unique glimpse into the complexities that can arise from teaching in incarceration settings. Our collective narratives revealed three primary themes: pedagogical paradox, connection seeking, and forward focus. Â","total institution, in which routines and rules are determined by one primary institution under the same authority to control a group of people. Basic human privileges are eliminated, as large groups of incarcerated people eat, sleep, and sit in a cell alongside one another. Scholarly connections:
 Recently, criminal justice officials have begun to rethink incarceration strategies after realizing the discrepancy between expectations and practices. Public opinion has recently shifted from M T understanding incarceration facilities as strictly punitive to emphasizing more rehabilitative techniques for inmate reentry. The extant literature, for instance, makes clear that inmates who are offered educational opportunities behind bars are better prepared for reentry and are less likely to reoffend . Many Americans no longer expect criminals to become magically reformed while serving their sentence without offering assistance in stimulating this change . This shift from punitive strategies to a rehabilitative approach is on display as inmates are offered classes and workshops that aim to encourage introspection and improved behavior so they can one day re-enter society as law-abiding citizens. By allowing (but not requiring) inmates to attend programs like these, the inmates assume personal responsibility for self-improvement. Educational courses function as one vivid example of this pursuit. However, education programs have faced legislative challenges in the past. For example, the Violent Crime Control and Law Enforcement Act of 1994 prevented incarcerated individuals from accessing federal Pell Grants, causing many college-in-prison programs to shut down due to lack of funding . This legislation was passed in an effort to reduce costs, even though prisoners at that time were only accessing 0.006 percent of Pell Grant federal funds . Scholarly connections:
 In recent years, there has been a resurgence of higher education opportunities within prisons and jails. In 2015, the Obama administration launched a pilot program that allowed incarcerated students to access Pell Grants for postsecondary education and training programs (U.S. Department of . In California, the Public Safety and Rehabilitation Act of 2016 (Proposition 57) allowed nonviolent inmates the opportunity to reduce their sentences through rehabilitation programs, good behavior, and educational achievements (West's Ann.Cal.Const. Art. 1, § 32). Scholarly connections:
 The reintegration of educational opportunities for incarcerated Americans is supported by a simple but compelling fact: education reduces recidivism. , in a meta analysis of correctional education programs, found that inmates who participate in education classes experienced a 43 percent decline in recidivism and were 13 percent more likely to enter the workforce upon release. While there is evidence that prison education programs of all types improve rehabilitation and reintegration, academically oriented programs seem to be more useful in preventing recidivism than life skills and vocationally-focused courses . Recent research in the UK and Australia, more specifically, found that educational programs that emphasize pro-social thinking and skills for emotional expression without violence reduced violent outbreaks within the prison as well as post-release . Scholarly connections:
 The next logical step would then be to consider how the best pedagogical practices can be It is no secret that the United States' criminal justice system has a reputation of being rooted in corruption, mistreatment, and recidivism employed to facilitate these obvious benefits. Given its longevity and empirical validity, pedagogical immediacy is a smart place to begin such an inquiry."
"Debt as a Criminal Risk Factor in Denmark","https://scispace.com/paper/debt-as-a-criminal-risk-factor-in-denmark-20w0hxg2re","2016","","","Annette Olesen","","https://scispace.com/pdf/debt-as-a-criminal-risk-factor-in-denmark-20w0hxg2re.pdf","Existing studies of crime preventive factors have illustrated that ex-prisoners who began a course of education, obtained employment and/or had permanent housing were less likely to relapse into crime. However, this study shows that the aforementioned crime preventing factors became less effective due to the ex-prisoners’ debt. Those convicted in Denmark are personally liable for their own legal costs. Thus, we must regard most ex-prisoners as being highly indebted to the state. The debt of ex-prisoners was generally understood as being the cause of financial problems, but legal regulation and informal punishment, as unintended consequences of indebtedness, were still poorly explored. This research indicates that legal regulation and informal punishment based on indebtedness may serve as an argument for considering debt as a criminal risk factor which has made the preventive factors less effective and has driven ex-prisoners farther from legitimate socio-economic advantaged affiliations and invited criminal behaviour. Estudios existentes sobre factores de prevencion de delitos pusieron de manifiesto que era menos probable que los ex presos que iniciaron un curso de educacion, consiguieron un empleo y/o tenian una vivienda permanente, recayeran en la delincuencia. Sin embargo, este estudio demuestra que los factores de prevencion de delitos anteriormente mencionados resultan menos efectivos debido a la deuda de los ex prisioneros. En Dinamarca, los condenados deben hacerse cargo de sus propios costes legales. Por lo tanto, debemos considerar que la mayoria de los ex presos han contraido una alta deuda con el Estado. Generalmente, se entendia que la deuda de los ex prisioneros era causa de problemas financieros, pero habia pocos estudios sobre la regulacion legal y el castigo informal, como consecuencias no intencionadas del endeudamiento. Esta investigacion indica que la regulacion legal y el castigo informal basado en el endeudamiento pueden servir como argumento para considerar la deuda como un factor de riesgo penal, que ha hecho que los factores preventivos sean menos efectivos y ha alejado a los ex convictos de una situacion socioeconomica ventajosa, invitando a un comportamiento delictivo. DOWNLOAD THIS PAPER FROM SSRN : http://ssrn.com/abstract=2783815","include those of , and who illustrated that schooling in 4 Enhancing ex-prisoners"" job marketability, connecting them to educational/vocational training programmes, and housing programmes are on the priority list of numerous rehabilitation programmes (e.g. . Education and recidivism:
 Oñati , 676-706 ISSN: 2079-5971 681 general reduced criminal involvement. Several other studies have indicated that extended time in school had a crime preventive effect.  examined the effects of a law that changed the compulsory school leaving age in England and Wales. The result of their study showed that the affiliation to and extended time in school had a negative correlation to property crime. Similar results were found by  and  who also illustrated that extension of schooling reduced antisocial behaviour. Education and recidivism:
 A consistent finding was that unschooled and untrained prisoners were more likely to relapse into crime (e.g. . A meta-analysis showed that general education and vocational training during incarceration supported the ex-prisoners in their re-entry period and helped them stay out of prison . Davis showed that the odds of reoffending were 43% lower for the prisoners who participated in correctional education programmes compared to non-participants. The same positive effect was decisive when academic or vocational education during incarceration was related with employment after release. The employment rate rose by 13% among participants compared to non-participants, and vocationally trained prisoners increased their likelihood of employment after release by 28% more than non-vocationally trained prisoners. Education and recidivism:
 The meta-analysis complemented most of the findings from the correctional education studies by , . Education and recidivism:
 Another survey, based on a 5-year longitudinal study of 6,561 prisoners released from the Indiana (US) Department of Correction custody during 2005, showed that the education level of the released prisoners -and its impact on employment and recidivism -was critical for a successful re-entry. In conclusion,  identified education as the most important indicator of recidivism. Education and recidivism:
 Taken together, these results suggested that education and vocational training of the relatively less-educated prison population reduced the risk of recidivism. To put it briefly, as the level of education rose, the likelihood of employment and legal achievement of goals increased, while the risk of relapsing into crime was reduced. Employment and recidivism:
 In relation to education, the criminological literature has also considered employment as one of the best prognostic factors of post-release success and one of the key institutions of social control in the transition to a stable and conforming adulthood with routine activities, an official income and frequent contact with conventional peers ). Consequently, several scholars have examined the relationship between official employment and recidivism. , for instance, explored 740 male ex-prisoners"" experiences in the labour market after being released from prisons in Illinois, Ohio, and Texas (US)."
"The Effectiveness of Prison Education in Reducing Criminal Recidivism: A Systematic Review","https://scispace.com/paper/the-effectiveness-of-prison-education-in-reducing-criminal-3o7wo4upxt","2024","Preprint","Qeios","Sigifredo Castell-Britton","10.32388/ccwb9y","https://scispace.compdf/the-effectiveness-of-prison-education-in-reducing-criminal-3o7wo4upxt.pdf","Criminology defines recidivism as the relapse into criminal behavior of individuals with a criminal record. Prisoners are a vulnerable sector of the population which makes reintegration programs vital to facilitate their reinsertion into society after liberation. This study conducts a systematic review of the literature on prison education and recidivism in the last 5 years. PICO eligibility criteria were applied, various sources were used, and 10 studies were selected for the review. The studies address recidivism through qualitative, quantitative, and mixed approaches, revealing the complexity of the issue and the need for comprehensive and tailored approaches. Concerns arise about the ineffectiveness of criminal policies and the need for reforms in prison conditions and education. Studies suggest a weak relationship between participation in educational programs and recidivism prevention, emphasizing the importance of a humanistic and more holistic approach to rehabilitation. Factors such as low enrollment in the programs, overcrowding in prisons, lack of access to post-secondary education influence program effectiveness. The importance of preventive policies, removal of obstacles to reentry, social integration programs, and adapting interventions to specific population needs is emphasized. Findings highlight the urgency of addressing structural issues and the importance of a holistic approach to prison system reform. Lack of resources and adequate support often hinders rehabilitation efforts. Implementing comprehensive preventive and corrective measures is essential to improve outcomes and reduce recidivism. ","conclusion, the reviewed studies highlight the complexity of recidivism and the multifaceted nature of its drivers. While educational programs undoubtedly play a role in rehabilitation, their effectiveness hinges on a holistic approach that addresses individual needs, contextual factors, and systemic limitations. Synthesis of the results:
 Future research should delve deeper into these nuances, exploring program design optimization, resource allocation strategies, and alternative reintegration frameworks that prioritize human dignity and empower individuals to break the cycle of recidivism. Conclusions:
 Formal and vocational education within prison walls stands as a cornerstone, not just for rehabilitation, but for upholding a fundamental human right. Recognized across the body of literature, its significance in fostering the reintegration of incarcerated individuals is undeniable. Yet, the harsh reality paints a different picture. Conclusions:
 The effectiveness of these educational endeavors often stumbles against the stark limitations of resource scarcity, particularly within low-and middleincome nations. Prison systems, already strained, struggle to provide adequate support for these crucial programs. Conclusions:
 However, a ray of hope emerges when educational interventions are woven into the fabric of comprehensive rehabilitation programs. Embracing a humanist approach, these programs prioritize the holistic development of the individual, nurturing potential beyond mere cognitive gains. Conclusions:
 By addressing the emotional, social, and spiritual needs alongside intellectual growth, they empower individuals to break free from the shackles of their past and build a future brimming with self-worth and purpose. Conclusions:
 This synergistic blend of education and holistic rehabilitation demonstrably amplifies the impact on recidivism rates, offering a tangible pathway towards lasting societal reintegration. Conclusions:
 Beyond the walls of the prison, the responsibility for tackling recidivism rests upon the shoulders of the state. Proactive and well-resourced actions in both the educational and labor reintegration spheres are crucial. Conclusions:
 Prioritizing investments in quality education programs within the prison system, coupled with robust post-release vocational training and job placement initiatives, equips individuals with the tools to navigate the often-treacherous waters of reintegration. Conclusions:
 Furthermore, a paradigm shift in criminal policy is long overdue. Moving away from solely punitive measures towards a framework that emphasizes prevention and restorative justice holds immense promise. Conclusions:
 By addressing the root causes of crime, such as poverty, inequality, and lack of opportunity, we can break the cycle of incarceration and foster a more just and equitable society. Conclusions:
 In conclusion, while the challenges are undeniable, the path towards mitigating recidivism is illuminated by a multifaceted approach. Conclusions:
 Investing in education and holistic rehabilitation programs within prisons, coupled with proactive state interventions in education, labor reintegration, and preventive criminal policies, offers a beacon of hope for a future where incarceration does not equate to a life sentence of recidivism, but rather serves as a springboard for transformation and meaningful reintegration into society. Contextualization of the Results:
 translates to the English phrase Evaluation of Potential Biases. Applicability to Criminal Policy:
 Positive impact of improving access to educational services on Appendix 1. Evaluation of the methodological quality of the selected studies"
"Analysis of the causes and effects of recidivism in the Nigerian prison system","https://scispace.com/paper/analysis-of-the-causes-and-effects-of-recidivism-in-the-2z2q5qqjpw","2015","Journal Article","International Journal of Development and Management Review","Otu","10.4314/IJDMR.V10I1","https://scispace.com/pdf/analysis-of-the-causes-and-effects-of-recidivism-in-the-2z2q5qqjpw.pdf","The Nigerian prison system is witnessing an enormous increase in people relapsing into crime and criminality, recidivists. This development has challenged the practicality and feasibility of rehabilitation programmes in Nigerian prisons. Thus, the paper sets out to achieve the following three (3) objectives: causes, consequences, and prevention and control of recidivism in the Nigerian prison system. Although the paper is basically a literature review, it supported and contributed to the body of existing knowledge on recidivism in Nigeria. From the review, it is established that criminal recidivism is caused by many factors: discrimination and stigmatization, lack of aftercare services or reintegration support programmes, familial, structural, substance abuse, peer influence, etc. Also, recidivism has negative effects on inmates, prison institution and the general public, especially the taxpayers, whose tax is used to run the Nigerian criminal justice system. The paper revealed that qualitative treatment of prisoners and provision of educational and vocational programmes are leading recidivism-control strategies. The paper made the following recommendations: establishment of the state-of-the-art correctional facilities (vocational, educational and religious programmes) for inmates to access; the Federal Government of Nigeria should extend the National Open University of Nigeria (NOUN) programme which is established in the Kirikiri, Port Harcourt and Enugu prisons to at least, one prison in each State in the Federation; and a responsive aftercare, rehabilitation and follow-up of inmates by either prison authorities or any other agencies that may be appointed by the government in this regard. Keywords : Analysis, Nigeria, Prison, Recidivism, System.","is that high enrollment into these programmes would improve the employability of participants upon release. discovered in their study that legitimate employment may reduce the economic incentive to commit crimes, and also may connect ex-detainees to more positive social networks and daily routines. Prevention and Control of Recidivism in the Nigerian Prison System:
 The effect of education on inmates' rehabilitation is, to a large extent, a catalyst for reducing recidivism both in the short and long-runs. Qualitative educational programmes are among the leading recidivism-control strategies prison management ought to implement to the fullest in the onerous task of curbing this egregious social problem. The use of academic and vocational training by prison reformers is a leeway to reform inmates and therefore guard released inmates against relapsing into antisocial and morally reprehensible conducts by equipping and empowering them with necessary resources. Generally, comprehensive programmes that provide job training, a wide range of services and social supports, job retention incentives, and access to employers have far-reaching and positive effects in curbing recidivism. Prevention and Control of Recidivism in the Nigerian Prison System:
 Unfortunately, none of the above or similar programmes are put in place in the Nigerian prisons to assist released inmates for easy reintegration in the mainstream society, and to prevent and control reoffending in the country. Apparently, there is no single programme that can reduce recidivism significantly owing to a myriad of factors affecting this ugly trend. This is because released prisoners encounter a range of common problems that contribute to their relapsing into criminal activities shortly after lease. The general nature and conditions of the Nigerian prison system call for a total overhauling: adaptation and reintegration upon release are often confronted with a number of problems and challenges, which include finding a place to live and a job, reuniting with family members, and rebuilding one's life. Accordingly, efforts to reduce recidivism require special attention to these needs and prevailing circumstances faced by ex-offenders. There is the urgent and dire need to adopt prison best practices as recommended by UNSMR and sensitization of the public not to stigmatize or discriminate against people who had served their time. No wonder  stated that success in reducing recidivism can translate into improvements in public safety and reintegration of former prisoners into the labour force, families, communities, schools, and religious organizations."
"Vocational Special Needs Learners: Five Years of Research and Development.","https://scispace.com/paper/vocational-special-needs-learners-five-years-of-research-and-55tbgpo9gi","1988","","","Janet Kiplinger Ciccone
Joan E. Friedenberg","","https://scispace.com/pdf/vocational-special-needs-learners-five-years-of-research-and-55tbgpo9gi.pdf","","also have higher levels of unemployment, higher dropout rates, and lower education achievement levels. Poor record keeping about inmates' participation and progress in courses and support services, along with limitations based on human subjects research and privacy laws, acts as an additional barrier. Overview of Inmates:
 Fortunately, not all researchers have been discouraged from collecting data and conducting studies that provide useful information and breakthroughs in thinking about inmates and corrections programs . For example, a number of studies have documented positive correlations between inmates', participation in vocational education and subsequent employment upon release. Although this type of research may appear futile because of the previously listed associated problems, the public continues to demand proof that education and vocational education can and do make a difference in 70 providing options for inmates upon their release. For this reason, if not because of 'nerous other benefits cited ly former inmates, correctiu4., ators, and criminal justice officials, it is important to continue to seek ""proof"" that education and vocational education provide benefits to society that outweign the perceived and real costs. Therefore, it seems appropriate to continue to study the relationships among education, employment, and recidivism based on the assumption that education leads to employment and employment can lead to successful reintegration into society . Purposes of Corrections Education Proarams:
 Education, both academic and vocational, is a very small part of the total corrections rationale and budget (about 1%). The most important purposes of the corrections system are custody and security. Keeping inmates imprisoned and away from society, keeping them from harming their custodians, each other, and themselves, and keeping them supplied with basic needs are other critical functions. Depending upon the pervasive philosophy in the state at any given time, corrections can also be considered an opportunity to change inmates through punishing them and/or providing them with a variety of rehabilitative programs and services. Purposes of Corrections Education Proarams:
 Corrections theories and philosophies have ranged from ""throw al4klir the key"" (isolation/punishment) to ""save these victims of society"" (rehabilitation). Purposes of Corrections Education Proarams:
 In the 1960s and early 1970s, the rehabilitation rationale for educational programs was based on studies that linked illiteracy and disadvantagement to delinquent and criminal behavior. The pendulum started swinging in the other direction when researchers such as   More recent studies, and re-analysis of former studies, helped swing the pendulum to its current middle-of-the-road position. Purposes of Corrections Education Proarams:
 There are many proponents who espouse education as one of several options that should be provided for inmates if they are to have any chance to change. Although statistics vary widely, various studies show that up to 70% of inmates will return to prison within the first year after release . A 1984 study by Wallerstedt cited the national average recidivism rate as 35%. Recidivism rates vary greatly, however, from state to state and for prison to prison within states. Philosophically, it seems reasonabl,a to provide corrections programs, including much-needed education to inmates who have a critical need for both basic education and for job-related skills."
"The Influence of Vocational Rehabilitation for Societal Re- Integration of Inmates in Nigerian Prisons in Rivers State","https://scispace.com/paper/the-influence-of-vocational-rehabilitation-for-societal-re-2q23wpetcm","2019","Journal Article","","MtormaBari TamBari Deebom
Ledornu Promise Kooli
Ibiso Deebom","10.9734/AJESS/2019/V3I330103","https://scispace.com/pdf/the-influence-of-vocational-rehabilitation-for-societal-re-2q23wpetcm.pdf","The study examines how vocational trades’ acquisition rehabilitates inmates for reintegration in to the society.  Inmates that are expose to vocational training during the period of incarceration easily gets rehabilitated and can reintegrate in to the society upon discharge as a result of possession of skills that can make him/her useful. The study adopted the descriptive research survey design. The population of the study consists of 4723 inmates and 509 prison officers. A sample of 593 respondents (369 convicted inmates and 224 officers) were selected which is a representative of the population. Inmates were purposively selected while simple random sampling technique was adopted for the selection of the officers from four Nigerian prisons in Rivers State. Three research questions were answered with two null hypotheses that were tested at 0.05 significant levels. Instrument for data collection was a self-constructed questionnaire titled “Vocational Rehabilitation of Inmates for Societal Reintegration Questionnaire” (VRISRQ) which was validated by two experts. The instrument was designed using a checklist and Likert-5 point rating scale of agreement. The instrument was subjected to reliability test through Kuder-Richardson formula 20 (KR20) and Pearson Product Moment Correlation (PPMC). Reliability coefficients of 0.87, 0.82 and 0.86 were obtained for different sections of the instrument respectively. Frequency and percentage was used to answered research question 1 while research questions 2 and 3 were answered using mean with standard deviation. Hypotheses were tested at 0.05 level of significant using independent sample t-test. The findings of the study revealed that vocational trades that are available in Nigerian prisons in Rivers State can rehabilitate inmates if they are acquired. The study also found that acquisitions of vocational trades by inmates are marred with challenges such as poor training facilities, poor funding. Based on the findings of the study, it was recommended among others that prison authorities should expose the inmates to vocational trades that are available in the prison for acquisition to enhance their rehabilitation and reintegration and that Government, Non-Governmental Organizations (NGOs) should assist in provision of training facilities in the prison as this will make acquisition of vocational trades realizable.","isolation for correction, reformation, rehabilitation and to instill discipline through vocational education training programme to lead a better life upon discharge. In other words, the purpose of imprisonment is to train convicted prisoners to be better citizens on discharge through appropriate conditions. INTRODUCTION:
 The aim of establishing prison institutions all over the world according to Hadi and Wan  is to provide a rehabilitation and correctional facility for the convict there by providing an effective environment that reduces the risk of recidivism (reoffending). Recidivism has been found common among inmates in Nigerian prisons in Rivers State as the offenders are not expose to vocational skills training that can enhance their rehabilitation and re-integration into the society upon discharge. The introduction of vocational education and training as part of the prisoner rehabilitation offers opportunities for offenders to increase the likely hood of successful reintegration in to the community and reducing the risk of reoffending. Providing offenders with Vocational education and training will provide significant benefit in addressing issues that caused offences as well as reduces their recidivism rate. Vocational Education training refers to various activities, skills and training programmes organized by Nigerian Prisons Service (NPS) authorities for prison inmates that will help them to be useful and meaningful to themselves and the general society at large upon discharge . These vocational skills such as carpentry training, soap making, computer appreciation training, hair making, tailoring, bead-making, driving, bricklaying and mason, tiling, fish farming, welding, electrical installation, electronic repairs if acquired by inmates will enhance rehabilitation and re-integration in to the society. According to WHO , rehabilitation may be generally understood as the strategic use of medical, social, educational and vocational measures for training or re-training of rehabilitees (inmates) through certain components. These components include; psychological counseling, religious counseling, formal education and vocational training. According to Tinka , reintegration may be defined as the safe transition to the community of a crime offender who has being rehabilitated to live a law-abiding life and to be productive to his/her society based on the skill acquired during the process of rehabilitation. In this study, rehabilitation is the act of restoring inmates to the society through necessary vocational skill training and education while reintegration is the process of vocational reformation of an inmate to be fit and accepted by the society."
"Post-Correctional Education Interventions: A Phenomenological Case Study of Empowerment Education Curriculum for Formerly Incarcerated African American Males","https://scispace.com/paper/post-correctional-education-interventions-a-phenomenological-bx056fj9s3","2011","","","Rolanda Jean West","","https://scispace.com/pdf/post-correctional-education-interventions-a-phenomenological-bx056fj9s3.pdf","","history, careful studies of the effects of these efforts were slow in coming. There have now been a considerable number of studies and evidence of success is accumulating . Background: A shift away from rehabilitation and punishment to education began in the 1970s. Background:
 In 1975, Linton, Martinson, and Wilks published an influential and widely known assessment of efforts at rehabilitation. Their work called into question the efficacy of most attempts at rehabilitation, after a stretch of renewed optimism and activism beginning in the 1960s. In the United States, the focus is of prison education is on a decrease in recidivism and typically offers three educational options for inmates. The  research defines the main prison education models which will be discussed below: Background:
  Vocational Education:  Basic Secondary Education:  College Education::
 In Prison Programs -Vocational Vocational education programs are designed to prepare prison inmates for work after their release from prison. In 2000, some 56% of state prisons and 94% of federal prisons offered vocational training . Examples of the types of vocational education programs sometimes offered by prisons are auto mechanics, construction trades, equipment repair, HVAC installation and repair, culinary arts, cosmetology, and desktop publishing. The exact programs offered differ among prisons Literacy Behind . Participation in vocational training may be particularly important for inmates who are getting close to their release date and will need to find a job outside of prison. Vocational training programs often include academic instruction in the reading, writing, and mathematics skills required for a particular profession, as well as instruction in general work skills such as how to communicate or work with other people . Prison Programs -Academic:
 Prisons are intended to rehabilitate criminal offenders, as well as to punish and incapacitate them. The education and training systems operating within most prisons are a key component of the rehabilitation mission of prisons . There is a relationship between participation in educational programs and recidivism rates, with inmates who attend education programs less likely to be re-incarcerated after their release ). Prison Programs -Academic:
 There are many reasons why prison inmates may be motivated to participate in education and training programs. Among these may be a realization that they do not have skills that will lead to employment upon their release from prison . As one inmate said, -I've never had a career. I've had jobs, but never had anything that would take me anywhere. It's scary to come out of jail and not realize what you're going to do‖ . Prison Programs -Academic:
 Between 1992 and 2003, GED classes were available in most prisons. However, because of restrictions in Pell Grants that were implemented in 1994, higher educational opportunities were more limited for prison inmates in 2003 than in 1992 . Prison Programs -Academic:
 In 2003, some 43% of prison inmates had a high school diploma or a GED/high school equivalency certificate when they began their current incarceration, so helping inmates complete their high school education is a major aim of many prison academic programs. Prison Programs -Academic:
 Among prison inmates in 2003, some 19% had earned their GED/high school equivalency certificate during their current incarceration, and an additional 5 percent were currently enrolled in academic classes."
"Developing Career Programs in Corrections: Where To Begin?.","https://scispace.com/paper/developing-career-programs-in-corrections-where-to-begin-24wf7lkhwu","1999","","","Stacie H. Vernick","","https://scispace.com/pdf/developing-career-programs-in-corrections-where-to-begin-24wf7lkhwu.pdf","A need for more concerted attention to career development in corrections was shown by interviews with eight psychologists, educators, and administrators who have worked in career development in corrections; site visits at two state prisons, one federal prison, and the Department of Corrections; and a review of literature. A limited amount of research demonstrates that comprehensive programming focusing on career development issues can reduce recidivism rates. Although much of the research is old, the literature demonstrates the need for such programming in prison settings and provides practical programming considerations for persons interested in this area. A variety of counseling theories and interventions for working with the prison population are considered, and current programs targeting career issues are described. (The paper contains 27 references.) (KC) ******************************************************************************** * Reproductions supplied by EDRS are the best that can be made * * from the original document. * ********************************************************************************","Vernick Keywords: DESCRIPTORS Adult Basic Education, *Career Development, Career Planning, *Correctional Education, *Correctional Rehabilitation, Counseling Techniques, Counseling Theories, *Educational Needs, Occupational Information, Outcomes of Education, Program Implementation Developing Career Programs in Corrections: Where to Begin? Over a period of several months, I engaged in a research endeavor to determine the resources and programs that currently exist to aid incarcerated offenders in their career development. In reading literature spanning the topics of career development and corrections, I discovered that there is a great need for additional career related services for this population. While there are a variety of vocational education programs currently in existence, employability skills and career guidance appear to be inadequate. During the course of this research, I conducted informational interviews with eight psychologists, educators, and administrators who have worked in this area. I conducted site visits at two state prisons, one federal prison, and the Department of Corrections in one state, and gained a variety of perspectives on both the current status and future prognosis of career issues in corrections. I incorporated what I learned from the literature and individuals in the field to begin designing a hypothetical proposal for a career development program in corrections. Program Development Considerations:
 In this paper, I share what I have learned from research with others who may be interested in this area. I used a variety of sources in this research, including documents (ERIC, Internetbased literature search engines, etc.), a large number of journal articles, and the network of individuals I developed to ascertain additional sources of relevant literature. The information in this paper is presented in a question-answer format. Topics covered include an explanation of the need for career development programs in corrections, unique characteristics of the prison population/setting that must be taken into consideration, appropriate and effective counseling theories/interventions, a history of career programming and description of current programs, and implications of this research for practitioners. Program Development Considerations:
 Is there evidence of a need for career programs in corrections? Program Development Considerations:
 Yes, and the evidence is abundant. Prison overcrowding and high recidivism rates plague our nation as the revolving door of the criminal justice system continues to turn for a large number of convicted individuals. Researchers have estimated recidivism rates ranging from 60% to 80% . It is helpful to frame this problem in terms of a gap, conceptualized as the discrepancy between the existing state of affairs and a more desired state . While there have been some efforts to decrease recidivism through rehabilitation of inmates, it has become apparent that current efforts are inadequately solving the problem and this gap continues to persist."
"Catching up and staying out of trouble: serious juvenile offenders’ facility school experiences and their transition to the community","https://scispace.com/paper/catching-up-and-staying-out-of-trouble-serious-juvenile-4fiwvokkz8","2016","","","Lena Jäggi","10.25772/3Y60-NJ61","https://scispace.com/pdf/catching-up-and-staying-out-of-trouble-serious-juvenile-4fiwvokkz8.pdf","ix Introduction 1 Delinquency in Adolescence 4 A Portrait of (Serious) Juvenile Offenders 5 Cumulative Disadvantage and Life Course Development of Crime 9 Effects of Arrest and Incarceration on Subsequent Behavior 11 Incarceration of juveniles in adult prisons 12 Collateral Effects of Arrest and Incarceration 13 Reduced educational attainment 14 Psychosocial consequences of incarceration during adolescence 15 Association with deviant peers 18 The Role of Education in Reducing Delinquency of Juvenile Offenders 20 Correctional education programs 22 Work placement and reentry of emerging adults 27 Limitations of Existing Research 29 Developmental perspective of incarceration and reentry 30 Inclusion of individual perspective of education experience 32","self-sufficiency of adulthood, which is a process that requires the coordination of many skills . Those offenders are likely to find themselves in situations where they are expected to become financially independent, live alone, and enter the workforce rather than going back to school. Work placement and reentry of emerging adults.:
 It is well established that among adult offenders, corrections-based educational and vocational programs improve recidivism outcomes. For example, while cautioning that many existing evaluations suffer deficiencies in methodology, a meta-analysis of 33 evaluations concluded that corrections-based educational and vocational programs for adults improve the likelihood of post-release employment and subsequently lower recidivism (D. B. . In contrast, the research on employment interventions among juvenile offenders has not shown such promising results . For example, in one of the few studies examining age differences in employment outcomes for returning offenders,  found that age interacted with employment to affect the rate of self-reported recidivism. Specifically, it seemed that working in marginal employment opportunities was protective against re-offending only for offenders that were older than 27 years, while working had only little effect on crime for the participants in their late teens and early twenties. Similarly, a study with returned teenage offenders from Oregon showed only a marginally significant effect of employment on reduced recidivism . Moreover, the study also found that less than 30% of the sample was employed 12 months after release, and only 23% were currently looking for a job. A recent study using the National Longitudinal Survey of Youth 1997 (NLSY, 1997) to estimate the impact of incarceration during late adolescence and early adulthood on short-and long-term employment outcomes confirmed the lower rates of employment among previously incarcerated youth . These results were particularly compelling, because other than the majority of the field, the study did not compare ex-inmates to a normative sample of individuals who were not at risk for incarceration, but compared first-time convicted respondents who did not receive a sentence of incarceration following their conviction to those who did. Results showed that rather than simply failing to find work after release, ex-inmates were less likely to participate in the labor force. In other words, they were more reluctant to take positive steps to find work rather than being refused employment. These findings are troubling, especially insofar as they show how through facilitating prolonged non-participation in the workforce, juvenile incarceration has the capacity to serve as a catalyst that puts emerging adults at a serious risk of permanent detachment from the world of legal work.  model of cumulative disadvantage and the life-course development of crime has received overwhelming theoretical and growing empirical support . Applying this model offers a sound guideline to understand juvenile offending in context and highlights several areas that remain gravely understudied. Mainly, in such a perspective incarceration has to be framed as a context of development. In other words, incarceration becomes an extreme social environment which as such powerfully interacts with individual development. Similarly, juvenile offenders come from and return to social environments such as school or work, which in turn provide different types of opportunities to connect back to a normative context of development. However, in the majority of existing research incarceration is still treated as a binary variable, and there is a dearth of prospective examinations that take into account how even basic objective measures such as length and timing of incarceration interact with trajectories of desistance (cf. . Fewer studies yet explore how different aspects of the confinement experience impact social development, cognition, behavior, or mental health (cf. , and how that impacts adjustment upon return to the community(cf. . Building upon a developmental turningpoint framework, the present study thus advances the field in several important ways."
"Prison work program (corcan) participation: post-release employment and recidivism","https://scispace.com/paper/prison-work-program-corcan-participation-post-release-30iswyh42i","1998","","","Christa A. Gillis
Larry L. Motiuk
Ray Belcourt","","https://scispace.com/pdf/prison-work-program-corcan-participation-post-release-30iswyh42i.pdf","","upon release). The role of prison industries: The focus on general employability skills, as opposed to very concrete and jobspecific skills, has received increasing attention in the Canadian correctional employment system (see . This focus on generic employability skills encompasses increased Employment programs and post-release recidivism:
 Although early reviews of previous study findings were equivocal in their evaluation of the impact of institutional employment on recidivism (see , many studies did not use methodologically rigorous designs. However, several well-controlled studies have explored the impact of correctional employment on post-release recidivism.  Although the probability of return was somewhat comparable at 12 months following release (8% for successful program participants, 11% for unsuccessful program participants and 12% for the comparison group), the rate of return at 60 months for unsuccessful participants and the comparison group (55% and 52%, respectively) more than doubled that of successful program participants, at 25%. Employment programs and post-release recidivism:
 Therefore, the study provides important implications for monitoring quality of program participation, as well as providing an indication of the potential positive impact of correctional industrial programming on successful reintegration in the community. Additionally, these findings illustrate a possible confound in previous studies that did not differentiate between the performance of successful and unsuccessful program completers. Employment programs and post-release recidivism:
 Therefore, support exists for the efficacy of correctional industries programs in contributing to a reduction in recidivism rates for offenders released to the community. However, several authors have suggested that recidivism should not be the sole criterion measure of program effectiveness  as increased employability, itself, is a potentially important outcome of correctional employment experience . A number of studies have examined the influence of institutional employment on community adjustment. Employment programs and post-release recidivism:
 Employment and other outcomes  reported that successful probationers were more than twice as likely to make use of the skills they had developed through institutional work programs than probationers who were unsuccessful during their release. Employment programs and post-release recidivism:
 Likewise,  reported that participation in an industries program at a Canadian federal penitentiary increased offender employability. Employment programs and post-release recidivism:
 Saylor and Gaes  reported that offenders who participated in industries, vocational or apprenticeship programs, or a combination of the two, were 24% more likely to obtain employment on conditional release than a matched control group. Therefore, these outcomes suggest that employability and community employment status merit further study. Major Aim of Study:
 Given the identified relationship between employment and recidivism in recent, well-controlled studies, an examination of the impact of correctional employment on release performance is warranted. A preliminary investigation of the impact of CORCAN employment on offenders' post-release recidivism was conducted by . In their study, they documented the progress of 277 offenders who had participated in CORCAN a minimum of six months prior to release. They found that post-release performance for former CORCAN participants was related to risk levels, with high risk offenders receiving significantly more re-admissions (any) and convictions for new offences than low risk offenders. The results also indicated that offenders released on full parole received substantially fewer re-admissions than offenders released on day parole or statutory release. Furthermore, offenders released on statutory release received significantly more re-admissions for a new offence than offenders released on day parole or full parole."
"Post Secondary Correctional Education: An Evaluation of Parolee Performance.","https://scispace.com/paper/post-secondary-correctional-education-an-evaluation-of-zxu2fu8rdf","1986","","","Jerry Holloway
Paul Moke","","https://scispace.com/pdf/post-secondary-correctional-education-an-evaluation-of-zxu2fu8rdf.pdf","","Rehabilitation, *Criminals, Dropouts, *Employment Patterns, Higher Education, High School Graduates, *Outcomes of Education, Program Effectiveness, *Recidivism, Young Adults IDENTIFIERS Lebanon Correctional Institution OH Introduction:
 American prison administrators, like their counterparts in Canada and Western Europe, often rely upon academic and vocational programming as a means of rehabilitating offenders. Introduction:
 The customary justification for this practice, as articulated by penologists, educators, and public figures, is that such programs facilitate the successful reintegration of offenaers through the enhancement of favorable self-concepts and marketable employment skills. Introduction:
 This position receives support from the fact that ninety-five percent of all offenders currently behind bars will eventually be returned to society. Introduction:
 Use of public monies for these purposes, however, is not without controversy. Legislators and public critics, concerned about the efficacy of rehabilitation programs, argue there is no evidence that correctional education leads to reductions in recidivism rates among irmate-students. Introduction:
 Indeed, much of the early literature supports this position. Introduction:
 Periaps the most definitive study on point is Martinson's survey of six academic and vocational programs for adult male offenders between 1948 and 1965.  that recidivism was unaffected by academic attainment. Introduction:
 His analysis indicated four possible reasons for this outcome: Introduction:
 first, that educational programs were irrelevant to life outside prison; secondly, that most such programs used obsolete equipment and techniques; thirdly, that such programs could not reverse the adverse impact of incarceration; and finally, that educational attainment was often compl:tely irrelevant to the reasons for an offender's criminal lifestyle. Introduction:
 Other research projects reaching similar conclusions include studies by the California Department of Corrections ResearQ:-, Division , studies of juvenile delinquents , studies of skill development programs (Jacobson, 1965), and studies of academic and vocational programs in jails . Introduction:
 The vast majority of the recidivism studies used in Cne study concluded that recidivism is affected by parole placement (Phannenstiel, 1979), while others noted significant relationships between recidivism and family involvements. . Introduction:
 Most of this research stands for the proposition that recidivism is a crude Studies have documented the relationship between offender unemployment and return to prison (National Institute of ; is it therefore fruitful to explore a chain of argument linking education to employment and employment to successful reintegration? Introduction:
 In order to answer this question, three hundred residents of Lebanon Correctional Institution in Lebanon, Ohic, a medium security prison for adults under thirty, were studied. The intent of the study was to follow up on the offenders one year after their release on parole to determine if participation in college affected their post-release behavior. Ninety-five of these offenders received associate degrees while in prison. During the design of the study, researchers noted that hical considerations played a key role in determining the et methodology that would be used. Introduction:
 The strongest test of the hypothesis would be an experimental design whereby an experimental group would be placed in the associate degree program and a control group would be excluded. Such a design, however, contemplated that members of the control group, who would otherwise be qualified and eligible for admission, wotid be denied access to college."
"The Impact of a Felon's Overall Well-Being on Education, Employment, and Recidivism","https://scispace.com/paper/the-impact-of-a-felon-s-overall-well-being-on-education-3abs1qa6pj","2019","","","Shandrika S McNair-Williams","","https://scispace.com/pdf/the-impact-of-a-felon-s-overall-well-being-on-education-3abs1qa6pj.pdf","","had not . Higher education has been directly linked to a sustainable income via employment, greater support networks, and social mobility . found that adult basic education as well as postsecondary education was related to a positive employment post-release and negatively to future criminal activity. Post-Incarceration Education:
 The British have a long history of partnership between universities and prisons that is currently on the decline while partnerships in the United States are increasing . The programs are offered at community colleges which are situated in many local communities and offer academic and vocational programs not offered at universities. The mission of many community colleges is to serve the greater community by offering open access to locals . Community colleges prove their mission and extend their programs to inmates while in prison. This is an important role in preparing inmates for employment after their release. The ideology that drives the practice of offering college in prison is that a better education increases the likelihood of finding work upon release. Thus, felons lead productive lives and avoid returning to prison . Therefore, an increasing focus has been directed towards correctional educational opportunities ). An online learning program known as ALISON (Advance Learning Interactive System Online) originated in 2007; it was designed for populations that have not had many educational opportunities and has approximately one million users. The program allows users to be more competitive in the workforce by offering free basic study skills, IT skills, and/or customer skills for the jobs that are available to them upon return to society. Internet access and a computer, Smartphone, or tablet are the only requirements for access to the program . Some studies have shown that recidivism is reduced with education , while other studies have shown education has little impact on recidivism . Post-Incarceration Education:
 Limitations such as mental health issues, violent propensities, type of criminal activity, or extreme substance abuse have been found to be characteristics of individuals that will not benefit from educational opportunities offered while incarcerated .  found that an estimated 30% to 50% of inmates have a learning disability. Correctional education is not designed to work with inmates who have learning disabilities, even though the education that is provided to inmates in prison has been well supported and considered an important tool for rehabilitation . Post-Incarceration Education:
 The motivation to participate in correctional education varies as much as the types of programs offered within prisons. A new sense of self, molding a new identity, or even maintaining social identity has been found as motivation by some individuals. Other prisoners shared preparing for a productive life after their release, filling time, escaping from the prison routine and a personal transformation as motivation for participating in correctional education . Participation in educational programs while incarcerated varies. The availability of the education programs in prison has a great impact on participation . Post-Incarceration Education:
 Educational attainment and the eligibility to participate in education programs among inmates have been shown to be effective predictors of recidivism ."
"Outside the Walls: A National Snapshot of Community-Based Prisoner Reentry Programs","https://scispace.com/paper/outside-the-walls-a-national-snapshot-of-community-based-z7rt4es9je","2004","","","Amy L. Solomon","","https://scispace.com/pdf/outside-the-walls-a-national-snapshot-of-community-based-z7rt4es9je.pdf","Outside the Walls provides descriptions of a broad array of prisoner reentry activity across the country, as well as briefing papers that discuss what is known about reentry as it pertains to employment, health, housing, family, faith, and public safety. The Urban Institute produced this report in collaboration with Outreach Extensions as part of the National Media Outreach Campaign, a new effort to encourage discussion and decision-making about solution-based prisoner reentry programs among local community and faith-based organizations. The Urban Institute conducted a national scan of reentry programs that are addressing the needs and risks facing returning prisoners, their families, and communities. The report benefited significantly from the input of national experts who nominated programs that are implementing innovative approaches to easing the reentry process in their local communities.","serves to strengthen links to gangs and the criminal world in general . Several studies looking at the impact of incarceration on future employment have concluded that as time spent in prison increases (net of other background factors), the likelihood of participating in the legal economy decreases. Returning Prisoners Face Many Employment Challenges:
 Upon return to the community, former prisoners face a number of significant barriers to securing employment, particularly employment outside of the low-wage sector. Returning Prisoners Face Many Employment Challenges:
 Employers are more reluctant to hire former prisoners than any other group of disadvantaged workers. Fewer than 40 percent of employers claim that they would definitely or probably hire former offenders into their most recently filled no-college job . Job applicants with a criminal record are substantially less likely to be hired. According to a recent audit, when two similar applicants were sent for the same job opening, one with a criminal record and one without, the likelihood of getting hired was 40 percent lower for the applicant with a criminal record and 60 percent lower if the applicant was an African-American man . Individuals with felony convictions are statutorily barred from many jobs. The list of employment bans has increased over the past decade. At the same time, the number of individuals leaving prison has increased . The availability of criminal records online, and changing public policies regarding access to those records, make it easier for employers to conduct criminal background checks on potential employees . The kinds of jobs for which employers have historically been more willing to hire individuals who were formerly incarcerated-blue collar and manufacturing jobs-are diminishing in the national economy. At the same time, jobs for which former offenders are barred or are less likely to be hired-childcare, elder care, customer contact, and service industry jobs-are expanding . Effectiveness of Education and Training Programs:
 A key factor to finding and maintaining employment is developing certain basic skills such as reading, writing, and arithmetic necessary to succeed in the labor market. According to the Bureau of Justice Statistics, 13 percent of parolees have an education level below eighth grade and 45 percent have an education level between ninth and eleventh grades (Bureau of Justice . Most prison systems offer a range of educational programs, from vocational training to education courses. Yet, little systematic evaluative research has been done on the effectiveness of prison education and job training programs. The available research, however, does indicate that certain carefully designed and administered prison education programs can improve inmate behavior and reduce recidivism . Some studies have shown that inmates who worked in prison industries or had vocational training have better outcomes when they are released . The most effective programs are those aimed at released prisoners in their mid-twenties or older. Specifically, a review of several studies indicates that work programs had a significant impact on the employment outcomes and recidivism rates of males who were over the age of 26 . These individuals may be more motivated than younger offenders to change their lifestyles and connections to crime. Effectiveness of Education and Training Programs:
 Studies also suggest that it is not enough to attempt to improve an individual's human capital. It is also important to address changes in motivation and lifestyle away from criminal activity to positive engagement in the community. This takes time; it is more complicated than teaching marketable skills, and it may mean reestablishing connections with organizations in the community."
"Vocational Preparation in U.S. Correctional Institutions: A 1974 Survey. Final Report.","https://scispace.com/paper/vocational-preparation-in-u-s-correctional-institutions-a-wxpby3x27z","1975","","","Girard W. Levy","","https://scispace.com/pdf/vocational-preparation-in-u-s-correctional-institutions-a-wxpby3x27z.pdf","","enhance the inmate's.chances for ""survival"" in the free community . Further; those who are able to secure meaningful employment following their release from a correctional institution evidence a much lower rate of recidivism than those who do not . INTRODUCTION:
 Effective vocational preparation must be based on the needs and employment opportunities of the inmates. The occupations being learned, and the instructional materials and methods employed, must be geared to the characteristics of/the resident population. S:
 A truly effective program requires much more than a-suitable, curriculum and instructional methods; it requires a full array of supportive services such as aptitude testing, job counseling, and postrelease job placement assistance. Well:Tmaintained community ties with potential employers serving On gAvisory committees can do. much to -insure that a paroled or released'offender will find suitable employment, -Occasionally, an institution limits its own effectiveness' by failing,to establish priorities among its various activities. An earlier study demonstrated that strong commitments to the correctional 'industries program, with b its emphasis upon productivity and profitability may work at cross purposes with rhe education and training program. S:
 Inmates were found to be reluctant to give up remunerative work (even, though the pay was meager) to enroll in vocational courses.. On-theTiob training (OJT) was often found to' be' nonexistent or not relevant for,, outside employment. Prison maintenance programs sacrificed training infavor--of a smoothly fUnctioning institution. S:
 Vocational trainin i '-at least in the two institutions studied, was found to have low .priority . S:
 While a good deal is known About how education ad'training programs should be run, there is a recognized' information gip bet een desirable features of a satisfactory program and current practic p correctional institutions. The present study-was undertaken to provide information on'current vocational,. preparation programs-and activities in correctional institutions, so that discrepancies between desired features and current praceides could be identified, and recommendations. S:
 made for manpower policy and program planning in the torrections area. S:
 The basic objective of the present study was to determine the nature and extent of vocational preparation activities in Federal and state correctional institutions in the United States. Specific information was sought on training goals, programs, practices, staff, and supportive services. S:
 The survey involved correctional institutions for male or female, adult or juvenile felons. Institutions.supeyvised by cities or counties, and institutions exclusively for misdemeanants were not included. S:
 Certain other types of institutions were excluded betause they offered little likelihood of conducting'voCational preparation activities, either because of the.special nature of the population, or the limited length of stay of the.residents. These institutions included facilities housing only 'juveniles under 14ears of age, medical/psychiatric , treatment centers, correctional .hospitals, narcotic/alcOholic treatment centers, reception/diagnostic centers, pre-sentencing detention centers, and military correctional facilities. Subsidiary units such as honor camps which were colocated with the parent facility(and usually administered by the same director or warden) were covered by the survey of the parent facility. Independent camps (farms, ranches,' work camps) and pre-release centers were included."
"Prison Literacy: Implications for Program and Assessment Policy.","https://scispace.com/paper/prison-literacy-implications-for-program-and-assessment-3abwi8qnit","1993","","","Anabel P. Newman","","https://scispace.com/pdf/prison-literacy-implications-for-program-and-assessment-3abwi8qnit.pdf","America, already with far more of its people behind bars than in any other other country and the prison populaton rising steadily, confronts a double problem: the majority of prison inmates are (by almost any definition) also insufficiently literate. A strong correlation exists between ordinary criminal behavior and educational insufficiency, so that the numbers of adjudicated persons who are inadequately literate will tend to be higher than in the rest of the population. Add to the general effects of educational disability the marginalizing factors of ethnicity, class, socioeconomic deprivation, and other handicaps, and one has the formula for America's epidemic case of prison illiteracy. Historically, the situation in prison literacy is a 150-yearold narrative of reforming energies with uneven results, spotty application, and meager support. Even so, the effort to deliver literacy to inmates of America's federal and state prisons, reformatories, and city and county jails has generated a roster of noble names--William Rogers, Jared Curtis, Galord Hubbells, Zebulon Brockway, E. C. Wines, Gideon Haynes, Homer Lane, Thomas Mott Osborne, Fred Nelles, and Austin MacCormick (among others)--leading to today's growing guild of corrections experts, teachers, librarians, researchers, literacy volunteers, and other advocates of greater literacy for inmates for many very good reasons. The present scene is acted out before the backdrop of the social reforms during the Johnson Administration of the mid1960s, the significant turning point for prison education in the second half of the 20th century. Despite even the ripening of legal and social opinion in favor of inmates' greater rights to literacy and education since the Great Society, practice still lags far behind statute. The federal system and a few state systems are best-organized to deliver educational services to inmates, followed by most state systems, and the local jails bring up the rear. Because illiteracy and criminality are umbilically joined, it stands to reason that greater literacy would have a dampening effect on criminality. The result of research, on balance, seems to be that this, in fact, is the case: greater literacy is a way out of criminality, and improving literacy is a way of reducing criminal recidivism among the adjudicated. Despite a widespread perception that ""nothing works,"" careful studies, and the review of studies by American and Canadian researchers, reveal that the ""right kind"" of education in prison can statistically, though not predictably in individual cases, reduce recidivism and increase inmates' chances for staying on the outside and living a more satisfying, profitable life after they have been released. By the ""right kind"" of education, one does not mean education in prison premised on the penal mentality of those far too numerous in the correctional establishment who think that punishment of the law-breaker is the purpose of prison, and that security is the most important feature of a prison. Rather, one means growth in literacies that include moral education, democratic self-rule in the ""just community,"" instruction in the humanities, with a strong appeal to the cognitive, delivered by means of andragogical instruction, in company with training in a variety of skills to enable the inmate to cope with the personal, sexual, familial, chemical, economic, vocational, and social problems of life, thereby to gain a realistic sense of one's individual worth as a human being. Prison education programs in their hundreds exist; various methods have been tried, some of which were successful; researchers have tallied statistics and made reports; and periodic reviews of most aspects of prison education have been registered--enough so that one can begin to draw conclusions that some ways are better than others. One can predict, for example, that vocational education that is about meaningful, satisfying, and marketable labor, when it is accompanied by other kinds of learning as well, will prove beneficial; otherwise, it will not. One can also predict that privatized education--education run by educators rather than be correctionists--will have better effects. And one can predict that the educational program in prisons where the human factor of antagonism among corrections professionals, educators, and inmates has been alleviated, will do better. One can, therefore, set down certain implications for a model literacy program in prisons and jails. An ideal program in prison literacy is, and ought to be, one that educates inmates broadly, is governed for the sake of the learners, that makes prison life more livable for all concerned, that is cost-effective, that improves the quality of life in the prison, that has a new-reader's library, that makes appropriate use of educational technology, and that, therefore, typifies the essential rightness in a civilized society of allowing even criminals to take advantage of the curative and regenerative process of education . The results of study, and the review of studies, of prison education thus allows this increasingly professionalized discipline to engage in meta-critical reflection upon its own methods of self-analysis, to recognize the limits of previous research, to criticize the several means of assessment and evaluation now being employed, to undertake new and better approaches to assessment, and to erect for itself improved standards of assessment and evaluation. A final section on assessment in this study on assessment leads to a detailed checklist of questions, the most detailed protocol yet devised as a means to analysis of programmatic prison education. The ""Checklist of Questions"" at the end is for policymakers and researchers as well as for literacy providers, for it is an applied and pragmatic summary of most of the critical implications raised in this report. =================================================================","outside the prison, and they are incapable of overcoming the prisonization effects of the institution itself; prison industries and vocational education programs teach skills that are obsolete on the outside; and rehabilitative efforts do not counteract the criminal's bent to criminality . RECIDIVISM, EDUCATION, AND THE ADULT OFFENDER:
 Martinson's report rumbled through the corrections community like a thunder clap, and its echoes continue to reverberate. If nothing works, why keep trying? Corrections administrators and officers settle back to do the job society pays them to do, to keep the criminals secure and off the streets. Conscientious, hard-working corrections officials become legitimately cynical about more studies, and they tend to be disbelieving of the researchers' claims. Almost every proposal for a new grant for a new study or a new program is inevitably fueled by the hype and promise of reducing the recidivism rate. A study of grant-proposal rhetoric in the field of prison education revealed that, as realism sets in, the language of promise is lowered from something like ""long-term goals of reducing recidivism"" to the soberer level of ""more immediate concerns, such as service delivery and educational advancement"" . This type of reality check has led other prison educators to stop talking about recidivism reduction altogether and to start talking about other goals . The optimistic conviction that increased literacy lowers recidivism (along with the notion that ""employment is the ultimate aim of corrections""), D. A. Deppe called a ""popular misconception"" . Others similarly have uttered caveats against an overly optimistic regard for the positive effects of education on inmates, especially when that potential is undermined by countervailing negative effects. A leading negative factor is mismanagement of, and bad personal relations within, the prison education programs. Other negative factors include the inmates' low levels of previous education and other achievement (especially work history). Any number of other human factors also have their effects, such as being African-American and poor or Causasian and rich, returning to bad company, drug and alcohol dependence, a non-supportive society, or an unbearable and unwanted sense of responsibility for a family . Some studies of programs, even programs in which the educational component was strong and the literacy needs of the inmates were addressed, indicate either that recidivism was not reduced or that the statistical results proved insignificant.32 EDUCATION WORKS:
 Contrary to the negative reports mentioned above, the emergence of the educational paradigm over the decades of the 1970s and 1980s has given new hope not only for a reduction of recidivism but also for other positive effects on criminal offenders through improving their literacy and engaging them in the right kind of education. Although we cannot predict outcomes for individuals (the mad genius criminal is of an order of human being different from the majority of the ordinary offenders that we are talking about), we can say that the greater the literacy and the more extensive the education that inmates achieve; the lower will be their recidivism rate; and other benign effects will follow, also."
"Correctional Education: Selected Aspects. Overview. ERIC Digest No. 58.","https://scispace.com/paper/correctional-education-selected-aspects-overview-eric-digest-1ed3o7rgw3","1986","","","Susan Imel","","https://scispace.com/pdf/correctional-education-selected-aspects-overview-eric-digest-1ed3o7rgw3.pdf","","on the theory that effective special education, combined with appropriate transitional and aftercare services in the context of comprehensive multiagancy planning and service delivery, will substantially reduce habitual patterns of criminal behavior, which typically result in recidivism and long-term incarceration. The Role of Vocational Education In Corrections:
 The major purpose of vocational education programs in correctional facilities is to teach inmates vocational skills so that they can obtain work upon their release, thereby reducing recidivism. However, thepublic, inmates, and prison staff members have differing expectations and perceptions of vocational education. Members of the public perceive vocational programs in correctional facilities to be much the same as those in the public schools; consequently they expel that vocational programs will turn criminals into skilled and productive workers. Inmates, on the other hand, have a more pragmatic view of vocational education. While they expect that it will.provide them with some level of skill, they tend to see it as a vehicle for meeting short-term needs such :4%1 making their period of incarceration more bearable and leading to a favorable parole review. Correctional staff generally have negative perceptions of vocational education. They are likely to view it with suspicion, believing that it reduces their control over inmates and permits inmates to manipulate the system. Consequently, they expect little of it."
"Reducing Recidivism in the State of California: An Evaluation of California's Prison and Parole Programs","https://scispace.com/paper/reducing-recidivism-in-the-state-of-california-an-evaluation-1y6tia777c","2010","","","Heidi C Wolfgruber","","https://scispace.com/pdf/reducing-recidivism-in-the-state-of-california-an-evaluation-1y6tia777c.pdf","","down programs into categories of education, vocational or work, multi-service or life skills and counseling, and substance abuse. I will briefly explain the purpose of each of these programs and what they typically entail before considering the effectiveness of specific programs within these categories. The Different Categories of Programs:
 Education programs have existed for years, even throughout the ""tough on crime"" period. This is because of the strong correlation between education levels and criminal activity.  According to researchers Andrews and Bonta, ""prison inmates are, on average, less educated and have fewer marketable job skills than the general population."" 65 Thus, the hope of many was, and to some degree still is, that raising levels of education will help keep criminals out of prison. Education programs range from primary to secondary to post secondary in order to accommodate the varying educational levels of the inmates.  Some programs focus on literacy, others help inmates to earn their GEDs, and the more advanced ones offer college courses. The Different Categories of Programs:
 There has been a substantial amount of evidence stating that educational programs have a positive effect on recidivism rates and prison reentry.  ""In general participants in prison based educational, vocational, and work related programs are more successfulthat is, they commit fewer crimes and are employed more often and for longer periods of time after release -than are non-participants.""  But this is a broad statement. Ohio, Minnesota, and Maryland conducted a study that gave tangible, specific results. The study found that recidivism rates dropped from 31% to 21% if inmates participated in education programs while in prison.  Most of the research seems to point to the fact that educational programs are effective in reducing recidivism, but it was still of interest to the CDCR to determine whether some of the current programs in California implement the necessary design and practices in order to produce these positive effects. Thus, a couple of education programs were considered in their study, which will be presented later in this thesis. The Different Categories of Programs:
 Work and vocational education programs started years ago when people started to realize the detrimental psychological and physical effects that solitary confinement had on the inmates.  In order to provide time out of confinement, prisons began instating periods of the day in which inmates were put to work, either alone or in groups. Now, nearly all prisons across the nation have these programs. In fact, a study conducted in 1995 found that 94% of all federal and state adult correctional facilities offered these programs.  Work programs are provided for a variety of reasons aside from keeping the inmates busy and out of their cells. They reduce costs, supply governments with needed goods, serve as retribution for their crimes, and help maintain the institution. But perhaps most importantly, they help to rehabilitate the prisoners.  Because research has consistently found an association between crime and unemployment,  prisons have offered a number of different work and vocational programs to help prepare inmates for release."
"An Exploration of the College-Educated Female Incarceration Experience","https://scispace.com/paper/an-exploration-of-the-college-educated-female-incarceration-taldr2kluw","2010","","","Tanisca Monique Wilson","","https://scispace.com/pdf/an-exploration-of-the-college-educated-female-incarceration-taldr2kluw.pdf","This Dissertation-Restricted is protected by copyright and/or related rights. It has been brought to you by ScholarWorks@UNO with permission from the rights-holder(s). You are free to use this Dissertation-Restricted in any way that is permitted by the copyright and related rights legislation that applies to your use. For other uses you need to obtain permission from the rights-holder(s) directly, unless additional rights are indicated by a Creative Commons license in the record and/or on the work itself.","vocational programs offered in Louisiana women's prisons. As a result, educational programming that fits the needs of college-educated female offenders is non-existent in correctional settings . Finally, there have been too few studies and theories applied to college-educated incarcerated women. The Effects of Prison Education on Recidivism:
 Education in prison systems has been an important consideration since the emergence of the medical model. Although female incarceration rates continue to rise, most female offenders, those serving less than six years, will be expected to re-integrate into society . Significant to the success of the reintegration process is the type of experience and training college-educated incarcerated women experience during incarceration. The term -re-integration to society‖ encompasses many interpretations. For the incarcerated mother, it could mean reconnecting to children beyond prison walls, for the incarcerated employee, it could mean re-establishing financial stability to self-sustain, for the unskilled individual, it could mean finding immediate job and educational training to become employable. For some, it could mean all of these things, but what does it mean to the college-educated incarcerated female who was once connected to society in meaningful ways, as conceptualized by the social control theory, but is now imprisoned? This study proposes to explore an answer to this question since most research studies do not include this population of women. Some may debate the need to study college-educated incarcerated females. The Effects of Prison Education on Recidivism:
 Previous research about prisoners have suggested that college-educated offenders were few in number so studying that end of continuum was assumed to be unimportant . However, there is evidence that the number of college-educated offenders convicted of crimes is on the rise and that the types of crimes they commit, e.g., tax fraud, insurance fraud, and bribery, are different from the types of crimes committed by non-educated individuals . Regardless of the crimes committed, crimes are still punishable by law and people who commit these crimes, educated or not, still end up in the same place: prison. The Effects of Prison Education on Recidivism:
 The perspective of the non-educated inmate is well documented in the literature, but the perspective of the college-educated offender is not. The Effects of Prison Education on Recidivism:
 Educational and vocational programs, a major component of correctional education, currently emphasize the importance of offenders attaining adult basic education, parenting skills, or learning some type of skill for employment. When offenders enter the prison setting having already accomplished the goals of what prison education intends, it leaves a major gap in the literature about how these offenders not only perceive their incarceration experience but also about the effectiveness of prison programs and how and if college-educated offenders successfully re-integrate into society."
"of Receiving a General Equivalency Diploma while","https://scispace.com/paper/of-receiving-a-general-equivalency-diploma-while-1h8n7e5da6","1998","","","Ohio Correction
No Ged","","https://scispace.com/pdf/of-receiving-a-general-equivalency-diploma-while-1h8n7e5da6.pdf","","more likely to recidivate than is a juvenile offender who is supervised in juvenile courts. A juvenile in an adult prison is also more likely to be physically assualted and preyed upon sexually which leads to more physical and emotional problems upon release. 1U:
 With more juveniles serving their sentences in adult prisons it is more important than ever to have solid educational programming available. These young offenders are, for the most part released back into society at a young age and they need some type of skill or educational background if they are to have a chance of succeding in society. 1U:
 According to  the universal opinions of the best minds in the field of corrections is that education in prisons and jails, does work to lower recidivism. Further benfits of education include making the prison a more humane enviornment and a more tolerable place to live and work. Education works to lower the cost of incarceration and to lower the burden on all taxpayers. Finaly Lewis found that education leads to habilitation of offenders and allows for a greater chance of post release success. 1U:
 The main point of Lewis' article was the right kind of education was needed to to reach the above accomplishments. The right kind of education includes educating correctional staff and the general public on the importance of education. Lewis did not provide many suggestions for achieving such a successful program. He also did not provide information on how he came to his conclusion on how beneficial correctional education can be. After researching this topic I feel there are many studies which would 15 confirm the opinions of Lewis on the importance of correctional education. 1U:
 The majority of the literature available on this topic would lead one to believe that education reduces recidivism, increases employment opportunities, builds self-esteem, and increases the likelihood of post release success. It should be noted that most of the literature is written by researchers within the correctional education profession which could lead to bias. Also, there are so many variables involved with determining the impact education has on recidivism rates that each individual study must be closely scrutinized to determine reliability and validity. Results could vary from one study to another simply because of the lack of a clear-cut definition of recidivism.  found that ""if the convicted felon receives little or no education or training while incarcerated, he or she will likely return to criminal activities upon rlease. 1U:
 This is where the insidious recidivism cycle begins: another bothched crime, another arrest, another conviction, and another sentence at incalculable cost to the taxpayer"" (P. 5). 1U:
 This article was concerned primarily with vocational training, and it found that vocational and technical training enhances employability, self-esteem, and opportunities for further education of former offenders. I would assume the same could be said about GED programming based on findings of similar studies. 1U:
 If the majority of research conducted is accurate, the education has proven to be extremely beneficial to the inmate and to society. The cost of education is negligible when compared to the cost of incarceration. Since the most research does show a positive relationship between education and recidivism rates, education programs have proven to be a cost-effective way of reducing prison overcrowding. 75% did not have a high school diploma or its equivalent 40% read below a sixth-grade level 60-80% had no marketable job skills (p.10)."
"Effects of prison work programmes on the employability of ex-prisoners:","https://scispace.com/paper/effects-of-prison-work-programmes-on-the-employability-of-ex-kdcppked2o","2015","Journal Article","European Journal of Criminology","Ramon Alós
Fernando Osvaldo Esteban
Pere Jódar
Fausto Miguélez","10.1177/1477370814538776","https://scispace.com/pdf/effects-of-prison-work-programmes-on-the-employability-of-ex-kdcppked2o.pdf","This paper presents the results of a study that links information from the prison system with information from the Spanish Social Security System in order to study the employability of former inmat...","integration, even in the last stage of their sentence, which leads them to break the rules of the prison system. A third group (professional criminals) ""normalize"" their stay in prison, abiding by the rules but not wishing to give up crime. The results of the study:
 Let us consider the significant variables of the CIRE activities (Table ). Attending training courses (Cramer's V = 0.087) is associated with a slightly higher likelihood of finding a job on release, but also with greater recidivism. The number of courses attended moderately reinforces this trend: the more courses attended, the greater the likelihood of finding a job, but also the greater the recidivism. Prison work offered similar results, although with a higher level of association (Cramer's V = 0.195), so it is associated with better performance in employment but also with more recidivism. At this point we see that the results of attending vocational training courses and doing prison work are mediated by two different and contradictory factors. On the one hand, as shown in  and in some of our interviews, the desire for reintegration predisposes some inmates to participate in these activities. Others develop this predisposition by participating in them, because they provide self-discipline, selfcontrol and job skills and bring them close to the status of workers. However, participating in these activities does not seem to be an essential condition for employability. In the interviews some ex-prisoners with previous employment experience and some employment skills stated that these activities had little vocational orientation. On the other hand, professional criminals adapt their conduct during their prison stay, participating in the activities offered in order to ""kill time"" and obtain some income, or to obtain benefits for good conduct; in the adaptation process, they preserve the personality that led them to offend. Prison activities are open to all inmates, which means that they are sometimes done by inmates with no desire for reintegration. It should be added that inmates with shorter sentences participate less in training courses and prison work but they are more likely to get jobs, perhaps because of their distance in time from the labour market is shorter. The results of the study:
 A large majority of ex-prisoners (71.6%) obtain temporary or short-term jobs: 18% of the contracts are for up to 30 days and 37.4% for over six months. This explains why the ex-prisoners who work spend long periods unemployed: about half had not worked more than three months per year after release. iii For the group contributing to the Social Security, we obtained information only on those affiliated on June 30, 2010: 36.8% of these can be considered qualified, mostly at first-officer or second-officer level, while 63.2% did unskilled jobs, mostly as labourers. Only 2.6% of ex-prisoners were managers, specialists or technical assistants, and 8.3% were administrative staff. It can be concluded that the jobs done by most former inmates are manual and low-status."
"Vocational Education and Recidivism at the Louisiana Correctional Institute for Women.","https://scispace.com/paper/vocational-education-and-recidivism-at-the-louisiana-482l9cbhei","1998","","","Sanders
Henry Elbert","","https://scispace.com/pdf/vocational-education-and-recidivism-at-the-louisiana-482l9cbhei.pdf","Recidivism is a phenomenon causing growing concern. When released criminals return to crime, the costs become immeasurable. Victims can never be adequately compensated for personal losses, and the nation cannot halt the spiraling costs of maintaining prisons housing mostly repeat offenders. The nation is spending upwards from 98 billion dollars on crime, annually. Public opinion opposes education for inmates, yet, with the nation’s prisons operating near capacity, a millennium approaches that promises another wave of prison construction resulting in exponential leaps in the costs of incarceration. A marketing concept asserts that attracting people to a product is half the battle. Since repeat offenders are a “captive” audience, they should be simply directed to treatments that reduce their tendencies for subsequent failure in society. Dating back to earliest civilizations, incarceration is not a new concept, yet, discovery of the “cures” for criminal tendency and recidivism remains elusive. The purpose of this study was to determine if a relationship exists between the reduction of recidivism and the completion of a post-secondary vocational education or GED course. The ex-post facto research was conducted using data on inmates released from the Louisiana Correctional Institute for Women between 1990 and 1994. The participants included 130 inmates completing education courses and a sample of 130 education non-participants. Variables linked with the reduction of recidivism included: Completion of a Vocational Education Course, Number of Prior Felony Convictions, and Age at Release. Specifically, this study showed that viii Reproduced with permission of the copyright owner. Further reproduction prohibited without permission. vocational education course completers tended to have lower recidivism rates as compared with education non-participants, with older inmates, and with inmates having fewer prior felony convictions. An additional finding suggested that education course completers who did recidivate tended to stay out of prison one year longer than education non-participants. Further, the study supports a three-year follow-up period for use in recidivism research. A model was developed using a discriminant analysis. The model correctly classified 61.5% of the participants. The study involved an extensive review of literature leading to a rationale for the design. Detailed procedures are provided to assist in the development of future recidivism studies.","Galimore suggest that research efforts should move toward total programs rather than the testing of isolated and often weak treatments. This suggestion implies that the search for the magic factor should be replaced by the search for and evaluation of the effects of comprehensive correctional treatment programs. Summary:
 A Synthesis of the Literature Although there exists a wealth of correctional education research and resources produced between the 1960s and 1970s, interest in the effects of education, particularly vocational education, appears to have declined to a near stand-still. For a profession that has neither definitively proven itself nor been refuted, the general consensus has become a default decision to maintain existing correctional programs at decreased funding levels, and to generate descriptive data for these efforts. Summary:
 According to the research, it seems logical to assume that a person who receives training that provides them with employable skills may be less likely to become a recidivist than one who receives little or no job training. The relationship between lower recidivism rates and employment is substantially documented in this researcher's review of the related literature. Summary:
 An investigation into the correlation between recidivism and vocational training seems especially suited to existing programs. The cost of implementing a pilot vocational program for experimental study would be quite high. Using an existing course that has settled into its routine and evolved in its methodology seems more feasible, both economically and in terms of treatment consistency. Summary:
 An advantage in selecting intact groups such as those found in existing correctional education courses is the reduction of regression effects. The strength and integrity of existing, state-operated courses becomes part of public record, as do the costs of administering the courses. Summary:
 The literature supports a rationale for using vocational education as a correctional treatment. Vocational training situations are further enhanced when administered as near as possible to the offender's release date , thereby imparting current, marketable, employable skills that will be put into immediate practice. Although there is little in the way of conclusive evidence due to the multitude of variables involved, vocational education has a sound theoretical framework and has been linked with the reduction of recidivism . The operational definition of a recidivist for the present study is an individual re-incarcerated at LCIW. One of the main purposes for calculating recidivism rates was to determine educational program success or failure in terms of taxpayer benefits. Summary:
 Program success, as measured by lowered recidivism rates, translates into taxpayer benefits. Higher recidivism rates translates into non-savings to taxpayers. Summary:
 The following illustrations serve as the rationale for the decision to operationalize recidivism based strictly upon re-incarceration at LCIW. Summary:
 Many recidivism studies have used arrest data mainly when constructing prediction models in studies attempting to identify a ""likely recidivist"" even before the offender is accepted into a particular prison treatment program. Often, when released offenders are re-arrested, they may never reach LCIW. Either they are not convicted, or they remain in the parish jail for a relatively short period of time, making the burden to taxpayers less significant. Another problem with arrest data is that known felons, as a matter of police routine, are often rounded-up when a crime matching their criminal mode of operation is committed in their locality. Using such general arrests as part of the criteria for defining recidivism may not entirely be appropriate."
"Developing oral communication and productive thinking skills in HM Prisons","https://scispace.com/paper/developing-oral-communication-and-productive-thinking-skills-1h98weezet","2006","","","David Moseley
Jill Clark
Baumfield
Elaine Hall
I Hall
Jen Miller
G Blench
M Gregson
T Spedding","","https://scispace.com/pdf/developing-oral-communication-and-productive-thinking-skills-1h98weezet.pdf","","was cut. This was before any substantial evaluation had been carried out and happened at the very same time that the pendulum was swinging towards more prescriptive cognitive-behavioural interventions, based on a model of diagnosable criminogenic needs. Friendship:
 Lipsey's (1992) meta-analysis of 443 intervention studies excluded educational interventions that were not explicitly targeted at reducing re-offending, but it remains influential, since it showed an overall mean 10% reduction in recidivism. Lipsey found that employment-related courses were highly effective (a 36% reduction), followed by 'multimodal' and behavioural psychological interventions at 24%; skill-oriented programmes also did well at 20%. Friendship:
 In their meta-analysis of correction-based programmes for adult offenders in the US,  confirmed that education courses can also be very effective, with post-secondary-level education courses associated with a 26% reduction in recidivism and other education courses (including adult basic education) coming in at 18%. Wilson, Gallagher and MacKenzie also studied employment status after release and calculated that 38% of the reduced recidivism effect could be attributed to the impact of course attendance on employment. On average, educational, vocational and work programmes had the effect of more than doubling the odds that a programme participant would be employed at the follow-up stage, compared to a non-participant. Wilson, Gallagher and MacKenzie provided an interesting discussion of their results, suggesting that 'the critical element may be the commitment of the individual to a conventional activity perceived by the inmate as a move away from a life of crime . They recommended that future evaluation research could be strengthened through the incorporation of theoretical links between programme activities and future criminal involvement and through designs that control for self-selection bias beyond basic demographic differences. Friendship:
 Here in the UK, an unpublished study carried out on behalf of HM Prison Service (Clark 2001) is cited in an influential report  as showing that simply taking part in education or training while in prison is strongly associated with lower re-conviction rates. Contact was made with Danny Clark, who kindly made more information available to our research team. Clark's study comprised 319 male prisoners, 72 (23%) of whom had attended education or vocational training courses while in prison, while the rest had not. It was found that 24% of the former group and 33% of the latter group were re-convicted within 1 year of release (a statistically significant difference at the 5% level, representing a 30% reduction in re-convictions). It is, of course, probable that a selection effect and other unexamined differences between the two groups contribute to this apparent benefit, but a second comparison throws more light on what was happening. A needs assessment had been carried out on all the men using a Canadian instrument, the Level of Service Inventory (LSI). In a group of 116 prisoners with identified needs for education and/or training, 41 received some education or training and 75 did not. In the first group, only 17% were re-convicted within a year of release, compared with 47% in the second group. This is a highly significant difference in percentages (p<0.001) and suggests that not meeting the needs of individual learners can have negative results, while meeting acknowledged learning needs is beneficial."
"Assessment Study: Value of Vocational Training to the Released Felon.","https://scispace.com/paper/assessment-study-value-of-vocational-training-to-the-3k3nw1zndj","1993","","","Robert A. Hall","","https://scispace.com/pdf/assessment-study-value-of-vocational-training-to-the-3k3nw1zndj.pdf","","specifically with these issues concluded, ""vocational education is seen as a cost-effective means of reducing the growth in the prison population. Definition of Terms: Individuals who are properly trained have the opportunity to become productive, tax-paying members of society"" . Definition of Terms:
 In 1988, Cogburn found, after a 10 year study, that the recidivist rate was about 10,8% of positively terminated inmates at Ingram State Technical College. Definition of Terms:
 A similar study conducted on correctional education and the community college showed a recidivist rate for students al 25% vs. 77% for the general population in Oklahoma (Williams, 1989). Definition of Terms:
 ""Vocational education emerged as a necessary component of public education at the turn of the century. Definition of Terms:
 Its potential for preventing crime by providing vocational skills to those who would otherwise be idle was one of its strongest supporting arguments. Definition of Terms:
 Vocational education 13 c1InP6 own became a component of correction education for the sane reaeon"" (Wolford, et al 1986, p. 33). Definition of Terms:
 Other factors that must be considered in any program is, Definition of Terms:
 (1) the attitude of the inmates themselves. They as a whole are suspect of the system that is keeping them behind walls While at the same time trying to habilitate them (Erez, 1987); Definition of Terms:
 (2) the' cost of education vs. security costs. Definition of Terms:
 Both.vie for the limited funds available to run the system with security concerns being the priority. This coupled with overcrowding puts a strain on budgetary allocations, space and quality of equipment available for training (National Advisory Council on Vocational Education,   1981, & Day & McCane, 1982). Definition of Terms:
 The study at Rikers Island showed that inmates were receiving on-the-Job-training. They worked for industries and attained marketable vocational skills but lacked the documentation and certification to prove it once released . So, even with proper training, inmates Definition of Terms:
 found it difficult at best to gain employment in areas Skilled without proper documentation. This tends to support that competency based training must also be properly documented if it is to be valuable to the inmate student. Definition of Terms:
 In sumnary, the studies reviewed showed the value of vocational training in reducing recidivism by producing inmates with marketable skills that can find employment. It also highlighted the need to provide adequate funding and proper documentation if that training is to provide inmates with the necessary foundation to become productive members of society. Definition of Terms:
 Each study basically stated the same theme; there is clearly a need for further study on the value of vocational education in lowering recidivism rates. That is the foundation and premise at which this study is targeted: to provide more quantitative and qualitative research into the value of quality vocational education in lowering recidivism rates."
"Effects of Prison Program Participation on Recidivism Outcomes","https://scispace.com/paper/effects-of-prison-program-participation-on-recidivism-211e714uma","2019","","","Jordan Jakobs","10.25777/G8W4-E637","https://scispace.com/pdf/effects-of-prison-program-participation-on-recidivism-211e714uma.pdf","","! ! ! iv: To Amellia, Caroline, and Lauren: Thank you for being you. I am so lucky to have known you for ten years. You mean more to me than you will ever know. I love you so much. ! ! ! iv:
 To Sarah: You taught me so much at West Virginia and I'm so blessed to have known  From 1980 to 2010 the number of women in prison rose by 646%, with the number of men rising 419% . This fourfold increase has farreaching consequences, and according to the National Institute of Corrections, over the last 20 years state spending on prisons has grown at a faster rate than nearly any other state budget item, with the cost of incarceration wreaking havoc on state and municipal budgets. ! ! ! iv:
 The dramatic increase in the prison population was largely the consequence of policy and sentencing changes that intensified criminal justice sanctions; namely determinant sentences with sentencing guidelines, mandatory minimum sentences, habitual offender laws, and the elimination of nonobligatory parole . Scholars of mass incarceration point to the 1970's as a crucial turning point in United States penal history, marked by a swing towards more ! ! ! iv:
 punitive policies and a general agreement that ""nothing works"" when rehabilitating prisoners . ! ! ! iv:
 These changes were accompanied by a dramatic deviation in general rationale regarding prisons and crime policies, specifically there has been a decline in the rehabilitative idea that prison should serve as houses of reformation where offenders would be equipped to return to society . In place of reintegration techniques, incapacitation and deterrence have become the overt goals of the criminal justice system, with the focus on treatment cast aside and prisons being place holders for violent individuals who have been judged irredeemable by society . Purpose Statement:
 The purpose of this study is to explore the effect, if any, correctional education and vocational training, along with drug treatment and alcohol treatment have on the likelihood of recidivism. To explore this relationship, the theoretical concept of commitment, which is an important construct of social bond theory, will be used to measure levels of participation in prison programs among incarcerated individuals; hypothesizing that full participation and completion of these programs will reduce the instance of recidivism once released from prison. CHAPTER II LITERATURE REVIEW:
 This chapter begins with a discussion of themes commonly looked at when addressing factors that significantly impact the likelihood of recidivism. Since there is substantial literature examining the relationship between alcohol treatment, drug treatment, educational programs, and Need for Education Programs ""One of the predicates of correctional education is the level of unmet need"" ."
"Correctional Academic Education: A Qualitative Inquiry of Quality, Value, and Effectiveness","https://scispace.com/paper/correctional-academic-education-a-qualitative-inquiry-of-2egjsn5x4c","2018","","","Michelle Currier","","https://scispace.com/pdf/correctional-academic-education-a-qualitative-inquiry-of-2egjsn5x4c.pdf","","participants' own perceived teacher identities, and to some extent to factors such as professional development (P.C.4) and the participants' certification areas (P.C.8). Summary: Additionally, general attitudes not tied to one of the research questions but revealed CHAPTER 5: DISCUSSION:
 The primary intention of this study was chiefly to begin a scholarly investigation of the understudied phenomenon of correctional education generally, and a deeper investigation of the even-greater dearth of study on correctional educators specifically, to determine if future study and investigation on a larger scale might be warranted. CHAPTER 5: DISCUSSION:
 Phenomenological inquiry was particularly useful for two reasons: it allowed this researcher the opportunity to delve deeply into the concepts and constructs relating to the provision of correctional education and the experiences of correctional educators for purposes of description; and it provided opportunities to interpret results in order to mine for additional areas of investigation relevant to the broader study of offender rehabilitation for purposes of expanded or future inquiry. Interpretation of Results:
 One of the primary ways in which the study results were interpreted is through comparison to the data uncovered through the comprehensive literature review. A secondary interpretation of results was based on a social constructivist interpretation of the unique concepts or prevalent issues or themes revealed through participant interviews that may or may not have been identified through comprehensive review and analysis of the literature, but which may deserve further study or contextualization. Interpretation of Results:
 The themes uncovered in the literature that specifically related to the foci of this study included correctional education effectiveness and value and the recidivism/rehabilitation connection; and correctional education quality and instructional delivery connected to program characteristics and educator characteristics and behaviors. Interpretation of Results:
 A comparison of this literature against the study results allows for meaningful description of the phenomenon of correctional education from the educator perspective. Effectiveness and Value:
 To the extent that the outcomes or effects of correctional education are treated in the literature, offender rehabilitation is almost universally the underlying goal. Although most studies included within the literature that look at recidivism specifically do not measure, define, or operationalize recidivism identically, the studies, agency-produced reports, and meta-analyses do report lower levels of recidivism for post-release offenders who participated in correctional education while incarcerated . Effectiveness and Value:
 Since a number of the referenced studies which purport to tie correctional education participation with lower levels of recidivism derive mostly from correctional agencies and criminal justice scholars, it was necessary to explore the extent to which correctional educators themselves defined or described their work within the context of rehabilitation. Effectiveness and Value:
 In that vein, this researcher looked at whether correctional educator participants might comment spontaneously on correctional education as rehabilitative, or on the effects of correctional education as including reduced future offending, increased employment, or some other measure of recidivism reduction."
"Designing a Curriculum Evaluation for a Vocational Educational Program in a Large Correctional System.","https://scispace.com/paper/designing-a-curriculum-evaluation-for-a-vocational-d7itz5sesw","1992","","","Maurice J. Eash","","https://scispace.com/pdf/designing-a-curriculum-evaluation-for-a-vocational-d7itz5sesw.pdf","Design and implementation of a curriculum evaluation plan for the vocational education program (occupational education under the Carl D. Perkins Vocational and Applied Technology Act) of a large correctional system are described. An outside evaluator assisted in designing and conducting the first year's evaluation. The 1991-92 curriculum used was a modification of the Massachusetts Competency Based Vocational Educational Curriculum encompassing 16 occupational areas and the academic competencies required. Curriculum treatment and its effects in year one were evaluated by experts in the vocational areas who observed the program, examined the curriculum, and interviewed instructors and a sample of students. An evaluation instrument was developed to provide uniformity of data collection across the 13 institutions studied. An evaluation design schedule was drawn up to form a time, task, and talent (TTT) chart for the first year. The TTT chart brings findings in the areas of student factors, program design, faculty, and facilities into a relationship with the personnel needed to carry out the evaluation and a time schedule that relates task completion to the use of the evaluation findings. The goal in years 2 and 3 will be to provide faculty and administration with information that will inform program decisions. Four charts present the evaluation design. An appendix contains the evaluation instrument. (SLD) ****i *i **;.:.Ai.A*AAA*%.****A.******AAA************A;:******%A:. Reproductions supplied by EDRS are the best that can be made from the original document. *********************************************************************** U.S. DEPARTMENT OF EDUCATION Office of Educatronal Rematch aid Improvement EDUCATIONAL RESOURCES INFORMATION CENTER (ERIC) to,This document has been reproduced as received from the person or organization originating it. Minor changes have been made to improve reproduction quality Pords of view or opinions stated in this document do not necessarily represent official OERI posdion or policy ""PERMISSION TO REPRODUCE THIS MATERIAL HAS BEEN GRANTED BY /-iduk/ekT Ens TO THE EDUCATIONAL. RESOURCES INFORMATION CENTER (ERIC)."" DESIGNING A CURRICULUM EVALUATION FOR A VOCATIONAL EDUCATIONAL PROGRAM IN A LARGE CORRECTIONAL SYSTEM MAURICE J. EASH PROFESSOR OF EDUCATION UNIVERSITY OF MASSACHUSETTS AT BOSTON BOSTON, MASSACHUSETTS 02125-3393 PAPER PRESENTED AT EUROPEAN CONFERENCE ON EDUCATIONAL RESEARCH JUNE 22 25, 1992 UNIVERSITY OF TWENTE ENSCHEDE THE NETHERLANDS","offenders. *: A Bureau of Justice study of felons released and a six year follow-up found that almost 63% had been rearrested, 47% *: reconvicted, and 42% incarcerated within three years of release. *:
 The 63% rearrested had been charged with an average of five new offenses (Bureau of Justice Statistics, 1989). *:
 In short, recidivism is widespread and doing time seems to be of little value in redirecting the energies of offenders into positive, constructive behavior as opposed to the continuation of anti-social conduct that landed them in the criminal justice system originally. *:
 Correction education programs were designed to reintegrate offenders as useful citizens in society, able to support themselves and their families through productive employment and to function as law-abiding citizens in the community in which they reside. As policy in the treatment of offenders has shifted, giving recognition to the fact that offenders will not spend the majority of their lives walled off from society, the interest and commitment to correction education has grown. *:
 Because of the basic education deficiencies of many prisoners in reading and mathematics skills (it is estimated that illiteracy afflicts from 50 to 75 percent of the prison population), literacy education in correctional institutions receives major attention. *:
 In a similar manner, the vocational training program has been seen as vital to a correction education curriculum that will be contributory to the employability of the offender upon release into society. To counter recidivism and to improve the quality of life of the incarcerated, state and federal legislation has moved to provide funding to inmates' education through improved and expanded corrections curriculum. *:
 Recent federal legislation has prescribed the development of occupational education state programs for inmates held at various levels of security. These programs have been predicated upon recent studies that demonstrate that 1..:Jcational education is a successful contributor to the rehabilitation of inmates. The curriculum organizes in the correctional system to address these two major deficits was a modularized, job-specific, competencybased curriculum ordered in scope and sequence to meet the special problem of students who are frequently transferred from facility to facility to continue their education. The curriculum will be implemented over a three-year period of funding and will include 16 vocational areas in 13 correctional institutions (see Chart 1). An integrated approach in teaching academic skills in reading and mathematics will be used. An evaluation is required during all three years which will be based upon "".  .;:.:::: . :: .. :. . .......,:..:..s.:::...-... *:
 .s.:0Z-M'-:.':..:,':-.-q::::',,.. ''--' p:.:... Year 1 *:
 = Beginning and end of activity; 0 = Completion of activity; 0 = al-going activity connect the effect of the funding on the programs, e.g., in one program the Perkins funds were used to buy a curriculum package that was presented through a computer station and served as an individually paced tutorial program in literacy skills. Student Factors:
 Records of students, faculty and student interviews serve as the primary data base for this area."
"Education Reduces Recidivism","https://scispace.com/paper/education-reduces-recidivism-3ymyr2430v","2021","Journal Article","","Gregory Magee","10.47577/TSSJ.V16I1.2668","https://scispace.com/pdf/education-reduces-recidivism-3ymyr2430v.pdf","The research addresses how and why formal education lowers recidivism rates Formal education means much of the learning comes from a book or other learning material delivered by a trained teacher The two types of formal education discussed are academic and vocational education Statistics for lowered recidivism rates resulting from education are essential to support this topic How education, either academic or vocational, can prevent crime was the first avenue of the research topic that is explored There are countless opportunities higher education provides to individuals Next, a direct correlation between education and crime was looked at from a statistical view regarding the recidivism rate The progress education has on the prison system exposes the results A simple examination of statistics regarding the recidivism rate of the selected participants involved in the prison education system will resemble what success or effectiveness has come from education being implemented","The state's auditor projects 6.6 million savings for every 1% reduction in recidivism . The previous statistics show a link between correctional education and recidivism via employment . Especially since the prisoners tend to have lower education levels . Employment Effects Recidivism:
 The research investigates the relationship between employment and criminal activity dates over 80 years . According to a comprehensive study conducted by the Justice Policy Center at the Urban Institute, employment is an essential predictor of an offender's successful reentry into the community and recidivism (Lockwood, Nally, Ho, and Knutson, 2012). Work provides former prisoners with a consistent funding source for necessary food, shelter, clothing, transportation, and other basic amenities. It also increases feelings of self-efficacy and self-sufficiency and serves as a protective factor against future criminal activity (Lockwood, Nally, Ho, and Knutson, 2012). Employment Effects Recidivism:
 Education leads to employment. Employment provides offenders with responsibility, personal value, independence, dignity, a stake in society, offers income, structure, and routine, an opportunity to increase social networks, and enhance self-esteem and psychological health. Not only does the offender benefit from employment, but the community also profits from the decrease in costs associated with recidivism. Research has consistently demonstrated the link between employment and recidivism. Specifically, targeting employment need is related to reductions in recidivism. In general, it has been found that offenders who participate in programs targeting employability skills are more successful at finding work after release. These researchers also found that offenders who participated in vocational training were more likely to gain employment than those who participated in institutional work assignments only or no other employment programs while imprisoned . Conclusion:
 Education reduces recidivism. Both forms of formal education, academic and vocational, as discussed, can give the individual the qualifications needed to avoid recidivism. Formal education offers change by making the incarcerated individual qualified for quality employment. Conclusion:
 The released offender can support themselves without needing to resort to criminal activities. The newly released person has more to lose at this point in life. When weighing the risk and reward of crime, the risk is much higher when formal education is gained. The effects of being incarcerated after attaining formal education mean missing out on making a higher wage every day while incarcerated. It tends to be more costly. Vol. 16, 175-182, February, 2021 ISSN: 2668-7798 www.techniumscience.com Vol. 16, 175-182, February, 2021 ISSN: 2668-7798 www.techniumscience.com Vol. 16, 175-182, February, 2021 ISSN: 2668-7798 www.techniumscience.com"
"Locked Up and Locked Out: An Educational Perspective on the U.S. Prison Population. Policy Information Report.","https://scispace.com/paper/locked-up-and-locked-out-an-educational-perspective-on-the-u-1us883iuiw","2006","Journal Article","Educational Testing Service","Richard J. Coley
Paul E. Barton","","https://scispace.com/pdf/locked-up-and-locked-out-an-educational-perspective-on-the-u-1us883iuiw.pdf","The views expressed in this report are those of the authors and do not necessarily refl ect the views of the offi cers and trustees of Educational Testing Service. 2 In this important and sobering report, Richard J. Coley and Paul E. Barton provide a broad perspective on the U.S. prison population and offer judgments about the status of prison education programs. The prison education enterprise is perhaps more important now than ever, as the prison population surges and evidence accumulates about the effectiveness of prison education programs on recidivism. Yet this population continues to be under-educated, with most prisoners having less than a high school education. Ever-larger numbers of ex-prisoners are returning to their communities poorly prepared to re-enter the workforce and, as a result, to support themselves and their families, or to form families and rear children. It is a formula for disaster — for more crime, more recidivism, and greater cost to society. In the face of this demonstrated need, we should be alarmed that we are losing ground in the prison education enterprise; investment in correctional education programs is not keeping pace with the exploding population of prisoners. Coley and Barton issue a challenge for society to support this important investment and to acknowledge the plight of prisoners' children — children whose chances of following in their parents' footsteps are high, unless we have the will to break the cycle. Preface The authors wish to thank the following individuals for their help with this report.tional Education Association. In addition to providing feedback on the report, the reviewers provided valuable guidance on the data that are available to address this topic. The report was edited by Janet Levy and proofread by Alex Dering. Marita Gray was the photographer and designer for the cover. Christina Guzikowski provided layout. Errors of fact or interpretation are those of the authors. Acknowledgments 3 Highlights This report brings together data and information from a variety of sources to provide an educational perspective on the nation's prison population. It examines the size and nature of that population and provides information on trends when possible. The report also describes the limited information that is available on the prison education enterprise and summarizes what is known about the effects of education and training on recidivism. Finally, it provides a perspective on the children whose development and lives are negatively affected by incarceration and on the …","prison can reduce recidivism and help ex-offenders readjust to community life. Recently, some prisoner re-entry programs -typically of short duration, held just before a prisoner is released, and that provide continuing transition services -have shown positive results. Despite their proven cost-effectiveness, prison and jail-based services are already threadbare. In nearly half the states, departments of correc-tion are or have been under some form of federal court supervision because of overcrowding or the insuffi ciency of services available to inmates…:
 Despite a consistently growing need to prepare prisoners for life outside bars, as well as to protect citizens from harm and to reduce costs associated with incarceration, the investment in prison education has fallen, decade by decade. Reversing that trend is a minimum requirement, not a wholesale solution, for reducing the high rates of recidivism. Education, training, and transition support at the point of release are imperative but should not be viewed as a panacea -or rejected because they are not. Despite their proven cost-effectiveness, prison and jail-based services are already threadbare. In nearly half the states, departments of correc-tion are or have been under some form of federal court supervision because of overcrowding or the insuffi ciency of services available to inmates…:
 Another dimension of the prisoner problem has gained recognition: Prisoners are parents of some 1.5 million children, children who are often neglected and who live in circumstances that put them at high risk of following in their parents' footsteps. To reduce the risk of these children turning to a life of crime, their parents must be able to return to society as selfsupporting, responsible adults. Despite their proven cost-effectiveness, prison and jail-based services are already threadbare. In nearly half the states, departments of correc-tion are or have been under some form of federal court supervision because of overcrowding or the insuffi ciency of services available to inmates…:
 In the United States, as the late Senator Daniel Patrick Moynihan said, we only do what we measure. That we are not measuring the prison education enterprise in ways that would permit making decisions to improve it is a strong statement of the low priority assigned to prisoner education. Having made notable strides in measuring the effectiveness of public schools, the departments of Education and Justice now need to make a comparable effort to measure the quantity and effectiveness of education in prisons."
"Learning to Desist: Exploring the relationship between engagement in prison education and desistance from crime","https://scispace.com/paper/learning-to-desist-exploring-the-relationship-between-1g8b0shibs","2020","Dissertation","","Fiona Jean McGregor","","https://scispace.com/pdf/learning-to-desist-exploring-the-relationship-between-1g8b0shibs.pdf","This qualitative study explores the relationship between the engagement in prison education and desistance from crime. As a practitioner, I saw a disconnect between the growth learners appeared to experience over time in class and the dominant deficits-based policies, curriculum and pedagogical practices. Education was being understood as a criminological factor based on neoliberal ideas around increased employability leading to reduced reoffending. It felt such an understanding may not sufficiently capture the value of education for learners in prison nor its impact. This thesis applies the theoretical lenses of learning and desistance to adult male learners’ experience of intensive prison education to develop a more robust understanding of its impact on incarcerated learners and the value of quality education within prisons. 
Significantly, this thesis adopts atypical prison education research methodology, drawing on a strengths-based, more socially-just Appreciative Inquiry approach, together with ethnographic case study and thematic analysis to explore the self-identified best learning experiences of and impact on thirteen adult male learners in full-time basic skills education. The unique purpose-built Intensive Learning Centre in a medium security prison in New South Wales provided an exceptional opportunity to research the learning process when the conditions of learning space, program, staff relations and equal pay opportunities are optimal. 
Findings indicated that even the most reluctant learners seemed to experience attitudinal shifts towards their capacity to learn, capabilities, and both the desire and ability to desist from crime. Three key themes of Being, Becoming and Belonging were identified as significant to the learners, especially in relation to their experiences of place, culture, identity and basic skills acquisition which were bound by a sense that the educational space, programs and relationships were profoundly normalising and emancipatory. 
This thesis shows that engagement in high-quality prison education, even at the basic skills level, within fit-for-purpose learning spaces does much more than increase learners’ employability by raising their literacy and numeracy levels to a ‘functional’ standard. In addition, basic-skills education in prison can support the development of learners’ hope, capability, agency, empathy and an interest in civic engagement–characteristics mirrored by successful desisters. Accordingly, this has important implications for prison education policy, programs and pedagogy as well as staff professional development. This thesis suggests that understanding desistance as a learning process and learning as a capability-building process beyond employability may help us support our learners better, develop and deliver better prison education and, ultimately, better prisons in which the desistance process can be catalysed and assisted.","'academic' educational programs are more effective in reducing recidivism than vocational or 'life-skills' programs , whereas others argue that engagement with any prison education or training program is beneficial for inmate rehabilitation (Ministry of Justice, 2017; . Prison Education Research:
 As a result, many western governments have increased investment in education within the custodial setting . In order to maximise the investment in offender behaviour programs and education, much work is being done to identify 'what works' in terms of measurable outcomes, namely in the form of qualifications achieved and employment gained post-release, together with reduced recidivism rates  and cost effectiveness  There is a more substantial body of research that indicates the higher the level of educational attainment in prison education programs, the lower the risk of recidivism . Indeed, much prison education research has focused on those engaged in higher education in prison  and in further distance education . Less research is focused on those engaged in achieving secondary school qualifications , and less still researches those engaged in basic skills (literacy and numeracy) learning in prisons  making it difficult to ascertain the extent to which education itself is the key factor in reducing recidivism. Prison Education Research:
 We still do not know what defines a really effective custodial educational program  Furthermore, there is a need for research that questions the assumptions inherent in the conceptualisation of prison education as valuable because it reduces reoffending, makes prisoners more compliant, and raises employability so that, when released into the community, ex-prisoners can be 'productive members of society' by making an economic contribution to society. For example, while  lament 'the paucity of literature that identifies the educational programs that benefits inmates the most', they define the benefits to inmate learners as 'developing the literacy/numeracy skills needed for reentry into an ever-changing labor market.' As a result, their study seeks to identify 'the type, amount and intensity of programs that reduce recidivism.' Conceiving of education as a panacea, a remedy for recidivism and informed by the medical model of rehabilitation, researchers aim to find the optimum ""dosage""  with  identifying 'there is little to no empirical evidence that can help inform policymakers on ""how much"" correctional education is necessary to produce a change in the desired outcomes.' Prison Education Research:
 As  suggests, we ought to be 'rethinking our metrics'. This thesis aims to look beneath conventional research assumptions to explore, differently, if and how education works at a basic skills level in prison. Recidivism rates as a measure of program success:
 One of the problems with the 'What works' literature is that to date, the effectiveness of prison education programs has largely been measured in terms of recidivism and in terms of post-release outcomes such as earnings and employment ."
"Transformative and Social Justice Dimensions of a Jail-based College Course","https://scispace.com/paper/transformative-and-social-justice-dimensions-of-a-jail-based-1h5v0egxp8","2018","","","Jennifer L. Lanterman","","https://scispace.com/pdf/transformative-and-social-justice-dimensions-of-a-jail-based-1h5v0egxp8.pdf","Research consistently demonstrates the benefits associated with the provision of education in correctional facilities. These examinations typically focus on prison-based education, enhanced employment opportunities, and recidivism reduction. There is considerably less attention afforded to jail-based education and other benefits associated with institutional education opportunities. This study focuses on a criminal justice college course based on the Inside-Out Prison Exchange Model taught at the Washoe County (Nevada) Detention Center in the spring 2016 semester. This course brought together outside students (i.e., college students) and inside students (i.e., incarcerated men) for a semester-long course held once per week in the jail. The results highlight the transformative aspects of a single course that may generate the foundation for functional changes among people who are incarcerated and the value of experiential education for college students.","education. The primary outcomes of interest were the effect of correctional education on employment and recidivism. Despite evidence of positive effects on employment and recidivism, access to education in prisons and jails has been reduced since the 1970s. Impact of Education in Prisons and Jails:
 urrently, the most common types of education available in prisons and jails are adult basic education and vocational training (see . There is a long history of education in American prisons and jails. The provision of such education is critical to achieving the desired correctional goals of improved ability to obtain and maintain sufficient employment and recidivism reduction.  noted that prisons are full of people who E C are poor or otherwise disadvantaged and who require additional education to address skill deficits. Research also indicates that education improves life circumstances in ways that increase the likelihood that offenders will be able to secure stable employment and not reoffend . Impact of Education in Prisons and Jails:
 Unemployment or underemployment are risk factors for recidivism  and education influences the ability to secure stable employment . The US Department of Labor (2016) reported higher levels of education result in higher weekly earnings and lower rates of unemployment. Therefore, prisons and jails have often focused on educational programs designed to improve employment prospects. Yet, research on the relationship between education and employment outcomes among the formerly incarcerated yielded mixed results.  found that education did not increase the likelihood of employment but did result in a higher monthly income for those who were employed. The five-year follow-up study identified a relationship between education and employment-those with a college education and high school diplomas or GEDs were more likely to be employed compared to those without .  also found a significant relationship between education and employment in a meta-analysis of 58 studies-those who participated in correctional education programs experienced a 13% increase in the likelihood of employment compared to those who did not participate in educational programs. The likelihood of employment increased to 48% when Davis and colleagues restricted their analysis to the most rigorous studies. Impact of Education in Prisons and Jails:
 The primary goal of correctional education is recidivism reduction. Research indicates that properly implemented education programs effectively reduce recidivism.  found that participation in educational programs during incarceration results in reduced recidivism. They also found that less educated offenders are more likely to reoffend even if they participated in programs while in custody . Also, several meta-analyses reported that correctional education resulted in the reduced likelihood of recidivism . The magnitude of effects ranges from 7% to 43% recidivism reduction, depending on the definition of recidivism and the rigor of study designs."
"Not Just Any Job Will Do A Study on Employment Characteristics and Recidivism Risks After Release","https://scispace.com/paper/not-just-any-job-will-do-a-study-on-employment-40lf8qib8v","2017","Journal Article","International Journal of Offender Therapy and Comparative Criminology","Anke Ramakers
Paul Nieuwbeerta
Johan van Wilsem
Anja Dirkzwager","10.1177/0306624X16636141","https://scispace.com/pdf/not-just-any-job-will-do-a-study-on-employment-40lf8qib8v.pdf","Ex-prisoners’ recidivism risks are high. Several theories state that employment can reduce these risks but emphasize that the protective role of employment is conditional on job qualities (work intensity, job duration, etc.). Longitudinal research on the role of employment in ex-prisoners’ recidivism patterns is scarce, and most existing work used a simplistic employment measure (i.e., employed vs. unemployed), leaving the topic of job quality underexplored. This study examines the association between employment characteristics and recidivism among Dutch ex-prisoners. Using longitudinal data of the Prison Project (n = 714), we found that not just any job, but particularly stable employment and jobs with a higher occupational level could help reduce crime rates among these high-risk offenders. Many ex-prisoners face a human capital deficit that complicates the guidance to high-quality jobs. It might, however, be possible to help place ex-prisoners in stable employment.","After Release Authors: Anke Ramakers (Corresponding Author),Paul Nieuwbeerta,Johan Van Wilsem,Anja Dirkzwager Keywords: reintegration, imprisonment, employment, reoffending, recidivism, longitudinal research Introduction:
 More than ten million individuals worldwide are held in penal institutions . Although time spent in prison is intended to prevent crime, recidivism risks are 1 Leiden University, The Netherlands 2 Netherlands Institute for the Study of Crime and Law Enforcement, Amsterdam, The Netherlands high among ex-prisoners, especially in the first months following release . The dramatic change in circumstances and uncertainty that accompany release are plausible explanations for this high recidivism rate. Many ex-prisoners report problems on multiple life domains, such as housing, health, and income . Employment, education, and related areas (financial assistance, driver's license, job training) were among the most requested reentry needs of serious offenders upon release . Introduction:
 Transitional service programs provide an opportunity to smooth the transition from prison into the community and improve post-release (employment) outcomes. Transitional employment is subsidized employment made available immediately after a person leaves prison, often accompanied by soft skills training and job search assistance. Research that evaluates these programs aims to help identify which ones are likely to improve successful reentry. For example, in the Transitional Jobs Reentry Demonstration offered by the Center for Employment Opportunities (CEO) in New York, offenders were randomly assigned to a treatment or control group to assess the causal treatment effect. The treatment group was given access to CEO's temporary paid jobs and other services, and the control group was offered basic job search assistance at CEO along with other services in the community. Three years after release, reductions in future criminal activity were found for offenders randomly assigned to the treatment group in receipt of transitional jobs . Although Redcross and colleagues found reductions in recidivism, other research evaluating similar programs have found little or no effect on either postrelease employment or recidivism rates . According to , "". . . the juxtaposed evaluation of relatively similar interventions suggests that with regard to transitional job programs, the jury is still out"" (p. 71). Introduction:
 Implementation differences in the organization of the program or in participants' opportunities to interact with other recently released inmates are mentioned as possible explanations for the lack of consistency in treatment-effects (e.g., . One plausible explanation that received little attention but could be addressed and potentially adjusted is that the type of job that is offered in reentry programs seems unfit to reduce recidivism . Released offenders are often assigned to minimum-wage transitional (temporary) jobs (e.g., . Introduction:
 Yet theories imply that the protective effect of employment is conditional on working in certain types of employment; not just any job but higher quality employment can deter offenders from committing criminal acts. Theories ascribe this crime-reducing effect to different job characteristics (e.g., stability, work intensity, earnings). For instance,  emphasized in the informal social control theory that Introduction:
 The current study uses observational data on ex-prisoners with various labor market experiences to examine whether the type of jobs that ex-prisoners find immediately after release can prevent them from committing new crimes. Research Question::
 To what extent is employment, and characteristics of this employment, related to ex-prisoners' recidivism risk in the first 6 months following release?"
"Work as a Turning Point for Criminal Offenders","https://scispace.com/paper/work-as-a-turning-point-for-criminal-offenders-efhi93c82y","2001","","","Christopher Uggen
Jeremy Staff","","https://scispace.com/pdf/work-as-a-turning-point-for-criminal-offenders-efhi93c82y.pdf","Jeremy Staff is a graduate student at the University of Minnesota. An earlier version of this article was presented at the Economic Policy Institute, December 6, 2000, Washington DC. The studies cited in this article were made possible by the generous support of the National Institute of Justice, National Institute of Mental Health, National Science Foundation, and Soros Foundation Open Society Institute. We thank Angela Behrens for research assistance and also wish to acknowledge our coauthors on several related projects: Irv Piliavin, Melissa Thompson, Jeff Manza, Candace Kruttschnitt, Jeylan Mortimer, Kelly Shelton, Ross Matsueda, and Mike Massoglia. Work as a Turning Point for Criminal Offenders","lifestyle. Despite this general finding, the effects of work programs are often modest and limited to certain subgroups of offenders. Nevertheless, we find enough sound experimental evidence of program effectiveness to conclude that employment remains a viable avenue for reducing crime and recidivism. Summary Findings and Future Questions:
 For example, research suggests that older offenders are especially receptive to postrelease employment programs, even when they are short-term and limited in quality, and that employment programs may ease their transition back into society. The effectiveness of short-term work programs for young offenders is less encouraging; most evaluations find that subsidized employment does not reduce recidivism for adolescents and young adults. However, evaluations of long-term residential programs that emphasize vocational training, placement, and education offer some promise for reducing crime among at-risk or released adolescents. Summary Findings and Future Questions:
 We also find some evidence that the quality of employment may be important for reducing recidivism in work programs. In nonexperimental studies, exoffenders who obtained high-quality employment, such as skilled craft work, were less likely to be rearrested than those who obtained poor-quality work. The response to work quality, however, also appears to be age-graded, although it remains unclear whether assigning young offenders to high-quality work would reduce recidivism in the same way as adults. Criminological theory suggests that youth have less attachment to the labor market, and preliminary evidence suggests that high-quality work may increase deviance and substance use for adolescents in the general population. Still, we are hesitant to draw conclusions for the effects of work quality on young offenders based on the scattered observational studies conducted to date. Summary Findings and Future Questions:
 Finally, work programs appear to be helpful in reintegrating the growing number of drug-involved offenders in prison. Research has suggested that employment programs can reduce rates of rearrest among ex-addicts, although prison-based drug treatment programs may be more effective for reducing substance use. Perhaps a program combining treatment, vocational training, and employment services would be most effective for reducing recidivism to both crime and drug use."
"Nondegree Credentials in Correctional Education: Status, Challenges, and Benefits.","https://scispace.com/paper/nondegree-credentials-in-correctional-education-status-inzpyt67m9","2016","","","Michelle Tolbert","","https://scispace.com/pdf/nondegree-credentials-in-correctional-education-status-inzpyt67m9.pdf","","demands for students' time, class disruptions, facility transfers, technology and other resource restrictions, space limitations, and recruitment of qualified teachers. These challenges are common across most correctional education programs, however, and are not specific to CTE programs. EXECUTIVE SUMMARY:
 • Student obstacles: Incarcerated students face a number of challenges with persisting in and completing programs and earning a credential, including personal obstacles (e.g., low educational skills when entering the program and poor study skills), institutional obstacles (e.g., competing demands for student's time and class disruptions), and post-release obstacles (e.g., lack of articulation agreements with community colleges and lack of employment assistance and other support services). EXECUTIVE SUMMARY:
 • Economic value of program: The employers and employment specialists interviewed for the study have anecdotal evidence indicating that nondegree credentials help formerly incarcerated individuals find employment. EXECUTIVE SUMMARY:
 With employers and employment placement specialists having only anecdotal evidence about the economic value of nondegree credential programs, more research is needed on how these programs affect employment, wages, and job stability after release. Also, which programs have the most impact on post-release outcomes, and why? More information is also needed on promising practices and the costs of these programs. Specifically, how are states addressing the challenges facing incarcerated students and facilities offering nondegree credential programs, and can these approaches be replicated in other facilities and states? What are the costs of education and training programs that lead to educational certificates, professional certifications, and licenses? Are the costs for these programs recouped through post-release outcomes such as lower recidivism rates? With this additional information, state departments of corrections will be in a better position to maintain and increase funding for their programs. They also will have the guidance they need to improve their programs that lead to nondegree credentials so that their students are well prepared to obtain a long-term, living-wage job after release and successfully transition out of the criminal justice system. INTRODUCTION:
 Nearly 2.3 million adults are incarcerated in our nation's prisons and jails. Incarcerated adults are, on average, less educated than the general population . They also often lack job skills and a steady employment history , which, combined with the stigma of their felony convictions, creates significant barriers to reentering the labor market when they are released . INTRODUCTION:
 Providing incarcerated adults with education and training programs not only improves their chances of obtaining a job after release but also lowers their recidivism rates ). 1 Although most states offer these programs to their incarcerated population, participation has declined over the last few decades ; U.S. Department of Education 2012). For example, according to the most recent statistics available, the percentage of adults incarcerated in state prisons who participated in vocational programs dropped from 32 percent in 1997 to 27 percent in 2004. During that same time period, the state prison population grew nearly 10 percent, from ."
"The Effect of Job Training Programs at a Juvenile Correctional Facility in Japan","https://scispace.com/paper/the-effect-of-job-training-programs-at-a-juvenile-4fd5qntwh8","2012","","","Kenji Wada
Akihito Toda
Tomura Kazuki","10.7916/D8PK0QD5","https://scispace.com/pdf/the-effect-of-job-training-programs-at-a-juvenile-4fd5qntwh8.pdf","We consider the e¤ect of characteristics of prison inmates in general and the job training program participation in particular on the recidivism in Japan. By empolying individual level dataset from a Kawagoe Juvenile Correctional Facility, we nd that some of the inmates characterstics will lower recidivism and the participation in job training is e¤ective in lowering the probability of re-entry into prison.","…nd a job after they are released from prison. So we cannot stress the importance of a job training program for prison inmates. However, there have been few studies that investigate the e¤ect of job training programs in prison on the recidivism. Introduction:
 Many researchers have investigated the e¤ect of job training programs on workers both theoretically and empirically since the seminal work by . Also, many researchers have considered what types of regulations prevent people from committing a crime since the seminal work by . However, to the best of our knowledge, there has been few economic investigation into the e¤ect of job training programs for inmates on re-incarceration.  showed that older, more intelligent and more educated adults should commit fewer street (unskilled) crimes. The e¤ects of education, training, and wage subsidies, as well as enforcement policies on criminal behavior are also discussed.  estimated the e¤ect of education on criminal activity using changes in state compulsory schooling laws and found that the e¤ect is negative.  investigated the cause of the decline in the crime rate in the U.S. in the 1990s and found that 1)increases in the number of police, 2)the rising prison population, 3)the waning crac epidemic and 4)the legalization of abortion can explain the decline.  discussed the e¤ect of changes in labor market and anti-crime policies on 2003.  shows that empirical evidence supports the role of incentives in the criminal behavior, legitimate labor market experiences, sanctions including incarceration, and the risk of apprehension. ) investigated the redicivism in the U.S. and reported a table on di¤erence in re-incarcenation among parole, probation and expiration.  investigated the prisoner's integration into community after release. ,  and Tilley (2010) are a rare exception in the literature.  investigated the e¤ect of work-release program in North Calorina on recidivism by interviewing 453 subjects between July 1973 and June 1974. This was one of the …rst papers on the e¤ect of work-release program on recidivism. However, she did not control for any di¤erence in ability.  considered, in a single page report written in Japanese, the e¤ect of the job training at Kawagoe Juvenile correctional facility on the re-entry ratio within …ve years after release. He showed that the re-entry ratio is higher for those who have not received any job training than those who have received some job training. He also considered the re-entry ratio di¤erence among participants in di¤erent job training programs. However, he did not 1) conduct any statistical analysis on the di¤erence in re-entry ratio among job training programs, 2) consider the e¤ect of the job training on the length between release from and re-entry into prison or 3) correct for the di¤erence in ability. Tilley (2010) considered the e¤ect of both educational and vocational training program on recidivism. He relied on individual level dataset from …ve states in the U.S. in 1994. He found that participating in educational program reduced the risk of recidivism but that in vocational program did not. Also his result is based on a dataset of inmates relased from a single year so that the result may depend on hidden factors speci…c to that year. In addition, the dataset is for inmates relased in 1994 so that the result in his paper may not apply to more recent period."
"a Correctional Setting"" (Bruce Hobler); ""Correctional Education's Bottom Line"" (Douglas","https://scispace.com/paper/a-correctional-setting-bruce-hobler-correctional-education-s-2pd24xv61d","1984","","","P. Shannon
Herman Lee
Jayne Murray
A. Gregory
M. G. Neithercutt
Bruce I. Wolford
John Platt
Deborah G. Wilson
Moss Haber","","https://scispace.com/pdf/a-correctional-setting-bruce-hobler-correctional-education-s-2pd24xv61d.pdf","","(22%) is not a great deal higher than the figure (12.5%) for the entire state at the time of this study; moreover, most of the persons in the overall state average are probably law-abiding citizens without criminal records. 17 5.:
 6. Vocational graduates appear to demonstrate a low incidence of returning to prison while on parole. The incidence of recidivism, during parole, for those vocational graduates who were employed is even lower than those vocational graduates who were unemployed. 7.:
 Vocational graduates who receive their training at institutions which '.roduce a larger number of graduates (and thereby likely operate a larger number of vocational programs) seem to show better overall employment figures and parole performance than vocational graduates who receive their training at institutions which produce the lower numbers of graduates (and thereby likely operate fewer numbers of vocational programs). Recommendations:
 Based upon the researchers' interpretation of the data in this study and their collective experience in vocational and technical education as well as in corrections in general, it is recommended that:  Relevant vocational education courses in Ohio's prisons ought to be carefully :xpanded so as to include a greater number of inmates who can potentially benefit from vocational training. 3.:
 Additional efforts should be put into establishing an on-going easily-tracked data collection system on inmates who are vocational graduates. 3.:
 4. Aspecific research study should be conducted which compares the employment and overall parole performance of vocational graduates with all parolees from the same Fiscal Year; such a study also could set the stage for on-oing annual comparisons. 3.:
 5. Additional staffing and appropriate funding should be incorporated into departmental planning so as to ensure valid, on-going data collection and analysis as well as continued research inquiries. 3.:
 In summation, the authors wish to stress that they are well aware of preva4ling negative public attitude toward providing funds for vocational training for incarcerated persons. The researchers therefore wish to end this report of their followup study with a comprehensive, pragmatic statement on the issue of providing sound vocational training programs for inmates. 3.:
 From their experiences with corrections and correctional education, the researchers are aware, as are other professionals in corrections, that many, perhaps most, persons committed to prison demonstrate both poor educational backgrounds and functional levels as well as poor employment records. If nothing is done to 18 improve either or both of these deficient areas during incarceration, it follows that the inmates' return to illegal activities upon eventual release will be probable. Even if further crimes are avoided there remains an increased likelihood of continued public dependence through unemployment and/or welfare assistance. Including the time spend in prison at public expense, this can add up to continued outlay of tax dollars with little or no return."
"Colleges with Fences: A Handbook for Improving Corrections Education Programs. Research and Development Series No. 266.","https://scispace.com/paper/colleges-with-fences-a-handbook-for-improving-corrections-q45cfmrm7b","1987","","","Brian E. Simms","","https://scispace.com/pdf/colleges-with-fences-a-handbook-for-improving-corrections-q45cfmrm7b.pdf","Simms, Brian E.; And Others Colleges with Fences: A Handbook for Improving Corrections Education Programs. Research and Development Series No. 266. Ohio State Univ., Columbus. National Center for Research in Vocational Education. Office of Vocational and Adult Education (ED), Washington, DC. 87 300-83-0016 93p. National Center Publications, Box F, National Center for Research in Vocational Education, 1960 Kenny Road, Columbus, OH 43210-1090 (Order No. RD266--$8.75). Guides Non-Classroom Use (055)","correctional context because the inmate populations typically display a higher than average rate of illiteracy, rate of pre-arrest unemploy- ment, incidence of substance abuse, and greater than average eductional deficiencies and other sociopsychological problems. Support Services:
 Indeed,  found that, in postsecondary correctional college programs that made extensive use of support services, the following outcomes were observed: Support Services:
 The programs ... appeared better able to draw, involve, and advance inmates who had educational deficiencies. The participants were better able to capitalize on what they gained from the inside program by continuing with their college education after release. They made a smooth, easier transition to life on the streets during the initial period after release: and they were able to get better, higher paying jobs. They developed greater self-awareness and gained personal confidence from their successes and contacts inside the program. Finally, more participants of these programs indicated that the programs met their educational needs.  Support services particularly important to postsecondary vocational education are career counseling and job placement assistance. As noted earlier, a high percentage of inmates are unemployed at the time of their arrest. Moreover, the employment histories of most inmates indicate that they typically have held low-paying, low-status jobs with high and fast turnover rates. One of the central aims of postsecondary vocational education is to break the cycle generated by inmates who, upon release from prison, return to crime c way of life that is more lucrative and, in some ways, more stable than the unskilled jobs available to them. Career counseling can help inmates develop long-term career plans to guide their progress through correctional education and vocational education programs and postrelease job searches. Support Services:
 Most inmates also need job placement assistance. In many states, inmates must have a job waiting in order to obtain parole. However, the stigma of being an ""ex-con"" often makes it difficult to find jobs. Job placement assistance can help inmates find employment related to their vocational training that is stable and better paying than unskilled jobs. Curriculum Content:
 In a recent study , the major finding that emerged was that experts and members of the general public think vocational education's major role is preparing citizens for the world of work. This role assumes even greater significance within the context of corrections. As  elaborates: Curriculum Content:
 A rationale which appears logical and valid for vocational education in corrections ... goes something like this: the offender desires work more than s(he) desires to commit a crime and will therefore not ""offend"" if job skills and legitimate employment are within his/her grasp. in order to acquire the job skills necessary for legitimate, satisfying employment, the offender needs training in up-to-date, marketable skills and exposure to the best of teachers and teaching methods. Vocational education for the offender, then, is considered the mechanism by which the offender becomes first rehabilitated and then reintegrated into society with no economic incentive to return to crime. (p. 9) Like free-world vocational education, correctional vocational education is judged to be effective only to the extent that it provides inmates with the skills necessary to obtain training-related employment upon release from prison. The corollary to this is that effective correctional vocational education provides inmates with the occupational skills and knowledge needed by business and industry. Moreover, this role Is perceived to be even more sharply defined for the postsecondary level than the secondary level of education."
"Correctional Education: Assessing the Status of Prison Programs and Information Needs.","https://scispace.com/paper/correctional-education-assessing-the-status-of-prison-1jc8b36uyt","2004","","","Steven Klein
Michelle Tolbert
Rosio Bugarin
Emily Forrest Cataldi
Gina Tauschek","","https://scispace.com/pdf/correctional-education-assessing-the-status-of-prison-1jc8b36uyt.pdf","","prison inmates are eventually released. Often dropped back into society without transitional services, lacking the educational or social skills to support themselves and possessing the stigma of a prison record, it should come as no surprise that many of these individuals eventually return to prison. Recidivism:
 According to statistics from a U.S. Department of Justice Study,  which tracked the outcomes of 272,111 inmates released from state prison in 1994, more than two-thirds (68 percent) of prisoners were rearrested for a new offense within three years following their release and more than one-half (52 percent) were reincarcerated for a new offense or parole violation (Table .1). early 1998.  The study found that inmates who participated in correctional education programs exhibited lower recidivism rates at the end of the three-year study period and were onethird as likely to be reincarcerated as non-participants (Figure ). Participants also earned higher wages than nonparticipants for each of the three years they were followed. Most recently, the:
 While the study documented lower recidivism rates for correctional education participants in the three participating states, findings cannot be generalized nationally because characteristics of correctional education programs-including statutory definitions of crime, sentencing guidelines and employment data-vary from state to state. Researchers also noted considerable variation across the three participating states, and among facilities within states, in how data were collected and maintained. Cumulative percentage of released prisoners who were: What Is Missing?:
 State prison administrators can make a substantial contribution in assessing the association between correctional education and recidivism. Doing so will require standardizing reporting and incorporating post-release data elements into current state information systems. Building capacity will entail What Is Missing?:
 • Establishing a common definition of recidivism. There is currently no agreed-upon national definition of recidivism, meaning that states are using different procedures for determining recidivism rates. What Is Missing?:
 • Linking prison administrative records within and across state agencies. Unique prison identifiers do not always travel with inmates following release, meaning that recidivists may be assigned new identifiers each time they are imprisoned. A relatively small number of federal and state prison staff are engaged in providing educational services, such as academic or vocational instruction. Between 1990 and 2000, the total number of educational staff increased by nearly 26 percent, rising from 11,000 to 14,000 individuals (Figure ). In spite of this, the proportion of staff engaged in providing correctional education services declined over the period, falling from 4.1 to 3.2 percent of total institutional staff (Table .1). What Is Missing?:
 The combination of increasing inmate populations and relatively small growth in educational staff has meant that the ratio of inmates to instructors has substantially increased. What Is Missing?:
 Between 1990 and 2000, the number of inmates per instructor climbed from 65.6 to 95.4 inmates, although there is some evidence that rates have stabilized since 1995. Unfortunately, due to survey construction, it is not possible to differentiate between part-time and full-time employees in these estimates. What Is Missing?:
 As such, these findings may underestimate the actual inmate to education staff ratio if states rely on part-time instructors to provide instructional services."
"La inserción laboral de ex reclusos : una aproximación cualitativa","https://scispace.com/paper/la-insercion-laboral-de-ex-reclusos-una-aproximacion-14zfcsa8x9","2014","Journal Article","Revista Espanola De Investigaciones Sociologicas","Fernando Osvaldo Esteban
Ramon Alós
Pere Jódar
Fausto Miguélez","10.5477/CIS/REIS.145.181","https://scispace.com/pdf/la-insercion-laboral-de-ex-reclusos-una-aproximacion-14zfcsa8x9.pdf","Uno de los debates recurrentes en criminologia pivota en la efectividad de las diversas medidas adoptadas desde el sistema penitenciario para la reinsercion de la poblacion reclusa. En este articulo abordamos especifi camente el analisis de hasta que punto la formacion ocupacional y los programas de trabajo en los centros penitenciarios contribuyen a la reinsercion social y laboral de los internos y ex internos. El punto de partida es una investigacion llevada a cabo en Cataluna mediante entrevistas semiestructuradas a expertos y a reclusos y ex reclusos. Los principales resultados que se resaltan son: a) la formacion ocupacional y el trabajo en los talleres contribuyen moderadamente a la reinsercion de los reclusos, segun su motivacion personal y recursos sociales; b) no obstante, su funcion mas determinante recae en sus aspectos terapeuticos y educativos en la propia prision, que ayuda a mantener el orden e, indirectamente, a la resocializacion de los reclusos.","penitenciario para la reinserción? Un estudio a partir de las opiniones de los presos de las cárceles de Cataluña». Revista Española de Investigaciones Sociológicas, 127: 11-31. Resumen:
 Uno de los debates recurrentes en criminología pivota en la efectividad de las diversas medidas adoptadas desde el sistema penitenciario para la reinserción de la población reclusa. En este artículo abordamos específi camente el análisis de hasta qué punto la formación ocupacional y los programas de trabajo en los centros penitenciarios contribuyen a la reinserción social y laboral de los internos y ex internos. El punto de partida es una investigación llevada a cabo en Cataluña mediante entrevistas semiestructuradas a expertos y a reclusos y ex reclusos. Los principales resultados que se resaltan son: a) la formación ocupacional y el trabajo en los talleres contribuyen moderadamente a la reinserción de los reclusos, según su motivación personal y recursos sociales; b) no obstante, su función más determinante recae en sus aspectos terapéuticos y educativos en la propia prisión, que ayuda a mantener el orden e, indirectamente, a la resocialización de los reclusos. and representations in relation to the mechanisms put in place for their re-entry into society and the workforce. These results constitute the basis for this paper. The second consisted of a combined analysis of the records of both the Social Security (SS) authorities and the Prison Information System of Catalonia (Sistema de Información Penitenciaria de Cataluña), with the purpose of testing the degree of association of post-release career paths with ex-inmates' participation in re-entry preparation programmes. The analysis of the data in these records showed that, out of a total of the 3,225 exinmates identifi ed, 43.6% re-entered the labour market in some form after their fi nal release (as of 30 June 2009), whilst just under half of these obtained employment that lasted less than three months a year. 22.9% of the former inmates from the period analysed re-offended, and for 33.4% no registration with the Social Security authorities was recorded for employment purposes after their fi nal release date. It can be stated, therefore, that very few managed to obtain security in their re-entry into employment. The majority of those who applied for registration with the Social Security authorities alternated periods of employment with periods of unemployment; and for those who had access to paid work, it mostly involved manual, low-skilled tasks, with short, or even, very short contracts. The infl uence of various variables on post-release entry into employment was also verifi ed: for example, men were more likely to fi nd work than women, as did those with a higher education level, those who left the penal system when they were younger, those who were not repeat offenders, those who When I was in prison at the beginning I didn't do anything. Reintegration, rehabilitation, these are words I don't like much, as they make it sound as if you came from the moon… as if you were an extra-terrestrial and need to be re-educated."
"The Practice and Promise of Prison Programming","https://scispace.com/paper/the-practice-and-promise-of-prison-programming-1sh5err6rf","2002","Dataset","","Sarah Lawrence
Daniel P. Mears
Glenn Dubin
Jeremy Travis","10.1037/E720872011-001","https://scispace.com/pdf/the-practice-and-promise-of-prison-programming-1sh5err6rf.pdf","This report includes a literature review on the effectiveness of educational, vocational, and work programs in prison on employment outcomes and recidivism, and it includes an inventory of prison programs in seven states from the Great Lakes region The report also makes recommendations for strategic opportunities and identifies policy targets for increasing and enhancing prison-based programming","advocacy groups, business associations, education-related associations, researchers, and victims' rights groups. These key stakeholders could come together for the purposes of consolidating efforts, improving information exchange across interested organizations, setting an agenda, and prioritizing next steps. H O W:
 2. The objective of rehabilitating offenders to be better human beings so they can lead a more productive, socially acceptable life has seen declining support over the past two decades. Expanding and improving correctional programs could be reframed from a way to rehabilitate individuals to a way to increase offender accountability. W H Y:
 Requiring offenders to ""be productive"" and ""work hard"" like the average citizen may be more politically palatable and publicly supported than offering incarcerated individuals programs for rehabilitative purposes. H O W:
 This effort could be approached at the state level, agency level, or facility level. Laws mandating work or training while incarcerated could be passed by state legislatures. For example, Oregon recently adopted a series of changes in response to the 1994 Prison Reform and Inmate Work Act. The changes include an automated assessment process for identifying offender needs, matching of offender needs with appropriate programming, monitoring of inmate progress, and graduated vocational training and work experiences that culminate with the offender's release . Alternatively, departments of corrections could introduce policies that require offenders to attain certain education levels before release by a parole board, or individual wardens could implement programs at their facilities given sufficient money and resources. W H Y:
 Due to limited resources, typical correctional programs have not been regularly reviewed and updated and are often out of date. The tremendous recent changes in technology make it more difficult for offenders to succeed if trained in outdated industries or technologies. H O W:
 Organizations that develop standards and curricula for other educational and vocational endeavors could be hired to update and restructure correctional curricula. The Correctional Education Association (CEA) has developed a set of standards that could provide the foundation for a systematic review. H O W:
 4. Businesses from the private sector could be engaged in the training and employment of offenders prior to their release, with the goal of linking these prisoners to employment after release. W H Y:
 Despite the current, short-term economic concerns, businesses (manufacturers in particular) are forecasting a shortage of workers in the not-too-distant future. Several participants at a recent conference (""Correctional Education and Training: Raising the Stakes""  noted that many industries are increasingly in need of a well-trained workforce. The estimated high-level of demand over the next decade suggests opportunities for prisons to train offenders in job skills that can be parlayed into well-paying positions. There is considerable interest among both criminal justice and workforce development policymakers and practitioners for in-prison programs that can better prepare inmates for post-release employment. H O W:
 Business associations in partnerships with departments of corrections could organize job fairs for soon-to-be-released offenders. (The Federal Bureau of Prisons has adopted this approach with considerable success.) Businesses often are reluctant to participate, but after attending the job fairs typically become enthusiastic supporters because of the direct benefits to them. 5.:
 Correctional instructor skills could be improved and enhanced, both for teaching and for navigating instruction in correctional settings."
"The Practice and Promise of Prison Programming. Research Report.","https://scispace.com/paper/the-practice-and-promise-of-prison-programming-research-4b38o8zcvn","2002","","","Sarah Lawrence
Daniel P. Mears
Glenn Dubin
Jeremy Travis","","https://scispace.com/pdf/the-practice-and-promise-of-prison-programming-research-4b38o8zcvn.pdf","","prison programming on employment outcomes and recidivism. Although we present examples for illustrative purposes, we have not compiled an inventory of best practices or innovative approaches. For a comprehensive review of all types of adult correctional treatment programs, see and . Challenges of Program Implementation:
 A final point should be made before turning to our summary of the evaluation literature. Imple- menting and operating correctional programs present many challenges unique to correctional settings . These challenges can influence not only whether programming is provided but also whether it is effective. For example, staff turnover can reduce the effectiveness of programs. New staff require considerable training and, with insufficient training, may expose program participants to inappropriately implemented therapeutic interventions. Also, prisoners may have pre-existing educational and professional deficits or suffer from substance abuse and mental health disorders. Im- proving their education level or work experience alone may not be possible or sufficient to generate an appreciable difference in the likelihood of recidivating or maintaining employment. Challenges of Program Implementation:
 At a broader level, prison administrators readily acknowledge that their top priority is maintaining control of the prison environment to maximize the safety of guards and prisoners. In an era of prison expansion and constraints on prison budgets, allocating space and resources for correctional-programs is not the top priority for correctional managers . Such factors directly affect programming and are among those most commonly cited by correctional officials as barriers to effective programming . Prison Programming Can Work:
 In presenting a summary of the research literature on correctional programming, we have drawn extensively on four recent, comprehensive reviews of dozens of individual program evaluations:     reviewed the state of knowledge for correctional treatment, including a review of recent meta-analyses from both the juvenile and adult treatment literature and a listing of principles of effective programs and interventions.  conducted a meta-analysis of the recidivism outcomes of 33 studies (which included 53 different programs) of education, vocation, and work programs.  review of the literature concluded that ""research shows a fair amount of support for the hypothesis that adult, academic and vocational programs lead to...reductions in recidivism and increases in employment opportunities"" (p. 11). Table  presents a summary of their major findings. Prison Programming Can Work:
 Across several different types of educational programming,  found that the majority of studies showed that participants were (a) less likely to recidivate and (b) more likely to be employed after release. Prison Programming Can Work:
 This conclusion is echoed by the other reviews.  state: ""Despite methodological shortcomings and challenges, the evidence suggests that carefully designed and administered education and work programs can...reduce recidivism and promote involvement in pro-social activities after release"" (p. 398). They go on to note that ""when con-Table . The Effectiveness of Correctional Programming Pre-college education (elementary/secondary/GED) 9 of 14 studies found participants were less likely to recidivate 3 of 4 studies found participants more likely to be employed after release Prison Programming Can Work:
 College-level education 10 of 14 studies found an inverse relationship between college education and recidivism 3 of 3 studies found participants more likely to be employed after release Vocational programs 9 of 13 studies found participants less likely to recidivate 5 of 7 studies found participants more likely to be employed after release"
"Effectiveness of Inmate Labor Programs: A Case Study of Marion County's Inmate Work Farm","https://scispace.com/paper/effectiveness-of-inmate-labor-programs-a-case-study-of-3z1sxhfpc7","2019","","","Cassie Beck","","https://scispace.com/pdf/effectiveness-of-inmate-labor-programs-a-case-study-of-3z1sxhfpc7.pdf","This research project explores the topic of prison labor in the United States. The aim is to analyze the both the strengths and weaknesses of inmate labor programs. In addition, this project examines the effect that these programs have on both the prison itself and the inmates that participate. It analyzes Marion County’s Inmate Work Farm in order to investigate how helpful or harmful this program is to the inmates and the community that surrounds it. This project uses several different theoretical concepts to further explain the topic including Michele Foucault’s concept of power as well as the concept of social order and the societal institutions, such as prisons, that are used to maintain it. The project concludes that there are both risks and benefits to these labor programs which include an incentive for higher incarceration rates, exploitative conditions, vocational training for post-release, and strengthening ties with the community that surrounds it.","literature available on these labor programs, the three major themes discussed most often are recidivism and rehabilitation, mass incarceration and the prison industrial complex, and the affect that these types of labor programs have on unemployment rates as well as the national economy. Recidivism and Rehabilitation:
 When discussing the relationship between prison labor programs and the recidivism rate, many scholars disagree on whether or not there is a strong enough correlation. Some believe that certain work programs teach inmates the vocational skills that they need to obtain jobs after release and lower their chances of recidivism. The general belief is that if an inmate is able to obtain a job after being released, they will be far less likely to end up back in prison . These work programs include a wide range of vocations from working on assembly lines to fighting wildfires. For example, a study was conducted by Miriam  to test the effectiveness of a Minnesota prison labor program on post release employment and recidivism rates. This program trains inmates in construction jobs while building and repairing affordable housing in the community.  concluded that although the program only slightly reduced the rate of recidivism, it did increase the number of inmates that were hired for construction jobs after being released by a significant amount. In addition, they also stressed the importance of ""a continuum of care"" in order to reduce recidivism rates among inmates and that ""stand-alone services may not be enough to change an offender's trajectory"" . Recidivism and Rehabilitation:
 Similarly to  study, an analysis of several fire camps in the state of California and the effect that this type of prison labor has on rehabilitation and recidivism for its inmates was done by Philip  from the University of Toronto. Recidivism and Rehabilitation:
 Prisoners placed in these camps act as firefighters, working on the front lines of some of California's biggest wildfires. These camps are often seen as a more relaxed setting than a traditional prison. Goodman concluded that although their work is seen as important in the rehabilitation process and a great service to their community, many experts feel that inmates placed in these camps are not receiving the vocational training that they need in order to obtain a job after their release. These camps do not have any formal programs, such as formal job training, general education classes, and mental health counseling, that equip inmates with the tools needed to help them change their social or economic status after being released . Along with the difficulty of trying to find a job with a criminal conviction on their record, many of these former inmates are finding that they do not have the necessary skills or requirements needed for the job. Recidivism and Rehabilitation:
 In addition, Goodman argues that the idea of these camps being rehabilitative depends on one's own perspective and understanding of what successful rehabilitation looks like. For example, he states that many of the inmates and staff in these camps place little importance on the role of formal training and programs that seek to better an inmate's material and mental health status post-release. Instead, they believe that it is ""more important that people help themselves by building work ethic"" ."
"The Social Reintegration of Offenders and Crime Prevention","https://scispace.com/paper/the-social-reintegration-of-offenders-and-crime-prevention-4hjff46g65","2007","","","Curt T. Griffiths
Yvon Dandurand
Danielle Murdoch","","https://scispace.com/pdf/the-social-reintegration-of-offenders-and-crime-prevention-4hjff46g65.pdf","","post-release jobs, believed that they were less likely to re-offend than offenders nearing release without postincarceration secured jobs (Niven and . Similar results have been achieved in the U.S. with employment programs sponsored by the Safer Foundation . THE SOCIAL REINTEGRATION OF OFFENDERS:
 One analysis of the impact of community-based employment interventions that used random assignment of participants to the programs on re-offending, however, found no statistically significant effect on the likelihood that program participants would be rearrested. . Similarly, quasi-experimental studies of community employment programs have also failed to find significant reductions in recidivism for participants in employment service interventions . THE SOCIAL REINTEGRATION OF OFFENDERS:
 Although in theory it is believed that employment will decrease the likelihood that an offender will re-offend, the link between employment and re-offending is unclear . It has been suggested however, that the gains of employment with respect to reducing re-offending may be linked to the quality of the job, rather than merely being employed . Furthermore, the relationship between legal employment and reduced recidivism may be heavily influenced by the interaction of the following factors: stable accommodation, having employment-related qualifications, not having substance abuse-related problems, and being proactive in asking for help with job searches (Niven and . Researchers have noted that it is vital that the individual needs of ex-prisoners be identified and matched with specific services. Among the more important employment interventions are job readiness classes, vocational education, GED certification, job training, job placement, and job monitoring by a case manager . THE SOCIAL REINTEGRATION OF OFFENDERS:
 Although the empirical evidence does not demonstrate significant decreases in recidivism rates for offenders participating in employment service interventions, there is little doubt that legitimate employment is vitally important in the seamless reintegration of offenders back into their communities . It is important that employmentrelated services be provided on a continuum from the time an offender enters prison until their release into the community. Vocational assessment should occur early in an offender's sentence and should guide the future employment-related services that are offered to the offender. The vocational assessment would provide a series of benchmarks to assess the progress of an offender's employment-readiness plan. THE SOCIAL REINTEGRATION OF OFFENDERS:
 The success of this continuum may be contingent upon the development of policies and procedures that are developed among institutional corrections, parole agencies, community corrections, the private sector, and community organizations. Of further importance is that parole agencies and community corrections agencies be given the opportunity to provide input to institutional corrections officials with respect to vocational and pre-employment services that are offered to prisoners. This would be beneficial as it is a means of ensuring that pre-release measures will address the Lodging and Financial Assistance:
 Offenders released from prison generally received little pre-release support in securing accommodation and are often unable to find suitable living arrangements. Social isolation is a core experience of many ex-prisoners who may end up homeless or with unstable, unsuitable housing. Offenders who are reconvicted often point to lack of suitable housing as a key factor in their unsuccessful transition to life in the community . The absence of suitable accommodation for released offenders in the community can result in ex-prisoners being concentrated in the most problematic parts of the community where there are high rates of crime and disorder and an absence of support services."
"A Race Conscious Pedagogy: Correctional Educators and Creative Resistance inside California Juvenile Detention Facilities","https://scispace.com/paper/a-race-conscious-pedagogy-correctional-educators-and-3ryvb2obxe","2015","Journal Article","Association of Mexican American Educators Journal","Jerry Flores","","https://scispace.com/pdf/a-race-conscious-pedagogy-correctional-educators-and-3ryvb2obxe.pdf","The United States leads all advanced nations in rates of incarceration with a total of 2.3 million inmates. Although most prisoners are adults, rates of juvenile incarceration are equally high. Most scholars overlook the large amounts of young people who attend schools behind bars. This article discusses how teachers in three juvenile detention facilities in southern California adopt a race conscious pedagogy. This teaching approach allows educators to provide incarcerated students with resources unavailable to them in their own communities. Through semi-structured interviews and participant observation, I took an in-depth look into the teaching techniques used in these facilities. My results indicate that teachers in correctional classrooms are adopting a race conscious pedagogy that allows them to participate in “creative resistance” inside of institutions of confinement.","emotional, physical, and sexual abuse of inmates is ubiquitous . Yet, when kids are imprisoned they are not just incarcerated they are also supposed to be receiving an education. In the next section, I explore the literature on education including the goals of public schooling. Teaching in Corrections:
 Criminologists, rather than sociology or education scholars have written most of the empirical literature addressing correctional education. As a result, they tend to focus on whether education in general or specific educational programs are effective in reducing recidivism. However, information regarding the overall process and outcomes of providing education to incarcerated youths has seldom been the central focus of academic or policy research. Typically, when such goals are mentioned they are brief allusions noted only as part of the process of describing and evaluating the effectiveness of specific programs. I identified four major issues in this literature. First, scholars have noted that correctional education programs are more likely to be judged as successful if they prepare graduates to become gainfully employed than if they work towards basic skills (reading, writing and mathematics) proficiency or college preparation. Second, these scholars note that incarcerated youth are often several grade levels behind and the knowledge they have may contain substantial gaps (e.g. a student may be a high school senior despite reading at a 6 th grade level). Third, previous researchers have noted that the safety and control measure of an institution of corrections often interrupts the time that may be set apart for instruction and also limits the instructors' classrooms activities. Finally, many researchers have argued that vocational training is the primary way to get young people re-started on the right track. For example,  call for a shift away from programs that are focused on granting GED's to an educational model that emphasizes vocational training.  writes that specific courses are needed for the professional development of inmates. , who teaches adult education in a New York state prison, justifies a shift towards vocational training because he believes that these courses provide inmates with practical training that will translate into better prospects for being hired. Other research suggests that emphasizing vocational training in corrections is misguided, because higher education has proven to the best way to prevent recidivism . However, juvenile justice policies that require convicted individuals to pay restitution to their victims or make employment a condition of early release encourage programs that lead to immediate employment rather than programs that require long-term investments before they will pay off in the form of new employment. As a result, some students may re-enter society with the ability to do certain types of labor, but without the basic mathematics and reading skills that would allow them greater flexibility and independence in choosing a lifelong career. Teaching in Corrections:
 Teaching in corrections usually involves instructing students who have many educational deficits that are not addressed by penal institutions . Prison educators encounter students with educational handicaps such as undiagnosed disabilities, linguistic impairments, physical and psychological disabilities, or drug dependence . An increasingly large percentage of inmates are culturally and linguistically diverse, meaning they speak English as a second language . In addition, many inmates lack basic academic skills such as phonemic awareness and the ability to add beyond single digit numbers . Not addressing the special needs of inmates can lead to adverse and unintended consequences for both the jail staff and the inmates by leading to behavioral and educational problems in the classroom."
"Adult Education in Correctional Settings: A Critical Literature Review","https://scispace.com/paper/adult-education-in-correctional-settings-a-critical-2lqmsp4ncx","2014","","","Sannon Frey","","https://scispace.com/pdf/adult-education-in-correctional-settings-a-critical-2lqmsp4ncx.pdf","This paper reviews literature relating to correctional education in five adult education journals and examines trends in adult education revealed through the analysis. Through exploration of these trends, adult educators can begin to address the motivation for offering these types of education and who it is intended to benefit. Introduction Adults with lower levels of formal education are more likely to be incarcerated than adults with higher levels of education (de Maeyer, 2001). Consequently, many correctional educational efforts are based on raising inmates’ levels of education in the hope of reducing recidivism (Wade, 2007 and Esperian, 2010). Wade (2007) describes a three-fold purpose of correctional education as acquiring practical knowledge to increase employment opportunities for inmates upon release, encouraging responsible thinking, and using the knowledge and new ways of thinking to avoid future incarceration. In contrast, de Maeyer (2001) writes of the purpose of education in correctional institutions as liberation into new ways of thinking and acting for prisoners. Other programs emphasize either cognitive or emotional transformation (Kilgore, 2001). These approaches to educating inmates echo contrasting views on the purposes of education within the field of adult education (Heaney, 1996). This review provides perspective on how writing about incarceration within the context of adult education journals has been represented and discussed over time and focuses on trends and theoretical perspectives espoused within the literature. This review demonstrates how correctional education within the context of adult education, as reflected in these journals, has changed throughout time. Examining which areas have dominated and which have been neglected provides insight into the field of adult education. When reviewing the literature, the following questions were considered: What are the theoretical and ideological frameworks of the articles? What topics are addressed (or not addressed) within the articles? What aspects of adult education do the authors rely on in their analyses? Methods This paper presents the findings of a content analysis of five key adult education publications: Adult Education Quarterly (1950 – present), International Journal of Lifelong Education (1982 – present), New Directions for Adult and Continuing Education (1979 – present), Studies in the Education of Adults (1990 – present), and Journal of Research and Practice for Adult Literacy, Secondary, and Basic Education (formerly titled Adult Basic Education and Literacy Journal and Adult Basic Education) (1977 – present). These journals were chosen to provide perspective on various facets of adult education from literacy to adult basic education to informal learning and other topics. The following search terms were used: prison, prisoner, incarceration, incarcerate, correctional, corrections, penitentiary, inmate,","education publication history. Notably, many of these studies (four out of six) are quantitative and are performed, in part, to influence policy decisions, which accounts for some of the focus on reducing recidivism and lessening the prison population. Recidivism Reduction:
 As seen in the previous two sections, reduction of recidivism is a primary goal of many correctional education programs. Many of the articles in this analysis address recidivism through particular programs, such as literacy or vocational education. In other articles (also categorized elsewhere in this paper), authors commonly address and propose measures to reduce recidivism . Additionally, many other articles in this analysis mention lessening the rate of recidivism as a hopeful result of the education provided in their context. As  describe, ""[a]cademic education is recognized in many correctional institutions as a cornerstone of criminal rehabilitation"" (p. 121), and consequently, many of the authors of articles found for this analysis embrace methods of measuring recidivism reduction as a quantifiable way to track the success of their programs. The reliance on quantitative methods in many of these studies supports the notion that many of the programs described must continue to prove themselves to have access to jails and prisons and to receive funding for the program, if necessary. History:
 Although several articles included historical elements, only one article concentrated on the history of adult education within prisons.  ventures beyond the scope of adult education journals and examines the history of prison reform. Of relevance to many other articles in this analysis, he particularly notes the increased emphasis on education and training to reduce recidivism that occurred in the 1920s, described as a movement toward ""fitness for citizenship"" for former inmates (p. 366). The rise of this direction for education helps explain the strong focus on reducing recidivism found throughout many of the 27 articles included in this paper. It also provides grounds for the number of quantitative studies that are present within adult education literature on incarceration as necessary to satisfy the demands of the field as correctional institutions increasingly turned to education to reform their inmates. Probationary/Parole Education:
 Although the majority of studies concentrated on education within prisons and jails, three articles discussed education programs designed for people on probation or parole . The small number of studies on this topic and the wide range of dates of publication indicate that the topic has not been widely researched in adult education. Education for Prison Educators:
 Many publications in this analysis reflect education for inmates; however, three publications concentrate on educating the educators . Each of these three articles identifies problems that educators face and provides some ideas for action and for building relationship within the correctional facilities that promote a better teaching environment. Emotions and Learning:
 Three articles on emotions and learning comprise a small but noteworthy segment of correctional education . These two studies illuminate a part of adult education that is not widely discussed in other publications, namely the intersection of emotions and education. The paucity of studies on this topic and the very different ways and time periods in which these three articles were written demonstrate a general lack of interest in the topic. Although the methods used in the three studies were quite different, all demonstrate the importance of attaching positive emotions to education in prison."
"Congressional Debates over Prisoner Education: A Critical Discourse Analysis.","https://scispace.com/paper/congressional-debates-over-prisoner-education-a-critical-2ajhfsea5u","2009","","","Mark Timothy Yates","","https://scispace.com/pdf/congressional-debates-over-prisoner-education-a-critical-2ajhfsea5u.pdf","CONGRESSIONAL DEBATES OVER PRISONER EDUCATION: A CRITICAL DISCOURSE ANALYSIS by Mark T. Yates The United States has the highest incarceration rate of any country. The causes for the large number of prisoners can be traced, in part, to a politicized war on crime that resulted in harsh sentencing and high recidivism rates. Prisoner education provides the potential for slowing the revolving door of prison by helping to create engaged citizens, who are committed to bettering themselves and their communities. However, there is a paucity of support for programs such as Pell Grants, which could facilitate emancipatory education in prisons. The purpose of this work is to examine why prisoners are provided few meaningful educational opportunities while incarcerated. This study seeks to understand the genealogy of prisoner education policy through an examination of the debate surrounding the 1994 Omnibus Crime Bill and its prohibition of Pell Grants for prisoners, as well as the 2008 Second Chance Act and its reentry programs. The study analyzes the ideological underpinnings of key decision makers and how their values are often embedded in the narratives of neoliberalism. In addition, the work examines elite stakeholders‟ discursive attempts, both manifest and subtle, to influence and maintain social policy through the creation of legitimizing myths, including the viewpoints that prisoners are hopelessly flawed or that they have potential only as human capital. Counter-hegemonic discourse is also described. The study methods are critical discourse analysis which looks at the ways text and talk maintain inequities in society and critical policy analysis. Utilizing transcripts from legislative debates, the study analyzes the discourses of members of Congress to expose the tropes that often lie beneath the surface of the debate over prisoner education. Their rhetoric appears to generate and maintain widespread support for legislation that is frequently deleterious to marginalized outgroups. The study should add to the literature examining the role of legitimizing myths that maintain inequities in educational access. CONGRESSIONAL DEBATES OVER PRISONER EDUCATION: A CRITICAL DISCOURSE ANALYSIS by Mark T. Yates","addition to the grants for new programs, the Act calls for an assessment of existing programs to determine their impact on recidivism. Advocates of prisoner education have often had their claims called in to question due to the lack of comprehensive, national data: Education as Job Training:
 At the end of each fiscal year, the Director shall submit to the Committee on the Judiciary of the Senate and the Committee on the Judiciary of the House of Representatives a report containing statistics demonstrating the relative reduction in recidivism for inmates released by the Bureau of Prisons within that fiscal year and the 2 prior fiscal years, comparing inmates who participated in major inmate programs (including residential drug treatment, vocational training, and prison industries) with inmates who did not participate in such programs. Such statistics shall be compiled separately for each such fiscal year.  Inclusion of the provision could be viewed as a victory for the proponents of prisoner education for it will allow the comparison and promotion of the strategies that appear to work. However, there are a couple of weaknesses in the provision: One is that it appears to privilege recidivism reduction as the sole criteria for a positive outcome. First, the studies should take into account a variety of factors, including the prisoner""s income, benefits, job satisfaction, degree of involvement in the community and other factors that may affect the well-being of the former inmate as well as society as a whole. The degree to which these issues play out in the lives of the women and men as they leave prison may effect their ability to avoid the criminal justice system in the short-term as well as their ability to positively influence others in their community in the long-term. For example, a former prisoner who becomes a community activist, counselor, educator or union leader could help others in the sphere of influence to avoid the decisions leading to incarceration much better than someone who has no experience in the penal system. Yet, within the boundaries set by the assessment criteria for re-entry success, their potential contributions to their communities are downplayed in an effort to narrow the criteria to statistically-friendly recidivism rates. Education as Job Training:
 A move to broaden the research methodology beyond quantitative strategies to more inclusive methods within qualitative studies would be a first step toward capturing the wide range of experiences of the former prisoner. A broad-based form of research, combined with the quantitative data would provide a more realistic picture of the relative effectiveness of various pedagogical strategies in integrating ex-inmates back into their communities as full participants. Unfortunately, the language of the bill appears to privilege the scientific method, given that it requires those prisoners who participate in the programs (the experimental group) be compared to those who do not (the control group). Education as Job Training:
 The text of the legislation appears to favor specific kinds of programs by limiting the focus of the research to what it terms ""major"" programs which it suggests include ""drug treatment, vocational training, and prison industries."" While these suggestions may not be exclusive, they certainly privilege certain kinds of activities. The message seems clear: If your program does not fall within these categories, it may be suspect and not suitable subject matter for the Bureau of Prison""s report and consequently will be denied a means to access the halls of power (the committees of the Judiciary), as well as funding."
"Social Inequality and County-Level Correlates of State Prison Releases and Releases from Community Supervision","https://scispace.com/paper/social-inequality-and-county-level-correlates-of-state-43u5hgx3re","2016","Journal Article","International Journal of Social Science Research","Ronald Helms
S. E. Costanza
Ricky S. Gutierrez","10.5296/IJSSR.V4I1.8215","https://scispace.com/pdf/social-inequality-and-county-level-correlates-of-state-43u5hgx3re.pdf","Prisoner reentry is an important contemporary policy concern as many ex-convicts reenter communities uneducated and unprepared to compete in local labor markets. This study uses data from the 2003 National Corrections Reporting Program (NCRP) for the states of California, Illinois and Washington to examine contextual correlates of reentry patterns. The analyses reveal systematic correlates of releases from both incarceration and community supervision that highlight a diverse array of difficulties for offenders returning to their home community. The results of this study underscore the often-difficult transitions facing reentering offenders and support policy implications for those who oversee reentry processes.","inquiry to other ethnic and racial minority groups. We note that additional research is certainly warranted and will provide a useful check on the conclusions developed here. With the aforementioned limitations in mind, several research and policy implications can be derived from the study results. Conclusions:
 Correctional institutions across the nation are grappling with ways to reduce the likelihood that offenders who are released to the community will return to prison. While considering recidivism reduction, a recommendation from the crime literature that seems particularly pertinent for reentry policy is placing the focus on non-crime policies . In addition to focusing on individualized programming for offenders, if correctional officials want to do something to materially improve prospects for offender reentry, it is crucial they address the non-crime features of offender re-entry. Most of the interferences with successful reentry for offenders are the same things that would put any individual at risk of criminal activity. So attention should focus on reducing the obstacles. In addition to addressing offender needs while in prison, programs should systematically address housing, health (including mental health), and safety for released offenders and their family or other social supports. Conclusions:
 Correctional education has sometimes been lauded as a remedy for recidivism . This analysis documents that educational programming is a critical feature of any long term strategy as well as an immediate concern since successful reentry is hampered by the inability of offenders to compete in an increasingly technologically mediated and globalized economy. Important to this theme is not just the indication of a high school degree or its equivalency but involves what is taught in that process. Returning un-credentialed or poorly trained ex-offenders to communities where labor markets are increasingly focused on computer skills matched with abstract thinking and mental production equates with putting offenders back at square one. Offender education should be a top priority and we remind the reader that education is generally state-subsidized throughout the US. That said, in addition to a focus on offender education, boosting educational resources and capacity in the most at-risk communities is a plausible consideration for keeping people out of prison to begin with. In addition to educational concerns it appears that paying attention to the demographics of the areas where inmates are released  as well as targeting employment opportunities can facilitate the transition from prison to community. Conclusions:
 When offenders return to a community with little or no resources, they face substantial immediate challenges and their chances for success are limited. In order for the transition from prison to community to be a successful one, a comprehensive array of targeted services is necessary to assist offenders in the reintegration process. Policies targeting investments at schools exhibiting the greatest deficits would undoubtedly reach at-risk youth from which the majority of offenders come. A means tested approach with a progressive scale should be considered so that college is not precluded as an alternative for young adults in the least well-off communities. But such programs would only represent a starting point in reducing recidivism.  note ""The complexities of reestablishing life after prison in the days and weeks after release are many and include the following: finding a place to live; securing formal identification; reestablishing ties with family; returning to high-risk places and situations; and the daunting challenge of finding a job, often with a poor work history and now a criminal record.""  focus on the dynamics of recidivism and use neighborhood data to predict patterns of re-offending. They note the myriad social problems that inmates confront when released from incarceration and the structural barriers they must overcome."
"An Examination of Career Decision-making in the Context of Female Offenders","https://scispace.com/paper/an-examination-of-career-decision-making-in-the-context-of-1hzt4knv25","2006","","","Allison L. Stone","10.25772/SHR3-Y782","https://scispace.com/pdf/an-examination-of-career-decision-making-in-the-context-of-1hzt4knv25.pdf","AN EXAMINATION OF CAREER DECISION-MAKING IN THE CONTEXT OF FEMALE OFFENDERS By Allison L. Stone, BA A thesis submitted in partial fulfillment of the requirements for the degree of Master of Science at Virginia Commonwealth University. Virginia Commonwealth University, 2006 Director: Victoria A. Shivy, Ph.D., Associate Professor, Psychology Female offenders often have had increased financial difficulties post-release because of lower levels of educational achievement and less job experience. Career programming may prove useful to female offenders by providing guidance with career decisions and strengthening career decision-making skills. The aims of this study were to investigate career decision-making skills and self-efficacy in the context of vocational programming for a group of female offenders. A pretest-posttest quasi-experimental design was used to examine scale scores for a group who participated in programming and a control group at the same correctional facility. A series o f t tests revealed no significant differences between the control and intervention groups. An examination of the subscale means indicated that female offenders may advocate more passive decision-making styles and lower career decision-making self-efficacy than the original norm samples for these instruments.","approach to the results, not addressed by , may be that offenders with multiple incarcerations are less anxious about career commitment because they are already committed to a criminal profession. The results are inconclusive, however, because of the very small sample size. A Need for Stronger Research:
 Though the programs reviewed to date have presented some promising results and suggested some areas for future exploration, the research has been sparse and unreliable for several reasons (Antonowicz & Ross, 1994; Bouffard et al., 2000; Brown & Ryan-Krane, 2000). Sample sizes were either small or disparate in comparison groups, and likely skewed outcomes. In addition, many researchers did not discuss the multiple programs to which offenders were exposed, nor did they take possible dual-intervention effects into account in their findings. Finally, none of the studies reviewed addressed offenders' career needs from both practical and psychological standpoints. Some programs in the literature focused on finding offenders any job regardless of interest, whereas others focused on career goals and psychosocial variables without considering career progressions or potential barriers for the offenders in treatment. As offenders often face both personal and social barriers to gaining profitable, desirable, and legal employment, future vocational programming must address all of these areas in order to affect personal and professional change for ex-offenders in the work force. Effectiveness of Vocational Programming in Corrections:
 Many of these programs may be considered successes to the extent that they keep offenders busy and reduce the amount of disruption and violence that can occur in prison. Effectiveness of Vocational Programming in Corrections:
 They also help to teach offenders responsibility by allowing them to receive raises, to pay for their own goods, and to maintain a certain standard of behavior. Some of the programs, such as job application training and diversion programs, also help to place an offender in a job upon leaving prison, an effort that can help to delay or prevent recidivism. Effectiveness of Vocational Programming in Corrections:
 Over time, however, it may be more difficult to consider these types of programming as having long-term success. Although many programs show positive results, typically the positive effects are seen in a variable known as ""time to re-arrest,"" in which the amount of time between an offender's release and his or her next arrest is measured. Such results may be a part of reducing recidivism and improving outcomes for ex-offenders; however, the idea that an extended ""time to rearrest"" is the best outcome to be hoped for reinforces the problems of the current vocational training system. Traditional post-release jobs are inadequate for offender needs:
 Several qualities of vocational and educational programming are particularly at fault. A primary problem is that in corrections-based vocational programming, offenders are generally taught or exposed to jobs that provide a low income and a low status in society . For females, jobs include mostly low-paying and low-status sex-stereotyped positions such as secretary, librarian, or janitor . A lack of education and reinforcement for physical labor may lead both prison officials and offenders to believe that such jobs are as much as can be expected for an offender population. , in his description and evaluation of one career program for offenders, found that most offenders initially identified interests and skills compatible with the low income and low status jobs that they expected to obtain."
"A Return to the 'World of Work': An Analysis of California's Prison Job Training Programs and Statutory Barriers to Ex-Offender Employment","https://scispace.com/paper/a-return-to-the-world-of-work-an-analysis-of-california-s-4aplbqq1e3","2006","Journal Article","Social Science Research Network","Julia Lipez","10.2139/SSRN.977255","https://scispace.com/pdf/a-return-to-the-world-of-work-an-analysis-of-california-s-4aplbqq1e3.pdf","This paper seeks to propose ways in which the State of California can help ex-offenders find employment upon their release from prison. In particular, the paper examines California's current prison employment programs and suggests that California should more effectively tailor them to train prisoners for those jobs that are both practically and legally available in California's current labor market. Note: Tables 1-5 for this paper are not included, please contact the author if you would like access to them.","TO WORK (2001), http://wtw.doleta.gov/documents/hard.asp. IV. Part VI contains recommendations to the State, based on the above analysis, regarding job sectors to which it should consider expanding its current prison job training programs. II. Significance of the Issue:
 Evidence suggests that reorganizing California's prison work programs will benefit both inmates and the people of the State of California if the CDCR can succeed in reducing the mismatch between the types of jobs for which ex-offenders are trained and the types of jobs they are most likely to obtain. Prison industry programs generally are associated with reduced recidivism and increased employment success for released inmates. Indeed, a 1995 metaanalysis conducted by Mark W. Lipsey of nearly 400 studies performed between 1950 and 1990   found that ""the single most effective factor in reducing reoffending rates was employment."" 18 In addition, several studies show that work programs in prison have a significant impact on the employment outcomes and recidivism rates of males who are over the age of twenty-six.  The Federal Bureau of Prisons' 1991 analysis of its Post-Release Employment Program (PREP) evaluated more than 7,000 federal program participants over a two-year period, and found that offenders who received training and work experience while in prison were 24% more likely to obtain a full-time or day-labor job upon release. One year after release, 10.1% of the comparison group inmates had been re-arrested or had had conditional release revoked, while only 6.6% of program participants had suffered similar fates. The study also found that 72% of the program participants found and maintained employment during this period, while just 63% of comparison inmates had similar luck. The study concluded, ""It appears that prison employment in an  PETERSILIA, supra note 4, at 112.  See Shawn Bushway & Peter Reuter, Labor Markets and Crime, in CRIME: PUBLIC POLICIES FOR CRIME  CONTROL 191-224 (J.Q. Wilson and J. Petersilia eds., 2002); Richard Seiter & Karen Kadela, Prisoner Reentry:  What Works, What Doesn't, and What's Promising, 49 CRIME AND DELINQUENCY (2003). II. Significance of the Issue:
 industrial work setting and vocational or apprenticeship training can have both short-and longterm effects that reduce the likelihood of recidivism, particularly for men . . . .""  The majority of the evidence thus indicates that ex-offenders who work in open-market jobs have slower and reduced recidivism rates than releasees who do not maintain employment after release.  Given that California has the nation's highest rate of recidivism, with 67% of releasees returning to prison within three years 22 , it should be looking for ways to reduce the rates of re-offending. Helping ex-offenders to more effectively find and maintain employment would no doubt assist California in its crime control efforts."
"Analysis of Recidivism Rates for Participants of the Academic/Vocational/ Transition Education Programs Offered by the Virginia Department of Correctional Education","https://scispace.com/paper/analysis-of-recidivism-rates-for-participants-of-the-2xokiw8fiv","2000","Journal Article","Journal of correctional education","Kim A. Hull
Stewart Forrester
James R. Brown
David Jobe
Charles McCullen","","https://scispace.com/pdf/analysis-of-recidivism-rates-for-participants-of-the-2xokiw8fiv.pdf","The following report is an analysis of statistical information on program completers of various academic, vocational, and transitional programs offered by the Virginia Department of Correctional Education (DCE) to the inmate population within the Virginia Department of Corrections (DOC). The study was initiated by the Superintendent of the Department of Correctional Education and was designed to assess the impact of DCE programs on recidivism. The sample of three thousand records (N = 3,000) of men and women released during the period 1979 – 1994 was examined with regards to involvement in educational programs while incarcerated and post-release reincarceration within the Virginia Department of Corrections and employment status while on parole/probation. Findings suggest that completion of an educational program while incarcerated may be positively and directly related to post-release community adjustment.","a much higher figure than those who do not complete any educational programs. This information is important because it represents employment with a stable employer, the payment of state and federal taxes, and the receipt of credits for quarters of employment through the social security administration. Results:
 All research has limitations and this study is not an exception. The data available did not contain the depth of information necessary to examine the possible reasons why those who are not enrolled in educational programming or enroll and do not complete return to custody at a higher rate than those who enroll and do complete. For example, it should be noted that this study did not include information regarding participation in other prison programs. Therefore, if post-release adjustment is attributable to some degree to participation in prison programs, it is impossible to disaggregate the effects of multiple programs on post-release adjustment from available data. Results:
 Finally, factors such as an individual's motivation to enter and complete educational programming while incarcerated, changes in an individual's level of commitment to complete programming, and the level of support from family and friends in the community may affect an inmate's post-release community adjustment and the likelihood of being returned to custody. This study does have value in that it is the first attempt within the Department of Correctional Education to quantify the effect of correctional education on recidivism rates within the Commonwealth of Virginia. Conclusion:
 The findings of this research support the position that completing an educational program during a period of incarceration is positively related to post-release adjustment. In addition, the results are an important indicator of the need for further in-depth research."
"Experiences of Ex-Offenders Assigned to a Work Release Program","https://scispace.com/paper/experiences-of-ex-offenders-assigned-to-a-work-release-5cq40edmo7","2019","","","Julia Marie Cottrell LeFevre","","https://scispace.com/pdf/experiences-of-ex-offenders-assigned-to-a-work-release-5cq40edmo7.pdf","Experiences of Ex-Offenders Assigned to a Work Release Program by Julia Marie Cottrell LeFevre MA, Central Michigan University, 1989 BS, George Mason University, 1985 Dissertation Submitted in Partial Fulfillment of the Requirements for the Degree of Doctor of Philosophy College of Social and Behavioral Sciences Walden University August 2019 Abstract Ex-offenders face many challenges and barriers in obtaining sustainable employment when reentering society. Researchers have demonstrated that participation in a work release program prior to release from prison may be beneficial. However, not all work release reentry programs are alike. Because offenders are the benefactors of these programs, it is essential their experiences are captured. The purpose of thisEx-offenders face many challenges and barriers in obtaining sustainable employment when reentering society. Researchers have demonstrated that participation in a work release program prior to release from prison may be beneficial. However, not all work release reentry programs are alike. Because offenders are the benefactors of these programs, it is essential their experiences are captured. The purpose of this phenomenological study was to understand and describe unique experiences of male exoffenders previously assigned to a work release program in an urban setting in an Atlantic East Coast state. Bronfenbrenner’s ecological systems theory framed the study. This study gives voice to and provides an understanding of the experiences of 5 individuals recruited utilizing the snowball method who were seeking employment while in the work release program. Data was analyzed using Moustakas’ 7-step data analysis procedure. Findings may inform program and policy makers of the importance to provide a more robust work release program that includes job readiness support and resources and the need to establish a partnership with local employers. Four themes emerged including: (a) Lack of Resources, (b) Need for Outside Support System, (c) Perception of Lack of Empathy from Correctional Officers and Employers, and (d) Gratitude and Appreciation to Participate in the Work Release Program. Findings further support the importance of collaboration between the criminal justice system, transitional reentry programs and employers in order to achieve positive social change with successful outcomes. These findings may lead to a reinvestment of resources and restructuring of reentry programs to serve its beneficiaries. Experiences of Ex-Offenders Assigned to a Work Release Program by Julia Marie Cottrell LeFevre MA, Central Michigan University, 1989 BS, George Mason University, 1985 Dissertation Submitted in Partial Fulfillment of the Requirements for the Degree of Doctor of Philosophy College of Social and Behavioral Sciences Walden University August 2019 Dedication I dedicate this to, and give thanks and glory to God for, His goodness and faithfulness to me during this long journey. I also dedicate this to those I have termed Jewels Gems – individuals who may seem to be a little rough around the edges, but with a little polishing, love and encouragement, they will shine brilliantly like beautiful gems. I am hopeful to put this degree to use for God’s will and be a shining example to inspire others to greatness by imparting “gems” of wisdom to help them uncover their true brilliance and all that they are meant to be. I thank everyone who supported me by being a gem to me as well as I worked towards my dream of obtaining my Ph.D. in Human Services. Acknowledgments I would like to take this opportunity to thank my Dissertation Chair, Dr. Mary Bold for providing me with expert guidance and dissertation tips throughout the process. I am very grateful and appreciative for her calming and encouraging presence. In addition, I would also like to thank my Dissertation Committee Members, Dr. Lillian Chenoweth and Dr. Scott Hershberger for their time and dedication along with Dr. Vania Bright to ensuring my success in completion of my dissertation. I would like to thank my wonderful loving husband Rick, who encouraged, supported and had faith in me that someday I was to be known as Dr. LeFevre. I would like to thank my dad, Joseph M. Cottrell, who has always believed in me and not only set an example for me to follow, but also sacrificed so that his children would have educational, professional, and real-life opportunities and experiences. Likewise, I want to acknowledge my mom, Lynn Kirven Cottrell who passed away way too young. She also believed in me and set an awesome example for me of compassion and hospitality for others. I thank my children, James and Victoria LeFevre. To Tori I thank for our many late night chats encouraging each other while she too worked on school. I am proud of her as she graduated college this year with her Bachelor’s degree from Longwood University and will continue on towards her Master’s degree at the College of William & Mary this fall. To my son James, who I have had the privilege to learn so much from and is the reason I have met and have such a passion for Jewels Gems. I thank my sister, Cindy, my Aunt Gayle and all my family and friends for their encouragement and support during this journey. Finally, I thank my fur babies who pulled all-nighters with me while the house was quiet, keeping my feet warm.","focus on locating the most current and relevant peer-reviewed journal articles. To locate current peer-reviewed journals, I limited my search to the last 10 years, focusing primarily on the last 5 years. For some searches I combined search terms listed below. Literature Search Strategy:
 I searched for articles with the following key words, some in conjunction with others reentry, reintegration, transitional services, work release, felon   Act . Finally, since I was interested in making a difference in my own community, I also conducted searches in criminal justice websites in my state. Transitional Programs/Reentry Resources:
 Across the country, reentry programs are being offered to individuals returning to society, to assist with an effortless transition .Similarly, in  literature research in preparation for their quantitative study, they found participating in work release programs prepared offenders for a successful reentry into the community. Work release programs, if available, provide offenders an opportunity to seek employment prior to release while residing in a location that is less confining than the jail . Transitional Programs/Reentry Resources:
 The concept of work release programs is not new. Work release programs have been implemented since the early 1920s . Many studies I read focused on reducing recidivism as the goal for instituting a variety of reentry programs. Transitional Programs/Reentry Resources:
 Not only may aspects of these programs help to reduce recidivism, but inmates who have access to participate in work release programs may also be provided an opportunity to gain employment prior to release . The concept of the work release program is to provide inmates with an opportunity to enhance work skills to help them maintain or gain new employment post-release . Transitional Programs/Reentry Resources:
 In addition to abstaining from further illegal activity, a requirement while on probation is securing employment . Therefore, it is in the best interest of corrections institutions to coordinate with corrections-based and community organizations to provide comprehensive transition services to ensure successful integration. In fact,  has expressed there is a need for more research on correctional employment programs. Transitional Programs/Reentry Resources:
 After conducting an extensive literature review,  found evidence that securing suitable employment upon release from prison is not only beneficial but also a key predictor of success of a former offender from recidivating. Transitional Programs/Reentry Resources:
 Likewise, authors  conducted a study and also found there are positive benefits to inmates of participating in job training and education while still incarcerated. A focus should be on transitioning ex-offenders into the community as productive, employed, contributing members of society. This is not only beneficial in helping to reduce recidivism rates and prison population, but also to ensure a successful reentry of the former offender into society . Transitional Programs/Reentry Resources:
 However, not all reentry programs are alike and resources available to inmates vary . Contrary to the research stated above, , who supports the importance of employment, found in his research that the majority of studies did not show employment programs alone reduce recidivism. Regardless, offenders can gain a wide array of benefits when working while incarcerated."