"Paper Title","Paper Link","Publication Year","Publication Type","Publication Title","Author Names","DOI","PDF Link","Abstract","Relevant Excerpt"
"The relationship between participation in different types of training programs and gainful employment for formerly incarcerated individuals","https://scispace.com/paper/the-relationship-between-participation-in-different-types-of-53kskxlm5n","2018","Journal Article","Human Resource Development Quarterly","Candace Flatt
Candace Flatt
Ronald L. Jacobs","10.1002/HRDQ.21325","https://scispace.com/pdf/the-relationship-between-participation-in-different-types-of-53kskxlm5n.pdf","","Keywords: human capital, workforce development, formerly incarcerated"
"Gulf-War-Era-II Veterans' Cognitive Information Processing and the Civilian Employment Transition.","https://scispace.com/paper/gulf-war-era-ii-veterans-cognitive-information-processing-265ywl8uxz","2018","","","Denita Hartfield Oyeka","","https://scispace.com/pdf/gulf-war-era-ii-veterans-cognitive-information-processing-265ywl8uxz.pdf","Gulf-War-Era-II Veterans’ Cognitive Information Processing and the Civilian Employment Transition by Denita Hartfield-Oyeka MS, American Military University, 2006 BA, Southern Illinois University, 2002 Dissertation Submitted in Partial Fulfillment of the Requirements for the Degree of Doctor of Philosophy Public Management & Leadership Walden University February 2018","training, and mentoring . Human capital theory analyzes the ability to adapt in a changing environment. The human capital theory demonstrates that productivity can be increased through higher education training that promotes access to a range of skills and knowledge to promote a lifetime learning and economic security . Conceptual Framework Theory of Human Capital:
 Previous researchers explored the human capital of veterans.  found that military service of World War II veterans afforded them significant employment advantages through their early and middle working years. Mani (2013) compared experience of male and female veterans and non-veterans in their pay in the federal civil service. Mani used regression models based on the human capital model and data years before and after the wars in Iraq and Afghanistan. The down-turn in our economic climate has had a negative effective of military veterans earnings as well as their peers Military veterans accept jobs that are respectable but earn less pay than their military careers provided . The gender-based wage gap for nonveterans group who worked decreased while the pay for veterans who did not work in the Department of Defense (DOD) grew. This suggests that veterans experienced a wider gender-wage gap when they do not work in the DOD. Conceptual Framework Theory of Human Capital:
 Several factors of the human capital theory were considered in this study. This study analyzes if the education, wage differentials, and training of Gulf-War-era-II veterans contribute to their ability to overcome career problems. The theory of human capital suggests that these veterans have human capital because of their experiences as a soldier and in combat . Education and training for military personnel that are transitioning into the new civilian employment can be difficult to connect due to the difference in culture and criteria. The ability of the employer and the veteran to understand the transferability of military and civilian education and training can lead to employment stability.  identified that the human capital theory can also increase the quality of education and income-contributing investments could account for improvements in quality of life, valuations, and economic stability. Key Components of the Human Capital Theory:
 There are three key components that define the human capital theory: education, training, and attitudes towards work . The investment in education is an aspect of human capital that needs to be considered when considering the transition between employment cultures. The analysis of the educational background of an employee is important and very informative in terms of assessing human capital . In relation to education, the school quality also affects human capital. The number of years of schooling and the quality of education provided in the schooling are important factors that influence human capital of individuals and can influence their earning potentials . In the context of the military, some veterans are already graduates, while some have not yet completed their degrees. The investment of the military personnel encouraged the pursuit of educational goals to increase professional upward mobility in the military."
"Impact of Human Capital and Social Capabilities on Economic Growth of Pakistan: A Time Series Analysis","https://scispace.com/paper/impact-of-human-capital-and-social-capabilities-on-economic-9b3fxi10","2022","Journal Article","Journal of education and social studies","Zarish Riaz
Uzma Nisar
Humaira Yasmeen","10.52223/jess.20223103","https://scispace.com/pdf/impact-of-human-capital-and-social-capabilities-on-economic-9b3fxi10.pdf","Theoretically, human capital has a significant relationship with economic growth. In this regard, the present study was conducted to determine the conditions that have a significant and positive relationship with economic growth. The main objective of the study was to explore the impact of human capital and social capabilities or skills on the economic growth of Pakistan. The study estimates the impact of human capital and social capabilities on economic growth of Pakistan by using time series data from the period of 1980-2018 taken from World Bank. Autoregressive distributed lag framework is used for the valuation of variables relationship and direction of connection of variables. Human capital influenced by education expenditure, social capabilities, gross fixed capital formation (GFCF) and children mortality. This study indicates the role of human capital in growth and development of Pakistan. Results showed that health and education are the two main sectors which need significant attention of government. In addition, more investment on human capital can increase the social capabilities. Final consumption expenditure depends on current economic conditions of a nation. Results showed progressive human capital influence economic growth due to social capabilities. These objectives can be attained through sharing the suitable amount of GDP to these sectors.","Title: Journal of Education and Social Studies Authors: Zarish Riaz,Uzma Nisar (Corresponding Author),Humaira Yasmeen Keywords: Human capital, Social capabilities, Time series data, Pakistan INTRODUCTION:
 Human capital is a broad term which shows the various types of investments on individual. Simply, it is an investment on human skills through improving their health and education, which ultimately increase the knowledge and human capabilities . Literature shows that economic development cannot be possible without human capital. Human capital which is tool of growth that shows the skills, knowledge, tendency, opinion and other related traits of production .  supported this idea that economists use oftenly the term human capital for health, human capabilities and education that improve the work rate of a nation. It can be taken as advanced expertise, information and the capability of people that are required for construction, goods and services in the labor market. INTRODUCTION:
 The concept human capital has been started after the works of , , ,  and .  documented that wealth of nation is logically identified through its extent of human capital. The difference in socio economic level among the different countries of the world is not only measured by abundance of their natural resources and physical capital but also determined through stock of quality and quantity of human resources.  stated that human capital is the most important to enhance efficiency of labor and physical capital.  also explained that human capital is a main component that increases the resources of firm and supports the workers to raise the output to maintain the competitive benefits. INTRODUCTION:
 In economics, the word human capital may be used during 1890s  however it became more famous after publishing of article of  in Journal of Political Economy. Furthermore, it is a combined theoretical concept that describes the skills, knowledge, capabilities and other characteristics present within people which are associated with economic activities. Human capital encompasses all the investments on human that establish their skills . The theory of human capital is based on expectations that the benefits of workers, training and education increase the marginal physical performance of labour. Performance of firms is closely associated with the payment and benefits of workers which positively enhance the behaviour of workers towards the work .  documented that human capital is an economic value which is enclosed by education, health and human abilities that increase the productivity and it is a valuable source of a country. According to Schultz, Becker, Mincer concept of basic theory of human capital, which shows that investment in human capital through improving health and education, will increase the work productivity of workers or labour. It can be indicated that in growth theories, human capital has great significance. In human capital education and health are considered as key components regarding improving human capabilities ."
"The Rate of Return to Investment in Educaton: A Case Study of Lithuania","https://scispace.com/paper/the-rate-of-return-to-investment-in-educaton-a-case-study-of-4c0v1x8tmo","2014","Journal Article","Wroclaw Review of Law, Administration and Economics","Simona Potelienė
Zita Tamašauskienė","10.1515/WRLAE-2015-0014","https://scispace.com/pdf/the-rate-of-return-to-investment-in-educaton-a-case-study-of-4c0v1x8tmo.pdf","According to human capital theory, people invest in education to accumulate human capital, enhance personal productivity, and in return receive higher life-cycle earnings profiles. Education is a form of human capital investment and accumulation. The formulation and identification of human capital may be quite diverse and usually results in different estimation methods for the rate of return to education. This article is focused on approaches to the measurement of the returns of private investments in human capital in Lithuania. We focused attention on studying human capital investment accumulation through the rate of return on higher education. The aim of the research is to estimate the private rate of return to education in Lithuania and compare calculated data with analogical data in other countries. In the first part of the paper the concept of “human capital” is defined, before estimating the returns to human capital. Further, the research methodology is presented. One of the main ways to calculate the rate of returns to investment in education, which is used in empirical practice, is the full-discounting or elaborate method, which consists in calculating the internal rate of return, and it was this method which was employed. Results indicate that the rate of return for males is relatively higher than for females. The average estimated rate of return to higher education is 13 percent; with the estimated return for females being 12,5 percent; and for males 14,9 percent. After comparing Lithuania‘s and other European countries‘ rates of return on investment in human capital, it is seen that rate of return in Lithuania is similar to that of Spain.","Title: THE RATE OF RETURN TO INVESTMENT IN EDUCATON: A CASE STUDY OF LITHUANIA Authors: Simona Potelienė,Zita Tamašauskienė Wroclaw Review of Law, Administration & Economics:
 [Vol 4:2 investment. A high private return constitutes a strong incentive for individuals to invest in (further) education beyond compulsory schooling . Human capital theory considers individuals, not governments, as the investors in education. It is an individual who chooses to continue schooling or not. So, one of the questions asked by many university or college students is: ""Is a university/college education a good investment?"" Wroclaw Review of Law, Administration & Economics:
 In making that decision, the individual knows that investing more time in school raises wages per unit of time. But given that a working life, or pension age, is finite, the amount of time left to participate in the labour market after further education is reduced. Wroclaw Review of Law, Administration & Economics:
 Taking into account that human capital theory predicts that individuals will choose exactly the amount of time devoted to education that maximises their income over their lifetime, the question arises as to what will be the rate of return to higher education, i.e., higher education acquired. Is it worth trying, spending time and investing in higher education? Wroclaw Review of Law, Administration & Economics:
 The aim of the research -to estimate the private return to education in Lithuania for the current period and compare the rate of return with data for other countries. Wroclaw Review of Law, Administration & Economics:
 The object of the research -the rate of return to investment in education. Wroclaw Review of Law, Administration & Economics:
 The research methods used: comparative and logical analysis and interpretation of literature, comparative analysis of statistical data, generalization method. I. DEFINITION OF HUMAN CAPITAL:
 The concept of human capital is central to much of the research on the economic returns of education, we thus start with briefly introducing the human capital theory and the definition of human capital. I. DEFINITION OF HUMAN CAPITAL:
 Human capital theory argues that the diversity and different levels of knowledge and skills embedded in human beings constitutes a potential source for economic growth and wealth creation. This indeed is a factor that may explain why innovative capabilities differ amongst nations, industries and regions  . I. DEFINITION OF HUMAN CAPITAL:
 The formal concept of human capital was developed in the 1960s by a group of economists associated with the University of Chicago (Becker, 1964; Mincer,  1958, 1966; Schultz, 1962), although the idea that investment in education has a long-term economic and social payoff for the individual and society at large goes back to Adam Smith if not earlier. According to J. M. C. Alcantar 5 and S. R. Sweetland 6 , Adam Smith (1776) first identified a person's skills, abilities and personal knowledge as important qualities of people when considering their economic activities. Smith's major contribution to human capital theory was the identification of the economic value of education and apprenticeship in the acquisition of personal knowledge and skills."
"Implications of human resource accounting on human capital measurement in financial reports.","https://scispace.com/paper/implications-of-human-resource-accounting-on-human-capital-30x5dkirfm","2019","Journal Article","International Journal of Approximate Reasoning","Abel aigAsein
timothy aSoetan
ir Akintoye","10.21474/IJAR01/8326","","","Adebawo (2015), the essence of human resource accounting is to establish a generally accepted model of valuation for human asset and ensuring that the value that drives organization for desired performance is adequately represented and disclosed in financial statements as intangible assets. Human Capital Measurement:
 The concept of measurement in accounting has to do with the process of assigning values to an asset, for the first time, such that it can be objectively reflected in the financial statements. One basis for measuring assets is the cost of acquisition approach. Such a cost is included in the book as the historical cost of that asset. Citing Kirfi and Abdullahi (2012), Akintoye(2012) stated that human capital accounting is the process of identifying and reporting the investments made in human resources of an organization that are presently not accounted for in the conventional accounting practice. It involves measuring the costs incurred by the entity to recruit, select, hire, train and develop human capital . Human Capital Measurement:
 However, for intangible asset like human resource which provides services, the concept of measurement needs to be treated in line with International Accounting Standard (IAS) 38. To be considered for measurement, the intangible asset must first satisfy the criteria for recognition which include being identifiable and controlled by the entity. Human resource can be separated, leased, hired, transferred or outsourced (rented out) singly or in combination with other assets. The entity can control human resource to the exclusion of all others through contract engagements and the economic benefits therefrom will flow into the entity. Since human resource satisfies these criteria, it qualifies as an intangible asset and should appropriately be measured in line with the provisions of IAS 38. Financial Reports:
 These are stewardship reports prepared by persons in fiduciary positions to provide information to their principals. Most of these reports are statutorily required and must be audited to enhance their credibility. Theoretical Review Human Capital theory:
 This theory holds that education and training improve the skills and competences of employees and their ability to earn higher income. In fact, human beings deliberately incur cost of education because of the expectation of a higher earnings capacity after the training. Since the cost incurred in acquiring education is expected to yield higher benefits in the future, it should be treated as investments. The Human Capital Theory was developed by  and extended by . According to , the theory contends that education or training enhances the productivity of employees by imparting useful knowledge and skills, thus raising workers' future income through increase in life time earnings. Thus, the huge cost of education should be capitalized as investment since it was undertaken with a view to earning higher income. The  perspective introduced the fact that human capital or skills acquired is unique to the individual and not transferable but substitutable. This perspective notwithstanding, since a huge cost is incurred in training, development and medical care to improve future productivity, it should be considered as investment and capitalized."
"The influence of the knowledge-based economy agenda on the integration of Roma : a case study of higher education in Slovakia","https://scispace.com/paper/the-influence-of-the-knowledge-based-economy-agenda-on-the-3gxqojin3v","2011","Dissertation","","S. Wissmann","","https://scispace.com/pdf/the-influence-of-the-knowledge-based-economy-agenda-on-the-3gxqojin3v.pdf","More than ten million Roma live in the European Union (Beger & Grabbe, 2010). Many of them face discrimination and social exclusion. Although Roma face discrimination in several areas of society, the focus of this paper will be on Roma in the education system of Slovakia.
There are between 100,000 and 500,000 Roma in Slovakia thus being one of the largest minority groups (Roma Education Fund, 2007). Besides several attempts to end the discrimination of Roma it is still present today. Many Roma children are already segregated in primary school to special classes or schools for mentally handicapped children. Only 2.2% of Roma children finish secondary school as their highest education and only 0.4% complete higher education (Salner, 2005). This low level of education is one of the main problems of Roma and limits their access to the labour market (Grienig, 2010). The low level of education forms a vicious circle because it leads to discrimination in the labour market, which leads to a lower income of Roma households and thus less money to spend for the education of Roma children. The main reason why Roma do not get access to higher education is due to their previous educational attainment (Roma Education Fund, 2007). In order to access higher education in Slovakia students have to pass the final examinations in secondary school. However, the attainment of the vysvedcenie o maturitnej skuske (as the certificate is called in Slovak) might not be the only entrance requirement. Institutions can require entrance examinations or set other criteria. (European Commission, 2010a)
The low level of schooling of Roma leads to a loss of human capital of Slovakia because Roma do not acquire the same knowledge and skills other citizens get. In order to face globalization however more and more human capital is needed to build “knowledge-based economies”. This is even more so now when Slovakia has become a member of the European Union. Human capital and knowledge are very important resources of economies in the EU.","study will have a look at the distribution of educational attainments in the labour market as well as its distribution concerning unemployment. Furthermore, human capital, which will be defined in the next chapter, will be seen as an indicator for ""knowledge-based economies"". Human capital theory:
 The origins of human capital theory date back to the 1960s.  found out that investment in human capital is one of the main explanations of economic growth and the failure to explain economic growth before could be mainly explained by the failure to involve human capital into the analysis. During the 1960s the human capital theory was contested among scholars. Many of them claimed that men were reduced to ""a mere material component"" 2) and that men could not be seen as free persons if they were regarded as a resource. However, according to  ""Laborers have become capitalists [...] from the acquisition of knowledge and skill that have economic value"" (p.3). Human capital theory:
 Schultz was one of the main scholars who first recognized that the difference in earnings was related to differences in educational attainment and health. ""Knowledge and skill [...] [are] a critical investment variable in determining the rate of economic growth""  and investing in those will ""yield a positive rate of return"" . There are five categories where investments in human resources can be seen: health, on-the-job training, education, study programmes for adults and migration of workers. Most is known about investments in education and to answer the research question the focus will be on this category. Human capital theory:
 One of the first attempts to define human capital was made by Gary Becker in 1964. For him ""expenditures on education, training, medical care, etc., are investments in [human] capital"" ) with education being one of the main investments. Becker, as Schultz has found out before, underscores the role of education in increasing the income of people. Human capital theory:
 The role of education in income distribution and economic growth can be seen in the education of women. In the 1960s women mainly worked in households and only received the education necessary for their work. When the level of schooling for women in the USA was increased they started to enter many other jobs and ""the value to women of market skills""   [human capital] is created and used: schools, organisations, labour markets, communities, and national institutions and cultures"" (p.10). Human capital theory:
 Measures for human capital should therefore be based on all of those settings: Human capital theory:
 ""i) the role of each in producing human capital, quantitatively and qualitatively; ii) efficiency measures of each, relating the different settings to cost considerations; iii) measures of access and equity; iv) investments currently made in these different settings, and by whom; v) returns to investments in human capital in these different settings, and for whom""  In order to stay competitive and build economic growth human capital is one of the most important factors. Human capital can be gained through education. Governments are responsible to ensure a good education of their citizens. Therefore they need to establish policy reforms in the field of education. The recognition of the importance of human capital can be important for the policy making of governments to claim that they are a ""knowledgebased economy"". Due to the importance of education, human capital, in this study, will be measured through the variable educational attainment. However, it should be acknowledged"
"Evaluation of Investment in Human Capital Economical Effectiveness","https://scispace.com/paper/evaluation-of-investment-in-human-capital-economical-4tb5828egn","2012","Journal Article","The Engineering Economics","Vilda Giziene
Zaneta Simanaviciene
Oksana Palekiene","10.5755/J01.EE.23.2.1541","https://scispace.com/pdf/evaluation-of-investment-in-human-capital-economical-4tb5828egn.pdf","According to human capital theory the higher education is considered as an investment decision. In order to be beneficial from economic point of view and in comparison with other investment opportunities, investment in education should give a higher rate of return on investment. Knowledge about the return on investment can help to make competent decisions, which would have an economic benefit in the future. Evaluating the investment in human capital (education) as an individual decision, since the vast majority of individuals for gained education should pay themselves and only a part of the price shall be covered by the state, the rate of return on investment becomes an increasingly important evaluation criterion. Making an investment decision it is very important to allocate resources properly. For the individual the costs of this investment include poor wages and direct costs. It can be assumed that individuals with higher education will be paid more than the others without education. Thus, the investment in higher education (human capital) is useful as long as there is a positive difference between marginal benefit and marginal costs. Higher education is a guarantee of a higher life quality. But, in order to ensure the higher life quality, such main factors as individual skills and labour productivity should be eximined. Investment in human and physical capital doesn’t only promote the growth of labour market. The investment such as lower inflation rates and freer trade (lower limits) also stimulates the economic growth. The ability to absorb easily technological change increases labour productivity and efficiency. Education, lifelong learning and health are very important investment in human capital. The foreign scientists performed researches and proved that income growth of individuals depends on the level or degree of education the individual has gained. Rate of return on investment in human capital is positive even after direct and indirect costs estimation. The individuals with higher education have higher incomes in comparison with individuals with college education. Education is one of the most important development factors of the modern knowledge based economy. However, educational and scientific development requires the long-term and huge investment. This investment also should be assessed from the social aspect. On the one hand investment in human capital should be stimulated; on the other aspect it should assess their effectiveness. As the investment in human capital is a complex problem from both practical and scientific aspect, so the practice of such evaluation and applied methods do not give an unambiguous answer. It is very important to evaluate the effectiveness of this investment, to estimate the detention of the time, the money flows: incomes (revenues) and outcomes (expenditures).DOI: http://dx.doi.org/10.5755/j01.ee.23.2.1541","institutions, laws, business environment and etc., human capital is examined as the combination of two components: intellectual skills and knowledge. Therefore, the searching of the factors that determined the economic growth had a great interest in the evaluation of human capital reliability . Theoretical concepts of investment in human capital structure:
 In the report of European education economic experts' network  it is emphasized that essential concept of human capital theory is based on the fact that everyone's education is an investment in yourself, which productively allows to contribute in order to improve the society position. Like any investment, the investment in human capital requires the start-up costs, i.e. direct costs and the possible costs during the studies hoping that in the future this investment will determine the higher level of productivity, higher wages for their work, the lower risk to be an unemployed, and so on. T.  states that according to economic role the human is similar to natural resources and physical capital. Under primarily condition, the human, as well as the natural resources, does not provide any economic effect, but, after some special training, the human capital is formed and is able to give revenue and profit in the future. Therefore, it is important to mention two features of human capital formation : Theoretical concepts of investment in human capital structure:
 1. Patientce requires for waiting during the entire training period, when the learner doesn't produce the goods and services; Theoretical concepts of investment in human capital structure:
 2. Production capacity is subsequently increased, because more educated person, in comparison with less qualified, is able to produce more and of higher quality products. Theoretical concepts of investment in human capital structure:
 Analyzing human resources by some features they are similar to the natural resources, by othersto physical capital. Under primarily condition the human, as well as the natural resources, does not provide any economic effect, but after some special training the human receives the capital quality. Consequently, increasing the cost for labour quality improvement, the work, as a contributor of nature, gradually becomes the human capital . Theoretical concepts of investment in human capital structure:
 The history of human development proves the linkage between the level of education and economic development. The successful economic development more depends on what the investment will be in growth and development of human and intellectual potential, i.e. in human capital. The enormous resources for solving these issues should be directed in a long-term period. The results of such evaluation will be able to balance the education and training policies. It is very important to evaluate the effectiveness of this investment. In order to examine the ways investment in education is evaluated, the social issues could be analyzed. From one aspect, the investment in education could be encouraged, from another, their effectiveness could be evaluated. The grouping of investment in human capital is presented in Figure . Figure 1. Trends of investment in human capital:
 Source: Думова, И. И., ;  Gross investment in human capital involves the acquisition and maintenance costs, including the costs for children's nutrition, care, clothing, shelter, medical services and personal care. Based on scientific researches, 10 percent human health depends on the health care system, 20 percent -on ecological conditions, 20 percentthe health genetically is inherited, and as much as 50 percent is the most important factor that determines the human health, is a way of life and all the other factors directly related to human lifestyle ."
"Review of Human Capital Theory","https://scispace.com/paper/review-of-human-capital-theory-2pr011qvj2","2020","Journal Article","International Journal of Advance Research and Innovative Ideas in Education","Hao-jian Dui","","https://scispace.com/pdf/review-of-human-capital-theory-2pr011qvj2.pdf","The human capital theory is one of the most important breakthroughs in economics. With the continuous development of human capital theory, its important influence on social development has gradually been understood by people, and it has also helped many countries achieve economic progress. The practical application of human capital theory is based on the measurement of human capital. This article reviews the relevant literature of human capital, from two aspects: theory and method.","Title: Review of Human Capital Theory Authors: Hao-Jian Dui Keywords: human capital, theory, measurement method"
"Antecedents to Organizational Performance: Theoretical and Practical Implications for Aircraft Maintenance Officer Force Development","https://scispace.com/paper/antecedents-to-organizational-performance-theoretical-and-2aojscs8y0","2015","","","Andrew L Cooper","","https://scispace.com/pdf/antecedents-to-organizational-performance-theoretical-and-2aojscs8y0.pdf",": This research explored the impact of Aircraft Maintenance Officer human capital, learning organization, and knowledge management on organizational performance. Survey methodology was utilized to gather data with both theoretical and practical implications on 21A force development practices. Solicitation of information regarding 21A competencies, utility of current AF logistics courses, and latent constructs were conducted through a web-based self-administered cross-sectional survey. Examination of the latent variables human capital, learning organization, and knowledge management was conducted using exploratory factor analysis and multiple linear regression supporting a positive effect on organizational performance. Practical application of the theoretical findings could yield potential cost savings through the consolidation, restructuring, or removal of logistics courses currently considered under the 21A Deliberate Continuum of Learning. Implications for researchers, practitioners, and senior 21A leadership are discussed along with limitations, recommendations, and areas for future research.","the simple truth that people invest in themselves and that these investments are very large . Human Capital Theory (HCT): For many reasons outside the scope of this analysis economists since the time of Smith have not focused succinctly on this abstract form of investment. Human Capital Theory (HCT):
 It was not until economist Theodore W.  formally introduced and coined the concept of human capital theory that specific attention was given to expenditures in education, health, and internal migration as avenues to leverage organizational and/or personal benefits. While varying definitions of human capital exist it is generally assumed to be the collection of resources─knowledge, skills, abilities, experiences, intelligence, training, and wisdom that can be leveraged for organization and/or personal benefit . A basic premise of human capital theory, as noted by , is that firms do not own it; individuals do. Firms may have access to valuable human capital, but either through the poor design of work or the mismanagement of people, may not adequately deploy it to achieve strategic impact . Therefore, the next section will discuss the importance on return on human capital investment.  propose three main components of human capital─early ability (whether acquired or innate); qualifications and knowledge acquired through formal education; and skills, competencies and expertise acquired through training on the job. As in investments in physical capital, human capital investment will only be undertaken by the individual or firm if the expected return from the investment is greater than the market rate of interest . Additionally, human capital investments involve an initial cost (tuition and training course fees, forgone earnings while at school and reduced wages and productivity during the training period) which the individual or firm hopes to gain a return on in the future (for example, through increased earnings or higher firm productivity) . It is difficult to analyze an individual's innate knowledge as a source of HC, and outside the scope of this research, however, discussion on investments in education and training as sources of HC providing a competitive advantage is required. Return on HC Investment:
 In most empirical studies, training is distinguished from formal school and post-school qualifications (which are viewed as education) and is generally defined in terms of courses designed to help individuals develop skills that might be of use in their job . Gary S.  in his seminal article on investments in HC described human capital gained through on-the-job training as either general or specific. Completely general training increases the marginal productivity of trainees by exactly the same amount in firms providing the training as in other firms . Conversely, completely specific training can be defined as training that has no effect on the productivity of trainees that would be useful in other firms . Return on HC Investment:
 In a military context, an aerospace maintenance airmen (AFSC 2A5) would find his general skills of value working in a civilian airline company while a munitions loader's (AFSC 2W1) specific skill set would be nontransferable to a civilian airline company. As training builds firm-specific human capital it speeds up the rate at which human resources learn their duties, thereby improving their productivity . As in the RBV context, HC investments in specific training that are valuable, rare, inimitable, and non-substitutable will provide firms with a greater competitive advantage in the marketplace ."
"Measuring human capital : a comparative study with emphasis on Malta","https://scispace.com/paper/measuring-human-capital-a-comparative-study-with-emphasis-on-3tksur6n7b","2017","","","Philip von Brockdorff
Bernice Amaira","10.7423/XJENZA.2017.2.03","https://scispace.com/pdf/measuring-human-capital-a-comparative-study-with-emphasis-on-3tksur6n7b.pdf","","This paper will examine human capital within the framework of growth theory. The knowledge and skills that will be considered will be those entering the production process and yielding an income to the individual. Human capital will be viewed as the ""productive capacity of individuals"" . Measuring Human Capital:
 As stated by , throughout the history of economic thought, many economists have considered the skills and capacities embodied in human beings as a component of capital. In his ""Wealth of Nations"",  treated the acquisition of a skill as an investment which had a cost and returns a profit. Therefore, the basic idea of the human capital theory is that the variety of talents is mainly acquired through different activities, such as education or working experience. These activities have a cost, but produce benefits in future.  noted that the increases in national output could not be solely explained by the increases in the conventional factor inputs of land, man-hours and physical capital. He attributed this discrepancy to the quality of the labour input.  provides an extensive study which establishes the term ""human capital"" and lays the foundation for human capital theory, with his major contribution being the ""human capital earnings function"". Becker complemented Mincer's work in the theoretical and empirical work on human capital.  initiates the book ""Human Capital"" with a lengthy discussion on on-the-job training, explaining that training is unlikely to be profitable for the firm in the current time period but may be profit-able for the firm if future receipts are sufficiently raised or future payments sufficiently lowered. Measuring Human Capital:
 Given that human capital is not directly observable, its measurement can be quite complex. It can be captured in different ways giving way to subjectivity in the assumptions imposed. It is generally acknowledged that there are three main approaches to measuring the human capital stock: the education approach, the costbased approach and the income-based approach. Measuring Human Capital:
 The education approach involves quantifying one of the key elements to human capital formation, that is, education. In the literature, several education measures are used such as literacy rates and school enrolment rates.  and  used years of schooling as a proxy for human capital. Other measures include test scores (J.-W.  and educational attainment, as measured by the International Standard Classification of Education (ISCED). However, educational attainment measures ignore learning that does not lead to a recognised qualification. Although it is a relevant indicator of the quality of human capital, this approach focuses solely on one input to human capital formation."
"Methodology and practice in measuring the labor market outcomes of education","https://scispace.com/paper/methodology-and-practice-in-measuring-the-labor-market-50mtcy98vj","2023","Repository","","Vesselin Loulanski","10.5281/zenodo.8411474","https://scispace.compdf/methodology-and-practice-in-measuring-the-labor-market-50mtcy98vj.pdf","","labor market outcomes and security Note: Attributes enclosed in brackets are not readily observed or frequently measured. Education and work: definitions, concept and significance: Accustomed from Rumberger, in OECD [CERI] 1994: 227. Five orthodox theories of the education-work relationship:
 The direction in which education starts a man will determine his future life. (Plato) Human capital theory:
 The human capital theory generally states that investment in education leads to higher productivity and hence higher earnings. It assumes there is link between the marginal productivity of labor and investment in education and training. Human capital theory:
 Education is portrayed as a 'black box' where knowledge and skills are produced, and those can be later used at work. The theory hosted various approaches in explaining the role of education in the distribution of earnings, economic growth, and productivity. Human capital theory:
 estimated the magnitude of human capital investment by expenditures (similar to cost in capital goods), and by yield (wages and salaries). also categorized several educational benefits, one of which is that 'schooling increases the capability of people to adjust to changes in job opportunities associated with economic growth'. Human capital theory:
 estimated that 2% increase in the amount of education per worker (years and days of schooling) was contributing with 0.67% to the growth rate of real national income for 1929-1959 in USA, stating that 'Census that would cross-classify the data for income by education and by sex and age (..) with a large number of other variables -geographical location, industry, occupation, perhaps place of birth, as a minimum [would improve understanding of] the extent to which many of the income differentials we commonly observe when people are classified by residence, industry, etc., are merely reflections of differentials in education'. Human capital theory:
 studied the personal income distribution as function of the amount of formal training, measuring the latter by occupational status 'despite the shortcomings of the educational classification and the difficulties in occupational ranking  he argued that 'the screening or sorting function of education is no less productive than the search for any other scarce natural resource'; that 'human capital is both augmented by learning and by selection'; and that 'the interaction of the two is efficient: the more able student learns more at the same cost'. Human capital theory:
 stated that 'the effect of education itself could be isolated only if the amount of other human capital as well as ability were held constant'. Human capital theory:
 In studying returns to education, he justified liberal education since most of the benefits would be received when the economic environment will be different from that at the time of study or entering the labor force. Human capital theory:
 studied the non-monetary benefits from education he called 'opportunity options' which include broadened individual employment choices and 'hedging against the vicissitudes of technological change'. Sixty years later one could not agree more on that implication. Human capital theory:
 In a major effort ) has measured returns to investment in education (the last dataset comprising estimates of the raw returns for 98 countries) and found that the average rate of return to another year of schooling is 10%. Human capital theory:
 As a result of these and other studies, and their large policy implications, the returns to education became key indicator in OECD's Education at a Glance since 2001."
"Human Resource Accounting and Shareholders Wealth Maximization: Empirical Study of Nigeria Quoted Manufacturing Firms","https://scispace.com/paper/human-resource-accounting-and-shareholders-wealth-2mfbqc7k20","2018","Journal Article","","Stanley Diepiriye Davies","10.46281/IJBMF.V2I1.118","https://scispace.com/pdf/human-resource-accounting-and-shareholders-wealth-2mfbqc7k20.pdf","This study empirically investigated the relationship between human resource accounting and shareholders wealth maximization of selected quoted manufacturing firms in Nigeria from 2000-2016.  Time series data was generated from the Annual Reports of the quoted firms. Twenty manufacturing firms were selected from the population of quoted manufacturing firms.  Two multiple regression models were specified and estimated with the aid of Software package for social services (SPSS). Return on investment was modeled as the function of capital and revenue expenditure components of human resource accounting. The generated collinearity diagnostics result shows that the Eigen values that correspond to the highest condition index and variable constant are consistent with the rule of thumb. The Durbin Watson test shows absence of auto-correlation. From the expenditure component, we found correlation coefficient of 71.3%, R2 and the Adjusted R2 shows that 50.8% and 36.0%. The explanatory power of the predictor variables shows that all the independent variables have positive but insignificant relationship with return on investment of the manufacturing firms except cost of human resource acquisition. The revenue expenditure proved   R2 and the adjusted R2 of 61.0% and 49.3% explained variation on return on investment. The coefficient of the independent variables proved that salaries, wages and bonus have positive relationship with return on investment of the selected manufacturing firms while commission and allowances have positive effect on return on investment. It concludes that human resource accounting has significant relationship with shareholders wealth maximization of the selected manufacturing firms. We recommend that all human capital expenditure should properly be accounted for and the need to investment on human capital of the firms.","information about the Human Resource Asset of Organization. Revenue Expenditure is the aspect of the cost that the company benefited from or used up within the accounting year, this include; Salaries, wages, commission, bonus, allowance and short term motivation . Theoretical Framework Human Capital Theory:
 The origin of human capital goes back to emergence of classical economics in (1776) and hereafter developed a scientific theory. After the manifestation of that concept as a theory,  recognized the human capital as one of the important factors of national economic growth in the modern economy . The theory is rooted from the field of macroeconomic development theory .  classic book, Human Capital: A Theoretical and Empirical Analysis with special reference to education illustrated this domain. Becker argues that there are different kinds of capitals that include schooling, computer training course and expenditures on medical care . The theory argues that a person's formal education determines his or her earning power. The idea of human capital originates from the observation that schooling develops certain qualities in people and that these qualities enhance economic productivity and economic growth . Gary , elaborates on the notion of human capital in the context of neoclassical economics. It registers that investment in human could be viewed as similar to investment in other means of production, like factories or mines. In developing Becker's work further, another economist, Theodore Schultz, set out to map how rates of return from education could be calculated in countries with different levels of income, different attitudes to forgoing earnings to develop human capital . Human capital theory holds that it is the key competences, skills, knowledge and abilities of the workforce that contributes to organizations competitive advantage. It focuses attention on resourcing, human resource development, and reward strategies and practices. According to Human Capital Theory, education is an investment because it is believed that it could potentially bestow private and social benefits . According to  cited in Odhong & Were (2013), Human capital theory helps to determine the impact of people on the business and their contribution to shareholder value. It demonstrates the HR practices that produce value for money in terms, for example, of return on investment. According to  Human capital theorists believe that education and earning power are correlated, which means, theoretically, that the more education one has, the more one can earn, and that the skills, knowledge and abilities that education provides can be transferred into the work in terms of productivity. Human capital refers to the knowledge, expertise, and skill one accumulates through education and training ;  Human capital theorists have typically argued that organizations can increase their human capital by internally developing the knowledge and skills of their current employees, and by attracting individuals with high knowledge and skill levels from the external labour market. That is, organizations can try to make and buy human capital. Human capital grows in two ways; when the organization uses more of what people know and when more people know more of what is useful to the organization (Choudhury and Mishra, 2010). Human capital theory as the main underpinning theory in studies related to human capital, in this study the theory supports variables such as knowledge management, education, training, and skills development as well."
"Challenges facing the Cuban-South African medical collaboration for medical capacity building in KwaZulu-Natal.","https://scispace.com/paper/challenges-facing-the-cuban-south-african-medical-b0a87udquh","2024","Dissertation","","Valerie Chinniah","10.29086/10413/23066","https://scispace.compdf/challenges-facing-the-cuban-south-african-medical-b0a87udquh.pdf","To my Mom, Joyce, and my late Dad, Krishna Govindsamy, thank you for giving me the gift of education and always pushing me to reach my potential.Your passion ","Migration to the study: The Human Capital Theory , which builds on this notion, emphasises the importance of investing in employees' key skills and abilities to advance the economy and society at large. A fuller discussion of Human Capital Theory will be continued below. Human Capital Theory (Becker, 1962):
 Human capital is a word used in human resource management practice to define the abilities and traits that an employee offers to an organisation's service or output . It refers to an employee's intangible economic worth in the workplace . Human Capital Theory (Becker, 1962):
 Human capital theory  is rooted in labour economics and it is widely used in human resource development (HRD) because of its association with training and education. Human Capital Theory (Becker, 1962):
 It is the belief of the Human Capital Project of the World Bank that investing in people is the key to eradicating poverty and creating more inclusive societies . Human Capital Theory (Becker, 1962):
 Developing countries may benefit from the tenets of this theory if policy makers recognise that investing in education and training increases quality and effectiveness and helps to meet the skill demands of the economy . Human Capital Theory (Becker, 1962):
 Human capital theory is defined as the human factor in organisations and their collective knowledge, abilities, and experience that give an organisation its unique personality . Human Capital Theory (Becker, 1962):
 The theory of human capital recognises that the skills, knowledge and competencies of people (Figure .3) are a valuable resource that will increase the productivity of an organisation and improve its economic value . Human Capital Theory (Becker, 1962):
 A growing investment in education and training benefits the employer, employees and the organisation, claim proponents of Human Capital Theory . Human Capital Theory (Becker, 1962):
 Although understanding the economic perspective of Human Capital Theory requires an understanding of  vision to calculate the rate of return on education, the performance of individuals should not be discounted. Human Capital Theory (Becker, 1962):
 The foundation of Human Capital Theory is financial investment in formal education, the creation of motivating environments, and the growth of human capital . When properly motivated, an organisation's human resources can ensure its long-term survival because they are able to learn, adapt, innovate, and provide the creative drive . Human Capital Theory (Becker, 1962):
 However, because human capital is owned by an individual, this has the drawback of making it possible for an employee to quit at any time and take their skills, knowledge and expertise with them . Human Capital Theory (Becker, 1962):
 The Human Capital Theory has been criticised for its linear approach, which is based on the neoclassical school of economic thought . It is also the assumption of human capital theorists that only an educated population is a productive population . Human Capital Theory (Becker, 1962):
 These shortcomings of the theory, however, do not outweigh its benefits in terms of allocating significant educational resources to develop the relevant skills to increase labour quality and effectiveness . Human Capital Theory (Becker, 1962):
 The resource for this study is the South African medical students who are carefully chosen from regions where there is a severe lack of medical professionals and health care facilities."
"How Can Sultan Qaboos University Respond to the Contemporary Challenges of the Omani Labour Market Needs and Community Expectations","https://scispace.com/paper/how-can-sultan-qaboos-university-respond-to-the-contemporary-qjw8423zfw","2008","Dissertation","","Abdul Latif Al-Balushi","","https://scispace.com/pdf/how-can-sultan-qaboos-university-respond-to-the-contemporary-qjw8423zfw.pdf","Higher education systems in developing countries have mixed results in satisfying their nations’ labour market requirements, and community needs and expectations. Oman,
a member of the Gulf Country Council (GCC), sustained the rapid economic development that has featured within the region over the past three decades. However, a contentious
issue for the GCC, including Oman, is the provision of higher education qualifications sufficient for graduates to compete successfully in local labour markets dominated by
experienced expatriates. This study explores the factors contributing to high unemployment for the mass
communications graduates of Oman’s principal educational facility, Sultan Qaboos University (SQU). Semi-structured interviews with graduates, students and their parents,
university and government representatives and public and private employers have revealed a range of views about the employability of the graduates and the university course which sought to prepare them for the labour market. The analysis of the interview data revealed that conventional human capital themes failed to account for the range of views about the effects of the course on graduate employability. Until a decade ago, human capital principles that value years of learning served Oman well as it provided sufficient educational capacity to deliver graduates for its expanding public services. However, when the country’s burgeoning public sector ceased the automatic acceptance of SQU graduates, later cohorts from mass communications courses were unable to source work in Oman’s small private sector mass media industry. The findings from the study were that traditional human capital accumulation is insufficient to deliver jobs; the human risk capital is too high. Risk factors for mass communications students include course admission, curriculum content and delivery,
language fluency and technology. Further, employer perceptions of the mass communications qualification and of graduates’ commitment to a work ethic were barriers
to employment. A significant contribution of the research is the recognition that the framework of educational practices, associated with what has been termed social capital, provides an alternative and more constructive means of analysis the data. The findings of the research point to the need for a university in a country such as Oman to expand its educational responsibility by taking on a social capital curriculum whose principal feature is the establishment of communicative links between local communities, the university and workplaces. A social capital curriculum, increasingly pursued as best practice for developed countries, can deliver work ready graduates acceptable to employers. Valid for GCC and wider use, a model of the capital theory elements, processes and risks is included in this comparative study.",". For example, Schuller goes on to argue that while human capital is defined in terms of the gaining of qualifications by individuals, social capital identifies the manner by which those individuals participate in networks; an important characteristic is that they are information relationships. Human Capital, Social Capital Theories:
 Socially and economically developed countries are recognised as technologically advanced, highly urbanised and wealthy, and they have generally evolved through both economic and demographic transitions to a level of growth and societal stability. It is posited here that these economies committed to human capital principles as a means of continued development after their initial investments simply in physical capital, that is, any non-human assets used in production. Human capital acquisition is prized as the economic value that is derived from the actual application of knowledge, collaboration, and processengagement. From this viewpoint, human capital is regarded as the source from which decisions relating to service, quality, effectiveness, efficiency, and productivity are generated. This is part of the economic and social evolution to a more developed nation, as perceived by a given country's status in world affairs, shifting from an agriculture and manufacturing base to include developing knowledge and competencies of its people . For instance, the OECD states that human capital is both a private and social good and the organisation regards it as central to the competitive edge of economic enterprises and nations . Countries that have a high ratio of human capital to physical capital appear to grow faster through the ability to adjust their application of physical capital . Human Capital, Social Capital Theories:
 In keeping with a human capital stance, extensive research shows that investment in education leads to economic growth and enhanced prosperity . For example, , in their empirical findings state that one additional year of schooling for children increases the growth rate of the nation in GDP terms between 0.4 and 0.8 percentage points per year. However,  argue that in the development and growth process, quality of education is more important than quantity. Human Capital, Social Capital Theories:
 For a nation's population, human capital acquisition, that is, skills development and the training of each generation to become independent and life-long learners, has gained wide support among more developed nations. Substantial research on issues relating to education and training links education outcomes to market needs, to develop core skills in higher education curricula and to reform education systems to satisfy the growing demand for quality graduates . In reporting an Australian perspective,  argue for a combination of human capital and social capital acquisition for an information economy: learning, technology, community and partnership. They stress that lifelong learning is the currency of growth. Human Capital, Social Capital Theories:
 An important indicator of the relationship between a nation's education system and its economy is evidenced in the benefits of education and training experienced by individuals, employers and the economy itself. For example,  report that workers and employers benefit equally from work-based training. The researchers found that employee training offers higher employment stability and when a worker does move on, previous training is well-regarded by the new employer. Human Capital, Social Capital Theories:
 Confirming this finding,  also point out that, as specific skills fade over time, vocational training needs to be renewed to retain its benefits. As an adjunct and in an earlier work,  found that women with children receive less training than men, whether or not men provide for their children."
"Enablers and Barriers Influencing African American Administrators’ Career Advancement at Predominantly White Institutions of Higher Learning","https://scispace.com/paper/enablers-and-barriers-influencing-african-american-4daja7i4qv","2019","","","Larry Webster","","https://scispace.com/pdf/enablers-and-barriers-influencing-african-american-4daja7i4qv.pdf","....................................................................................................................... ii ACKNOWLEDGMENTS ................................................................................................. iv DEDICATION .................................................................................................................. vii LIST OF TABLES ........................................................................................................... xiii LIST OF ILLUSTRATIONS ........................................................................................... xiv LIST OF ABBREVIATIONS ........................................................................................... xv CHAPTER I – INTRODUCTION ...................................................................................... 1 Background ..................................................................................................................... 2 Statement of the Problem ................................................................................................ 7 Purpose Statement ........................................................................................................... 8 Research Objectives ........................................................................................................ 9 Significance of the Study .............................................................................................. 10 Conceptual Framework ................................................................................................. 10 Delimitations ................................................................................................................. 14 Assumptions .................................................................................................................. 14 Definition of Terms....................................................................................................... 15 Organization of the Study ............................................................................................. 16 Summary ....................................................................................................................... 17 CHAPTER II – LITERATURE REVIEW ....................................................................... 18 Historical Perspective on Race and Education ............................................................. 18 ix Civil Rights Act of 1964 ........................................................................................... 21 Affirmative Action .................................................................................................... 22 Adams v. Richardson 1972 ....................................................................................... 24 The United States v. Fordice 1992 ............................................................................ 25 Historically Black Colleges and Universities (HBCUs) .......................................... 26 Enablers and Barriers .................................................................................................... 30 Effects of Racism ...................................................................................................... 32 Perspective on Advancement Opportunities ............................................................. 36 Development and Advancement Strategies .............................................................. 39 Strategies for Advancement at PWIs ............................................................................ 41 Mentoring .................................................................................................................. 41 Mentoring Relationship ............................................................................................ 43 Diversity Management .............................................................................................. 45 Succession Planning.................................................................................................. 46 Chief Diversity Officer ............................................................................................. 47 Critical Race Theory ..................................................................................................... 48 Human Capital Theory .................................................................................................. 51 Theory of Representative Bureaucracy ......................................................................... 54 Summary ....................................................................................................................... 56 CHAPTER III – METHODOLOGY ................................................................................ 59 x Research Objectives ...................................................................................................... 60 Research Design............................................................................................................ 60 Instrumentation ............................................................................................................. 61 Population and Sample ................................................................................................. 64 Sampling Procedures .................................................................................................... 64 Institutional Review Board (IRB) ................................................................................. 66 Data Collection Procedures ........................................................................................... 67 Data Analysis ................................................................................................................ 70 Trustworthiness ............................................................................................................. 74 Summary ....................................................................................................................... 76 CHAPTER IV – RESULTS .............................................................................................. 77 Data Analysis ................................................................................................................ 77 Trustworthiness ............................................................................................................. 80 Participant Demographics ............................................................................................. 81 Themes .......................................................................................................................... 89 Themes Associated with Internal and External Enablers ............................................. 89 Themes Associated with Internal and External Barriers............................................. 105 “The Only” or “The First” .......................................................................................... 121 Perspectives Toward Advancement Opportunities ..................................................... 124 Strategies Addressing Racial Diversity ...................................................................... 126 xi Research Objectives and Theme Correlation .............................................................. 130 Summary ..................................................................................................................... 131 CHAPTER V – CONCLUSION ..................................................................................... 133 Summary of the Study ................................................................................................ 133 Summary of Results .................................................................................................... 134 Findings, Conclusions, and Recommendations .......................................................... 134 Implications of Limitations ......................................................................................... 141 Recommendations for Further Research ..................................................................... 142 Discussion ................................................................................................................... 143 Summary ..................................................................................................................... 144 APPENDIX A – IRB Approval Letter............................................................................ 146 APPENDIX B – Initial Email to Participants ................................................................. 147 APPENDIX C – Consent Form ...................................................................................... 148 APPENDIX D – Initial Email to Referred Participants .................................................. 150 APPENDIX E – Member Check Email .......................................................................... 151 APPENDIX F – One-on-One Interview Protocol ........................................................... 152 APPENDIX G – One-on-One Interview Questions........................................................ 155 APPENDIX H – Post Interview Email ........................................................................... 157 APPENDIX J – Focus Group Demographic Form ......................................................... 159 APPENDIX K – Focus Group Protocol.......................................................................... 160 APPENDIX L – Focus Group Interview Questions ....................................................... 162","institutions; nevertheless, the likelihood of change occurring, they felt, was low . As it relates to double consciousness, faculty members of color acknowledged its present, and some expressed feelings of having to change or alter their identities to keep from feeling excluded . Human Capital Theory:
 Human capital theory (HCT) is a broad and strategic approach to analyzing a range of human affairs . Human resource development professionals, both practitioners, and researchers, particularly within the HRD field, focus heavily on the developing of and capitalizing from human talent and skills for the betterment of society .  reference HRD's impact in general and its impact on institutions that provide formal education. The relationship between the two allows HRD to move beyond the boundaries of an organization and focus on performance improvement . With the evolution of new theories guiding and being guided by practical application in both the organizational and educational arena, the linkage implies a demand to better understand the skills and attitudes associated with workplace setting . Human Capital Theory:
 Dae-Bong ( ) categorizes the effects of human capital into three components: Human Capital Theory:
 individual, organizational, and societal.  argues at the individual level, unlike economic capital, human capital did not depreciate over time, therefore, making the case that the investment process of human capital makes it comparable and complementary to other forms of capital. Weber, similar to Becker suggests attaining credentials in the form of a diploma or degree through an educational system is a definite form of documented skills obtainment that are valued and recognized by society as exchangeable for higher income . Human Capital Theory:
 One major theme continues to emerge as an investment in human capital is education . HCT describes the advancement in training and education as a type of investment in human resources with the contributors-the people-being looked upon as a form of capital . Therefore, HCT infers people financing their own education and training (human capital) act rationally in doing so.  suggest that when people see that the benefit of a college education out weights the cost, they will invest in education. Human Capital Theory:
 From an organizational standpoint, human capital theorizes employees as being equipped with a set of skills that can be leased to employers . Human Capital Theory:
 Human capital seems to be owned by the people and not the organization but is obtained through employment relations and when cultivated through professional development and Human Capital Theory:
 practice can transform into intellectual capital . It has also been debated that to view employees within a company as an asset was open to manipulation and restricted as human asset accounting; thereby, making it difficult to quantifiably consider the added value of human capital and the rights of workers as free agents . Likewise, human capital at the societal level theorizes the possibility of human capital for equality, human rights and political power on a shared consciousness of societal constituents (Dae-Bong, 2009). As a result, the relationship between social consciousness and human capital is constructed on the inter-relationship resulting in socio-political development . Human Capital Theory:
 According to critics of HCT, the HCT model has numerous challenges, including the idea of not accounting for structural or social factors . For example, HCT ""does not devote enough attention to the fact that some people are socially and culturally better prepared to gain access and succeed within the education system than others"" . Barlett (2007) also suggest HCT does not accurately depict the impact of schooling on economic development without taking into account other educational processes."
"School Choice and Private Schooling : A comparative case-study between Greece and Sweden","https://scispace.com/paper/school-choice-and-private-schooling-a-comparative-case-study-27pewfjwe1","2019","Journal Article","","Alexandra Farazouli","10.18844/PROSOC.V6I1.4172","https://scispace.com/pdf/school-choice-and-private-schooling-a-comparative-case-study-27pewfjwe1.pdf","Over the past three decades, privatization and school choice have been introduced and embodied in the vocabulary of several national education policies. Although free education has been constituted ...","consequences as a form of capital. Since education becomes a part of the person receiving it, I shall refer to it as human capital … it is a form of capital if it renders a productive service of value to the economy (p.571). Human Capital Approach:
 In that way, investment in education is simultaneously an investment in economic growth. Also, Gary , complements this theory by arguing that education is the most important single determinant of economic growth (p.45), while Becker's approach was to calculate the private and social investment in human capital through mathematical models. Later, Ronald Reagan's National Commission on Excellence in , published the Nation At Risk, posing in that way the question on: what is education for? The answer provided in this publication was that education could contribute to national prosperity and security through the development of human capital, which means the production of knowledge and skills that have productive value for both individual and social interests. Human Capital Approach:
 The human capital theory is an economic approach to human behavior. As  note this ""economic approach to human behavior attributes means-end calculational rationality to human agents, and it is under such a model, where rational human behavior is seen as purposeful and goal-oriented, that individuals will invest in education"" (p. 144). The same scholars refer to the notion of ""stock of human capital"" which is the national sum of skills, talents, and knowledge embodied in its population . It is apparent though that humans are active determinants of the nation's economic performance and their personal welfare. Education operates as a means to economic growth which transfers the knowledge and skills needed for economic success. Therefore, among the main propositions of human capital theory are ""that education and training increase an individual's cognitive capacity; which in turn increases productivity; and an increase in productivity tends to increase an individual's earning; which becomes a measure of human capital"" . Human Capital Approach:
 Furthermore, the production of the workforce is intimately connected to the purpose of education as well, according to this theory. The human capital, which expresses the set of knowledge and skills obtained by individuals, contributes to their productivity and their future employment. Thus, education is essential as an investment in personal labor productivity while its outcomes are measured in terms of economic results, so that economists are able to estimate education's return on investment."
"Saudization and Skill Formation for Employment in the Private Sector","https://scispace.com/paper/saudization-and-skill-formation-for-employment-in-the-5f1semkvo3","2009","Dissertation","","Serhan Abdullah Al-Shammari","","https://scispace.com/pdf/saudization-and-skill-formation-for-employment-in-the-5f1semkvo3.pdf","","education and training are processes of human capital formation of people resulting from deliberate investments. According to Livingstone: Another consequence or outcome of this investment in human capital is the improvement in the person's income due to his/her gain of new skills and knowledge. According to Livingstone:
 Becker (1993:17) asserts that, ""high school and college education in the United States greatly raise a person's income"", and that ""many workers increase their productivity by learning new skills and perfecting old ones while on the job"" (p: 31). Education and schooling are seen as activities that prepare the labour force and account for the ""otherwise unexplained rise in earnings"" . Therefore, human capital theory is an economic theory that addresses the macroeconomics of production and economic development.  observed that ""human capital theory views human capabilities -their knowledge, skills, health and effortsas integral parts of the capital of a country, along with financial and natural resources."" This is concurrent with  who explains that the premise of the Human Capital Theory is that investments made in educating the workforce and developing their skills among other services such as providing them with nourishment and maintaining their health would pay economic dividends for a country or organization. According to Livingstone:
 A Number of scholars including ,    . A firm as an economic unit employs several resources, including human resources or human capital with the main objective of profit maximization. Thus, through HRD, human resources are developed and employed by the firm in order to achieve its objectives. According to Livingstone:
 The theory of human capital states that education and training equips workers with competent skills, knowledge and attitude that make them more productive. It equips people with durable traits and makes them good performers in organizations, communities and in society at large. Therefore, the only way to improve individual performance is to increase their productivity through education and training. Human"
"Government Expenditure and Quality of Education: A Case of Public Primary Schools in Kenya","https://scispace.com/paper/government-expenditure-and-quality-of-education-a-case-of-40muy7gtam","2019","Journal Article","Modern Economy","Stephen Mutuku
Julius Korir","10.4236/ME.2019.1012152","https://scispace.com/pdf/government-expenditure-and-quality-of-education-a-case-of-40muy7gtam.pdf","Government allocation to
primary education in Kenya has been provided since independence. The financing
has been complemented by both community and household resources. The implementation
of Free Primary Education (FPE) in 2003 increased enrolment to a Gross
Enrolment Rate of 104 percent in 2003 from 92 percent in 2002 but stabilized at
104.2 percent in 2015. Class-pupil and teacher-pupil ratio increased to 45:1
and 56.6 between 2002/3 and 2012/3 respectively which compromised the quality
of education and school effectiveness. This was due to teachers concentrating
on the Kenya Certificate of Primary Education (KCPE) examinations results at
the expense of skill acquisition in arithmetic and comprehension. The
compromise produced biased KCPE results that could affect key policy decisions
made based on the results. Despite increased enrolment that affected
class-pupil and pupil-teacher ratio, 35 percent of households’ expenditure to
education before FPE implementation was saved with the introduction of FPE. In
the past, the measure of education quality has been KCPE results which were mostly
biased. The KCPE results were low with FPE despite increased government
expenditure on education. Although FPE benefits seemed high, questions on
actual impact of government expenditure on overall school performance measured
by education quality levels had not been addressed before, during and after the
FPE implementation and they form the problem discussed in the study. Analysis
results revealed that government expenditure had positive and statistically
significant impact on enrolment and quality of education Coefficients for
school characteristics such as number of classes, teachers, books and
availability of toilets had positive and at least 95% - 99% statistical
significance with government expenditure. Further, coefficients for class types
and schools located in rural areas were found to affect enrolment at 99%
statistical significance. Further, education quality was low in 2004 as
compared to 2000 but improved in 2012 compared to 2004. Class-pupil & pupil–toilet
ratio, distance from small town, dispensary, bookshop, and secondary school, as
well as class type, contributed negatively to efficiency scores. Class-book
ratio, government expenditure, playfield availability, and class numbers
contributed to the inefficiency levels identified. On policy, it was clear that
the government should increase expenditure on education which affected overall
school performance in public primary schools. The expenditure should be
increased towards quality classes and teachers who are high determinants of
education quality.","acquired integrates social capabilities which complementarily reference quality of education leading to economic growth. Though growth may be unbalanced if innovation and quality of education are provided; the growth patterns are thus heterogeneous depending on the quality of institutions providing education [38] . Reviewed Literature Human Capital Theory:
 Proponents of human capital theory argue that education spending should be expanded to the point where the rate of return to additional spending to education was equal to the general rate of return of capital, thus the knowledge and skills acquired can be used to qualify labor quality in a productive environment   . To achieve the functions associated with human capital development, the investment in an education program includes current income which may generate both monetary and non-monetary returns on investment in future . Although human capital is highly studied, its deficiencies go to the heart of neoclassical economics. In some instances, Block , Zhu and Li  and Marginson  argued that the theory was based on the argument that all human-behavior was based on the economic self-interest of individuals operating freely with competitive markets. These forms of personal interest and related human treatment distorted the model and thus education contributed to differences in earnings between people and only in verifiable circumstances   . Reviewed Literature Human Capital Theory:
 The human capital model as expressed by Becker and Tomes  [47] related to the incomes generated from physical capital expressed as: Reviewed Literature Human Capital Theory:
 h it is the level of human capital for i pupils it time t. ( ):
 , w it and ( ) , r it are the wage rates and return in the assets respectively. Building on this work, the framework provided by Ashenfetter and Krueger , Block , Marginson  and Becker  provide evidence of the contribution of human capital to the evolution of income distribution within financial market imperfections. Expenditures on education help grow human capital across a given generation expressed as: ( ):
 , e it is the level of accumulated quality of education. ( ):
 , s it is the expenditures made to schooling for a student to achieve human capital accumulations. ( ):
 The schooling environment where students attend so as to acquire human capital provides a complementarity between quality and expenditures made expressed ( ):
 . From the equation, the capacity and levels of human capital acquired are specified as:  . ( ):
 A study by Sunder & Vischer  used the Cobb-Douglas production function to establish human capital and growth specification found that human capital plays a positive role in per capita GDP growth in the presence of better economic opportunities and high-quality legal institutions. Economic opportunities reinforce the effect of human capital on growth. The results found that human capital is likely to be underestimated in empirical specifications that do not account for both channels. There exist complements alternative explanation for the weak growth effects of human capital based on outlier observations and measurement issues. • From the analysis, the Intelligence Quotient (IQ) type test scores were used as a control variable for the ability of knowledge achieved vis-a-vis level of investment • Coefficients for the two control variables had a significant effect on the inmates' educational attainment • Educational investment ratios with respect to school type and race were not factored in the model which was a verifiable gap, thus could not establish whether differentiated race and government investment had any effect on the scores attained among the inmates Abt Associates  Evaluation of the expanded learning time initiatives linear regression models"
"Preparing Workers for the 21st Century: Correlating the Impact of Advanced Training and Human Capital Theory","https://scispace.com/paper/preparing-workers-for-the-21st-century-correlating-the-3qy1ttnnr0","2016","","","Robert E Kasey","","https://scispace.com/pdf/preparing-workers-for-the-21st-century-correlating-the-3qy1ttnnr0.pdf","Since 1993, the American economy has experienced a rapid growth in the pool of workers entering the labor market and a consistent concern for a reduction in the number of people organizations want to retain to maintain its efficiency. For a large number of firms, the dividing line is education level of the prospective employee. This paper attempt to uncover what is the basis for education as the dividing factor and what this means to educators at the post-high school level. Points for consideration are provided that may enable academic educators to convey this significance to students as a means of motivating excellence in the classroom.","in: 1) Global negative publicity for both organizations; and 2) As a result of the financial award by the court, Publix experienced a significant drop in their company's price of common stock traded on the New York Stock Exchange (NYSE). A question academic institutions and educators may ask themselves is: To what extent do business organizations rely upon a person's education as a dividing or qualifying parameter in making human capital decisions and to what extend do educators and academic institutions prepare their students to either promote or disaffirm the governing theory on human capital? Purpose of this paper:
 The purpose of this paper is to present the fmdings of a limited qualitative research effort regarding the following questions: 1) What is Human Capital, Human Capital Theory and Human Capital Investment? 2) What are some significant theoretical components of human capital theory? Based on this research, academic educators are challenged to evaluate their institutions and themselves to determine whether they are preparing its students to promote or disaffirm an organization's use of human capital theory. Purpose of this paper:
 What is human capital and human capital investment from a business perspective?  suggested that since the objective of every company is to create value for its shareholders, the idea is to acquire assets and invest in products and services where expected return exceeds their cost. Since all organization require at least some human element, people are considered a ""value-adding"" asset to most organizations. More specifically, it is the intellect and drive of people that is of value to an organization. Several theorists have defined ""human capital"".  defined the construct as a combination of both mind capital and Fifth Annual College of Career Education Faculty Symposium on Teaching Effectiveness November 1997 Advanced Training and Human Capital Theory physical capital. Mind capital referred to the extent a person is capable of the generation of ideas, intent, methods, and goals. Physical human capital referred to the physical capability to transform ideas, intent, and goals into application.  in referring to human capital in the broader context of human resource accounting (HRA) suggested than human capital was the acquired useful skills and knowledge personnel departments seek in performing the functions of planning, recruiting, staffing, and hiring.  in discussing the future of managing knowledge and intellectual capital divided human capital knowledge into five distinct categories of knowing: distinction making, caring, languaging, shaping the future, and recognition that competence is an event that exist only when knowledge meets the needs of the task at hand. ""The challenge for management is to use the vast knowledge potential of the company to create value ... In viewing competencies as an event, managers have to design tasks that let people use more of their knowledge (and skills) in value creation"" . Purpose of this paper:
 For the purpose of this paper, human capital will be defined as the knowledge, skills, experience, and decision making ability a worker possesses or acquires that can be used to add or create value for an organization . Purpose of this paper:
 Human capital investment will be defined as general or specific education or training obtained by workers or prespective workers that offer the organization the opportunity to receive increased productivity or improvement in processes or procedures from the person's increased mental and/or physical skills and abilities. Education and training are considered the main means of developing human capital. The process by which organizations harness human capital is grounded in human capital theory."
"Uncommon Knowledge: World Bank Policy and the Unmaking of the Knowledge Economy in Africa.","https://scispace.com/paper/uncommon-knowledge-world-bank-policy-and-the-unmaking-of-the-527d6g9vqd","2013","Journal Article","Higher Education Policy","Milton O. Obamba","10.1057/HEP.2012.20","https://link.springer.com/content/pdf/10.1057%2Fhep.2012.20.pdf","","decades. Using the Bank's repertoire of published literature as its key analytic coordinates and sources, this paper straddles and illuminates the entire landscape between the Bank's first education policy Memorandum (World and its most recent Education Sector Strategy 2020 . Troubled Encounters with Education Policy:
 In the period between 1960 and the present, the World Bank has pursued multiple and often overlapping ideological persuasions and policy regimes towards education and development in developing countries . The Bank's policy regimes have in turn been fundamentally shaped by various theoretical and ideological paradigms that emerged and became dominant at different times. These theoretical regimes included human capital theory; manpower forecasting; and economic rate of return . The application of these economic theories to shape education and development policy came with radical consequences for the Bank's many defenceless dependants. In the next section we examine the trajectories and impacts of these key theoretical strands. Human capital theory:
 The concept of human capital dates back to Adam Smith's Inquiry into the Causes of the Wealth of Nations (1776). The human capital theory has fermented within academe since the 1950s . However, its growing theoretical stature and transplantation into the domain of formal economic analysis of education investment is widely credited to Theodore Schultz's groundbreaking seminal paper Reflections on Investment in Man published in the Journal of Political Economy . The theory of human capital investment was further formulated in immense detail by Gary Becker in his article Investment in Human Capital which appeared in the same journal . The human capital theory basically asserts that higher levels of investment in education translate directly into increased economic growth and productivity . He explained that human capital approach: Human capital theory:
 Rests upon the proposition that people develop their capabilities as consumers and as producers by investing in themselves y these investments turn out not to be trivial; on the contrary, they are of a magnitude to alter radically the usual measure of the amount of savings and capital formation. They also alter the structure of wages and salaries and the amount of earnings relative to income from property. (ibid., 1)  further illustrated the utilitarian value of investment in human capital and its strong connections with economic and political development. They asserted that: Human capital theory:
 The building of modern nations depends upon the development of its people and the organisation of human activity. Capital, natural resources, foreign aid, and international trade, of course, play important roles in economic growth; but none is more important than manpower.  This indicated that economic theory has historically played a significant role in shaping the contours of debate and policy surrounding higher education for many decades . The human capital theory and rates of return econometrics represent the most significant contributions of economic theory to the political economy of higher education worldwide, particularly in developing countries where the money to invest in education is often severely limited . Public management principles and tools, such as privatization, accountability, liberalization, and decentralization, have also considerably influenced the character and production of education policy in different contexts, including the patterns of resource availability and power relations within higher education ."
"An empirical analysis of human capital development and organizational performance in banking sector: a nigerian experience","https://scispace.com/paper/an-empirical-analysis-of-human-capital-development-and-1j41z0wv8e","2014","","","Olabisi Michael
Adewumi Zaid","","https://scispace.com/pdf/an-empirical-analysis-of-human-capital-development-and-1j41z0wv8e.pdf","The Nigerian financial economy has experienced a paradigm shift in the recent years due to ever-increasing development in information and communication technology. As such, human capital needs to be developed to ensure that the Nigerian financial sector has the best workforce, in terms of knowledge, skills, attitude, competence and ability, to be able to meet the challenges of dynamics in the economy. This paper studied the impact of human capital development on organizational performance in the Nigerian banking sector, with a particular reference to the State of Osun. Primary source of data was used, using questionnaire as a research instrument. A total of 351 copies of questionnaire were distributed to the branches of four selected banks spread across the State, using judgemental and simple random sampling techniques. Out of these, 302 copies were filled and returned, forming the basis of data analysis. It was found that significant relationship exists between human capital development and organizational performance in the banking industry. The paper recommends that efforts should be geared towards improving human capital development and that banks’ managements should embrace effective leadership style to enable the expenditure incurred on human capital development impact effectively on banks’ performance.","capital in an organisation. It is a combination of training and education that ensure the continual improvement and growth of both the individual and the organisation. Put in another words, the development of the individual""s human capital will benefit both the individual and the organisation. Theoretical Perspective of Human Capital:
 Though the origin of human capital can be traced back to the emergence of classical economics in 1776 , the term ""human capital"" was established by an American economist, Theodore  ). Schultz, in his paper titled, ""The Emerging Economic Scene and Its Relation to High School Education"", examined the connections between education and productivity. There the author identified people as the source of the economic growth and argued that traditional economics did not correctly calculate or consider the value of human knowledge. In effect, human capital theory resurged in the 1960's primarily through the work of . Since then a number of theories have been developed to consider the relationship of human capital with productivity. Theoretical Perspective of Human Capital:
 The concept of human capital development can be discussed within the framework of three underlying theories: human capital theory, modernization theory and growth theory. Theoretical Perspective of Human Capital:
 Dependency theory is ignored because it is most relevant to macroeconomic issues. Theoretical Perspective of Human Capital:
 Human capital theory views schooling and training as an investment in skills and competences . It is argued that, based on rational expectations of returns on investment, individuals make decisions on the education and training they receive as a way of augmenting their productivity. A similar strand of studies focuses on the interaction between the educational/skill levels of the workforce and measurements of technological activity . According to this theory, a more educated/skilled workforce makes it easier for a firm to adopt and implement new technologies, thus reinforcing returns on education and training . Theoretical Perspective of Human Capital:
 Similarly,  states that empirical studies provide evidence supporting the aggregate effects of education and training. Theoretical Perspective of Human Capital:
 Essentially, human capital theory shows how education leads to increase in productivity and efficiency of workers by increasing the level of their cognitive skills. Theodore Schultz, Gary Becker and Jacob Mincer introduced the notion that people invest in education or as to increase their stock of human capabilities which can be formed by combining innate abilities with investment in human beings  (cited in . Examples of such investments include expenditure on education, on-the-job training, health, and nutrition. The provision of education is seen as a productive investment in human capital, an investment which the proponents of human capital theory considers to be equally worthwhile as, or even more worthwhile than, that in physical capital."
"Gender Equity in Access to Higher Education in Mongolia1","https://scispace.com/paper/gender-equity-in-access-to-higher-education-in-mongolia1-179x97l3yq","2011","Book Chapter","","Enkhjargal Adiya Diffendal
John C. Weidman","10.1007/978-94-6091-722-6_18","https://scispace.com/pdf/gender-equity-in-access-to-higher-education-in-mongolia1-179x97l3yq.pdf","The increasing proportion of entering students has been one of the most outstanding events in the recent evolution of higher education. In particular, the extension to more inclusive groups including female students and less privileged social class students is becoming a worldwide phenomenon. Over the past decade and a half, higher education expansion has been most dramatic in the newly independent republics of the former Soviet Union and Mongolia (Magno and Silova 2008).","However, the concept was not developed fully by Smith. and Gary . HUMAN CAPITAL THEORY: Gary is regarded as one of the leaders of the development of human capital theory. He has provided theoretical and empirical analysis of investment in people (i.e. HUMAN CAPITAL THEORY:
 investment in education). According to Becker, human capital theory expands on the common insight that if one is out to maximize lifetime consumption, the shortest distance between one's present situation and one's goal is not necessarily a straight line: it often pays to invest in oneself -in one's human capital -for future satisfaction. To be more specific, when such investments are judged in terms of their present discounted value one can predict tendencies to invest in job training, education and so on. In general, human capital theory postulates that expenditure on training and education is costly, and should be considered an investment since it is undertaken with a view to increase personal income by imparting useful knowledge and skills . In addition, according to  human capital has dominated the economics of education and has had a powerful influence on analysis of labor markets, wage determination, and other branches of economics, such as analysis of economic growth. HUMAN CAPITAL THEORY:
 Furthermore, human capital theory is an elaboration of the commonsense notion that the function of schools is to teach students, that is, to provide them with information and skills that will be valuable in later life . As other forms of investments, which can be direct and indirect in most of the cases born by individuals including tuition, fees, expenditure on books and equipment, and a sacrifice of current income (the goods and services that teachers and students could produce if they were not engaged in education) is accepted in order to generate monetary and non-monetary returns in the future. The human capital model may be interpreted more broadly to encompass learning that does not contribute to higher market earnings. HUMAN CAPITAL THEORY:
 There are also other forms of human capital beyond formal education.  highlighted five major categories of human investment to improve human capabilities: formal education; health facilities and services; on-the-job training; formally organized education at elementary, secondary and higher levels; study programs by adults: and migration of individuals and families to adjust to changing job opportunities. How do these categories form human capital? For instance, health care and good nutrition improve people's standard of living by reducing sickness and child mortality and by increasing life expectancy, literacy and numeracy. HUMAN CAPITAL THEORY:
 Human capital theory emphasizes how education increases the productivity and efficiency of workers by increasing the level of knowledge and skills of people. Additionally, human capital theory provides a basic justification for large public expenditure on education both in developing and developed countries. Efforts to promote investment in human capital were seen to result in rapid economic growth in society. For individuals, such investment was seen to provide returns in the form of individual economic success and achievement."
"Are Accounting Metrics Applicable to Human Resources? The Case of Return on Valuing Assignments","https://scispace.com/paper/are-accounting-metrics-applicable-to-human-resources-the-1c3dwh32rb","2011","Journal Article","The Australasian Accounting Business and Finance Journal","Adam Steen
Denice E. Welch","","https://scispace.com/pdf/are-accounting-metrics-applicable-to-human-resources-the-1c3dwh32rb.pdf","The importance of accounting for human resources has long been recognised by the Accounting profession. Until recently, Human Resource Accounting (HRA) literature has been dominated by discussion as to whether humans fit the traditional definition of assets, and how to measure and report them. We investigate the concept of human capital and its measurement through a review of the HRA literature, as well as the literature in Human Resources (HR). This paper then draws on the findings of a small exploratory study into the measurement of Return on Investment (ROI) for international assignments. Interview data reveals that intangible costs and benefits are problematic when applying such a metric; that much of the outcome from the assignment is intellectual capital, in its broad sense, and therefore difficult to isolate and effectively measure.","lack of formal systems for calculating ROI; b) a focus on identifying quantifiable, identifiable monetary costs and benefits and; c) a lack of systems to capture and transfer intangible outcomes such as knowledge. We conclude with implications for future research. Literature Review:
 A commonly accepted economic definition of capital is ""that which has been invested""  on which the firm seeks to generate a return. Human capital has been defined as the source of income embodied in the individual employee . A firm's stock of human capital is therefore the sum of its employees' human capital. Many, if not most, accountants acknowledge that human capital is part of the capital of the firm.  acknowledge that ""there ought to be no doubt that they [human resources] are indeed economic resources and a form of capital -human capital"". While there may be acceptance of human resources as being part of the firm's capital, few accountants accept that it should be included in accounting reports and even fewer agree on how it should be done. This is not surprising given that financial reporting has traditionally been based on principles of reliability, verifiability and objectivity. The debate has generally centred on whether human capital can be classified as an asset and how it can be measured. While authors such as  and  have suggested methodologies for valuing human capital to enable it, like other forms of capital, to be incorporated into financial accounts, it is fair to say that the acceptance and adoption in practice has been limited. In the following section, therefore, we provide a brief review of the debate surrounding measuring and reporting human capital. Human Capital:
 In the editors' introduction to the launch of the Journal of Human Capital,  recount how human capital theory has evolved over four decades into ""one of the most universally accepted concepts in economics and other social sciences, especially as a driving force in the 'new information economy'"". Human Capital theory attempts to explain differences between human and nonhuman capital, in part due to a perceived need to measure investment in national education and industrial training . Accounting and HR scholars are cognisant that ""in a free society, the enterprise cannot own, only rent, its human capital"" . This characteristic of human capital means the firm will suffer a capital loss -in the form of a cost (employment and training of replacement) or a lost opportunity (such as utilizing specialist expertise in a new way) -when employees leave at the height of their abilities . This fact is acknowledged by some accountants such as  but not reported or recorded in financial statements. Components of individual human capital, such as tacit knowledge, are hard to observe and measure. Further, human capital may generate sustained economic rent if it is firm-specific (and predominantly tacit), and barriers to competitors' appropriation, such as adjustment costs, exist . Company training programs, work experience and accumulated knowledge improve an individual's human capital. Individuals trade their human capital for employment and rewards such as career advancement. Generally speaking, individuals can decide how, when and where they utilise their human capital: socialising the costs to the employer while privatising the gains. These features differentiate human capital from nonhuman capital and fixed assets."
"Human capital contribution into innovation progress: world experience","https://scispace.com/paper/human-capital-contribution-into-innovation-progress-world-30co9oz7dp","2014","","","T. V. Kasaeva
Russian Federation","","https://scispace.com/pdf/human-capital-contribution-into-innovation-progress-world-30co9oz7dp.pdf","The article deals with the evaluation of different approaches to the human capital notion, the features of state policy in a number of developing and developed states based on foreign and home research. The approaches are aimed at stimulating human capital in order to stimulate the innovation activity. The article shows the use of concrete program measures of stimulating the human capital development by the innovation capital leaders aimed at stimulating the human capital to encourage innovation progress (benefits, financial support, measures of effective interaction between science and production). Particular attention is paid to the experience of some developing countries (china, India, South Korea) in preventing the «brain outflow» and in attracting both international and home 'intelligence"" into the national economy (remigration). (Kasaeva T.V., Kiseleva N.N., Rud N.Y. Human capital contribution into innovation progress: world experience. Life Sci J 2014;11(11):626-629) (ISSN:1097-8135). http://www.lifesciencesite.com. 114","if education affects production, then, from the viewpoint of economy, it is the capital form and it is called ""human"" because this form becomes a man's component and serves the source of satisfaction or earnings in future or both at the same time . Main part:
 The main ideas of T. Schultz were further developed by the research of many contemporary scientists. The scientifically justified concept of http://www.lifesciencesite.com lifesciencej@gmail.com 627 human capital resulted in the investments into personnel as the source of economic growth equal by significance with capital investments into other spheres of activity . Main part:
 G. Becker developed the human capital theory further from the standpoint of investments into human capital. According to the theory of G. Becker, the human capital is the scope of knowledge, skills and habits a person possess the cost of which (by education, internal corporate training, etc.) Can in future lead to a considerable profit to the worker proper and to the employer . The most important investments into the human capital, the scientist believes, can be education, promotion of professional experience, developed health care, personal mobility, opportunities of free access to information . This approach justification implies that the human capital evolves exactly in the way like he financial capital accumulation that is it requires attracting means at the current moment to obtain extra earnings in future. Main part:
 J.Ben-Porat understands the human capital is a certain ""fund"" the functions of which is the generation of some services in commonly recognized units of measurement. In fact, it resembles any labor tool as the material capital . Main part:
 The human capital was explored too by home scientists. Main part:
 For instance, A. Dobrynin, S. Dyatlov and S. Kurganskii understand the human capital as the investment and accumulation producing a certain combination of qualities comprising health, knowledge, abilities, motivations which can be expedient in some sphere of social production leading to promoting labor efficiency and influencing the growth of earnings y this person . Main part:
 Ju.B. Basin and K.B. Borisova consider the human capital a 'the competence and ability of the company personnel "" which is assumed as a part of intellectual capital which the researchers relate to the company capital produced by the ordering knowledge which employees possess due to he significance for the company successful functioning. The scientists attach professional experience, skills and habits, necessary knowledge, creative potential, the company image and interaction with partners, to the intellectual capital . Main part:
 Summarizing the available approaches to the human capital definition, the human capital can be assumed the product of acquired , accumulated , merited human values expressed through physical and physiological abilities , knowledge, intellectual capabilities enabling to use them to acquire the necessary profit to satisfy human needs . Main part:
 Irrespective the interpretations, most researchers are unanimous that the human capital relates to the cost investments by the public into the economic unities. Therefore, the human capital is expressed in the quality of investments into human resources in order to expect future earnings, in other words, to promote performance. Main part:
 Let us consider the word experience of investing the human capital into the country's innovation progress."
"The relationship between human capital and social capital in professional-client relationships","https://scispace.com/paper/the-relationship-between-human-capital-and-social-capital-in-2wemwd2ypo","2013","","","Yuliani Suseno","","https://scispace.com/pdf/the-relationship-between-human-capital-and-social-capital-in-2wemwd2ypo.pdf","","theories. Following this, we elaborate on our hypotheses for the study. The method and findings of the study are subsequently outlined. Finally, we discuss the study's theoretical and practical implications, draw attention to the limitations, and recommend directions for future research. BACKGROUND LITERATURE: HUMAN CAPITAL AND SOCIAL CAPITAL THEORIES:
 The perspective on human capital is applicable to professional service firms, and is consistent with  conceptualisation of the strategic management of professional service firms being portrayed as involving individual professionals and the collective acquisition of new knowledge. Proponents of the human capital theory emphasise the importance of human beings as the repositories of knowledge . Some examples of human capital indicators are the level of an individual's education, experience, intelligence, knowledge, prestige, and specific skills . This theory argues that individuals are the most important resources, and that individuals who have substantially made human capital investments, such as an investment in education, are more likely to gain benefits in the market, for example, gain an entry into the job market or obtain a promotion (e.g., . The findings are further predicated on the notion that employees, i.e., the human capital of the firm, possess knowledge of the organisations, and more importantly, they possess tacit knowledge of the firm and its internal and external relationships . This knowledge in turn enables the firms to achieve superior performance . Essentially, maintaining human capital is a crucial issue as organisations use this to signal their credibility and competence . BACKGROUND LITERATURE: HUMAN CAPITAL AND SOCIAL CAPITAL THEORIES:
 However, human capital can become obsolete, less valuable and may depreciate over time if it is not updated and new knowledge is not continuously acquired . We focus on the microfoundation aspect of human capital at the individual level as the scope of focus of the construct of 'human capital' in this study . We also use a direct assessment looking at 'knowledge acquisition' of the different types of knowledge and experience from client assignments as the proxy of human capital. This is in line with  argument that human capital needs to be consistently built, and also with  call that human capital proxy must be specific or direct to reduce significant error variance in the measurement. For instance,  highlighted that simply using years of education, a common proxy in measuring human capital, does not assess the education quality nor indicate the individual performance when completing the education. This has also been echoed by  in the early years when he argues that human capital theory seems to be narrowlyfocused by only considering an individual's investment (e.g., in education) and the returns on this investment."
"A Comparison of Undergraduate Perceptions of Institutional Quality at a Public Institution","https://scispace.com/paper/a-comparison-of-undergraduate-perceptions-of-institutional-29m8513841","2021","","","Nancy M. Woodrow","","https://scispace.com/pdf/a-comparison-of-undergraduate-perceptions-of-institutional-29m8513841.pdf","","gaps between these two extremes. Therefore, an investment in oneself through acquisition of higher education can increase one's value or human capital and place the individual in a position of greater value to an employer. As a result, the individual will reap greater rewards. Human Capital Theory:
 Although  is the primary theorist of human capital, in the time between the 1961 publishing of the theory and the late 20 th century, other theorists contributed to researchers' understanding of the theory of human capital. Some of these additional theorists included .  specifically called attention to society's need for advancements in individual capabilities, as well as and in addition to technological advances. Therefore, to achieve progress in society, individuals must continue to invest in the efforts of education. An individual's participation in formal education will benefit many people in addition to themselves as the student. For example, children and family in the learned person's home will receive informal training as a trickle-down effect. Human Capital Theory:
 Neighbors will enjoy favorable social values in a more educated society, and employers who seek a trained labor force will enjoy additional hiring options. Each of these advancements to society is possible as the result of an increased level of human capital. Human Capital Theory:
 In addition to this added perspective, by 1964, Becker had further advanced the theory of human capital by bringing awareness to the relationship between the observed outcomes of wages and participation in education .  then expanded upon this finding in determining that these observed outcomes are simply dependent upon the individual's perception of how the additional level of earnings outweighing the cost of the additional schooling. This new perspective represented a significant shift away from the 1960s standpoint that higher education is simply a consumable commodity purchased by students, as based upon their personal tastes and their spending ability and dictated by family income. As the 20 th century progressed, a concept that began as an economic theory had clearly expanded to the behavioral realm. Based upon this shift in reasoning and the newly accepted principle that personal value is linked to education and wages, it made sense that individuals must increase their worth by investing in themselves and developing their own human capitalwith or without their employer's assistance. Human Capital Theory:
 Moving forward in time to the turn of the 21 st century, Van der Merwe's (2010) research represented a contemporary example of a study that uses the theory of human capital to explore whether students regard higher education as an investment into their own personal value. Human Capital Theory:
 Results of that study indicated that students indeed view higher education as a means to increase their value in the eyes of future employers, thereby increasing their employment prospects and providing an acceptable rate of return. Therefore, obtaining the commodity of higher education can provide a means to increase one's personal investment and render the individual more productive and more highly recognized by employers. As a result, much of our modern educational policy is underpinned, whether explicitly or implicitly, by the human capital theory. Human Capital Theory:
 Because of this theory, educational administrators now understand that the primary motivating factor in the demand for higher education is an individual's desire to achieve personal development that leads to enhanced economic and social status."
"Development of knowledge economy framework in the life science sector in the Kingdom of Saudi Arabia","https://scispace.com/paper/development-of-knowledge-economy-framework-in-the-life-4cyl601ebp","2018","Dissertation","","Omar A. Al-Harbi","10.23889/SUTHESIS.43855","https://scispace.com/pdf/development-of-knowledge-economy-framework-in-the-life-4cyl601ebp.pdf","Use policy: _________________________________________________________________________  This item is brought to you by Swansea University. Any person downloading material is agreeing to abide by the terms of the repository licence: copies of full text items may be used or reproduced in any format or medium, without prior permission for personal research or study, educational or non-commercial purposes only. The copyright for any work remains with the original author unless otherwise specified. The full-text must not be sold in any format or medium without the formal permission of the copyright holder. Permission for multiple reproductions should be obtained from the original author.","reviewing the human capital theory is perceived as important and very relevant to this study. Introduction: In the 1950s emerging theory presented the view that human capital was a product which had the potential to lead to greater returns on investment for any organisation. Introduction:
 Previously production factors were perceived as including labour, land and physical assets  but knowledge of workers has been clearly linked to higher system performanceespecially for mature economies. Based on these traditional production factors, relevant studies could not explain the total contributing factors for economic growth in the USA, and that study found a gap which was later explained by the role of human capital . Introduction:
 At this point it is helpful to define what is meant by the term human capital theory. Introduction:
 ""Human capital is the knowledge and skills that people acquire through education and training being a form of capital, and that this capital is a product of deliberate investment that yields returns"" according to . It is also argued ""human capital is a form of investment by individuals in education up to the point where the returns in extra income are equal to the costs of participating in education. Returns are both private to the individual in the form of additional income, and to the general society in the form of greater productivity provided by the educated"" . And from later economists ""human capital is acquired human capabilities that are durable traits yielding some positive effects upon performance in socially valued activities"" . Introduction:
 From these embedded definition and principles, which treat human capabilities as assets with values like other conventional production inputs, investing in this new form of emerging capital is an interesting subject area as it has impacts on system performance and has been linked to economic growth. In the next section the relevant aspects of investing in human capital will be explored. Investment in human capital:
 As mentioned in the previous section, production factors and the role of human capital were identified as key components within innovation systems. However, these human assets should also be employed effectively, in order to impact profitably the individuals, organizations and society . Schultz considers expenditure on health and education and the cost of internal migration as a kind of investment in human capital, and as individuals invest in themselves the opportunities and remunerative income increase. This view has deep-seated references in the history; Investment in human capital:
 according to ) ""The most valuable of all capital is that invested in human beings"". So, production inputs have human and non-human capitals, and investment in human capital is positively linked to economic growth, which has lucrative returns on individuals, and society. When we compare globally the South (poor countries) to the North (rich countries) or the West (rich countries) we find a big difference in terms of average of earnings in both the West and the North, which can be explained by the differences in investment in health and education in the South, compared with the North and West. The rate of increase in the USA income overtook the rate of increase in the conventional production factors, and that can only be attributed to the contribution of human capital generating greater levels of added value to the economy . So investment in education is an important factor for raising population production capacity, which means an educated population has more productive people . For the KSA such investment would be necessary to exploit the benefits of a life sciences system of innovation and revenues (including taxes)."
"Delivery Of Usaid Aid To Afghanistan, 2001-2017","https://scispace.com/paper/delivery-of-usaid-aid-to-afghanistan-2001-2017-2yz3zavq6l","2017","","","Abdullah Fayez Bataineh","","https://scispace.com/pdf/delivery-of-usaid-aid-to-afghanistan-2001-2017-2yz3zavq6l.pdf","DELIVERY OF USAID AID IN AFGHANISTAN, 2001-2017 by ABDULLAH BATAINEH May 2018 Advisor: Dr. Nadejda Marinova Major: Department of Political Science Degree: Doctor of Philosophy Afghanistan is currently foreign aid dependent. The US Agency for International Development (USAID) has allocated over 100 billion US dollars since 2001 for the development and modernization of Afghanistan. The United States has invested over 700 billion US dollars overall. There is a breakdown or a problem in USAID funding for Afghanistan, whereas not all the money allocated was utilized for intended purposes. Today Afghanistan remains a LDC, a least developed country, with extensive poverty, limited energy, poor infrastructure, and low literacy rates despite USAID and US spending and aid projects. This study examines examples of disconnects or the breakdown between funding and the fruition of intended modernization goals for Afghanistan. This qualitative dissertation utilizes primary reports from funding agencies including USAID, audits of projects, and formal inquiries. Additionally, the study utilizes respondent data completed by a diverse group of Afghan-born and American-born trained experts offering key information. These 28 individuals have insight into the political and economic impact of","accordance with this view, Bowen argued the importance of creating a societal impetus for investment in human capital aligned with the desire for social improvements. Once again, this reflects the early bias that modernization and investments in human capital will lead to democracy . Human Capital Theory:
 How are human capital outcomes measured? We can build schools and administer education, but does it lead to practical social betterment over the long term? In the context of human capital development, the examination of human capital is different from physical investments . This is due to knowledge attained as people pass through primary, secondary, and tertiary levels of education. This is an important differentiation from physical capital, as value is created in the intermediate stages of education. For example, a partially built road goes nowhere, and an unfinished factory does not generate economic growth. Therefore, the process of human capital development may take longer than infrastructure development. For individuals to attain higher skills, it is necessary to ensure they have the prerequisites as a result of the sequential nature of education . Human Capital Theory:
 When assessing the measurability of human capital investment, there are two methods: 1) to identify the monetary expenditures that are allocated for human capital education; or 2) to measure the outcomes related to worker productivity. Measures utilized in developing countries to assess human capital investment include the level of literacy demonstrated within the workforce or the years of schooling that individuals have obtained. Human Capital Theory:
 The measure of schooling is an especially important evaluative tool in determining investment in human capital. In Afghanistan, for example, there are considerable differences in the average levels of schooling based on human biases. In Afghanistan, females have about a quarter of the years of schooling that males do, a factor that many believe will continue to hinder that country's capacity for modernization . Human Capital Theory:
 Facilitation of the correct skills and knowledge is needed by each economy to compete in the global environment . Global knowledge of international market economies is invaluable to lead. This aspect of the sequential development may be particularly problematic when an area is not within a timeline of sustained economic growth.  noted that sustained the economic growth in East Asia facilitated ongoing investment in education. In Afghanistan, with a heavy reliance on aid, it appears that long-term benefits may be gained from increasing the level of support for tertiary education. These skills would facilitate further economic development by enhancing the resources, which are available and needed for modernization. Furthermore, knowledge attained by higher-level academic degrees creates educated leaders, who can think critically and respond productively in times of stress or crises. Such leaders also attain understanding and concern for the welfare of the people through comparative studies of other global systems. Human Capital Theory:
 Human capital investment in education is addressed by human capital theory and the belief that understanding the connection between investment in education and the outcomes related to educational attributes can help foster modernization . The connection between aid delivery strategies and modernization is shaped by the human capital theory view that investment related to education is essential . Human Capital Theory:
 In this section, human capital theory has been discussed as an idealized form of modernization that requires education, community development, civic organizations, developing individual human assets and investments in the future. However, societies steeped in centuries' old beliefs and traditions may not embrace changes they see as radical when it comes to gender roles, caste systems, and tribal economics and politics. A question develops if the people want change to modern ways or if modernization is being forced?"
"Mapping human capital for self-employment: education for job creation—an alternative approach to youth unemployment","https://scispace.com/paper/mapping-human-capital-for-self-employment-education-for-job-26kyl2opcn","2011","","","Yukiko Yamamoto","","https://scispace.com/pdf/mapping-human-capital-for-self-employment-education-for-job-26kyl2opcn.pdf","A widely-suggested educational policy solution for youth unemployment is to increase employability; however, this approach tends to neglect an alternative path—that of education for job creation and self-employment. This study emphasizes the importance of this alternative strategy and calls for greater attention to it for two reasons: 1) increasing employability is no longer sufficient in today’s saturated labor market; and 2) the relationship between skills and successful entrepreneurship is still sketchy at best. 

This study investigates how education can play a role in creating one’s own job, and what the best way to foster self-employment competencies is. It is designed to help policy makers capture perspectives on education in relation to self-employment so that they can debate, design, and implement programs in the future. The study specifically focuses on how education, related to human and social capital, might play a role in the business creation process. 

The study employs social cartography both to select data for analysis and also to present the final findings of the study. Meta-study procedures were applied for the data analysis. The study found three types of human capital (basic, specific, and entrepreneurial) and two types of social capital (cognitive and structural). The findings from the data-analysis were synthesized and mapped on a time-line of business creation and the management process. This map shows that basic human capital is constantly necessary throughout the process; however, the importance of specific and entrepreneurial human capital shifts along with the progress of business creation. The most effective educational strategies also shift parallel with the type of human capital. The impact of social capital also shifts; cognitive social capital has more of an impact in earlier stages, while structural social capital affects the process more in later stages. 

The recommendations for policy implications and further research possibility were made based on what the map shows, and does not show. This theoretical study is an effort to elucidate the underlying structures of human and social capital in the job creation process in an attempt to strengthen entrepreneurial education policy and programs in the future.","can now consider new educational strategies within the ongoing debates on the relationship of education and employment. Human Capital Theory: ""Human capital is the resources qualifications, skills, and knowledge that are available to and acquired by individuals to maximize their own employability"" . Human Capital Theory:
 Human capital theory argues that investment in human capital has positive effects on the earning and employment of individuals, and education and training is the way to invest in human capital . Investing in human capital, i.e., increasing the capabilities of people, is an activity which leads to future earning; therefore, more educated and skilled persons almost always earn more than less educated and less skilled ones .  claims that the cause of the earning gap among workers is due to the differences in the investment in themselves. Individuals pay the cost of being employed, i.e., the salary is the balance of their total earnings and their training costs. Young people's training costs are higher than older employees'. That is why younger people tend to earn less, even if they have the same educational background as older people . Becker also points out that sometimes the returns on their investment are not collected by the individuals themselves, but by the employers ; thus, in cases of exploitation, workers do not earn what is appropriate. Human Capital Theory:
 It should be noted that education, as a mean of investing human capital, does not imply only formal education, but also include non-formal or informal setting, such as on-the-job training and previous experience ). Schultz's human capital theory assumes education, in this broad sense, can develop both generic and specific competences, and that these are directly relevant for productivity in the labor market . Human Capital Theory:
 Education is beneficial for economic growth because it provides productive skills and the ability to modify a routine in response to changing opportunities in a dynamic environment (P. . That is how individuals increase productivity as labor and that is why they invest in education within human capital theory . More human capital tends to bring about more economic growth through mainly two channels: first, more human capital, especially that obtained at the secondary and higher levels of formal education, facilitates the absorption of superior technologies, and second, more human capital accelerates economic growth when the physical capital is increasing in the limited infrastructural areas ."
"Measuring the Impact and Value of Training Programs: A Qualitative Study of Selected Programs in the Workforce and Economic Development Network in Pennsylvania (WEDnetPA)","https://scispace.com/paper/measuring-the-impact-and-value-of-training-programs-a-36pd9uuv33","2009","","","Anita Pane Whiteford","","https://scispace.com/pdf/measuring-the-impact-and-value-of-training-programs-a-36pd9uuv33.pdf","","of work-that is, improves the capacity of the worker to be productive-and earned income reflects marginal productivities of different categories of workers (p.354). Human Capital Theory: Edvinsson and Malone (1997) define human capital as follows: Human Capital Theory:
 All individual capabilities, the knowledge, skill, and experience of the company's employees and managers, is included under the term human capital. But it must be more than simply the sum of these measures; rather, it also must capture the dynamics of an intelligent organization in a changing competitive environment. For example: Are employees and managers constantly upgrading their skills and adding new ones? Are these new skills and competencies recognized by the company and incorporated into its operations? And are these new skills, as well as the experiences of company veterans, being shared throughout the organization? Human capital also must include the creativity and innovativeness of the organization. How often are the new ideas generated in-house? How often are those ideas implemented? And what is the ratio of their success? . Human Capital Theory:
 WEDnetPA funded training provides organizations the opportunity to apply for free training funds in order to invest in their workforce. Due to globalization, the federal government must take an active role in better preparing the nation's workforce. Human capital theory is a major avenue for the federal government to accomplish this goal. Enhancing the skills of American workers through increased job training is often deemed necessary for the United States to compete in the global market . Training must increasingly be viewed as a way of preserving, and investing in, knowledge . The human capital model suggests that an individual's decision to invest in training is based on an examination of the net present value of the costs and benefits of such an investment . The state of Pennsylvania and the federal government invest in the nation's workforce by spending millions of dollars every year with on-the-job customized training and basic skills training. The officials of the state and government are seeking a higher skilled workforce, increased productivity, and stability of jobs as a return of their investment in human capital. Training is expected to make workers more productive and workers collect the return from their investment in later periods through higher marginal products and higher wages . Workers also have a stake in human capital investment with regard to the probability of earning higher wages as a result of acquiring higher-level skills. Human Capital Theory:
 Measurements of human capital for organizations are vitally critical since organizations invest a significant amount of money in their workforces. As employee costs today can exceed 40% of corporate expenses, measuring the ROI in human capital is essential . Training is considered an investment and, as with any other investment, entails costs and benefits which can be evaluated by economic criteria such as the present-value method and the internal rate of return method  There are common human capital measures that organizations can target when conducting evaluation studies and measuring human capital investments. Table  shows the common human capital measures. Elimination of    . ""In addition, it was expected that the quality assumedly would improve if local institutions had to compete for the right to provide CETA services"" ."
"Cao perspectives: the role of general education objectives in career and technical programs in the united states and europe","https://scispace.com/paper/cao-perspectives-the-role-of-general-education-objectives-in-3jy6buw60q","2011","","","Jennifer Ballard Schanker","","https://scispace.com/pdf/cao-perspectives-the-role-of-general-education-objectives-in-3jy6buw60q.pdf","Globalization is changing the way students prepare for careers in the United States and Europe as competition for highly skilled workers is increasing among companies, regions, and nations. Success in this environment requires skills beyond the ability to perform job-related tasks. Skills of this nature are described as ―liberal arts,‖ ―basic‖ or ―soft‖ skills or more broadly, ―general education.‖ This international comparative study examines the processes used to identify, embed, and assess outcomes related to general education within career and technical programs in selected institutions in Europe and the Midwestern United States through the perceptions of their Chief Academic Officers (CAOs). In this qualitative study, three community colleges were selected from the Midwestern United States and matched with three analogous institutions from the European Union offering career and technical programs. The CAO at each college participated in a semi-structured interview. Questions were asked related to the influence of cultural values and beliefs and the role of internal and external policies on the inclusion of general education objectives within career and technical programs. The content, delivery and assessment of those objectives, and future directions envisioned by the CAOs were also discussed. Interview results were triangulated with information from the college‘s web sites and other documentation to support conclusions and recommendations. The study found considerable agreement on the components of general education among CAOs on both continents but a broad variation on time spent on these components. Findings also included the growing influence of employers on the curriculum of career and technical programs, including general education content, and growing regional, national and international oversight on both sides of the Atlantic. The study offers recommendations for practice, dissemination of the findings, and further research.","real expense, which is a capital fixed and realized, as it were, in his person. Those talents, as they make a part of his fortune, so do they likewise of that of the society to which he belongs. (para 17) Human Capital Theory:
 Chicago School economist Gary Becker is credited with the application of the term and the theory to the discipline of economics with the publication of his 1964 text entitled Human Capital. In the second edition, Human Capital: A Theoretical and Empirical Analysis, with Special Reference to Education, Becker analyzed the return on investment in a college education that could be expected to accrue to individuals including white males, non-Whites, women, and rural persons. He also analyzed the benefits to society from investments in higher education compared to other types of investments. In the preface to the third edition of Human Capital: A Theoretical and Empirical Analysis, with Special Reference to Education,  references the 1992 presidential campaign during which then-candidate Clinton and former president Bush -did not even shy away from using the term ‗investing in human capital' to describe the process of improving the labor force‖ (p. xix). Human Capital Theory:
 Improving the workforce continues to be a political focus today. An interest in improving productivity through attention to education is not confined to the United States. In Europe, the Bologna Process has engendered numerous articles and studies as international scholars seek to define the purposes of the process and its likely results . Many of these studies draw on human capital theory to support their arguments. Another Chicago School economist, Jacob Mincer, introduced a model to quantify the return on investment in learning in his 1974 book Schooling, Experience and Earnings. His equations form the basis of studies such as Robert Chase's 1997 Human Capital Theory:
 analysis of labor market returns on higher education in Slovakia and the Czech Republic. Chase, who is currently a professor of Economics at Johns Hopkins University, was a PhD candidate at Yale University when he studied the effects of the transition from a Communist to a post-Communist regime on the market value of a post-secondary education. Other Mincerian analyses of the value of higher education have been conducted in Greece , Human Capital Theory:
 Poland , Sweden , and across the globe; all of these analyses focused on a theorem that calculates the increase in earnings based on years of schooling for different groups. Human Capital Theory:
 Authors such as Jean-Jaques Paul ( ) of the Institut de Recherche sur l'Education/ Sociologie et Economie de l'Education, CNRS/Université de Bourgogne in Dijon, France, are using models such as Mincer's as a jumping off point to define a new measurement: Human Capital Theory:
 The stress on competencies leads  to define education and human capital, no longer by a variable describing a process, the number of years, or even the degree, but by a set of variables describing the results of the educational process, i.e. the different competencies acquired by the educated workers. (p. 235)"
"Perceptions of student price-responsiveness ; a behavioural economics exploration of the relationships between socio-economic status, perceptions of financial incentives and student choice","https://scispace.com/paper/perceptions-of-student-price-responsiveness-a-behavioural-38eixuhqg8","2005","","","Johan J. Vossensteyn","","https://scispace.com/pdf/perceptions-of-student-price-responsiveness-a-behavioural-38eixuhqg8.pdf","Studenten die hoge collegegelden moeten betalen hebben wel leenaversie, maar dit weerhoudt hen er niet van om te gaan studeren of te lenen. In zijn proefschrift Perceptions of Student Price-Responsiveness toont Hans Vossensteyn aan dat de verhogingen van de collegegelden van de afgelopen jaren niet hebben geleid tot een andere sociaal-economische samenstelling van de studentenpopulatie. Sterker nog: de meeste studenten zouden ook wel gaan studeren als de collegegelden nog hoger zouden zijn dan ze nu zijn, mits de verhogingen van de collegegelden langzaam worden doorgevoerd. Wel zijn studenten uit lage sociaal-economische groepen nog steeds ondervertegenwoordigd. Vossensteyn vraagt zich daarom af of het wel goed is om studenten uit hogere economische klassen met basisbeurzen te subsidieren. Want die studenten gaan immers toch wel studeren. Wellicht zou het beter zijn overheidsgelden gerichter in te zetten om de participatie van studenten uit lagere economische klassen te bevorderen.","to a successful study. This is reflected in the notion of a customer-input technology, where students are regarded as both consumers and producers of education . Finally, price theory does not explain why students from different SES groups have different slopes in their demand curves. 21:
 Altogether, it can be concluded that educational decisions are more complex than buying an apple and therefore they may demand a different theoretical treatment. A major advancement towards a new theoretical approach of education was made with the formulation of the human capital theory, which will be discussed in Section 3.3. opposite directions and the total result of a price change can be indeterminate . Education is not likely to be an inferior good. 24:
 These stronger negative effects of tuition fee increases compared to the positive effects grants are discussed in Chapter 4 and 5 where, according to the behavioural economics model, financial incentives related to student choice are defined in terms of losses and gains. Human capital theory:
 The idea of education as an investment emerged in the 1950s and 1960s. The development of human capital theory also brought about the ""economics of education"" as a specific field in literature . Though Theodore  was among the first to acknowledge that education could be regarded as an investment in human capital, the central thesis goes back to Adam Smith in The Wealth of Nations (1776): Human capital theory:
 ""[A] man educated at the expense of much labour and time ... may be compared to one of those expensive machines."" Human capital theory:
 According to the human capital theory, education is an investment in the productivity of individuals and their environment.  was puzzled by why the pace of economic growth in Western societies could not be explained expansion of traditional factors of production such as land, labour and physical capital. Apart from the innate abilities of individuals, education came to be regarded as the major source of individuals' acquired abilities . In other words, besides the direct joy derived from education, education equips individuals with knowledge and skills and enhances their productivity in working life, which is expressed or formalised in a degree. Human capital theory:
 Productivity growth shows up in the quantity of goods produced, their quality and greater variety in the product mix . In a wellfunctioning labour market, increases in an individual's productivity are rewarded with corresponding wage increases ( . Thus, human capital theory is constructed around the idea that education is an investment of current time and funds in one's productive capacity for future pay. An individual who acquires more education becomes more skilful and productive and since productivity largely determines financial remuneration, education almost surely increases earnings in the labour market later . The investment characteristic of education is particularly expressed through the notion that costs and benefits both manifest themselves over a prolonged period of time. From this perspective, investment in education is not dissimilar to investing in a machine. Both improve people's performances at the workplace and their future returns are expected to exceed the outlay of time and money involved at purchase . Of course it must be recognised that not all educational investments lead to high or satisfactory returns. Some graduates voluntarily or involuntarily end up unemployed or in low paying jobs."
"The Effect of Female Education on Human Development and Economic Growth : A Study of Human Capital Formation in developing countries","https://scispace.com/paper/the-effect-of-female-education-on-human-development-and-1ryd7kpu40","2012","","","Pegah Jalilian","","https://scispace.com/pdf/the-effect-of-female-education-on-human-development-and-1ryd7kpu40.pdf","According to the different studies, there is a strong correlation between (GDP) per capita as the index of economic growth and indicators of human development such as life expectancy, infant mortal ...","this way education and training are the most important investments in human capital . Since the payoff to spending on education or training lies in a future it makes sense to regard this spending as capital investment specially an investment in human capital ( Lewin 1997). Education and Human Capital Theory:
 As a matter of fact the economic prosperity and functioning of a nation depend on its physical and human capital stock. Whereas physical capital stock has traditionally been the focus of economic research, factors affecting the enhancement of human skills and talent are increasingly figuring in the research in social and behavioral science. In general term, human capital represents the investment people make for themselves that enhance their economic productivity. Human capital analysis assumes that schooling raises earnings and productivity mainly by providing knowledge , skills and a way of analyzing problems .On the other hand, a key strategy in determining economic performance has been to use a conception of individuals as human capital and various economic metaphors such as productivity, technological changes, innovation, research, education and competitiveness. Education and Human Capital Theory:
 Based upon the works of , human capital theory, rests on the assumption that formal education is highly instrumental and even necessary to improve the production capacity of a population. In fact human capital theory emphasizes how education will increase the productivity and efficiency workers (as human capital) by raising the level of cognitive stock of economically productive human capability which is a product of innate abilities and investment in human beings. A prominent explanation for that move is provided by a recent reformulation of Human Education and Human Capital Theory:
 Capital theory which has stressed the significance of education and training as the key to participation in the new global economy. On the other hand according to the Lewin (1997) by increasing the level of cognitive skills and technological progresses consequently the phenomenon of ever present change will place a premium on the ability to adopt to change, on being able to recognize opportunities in the capital structure. Thus preparing our children for the twenty first century will mean equipping them with more than the basic skills. It means the rapidly changing capital structure is related to and is , indeed predicted on, rapid changes in human capital structure ( via education). Also education plays a great and significant role in the economy of a nation, thus educational expenditures are found to constitute a form of investment. This augments individual's human capital and leads to greater output for the society. It increases their chances of employment in the new labor markets, and allows them to reap pecuniary and non-pecuniary returns and gives them opportunities for job mobility."
"Capital humain et employabilité : quelle opportunité pour les entreprises en Mauritanie ?","https://scispace.com/paper/capital-humain-et-employabilite-quelle-opportunite-pour-les-2dbwlr68my","2016","","","Mohamed Levrak","","https://scispace.com/pdf/capital-humain-et-employabilite-quelle-opportunite-pour-les-2dbwlr68my.pdf","Resume : L'objectif principal de ce travail est d'etudier la perspective de repositionnement de l’education a l'entrepreneuriat comme une strategie pour stimuler le DCH et l'employabilite en Mauritanie. Pour y parvenir, nous passerons, d’abord, en revue l’etat des lieux et les defis en matiere de capital humain et d’employabilite. Ensuite nous chercherons a cerner le fondement theorique de l’education a l’entrepreneuriat et du DCH. Enfin, seront presentes la methodologie de recherche, les hypotheses afferentes et les resultats trouves Mots-cles : Mauritanie – Capital humain – Employabilite – Education Abstract : The main objective of this work is to study the prospect of repositioning of entrepreneurship education as a strategy to stimulate the human capital development and employability in Mauritania. To achieve this goal, we will , first, review the current situation and challenges in human capital and employability. Then we will seek to identify the theoretical basis for entrepreneurship education and human capital development. Finally, we will be presented the research methodology, the related assumptions and results. Keywords : Mauritania – Human capital – Employability – Education","DCH: Nous présentons, ci-dessous, des théories et des modèles spécifiques qui fournissent les fondements théoriques de l'enseignement de l'entrepreneuriat et le développement du capital humain. La théorie du capital humain ::
 Dans « Investment in Human Capital » publié en 1961 dans la continuité de son premier article, T.W. Schultzs'efforce d'affiner la mesure du capital humain en se concentrant sur la dimension qualitative du facteur travail, à savoir « l'habilité, le savoir et toutes les capacités permettant d'améliorer la productivité du travail humain ». Il observe que, pour quantifier ces dimensions, il est difficile de procéder à une analyse des dépenses d'investissement en capital humain comme il peut être fait pour évaluer le capital physique. Il est en particulier complexe de distinguer ce qui relève des dépenses de consommation ayant pour objet de satisfaire les besoins des individus et ce qui peut être considéré comme des dépenses d'investissement améliorant la qualité du capital humain. En somme, la plupart des dépenses rentrent dans ces deux catégories. L'approche par la dépense ne permet donc pas de mesurer efficacement l'investissement en capital humain. Sa mesure passerait plutôt par un effort pour comprendre les variables améliorant les capacités des individus et se traduisant par une hausse du salaire des individus concernés sur le marché du travail. Il distingue donc cinq sources de production et d'amélioration du capital humain : (1) Les infrastructures et services de santé qui affectent l'espérance de vie et la vitalité des individus ; (2) la formation professionnelle (incluant l'apprentissage) organisée par les entreprises ; La théorie du capital humain ::
 (3) le système éducatif de l'école élémentaire au supérieur ; (4) les programmes d'études et de formation pour adulte non organisés par des entreprises ; (5) la migration des individus et des familles pour saisir des opportunités d'emploi. Ces domaines étaient largement inexplorés par l'analyse économique, les travaux de Schultz ont permis de mieux mesurer le lien entre l'investissement dans ces cinq catégories d'activités et l'accroissement du capital humain. La théorie du capital humain ::
 Dans son ouvrage « Human Capital », l'économiste américain Gary Becker, définit le capital humain comme « l'ensemble des capacités productives qu'un individu acquiert par accumulation de connaissances générales ou spécifiques, de savoir-faire, … ». La théorie du capital humain ::
 Chaque travailleur a un capital propre, qui lui vient de ses dons personnels, innés, et de sa formation. Son stock de capital immatériel peut s'accumuler ou s'user. Il augmente quand il investit, ce qui détermine les différences de productivité et, par hypothèse, de revenu."
"Indirect Benefits of Women’s Education: Evidence from Bangladesh","https://scispace.com/paper/indirect-benefits-of-women-s-education-evidence-from-3jr3ghrbr5","2012","","","Selina Akhter","","https://scispace.com/pdf/indirect-benefits-of-women-s-education-evidence-from-3jr3ghrbr5.pdf","x","other contacts . II.: The second category identifies that mother""s education exerts a strong role on children""s educational attainment by influencing largely the behaviour, attitude and learning intensity of children as they have longer interaction with mothers especially in the early years of age . III.:
 The third category focuses on the economic contribution by measuring the rate of returns to women""s education considering wage earnings from labour market participation     . This category becomes more significant as individual""s productivity is closely related with education and thus she can contribute directly to the economic growth. Labour force participation generally responds positively with women""s education, although a non-linear relationship between these two has often been observed, in many developing countries. This is due to their irregular presence in the labour market and consequently, it becomes difficult to construct a model for estimating the expected rate of returns to women""s education. However, women""s education is positively associated with wage earnings and thus the rate of returns increases as the level of education increases. III.:
 These themes are developed in more detail in the following sections focusing on their application to developing countries. Human Capital Theory:
 The particular economic theory underpinning resource allocation to education is commonly known as human capital theory. It explains the relationship between education and earnings of a person by estimating the expected rate of returns from education (W. . According to , education, beyond its many cognitive and cultural effects, also creates ""capital"" that is embodied in the person who receives it. However, students incur expenses during the period of study, which compensate later in life as the graduate earns more than people of the same age who have a lower level of education. Thus, the basic proposition of human capital theory is that costs of one""s education are recouped later in life with a profit. According to the Organisation for Economic Co-operation and Development (OECD) definition, human capital is explained as the knowledge, skills, competencies and attributes embodied in individual that facilitate the creation of personal, social and economic well-being . Human capital, therefore, indicates the stock of accumulated knowledge and skills which is gained by an individual through gaining education and experiences that make him/her more productive. Human Capital Theory:
 Human capital theory was extensively developed by W.  and  and established in the economic growth and development literature in the early 1960s. The theory is accepted by the international development organisations as well as individual governments to justify their spending on education (Kuruda 2009). Human Capital Theory:
 W.  has established the idea that education is the function of formulating human capital, which is the basis for economic growth. He conceptualised a model incorporating the cost of education including foregone earnings during the schooling of an individual, the private benefit of education on individual income and the social benefits of education on economic growth. Based on this concept of human capital,  developed the rate of returns analysis in explaining educational impact. Human Capital Theory:
 Controlling the effects of labour market irregularities, he found that labour force participation associated positively with the level of education and subsequently the rate of returns to education increased.  worked extensively on the rate of returns to education, while P. ) concentrated on women""s labour force participation and its returns in the context of developing countries. Human capital theorists, thus, have made the largest contribution by constructing a theoretical base to analyse the contribution of education to economic development."
"Human capital and economic growth in Spain, 1850–2000","https://scispace.com/paper/human-capital-and-economic-growth-in-spain-1850-2000-50yv4pfgrv","2010","Journal Article","Explorations in Economic History","Leandro Prados de la Escosura
Joan R. Rosés","10.1016/J.EEH.2010.02.002","","","Escosura,Joan R Rosés Keywords: Human capital Growth Labor productivity Total factor productivity Spain ☆ This paper has been presented at Session D5, ""Human Capital Formation and Economic Growth since the 19th Century"", 15th IEHA Congress (Utrecht Introduction:
 The role of human capital in the growth process has been extensively analyzed since Adam Smith and Alfred Marshall, and has interested both theoretical economists and economic historians. However, it was not until the mid twentieth century that Becker ,  developed a complete theory of human capital, according to which the individual level of education and experience determines future labor income. The United Nations (1997) defines human capital as ""productive wealth embodied in labor, skills and knowledge"" while the OECD describes it as ""the knowledge, skills, competencies and attributes embodied in individuals that facilitate the creation of personal, social and economic well being"" . This broad definition does not restrict human capital to education but encompasses all investments in humans which are made to improve their skills, including schooling and informal education provided by parents or other family members, on the job training and learning by doing (i.e., acquiring skills through work experience) or any other activities that improve the productive use of a person's skills. Introduction:
 The measurement of human capital is even more elusive than its definition. Many authors have employed formal education measures, such as enrolment rates or the level of educational attainment, while others resorted to indirect proxies including literacy and numeracy as a way to identifying human capital. However, none of these measures adequately defines human capital since they ignore informal education, vocational training, workers' experience, and on the job training. Further, these partial measures do not consider the economic value (benefit) of human capital, the potential differences in rates of return between different types of education, and the acquisition of human capital for individual consumption and not for production. The point is that a ""sound"" measure of human capital should be not only comprehensive but also consistent with theoretical underpinnings. How to measure human capital will be the first question to be addressed in this paper."
"Human Capital and Performance of Commercial Banks and Insurance Firms in Kenya","https://scispace.com/paper/human-capital-and-performance-of-commercial-banks-and-23tao62evk","2015","Journal Article","DBA-Africa Management Review","Mercy Gacheri Munjuri
Peter K’Obonyo
Martin Ogutu","","https://scispace.com/pdf/human-capital-and-performance-of-commercial-banks-and-23tao62evk.pdf","The purpose of the study was to establish the influence of human capital on the performance of insurance firms and commercial banks in Kenya. The study adopted a descriptive crosssectional survey design and a census survey was carried out on all the 43 licensed commercial banks and 45 insurance firms in Kenya. The target respondents were the Human Resources Managers and the questionnaire was the data collection instrument that was used. Out of the 88 firms that were targeted, 54 responded, constituting a response rate of 61%. Hypothesis was tested using simple linear regression analysis. Descriptive statistics were computed for organizational data and the main characteristics of the study variables. Data was presented in form of tables. The findings revealed that the influence of human capital on non-financial measures of firm performance was statistically significant. These results are consistent with existing literature which points out a positive effect of human capital on firm performance. A firm's human capital is an important source of sustained competitive advantage (Hitt et al.,2001) and therefore investments in the human capital of the workforce may increase employee productivity and financial results (Black and Lynch, 1996; Pfeffer, 1998; Snell and Dean, 1992). This study contributes to understanding the link between human capital and firm performance, while at the same time confirms the findings of previous studies that have found a significant link between human capital and firm performance. Organizations can enhance their human capital by embracing rigorous selection procedures and matching the right people with the right jobs. Academic qualifications and work experience should be considered during selection. Key words: Human Capital, Firm Performance, Commercial Banks, Insurance Firms, Kenya","r i c a M a n a g e m e n t r e v i e w c o n f e r e n c e 2 0 1 5 more practices that have been found to effectively enhance human capital. Literature Review and Theoretical Foundation:
 This study is grounded on the human capital theory. Human Capital theory was proposed by  and developed extensively by . Human capital theory suggests that education or training raises the productivity of workers by imparting useful knowledge and skills, hence raising workers' future income by increasing their lifetime earnings . It postulates that expenditure on training and education is costly, and should be considered an investment since it is undertaken with a view to increasing personal incomes. Human capital theorists argue that firms will invest significantly to develop unique and non-transferable (i.e. firm-specific) skills through extensive training initiatives . The human capital approach is often used to explain occupational wage differentials. In his view, human capital is similar to ""physical means of production"", e.g., factories and machines: one can invest in human capital (via education, training, medical treatment) and one's outputs depend partly on the rate of return on the human capital one owns. Thus, human capital is a means of production, into which additional investment yields additional output. Human capital is substitutable, but not transferable like land, labor, or fixed capital. Human Capital:
 There have been a number of efforts to define and investigate human capital. One stream of research defines human capital as the abilities individuals possess . Another stream of research incorporates education and experience into human capital. Human capital is formed by aptitudes, competences, experiences and skills of internal members of the organizations .  define Human capital as an individual's cumulative abilities, knowledge and skills developed through formal and informal education and experience. From an organizational perspective, human capital is the result of a firm's deliberate investment through the selective hiring of employees with high general skills (or formal education) plus a firm investment in training of more specific skills through in-house training activities . Human capital is formed by aptitudes, competences, experiences and skills of internal members of the organizations . Organizations can increase their human capital by attracting individuals with high skills from the external labor market and/or by internally developing the skills of their current members. Human Capital:
 Human resources are crucial in creating human capital because organizations do not create knowledge otherwise organizations can increase their human capital by attracting individuals with high skills from the external labor market and/or by internally developing the skills of their current members. In the latter, a big role is played by employee retention. In terms of human capital, senior managers are crucial in attracting, selecting and retaining the right people in the organization as well as in devising and addressing training needs to develop the participation of employees and volunteers . 1 s t D B A A f r i c a M a n a g e m e n t r e v i e w c o n f e r e n c e 2 0 1 5"
"Human Capital and Brain Drain in the Regional Development: A Case Study of Incentives","https://scispace.com/paper/human-capital-and-brain-drain-in-the-regional-development-a-4uc9jud2di","2010","","","Carolina Wyttenbach","","https://scispace.com/pdf/human-capital-and-brain-drain-in-the-regional-development-a-4uc9jud2di.pdf","This paper investigates the incentives of Latin American masters students to remain abroad or to return home after completing their education at Lund University in 2010. These students can be regarded as valuable resources for the economic development of their home countries. However, under the presence of market imperfections and the increasing migration of professionals from less to more developed nations, it is valuable to consider the motives behind their decision to remain abroad or to return home. By analysing the motivations it is possible to draw conclusions regarding the influential forces behind the decision to migrate and thereby minimise the threat of brain drain by increasing the return migration.","represents the basis for the discussion of the research topic. The Human Capital Theory: Under these considerations, human capital represents an important factor in the analysis and explanation of economic growth and the income gab between skilled and unskilled workers in an economy. ""No country has become rich with a universally unskilled population"" 40:
 The increasing importance of knowledge and skills allowed some scholars to develop a theory where economic growth is explained not only through traditional factors of production, but rather through the endowed and acquired human capabilities. Under the individual point of view, the return on investments made in education should become visible through higher wages, while the return under the social point of view is perceptible through higher productivity.  It could be said that there is a sort of chain or relationship between three key elements in human capital, namely: education, productivity, and the labour market. While education is assumed to increase productivity leading to profitable companies, this should result in an increase in the wages of the productive and valuable labour force.  The human capital theory is rooted in the neoclassical economic concept which assumes perfect competition and perfect information. As conceived by its founders, this theory assumes that individuals are rational and they choose their education in order to maximise their utility. In other words, individuals will decide to invest in their education if the future benefits from this investment are higher than the costs, both monetary and non-monetary, of getting the education. Depending on each person's values, these benefits can consist of improvements in the professional as well as personal development, increase in wages, and other non-monetary gains. The same rational economic decision is applied to organizations, as well as countries as a whole. ""No country has become rich with a universally unskilled population"" 40:
 41 See Appendix 2 in pages 65 f. for further definitions of human capital theory. Thereby, the fundamental nature of the human capital theory is that individuals' knowledge and skills are considered a form of capital, and thus an educated population represents a productive population. 45 Investment in Human Capital:
 ""Many paradoxes and puzzles about our dynamic, growing economy can be resolved once human investment is taken into account""  For centuries, human beings have been considered as a factor of production in economic modelling. However, their importance has increased in the last decades, through the consideration of the productivity capacity of well educated individuals. Investment in Human Capital:
 Nevertheless, one point was still not considered, namely that people invest in themselves, and that in some cases these investments are very large.  Since human capital may increase productivity, it is important to analyse the way individuals allocate their time, money, and energy in order to accumulate new knowledge and skills."
"Labor market incentives to stay in school","https://scispace.com/paper/labor-market-incentives-to-stay-in-school-4ffuqvwmid","1993","Journal Article","Journal of Agricultural and Applied Economics","Judith I. Stallmann
Thomas G. Johnson
Ari Mwachofi
Jan L. Flora","10.1017/S1074070800018988","https://scispace.com/pdf/labor-market-incentives-to-stay-in-school-4ffuqvwmid.pdf","Human capital theory suggests that job opportunities will create incentives for human capital investment. If job information does not flow freely, or if they prefer not to move, students will make investment decisions based upon local job markets. Communities with a high percentage of low-skill jobs which do not reward high school and higher education do not create incentives for students to finish high school or continue beyond high school. Data from Virginia support this hypothesis. Targeted job creation, and improved labor market information may create incentives for increased human capital investment in many rural communities.","human capital investment. The paper discusses the few empirical studies which have indirectly addressed the issue. Introduction: In addition an empirical model to directly address the issue is estimated for the state of Virginia. The policy and future research implications of the model are discussed. Human Capital Theory:
 In his seminal article on human capital, Schultz suggested that individuals will be willing to give up current consumption if they can obtain a higher lifetime income (and consumption) by investing in human capital. Schultz suggested that human capital investment is a specific example of general investment behavior. Human capital theory predicts that an investment will be made when the rate of return on the investment exceeds the rate of return on alternate uses of the capital (and other resources). Schultz defined investment in human capital as any expenditure in education, health, or even internal migration that is aimed at taking advantage of better job opportunities. Becker stated that investment in human capital is any activity that improves ""the physical and mental abilities of people and thereby raises real income prospects."" Friedman and Kuznets implicitly recognized investment in human capital as a determinant of income and wealth, Human capital theory predicts that individuals will choose that level of investment in human capital that will maximize the present value of lifetime earnings. In this paper, we consider the decision to invest in education only, although the model can be extended to include other types of human capital as well, Human Capital Theory:
 The theory postulates a two-period utility function, Human Capital Theory:
 (1) u = U(X,X2,S), 0s s ~1, Human Capital Theory:
 where Xl and Xz are vectors of goods in periods one and two respectively, and S represents the proportion of period 1 devoted to schooling. The individual is assumed to maximize utility subject to the income constraint, Human Capital Theory:
 where Y, is potential income in period one, Y2= yz (S) is income in period two (a function of amount of education in period one), P is prices, and r is the discount rate. This maximization problem can be solved by forming the Lagrange function, ( ) Human Capital Theory:
 and finding the first-order conditions for a maximum, (4) aL q =U, -A.P, =O Human Capital Theory:
 Rearranging equation ( ) yields the expression (8) Human Capital Theory:
 The two terms on the left of equation ( ) are the benefits of education. The first term is utility gained directly from education and the second is the increased earning ability once educated. The terms on right are the costs--foregone income and the direct costs of education, respective y. Human Capital Theory:
 Investment in education will, therefore, be greater for those who enjoy school, those with lower schooling costs, those with poorer earning prospects without education, and most importantly for this paper, those who expect the greatest increases in employability from higher education. Human Capital Theory:
 Those individuals who live in communities with fewer opportunities for workers with more education will calculate a lower net return to education unless they are willing to consider a permanent move from their community. Human Capital Theory:
 The choice criterion in equation ( ) is generalized in Figure . Here the marginal cost of education is the sum of lost income, YI(S), and the cost of education, (P,). The marginal cost and benefit curves rise discontinuously at S1, the beginning of post secondary education."
"The 3rd OECD World Forum on ""Statistics, Knowledge and Policy"" Charting Progress, Building Visions, Improving Life","https://scispace.com/paper/the-3rd-oecd-world-forum-on-statistics-knowledge-and-policy-4w3wn88vzp","2009","","","Dae-Bong Kwon","","https://scispace.com/pdf/the-3rd-oecd-world-forum-on-statistics-knowledge-and-policy-4w3wn88vzp.pdf","Composite indicators are inherently complex and often raise more questions in the mind of the public than they answer. The Happy Planet Index (HPI) was designed to be a relatively simple index that nonetheless holds complexity by explicitly addressing the tension between the desire for high quality of life now whilst not undermining future quality of life. The HPI assesses how well nations are faring by comparing their ultimate outcomes (the delivery of happy and long lives for their citizens) with their fundamental inputs (how much of the planet‟s finite resources they use).","capital as one of important factors for a national economic growth in the modern economy. With the emergence and development of human capital as an academic field, some researchers expansively attempted to clarify how the human capital could contribute to sociopolitical development and freedom . Concept of Human Capital:
 The concept of human capital can be variously categorized by each perspective of academic fields. The first viewpoint is based on the individual aspects.  recognized the human capital as 'something akin to property' against the concept of labor force in the classical perspective, and conceptualized 'the productive capacity of human beings in now vastly larger than all other forms of wealth taken together'. Most of researchers have accepted that his thought viewing the capacity of human being is knowledge and skills embedded in an individual . Similar to his thought, a few researchers show that the human capital can be closely linked to knowledge, skills, education, and abilities .  conceptualizes the human capital as 'knowledge, competency, attitude and behavior embedded in an individual'. Concept of Human Capital:
 There is the second viewpoint on human capital itself and the accumulation process of it. This perspective stresses on knowledge and skills obtained throughout educational activities such as compulsory education, postsecondary education, and vocational education (De la Fuente & Ciccone, 2002, as cited in . Despite the extension of that concept, this perspective neglects that human being would acquire knowledge and skills throughout his/her own experience. Concept of Human Capital:
 The third is closely linked to the production-oriented perspective of human capital.  refers to the human capital as 'a fundamental source of economic productivity'.  states the human capital as 'an investment that people make in themselves to increase their productivity'. More recently,  define that human capital is 'an amalgam of factors such as education, experience, training, intelligence, energy, work habits, trustworthiness, and initiative that affect the value of a worker's marginal product'. Considering the production-oriented perspective, the human capital is 'the stock of skills and knowledge embodied in the ability to perform labor so as to produce economic value' . Furthermore, some researchers define that human capital is 'the knowledge, skills, competencies and attributes in individuals that facilitate the creation of personal, social and economic well-being' with the social perspective . Concept of Human Capital:
 Consequently, human capital simultaneously includes both of the instrumental concept to produce certain values and the 'endogenous' meaning to self-generate it. In order to dependently/independently create these values, there is no doubt that leaning through education and training can be an important in terms of defining the concept of human capital. Considering that experience can be included as a category of knowledge, the human capital is a synonym of knowledge embedded in individuals."
"Relation between Employee Learning, Emotional Intelligence, and Organizational Performance","https://scispace.com/paper/relation-between-employee-learning-emotional-intelligence-2mgxxoulyl","2019","","","Jose A Lopez-Martinez","","https://scispace.com/pdf/relation-between-employee-learning-emotional-intelligence-2mgxxoulyl.pdf","Relation between Employee Learning, Emotional Intelligence, and Organizational Performance by José A. López-Martínez MBA, Turabo University, 2003 BBA, Columbia University, 2001 Dissertation Submitted in Partial Fulfillment of the Requirements for the Degree of Doctor of Philosophy Management Walden University November 2019 Abstract Many managers of Puerto Rican corporations have not been able to assist employees in their recovery from the devastation left by Hurricane Maria. This lack of assistance has resulted in high employee attrition rates, low productivity, anxiety, isolation, anguish, despair, panic attacks, and depression. Scholarly literature lacks research on emotional intelligence and learning in corporate, postdisaster contexts; both capacities may mitigateMany managers of Puerto Rican corporations have not been able to assist employees in their recovery from the devastation left by Hurricane Maria. This lack of assistance has resulted in high employee attrition rates, low productivity, anxiety, isolation, anguish, despair, panic attacks, and depression. Scholarly literature lacks research on emotional intelligence and learning in corporate, postdisaster contexts; both capacities may mitigate employee stress due to the uncertainty inherent in postdisaster conditions and motivate employees to persevere in the face of adversity. The purpose of this quantitative study was to assess the relationship between employee learning, emotional intelligence, and organizational performance. The theoretical framework applied was human capital theory. The research questions focused on how employee learning and emotional intelligence are related to organizational performance. The sample was 90 full-time employees of multinational corporations in Puerto Rico. Data were collected through SurveyMonkey using the Workplace Learning Scale, the Trait Meta-Mood Scale, and the Organizational Performance Scale. Regression analysis was used to analyze the data, and both employee learning and emotional intelligence were found to have a statistically significant positive relationship with organizational performance (β = .563, p = .000; β = .348, p = .000). To more fully capture participants’ thoughts and feelings, a mixed methodology is recommended for future research. The results of this study could assist human resources managers in their selection of training that enables employees to gain the skills needed to support business continuity and personal welfare in postdisaster environments. Relation between Employee Learning, Emotional Intelligence, and Organizational Performance by José A. López-Martínez MBA, Turabo University, 2003 BBA, Columbia University, 2001 Dissertation Submitted in Partial Fulfillment of the Requirements for the Degree of Doctor of Philosophy Management Walden University October 2019 Dedication This dissertation is first dedicated to God. He has always been my motor. In addition, I dedicate this dissertation to my two wonderful sons, Jonathan and Denzel, who are my inspiration; they give me the motivation to keep going and make this happen. Finally, but not least, to my family, friends, and colleagues for their support and understanding throughout my PhD journey, and I look forward to celebrating and sharing this achievement with them. Acknowledgments I would like to acknowledge and thank my committee members, Dr. Steven Tippins (committee chair), Dr. David Cavazos (committee member), and Dr. Anton Camarota (university research reviewer), for their guidance and support throughout this process. My deepest appreciation and gratitude to my committee chair, Dr. Steven Tippins, for his support and encouragement throughout this dissertation process and for letting me work at my pace; I also thank him for his belief in my capacity to successfully complete this PhD program. I appreciate the committee’s patience and the feedback that each committee member provided. Their valuable contribution helped ensure the precision of my research and excellence in my writing. Thank you all for your guidance and support.","to develop a more specific one that he called ""investment theory in human capital"" with an emphasis on empirical implications. He found that earnings, for both companies and employees, vary based on age and the amount invested to improve individual and organizational competencies. Measurement of Human Capital:
 According to , who presented a multidisciplinary and multilevel theory of human capital, strategic human resources management has used three measurements for collective human capital: 1) subjective measures using one or more respondents; 2) proxies in macro-level studies; 3) direct measures, such as years of education, emotional stability, and scrupulosity. At the individual level, standard measures of human capital include the level and type of education, quality, and prestige. At this level, other variables such as experience, hours worked, seniority, international experience, disposition for transfers, career planning, cultural knowledge, mastery of several languages, inventions, speed, goal achievement, and emotional intelligence can also be considered. Measurement of human capital at the unit level has been practiced through the use of variables at the individual level that assume a linear relationship between individual and organizational levels . Applications for Human Capital Theory:
 Although the focus of the theory of human capital is mainly directed to the results in the production and profits of the organizations that are produced by the human resources that work for them, there are extensions that are wisely considered in the application of this theory. Human capital theory can be applied in all areas where individuals act to produce changes. The following are the most encompassing areas that are usually mentioned: economic, political, social, and cultural. Managers and owners make decisions about the inherent cost of current investment in human resources weighed against the future return of that investment. This theory is useful when applied in functions of planning, direction, and assessment . Applications for Human Capital Theory:
 Within the human resources department, decisions regarding the education and training of employees are extremely important. It is imperative to point out, and it was a direct implication for the present study, that this theory also includes the improvement of personnel in terms of skills, such as emotional intelligence and employee learning related to the performance of the functions assigned to the position. On the other hand, the authors pointed out that companies do not always obtain the planned positive results after training a worker. That is, the linear relationship between these two variables is not always met. In contrast to the previous statements, some firms completely ignore this theory; instead, they take advantage of the cheap labor of third world countries to obtain considerable profits without caring about the development and growth of employees . Conceptual Framework Employee Learning:
 Learning is defined as an active process of acquiring knowledge and skills that builds on previous experiences and occurs in a complex social environment that requires motivation and cognitive involvement of the learner . There are a great variety of theories, models, and learning styles that have been modified as contexts and technology change. The learning theory of Happenstance agrees with the purpose of this study, and a brief summary is presented. In terms of learning models, the following are described: Perry's scheme of intellectual and ethical development, epistemological reflection model, reflective judgment model, argumentative reasoning, epistemological beliefs, and acquisition and change. Visual, auditory, reading, writing, and kinesthetic are traditional learning styles and all occur in the workplace ."
"Continuing Professional Education and Human Capital Theory.","https://scispace.com/paper/continuing-professional-education-and-human-capital-theory-1dqhlk475n","2004","","","Jasper van Loo
Tonette S. Rocco","","https://scispace.com/pdf/continuing-professional-education-and-human-capital-theory-1dqhlk475n.pdf","Continuing Professional Education (CPE) may be defined as “the process of engaging in education pursuits with the goal of becoming up-to-date in the knowledge and skills of one’s profession” (Weingand 1999). Both theory and practice surrounding continuing professional education have been fragmented with providers of CPE identifying with their individual professions and not with the field of adult education (Mott & Daley, 2000) or human resource development (HRD). Yet, CPE has been recognized by adult educators as an important area of study and practice since the 1960s (Houle, 1980; Cervero, 1988; Queeney, 2000). For instance, adult education graduate programs teach students effective practice in CPE as facilitators, program planners, and administrators (Cervero, 1989). CPE is a growing concern for both adult education and HRD because of four trends: the amount of CPE offered in workplaces is surpassing CPE offered by other providers, CPE is increasingly being offered by universities through distance education, collaborations between universities and workplaces are expanding, and using CPE to regulate professionals’ practice is increasing (Cervero, 2000). In 1988, Cervero estimated that 25 % of the workforce claimed membership in a profession; this estimate could only have increased over the years (Cervero, 2000). As more professionals become corporate employees, CPE has become an important phenomenon in many workplaces making it the responsibility of HRD practitioners to manage and facilitate. As a result, during the last decades, the amount of CPE offered at the workplace has grown more than any other type of education (Cervero, 2001). Consequently, CPE at work takes resources away from training other classes of workers, the CPE-providers require more education and expertise increasing the costs of securing and retaining trainers, and since CPE is mandated by professional associations the content, timing, and costs to provide it are less controllable by the employer. Cost benefit analysis and return on investment are terms that are increasingly being used by HRD to support training as a sound investment in human capital (Cascio, 1987; Fitz-enz & Davison, 2002; Swanson, 2001). Human capital has caught the attention of scholars and practitioners outside the economics domain since it is increasingly seen as the “profit lever of a knowledge economy” (Fitz-Enz 2000). Without a workforce that is constantly increasing its knowledge and skills, organizations cannot remain competitive (Fitz-Enz and Davison 2002). Most theoretical and empirical research has implicitly been concerned with cost-benefit analysis for training at the individual or societal level (Burke 1995). Cost-benefit analysis for CPE for individual organizations or for their customers has been rather scarce in the economic literature. The field of human capital theory has contributed to research on training while paying little attention to the distinct characteristics of continuing professional education or the differences between training and CPE. This is due to the fact that the estimation of costs and benefits of CPE is not as straightforward as it would seem at first sight. Training and CPE are different in ways that make a simple application of training models to understanding the costbenefit analysis of CPE, impossible. While standard principles from cost-benefit analysis can be used to determine why, how and how much an organization invests in training, these same principles do not directly apply to CPE.","Title: Continuing Professional Education and Human Capital Theory Authors: Jasper B Van Loo,Tonette S Rocco Keywords: Continuing Professional Education, Economics, Human Capital Theory 1. What are the main insights from human capital theory? 2. What are the factors that differentiate continuing professional education from training? 3. What issues play a role when continuing professional education is analyzed using human capital theory? Human Capital Theory:
 Human capital theory is an economic approach to the evaluation of the costs and benefits of the investment in skills and knowledge. While Theodore Schultz coined the term human capital, the foundations of the theory were laid by Gary Becker and Jacob Mincer . The development of human capital theory began with the recognition that the investment in humans can be analyzed in a similar manner as the investment in physical capital. This implies that the impact of human capital investment (education or training) can be analyzed using economic models on the costs and benefits of investment. Benefits include higher wages, increases in productivity, and a stimulus of research & development and economic growth. Examples of costs are trainees' time investments, tuition fees, and the cost of the educational system. Human Capital Theory:
 In early human capital literature, educational background was considered one of the most important determinants of human capital. As a result, the classic empirical human capital studies focus on the value of additional years of education. One of the assumptions underlying classical human capital theory is that labor markets are competitive and that the wage is an unbiased estimator of individual productivity. Therefore, the empirical work relates human capital to wages using so-called 'mincerian' earnings functions. Human Capital Theory:
 The notion that various developments render parts of human capital obsolete, attracted attention from human capital theorists later. First, the focus was on ""vintage-models"", which take into account the differences in education in various periods and the implications for the variation in human capital and wages with age . When the value of certain vintages of human capital decreases, training as a means of human capital investment becomes essential to keep skills up-to-date. The impact of technological, organizational and competitive developments has resulted in increased attention for training as a determinant for human capital . Human Capital Theory:
 The analysis of training is full of economic considerations. Firstly, the training need can be related to the demand for and the supply of skills on the labor market. If the demand for a skill increases, for instance due to the introduction of a new technology in the workplace, it may be profitable for organizations and individuals to invest in training. Secondly, training options can be compared on the basis of costs, benefits or both. Cost comparisons are a relatively simple way of comparing different types of training. Organizations may also look at the long term benefits from training when they develop training programs that serve the strategic needs of the organization. Organizations may also compare different types of training by looking at both costs and benefits."
"Human capital and tourism competitiveness: an analysis essay","https://scispace.com/paper/human-capital-and-tourism-competitiveness-an-analysis-essay-4ew1pn6rwi","2021","","","Oussama Boutaleb
Nataliia Gavkalova","10.48374/IMIST.PRSM/AME-V3I1.24590","https://scispace.com/pdf/human-capital-and-tourism-competitiveness-an-analysis-essay-4ew1pn6rwi.pdf","The aim of this paper is to analyze the link between human capital and competitiveness in the tourism industry. Human capital has long been, since the founding works of Schultz and Becker, at the center of debates on its role in the competitiveness of companies as well as of nations. How is this relationship between human capital and service industries, in this case tourism, argued? This is the central questioning of the problem that we have tried to analyse. The hypothesis of this work is implicit: countries that do not improve the quality of training of their human resources, cannot aspire to general economic performance and to be among the best at the international level in the field of tourism in particular As this is an analytical essay, we have favored an analysis methodology, essentially hypothetico-deductive to establish the preponderant role of human capital in the competitive advantage in tourism by resorting on the theoretical level to a review of the concepts and theories of human capital and tourism competitiveness and on the empirical level to the analysis of the model of evaluation of the competitiveness of the World Economic Furum to find the correlation between the rankings in the tourism competitiveness index and the human capital index","some definitions. Human capital is generally defined as ""the set of skills, talents, qualifications, experiences accumulated by an individual and which partly determine his ability to work or produce for himself or for others"" (Genereux, 2000) . Definition:
 In the Oxford English Dictionary human capital is defined as ""the skills the labour force possesses and is regarded as a resource or asset."" It encompasses the notion that there are investments in people (e.g., education, training, health) and that these investments increase an individual's productivity. Théodore W. ;""Human capital is an intangible good that can advance or sustain productivity, innovation and employability. "" Definition:
 Paul  consider that it constitutes the ""stock of technical knowledge and qualifications characterizing the workforce of a nation and resulting from an investment in education and lifelong learning"". , based on Becker's work, define human capital as follows: ""Human capital is made up of all the creative, productive capacities of the worker, capacities taken in a broad sense since they include its technical know-how, its experience, its general knowledge ... Human capital is therefore considered as a stock that should be built, expand, use, grow. This one with the particularity compared to a normal capital to be consubstantial of the individual and therefore not salable as stock ». Definition:
 And according to the OECD (1998) definition, human capital would encompass ""the body of knowledge, skills, competences and individual characteristics that facilitate the creation of personal, social and economic well-being ». Definition:
 Frirs K.  define Human capital as an individual's cumulative abilities, knowledge and skills developed through formal and informal education and experience. Human capital can provide direct benefits in the form of superior performance, productivity and career advancement. Human capital refers to the collective knowledge, skills, and abilities of the individuals working in an organization. Definition:
 As we can see, the literature to date provides a wide range of human capital definitions, concerning both economic and managerial perspectives. In these definitions there is a clear emphasis on human capital as the knowledge, skills, and abilities of individuals. Despite the proliferation of human capital definitions in the literature, a number of key elements seem to be common, encompassing knowledge, experience, trained skills, endowed abilities, attitudes and behavior. Definition:
 As can be seen, many definitions have given the concept of human capital with more or less significance. Human capital is therefore generally identified with formal education, although aspects related to education are also sometimes introduced, work experience and even with the health conditions of individuals. Summarizing, we can say that the concept of human capital designates the quantity of useful and precious knowledge accumulated by individuals in the education and training process. It includes innate abilities and talents, as well as acquired education and skills. Thus, in this concept, we can differentiate innate human capital and acquired human capital, the former would be formed by the physical and intellectual capacities of individuals and the latter by formal and informal education."
"Enhancing Workforce Development in Rural Communities: The Georgia Mountains Manufacturing Initiative","https://scispace.com/paper/enhancing-workforce-development-in-rural-communities-the-2a3oynfm4z","2016","","","Jason Kaup","","https://scispace.com/pdf/enhancing-workforce-development-in-rural-communities-the-2a3oynfm4z.pdf","This study examined the perceptions of stakeholders in the Georgia Mountains Manufacturing (GMM) region in terms of how the education providers, high schools, and technical colleges worked together to address pathways, skills-gap training, and increase human capital for the benefit of both industry and the communities in the region. The GMM initiative was funded in 2010 with a two-year grant through the Governor’s Office of Workforce Development (GOWD) under former Governor Sonny Purdue. The purpose was to address graduation rates, employment readiness, and specific training needs of manufacturing industries in the region. That initiative was designed to create a Georgia Work Ready Region that provided targeted training for advanced manufacturing jobs within one state sector. This dissertation research examined the public-private partnerships to provide a better understanding of the education and economic development factors in the region. The researcher used semi-structured interviews to examine stakeholder perceptions of the relationships found between business and industry, government and local education providers in the six-county area. Twelve members participated in semi-structured interviews about the delivery of career and technical education (CTE) programs in the designated work-ready region. The researcher identified the employability traits that educators and employers desire for success in middle-skill manufacturing jobs. Although education and economic development partnerships were stimulated by the demonstration project they could not sustain long term viability in the region. Additionally, the CTE delivery system lacked the flexibility to design new school-to-work transitions for the sector. INDEX WORDS: Workforce development, Regional development, Georgia Mountains Manufacturing initiative ENHANCING WORKFORCE AND ECONOMIC DEVELOPMENT IN RURAL COMMUNITIES: THE GEORGIA MOUNTAINS MANUFACTURING INITIATIVE","realize where increased human capital acquisition impacts cumulative economic knowledge of the population. Human capital theory: The discussion of human capital in this literature review is divided into seven specific sections including 1) definitions (reconceptualization) of human capital theory, Human capital theory:
 2) opposition to human capital theory, 3) policy implications associated with human capital theory, 4) human capital development, 5) potential results of human capital investment, 6) human capital theory and technology, and 7) human capital and postsecondary training. In each of these categories, multiple sources address how human capital theory affects students' economic potentialities upon entering the workforce. Reconceptualization of human capital theory:
 Schultz's human capital theory  was developed for the discipline of economics. While struggling to account for national financial growth between 1929 and 1957, he was unable to explain the growth in physical terms, or inputs, and arrived at the basis for the theory that the explanation rested in an investment in people or human capital. Reconceptualization of human capital theory:
 To expand the theoretical-analytical framework of human capital theory,  develops the link between theory and education.  includes the terms, human capital formation -the process by which capital is developed -and human capital investmentthe resources of time and money required to develop capital , when he broadens Schultz' theory. When broken down into components that describe the theory, researchers can then apply these components to educational policy in terms of process (curriculum offerings) and investment (budget allocation).  posits a similar name for human capitalcognitive skills theory as the abilities which ""enable a student to realize academic accomplishment in the classroom are the same skills that enable the individual to achieve success in the workplace"" (p. 273). Additionally,  points out that cognitive skills represented in achievement scores, or GPAs, are influences realized in later economic behavior (p. 273); and thus, he proposes an alternative theory that is related to cognitive skills theory, certification theory. This theory supports academic credentials, such as a degree or certification, as the determinant of higher career earnings or greater economic success of the individual. While related to human capital theory, the certification theory rewards endurance in an academic pursuit rather than a cumulative skill-base (p. 273). In either case, human capital theory or certification theory, there is a skill development process that is a key feature of the theory. Opposition to human capital theory:
 It is important to note that not all of the literature surrounding human capital theory is supportive of the theory or its claims.  points out that there is some philosophical objection represented in the work of John Stuart Mill and Alfred"
"Estudio de Egresados de Licenciatura y Posgrado de la ESCA Sto. Tomás, Primeros Resultados","https://scispace.com/paper/estudio-de-egresados-de-licenciatura-y-posgrado-de-la-esca-2xjkxp2kwx","2002","Journal Article","Investigación Administrativa","Susana Asela Garduño Román
Marisela Castro Moreno","","https://scispace.com/pdf/estudio-de-egresados-de-licenciatura-y-posgrado-de-la-esca-2xjkxp2kwx.pdf","The purpose of this study is to find out, through the professional performance its leavers have in the labour market, the level in which this School objectives are fulfilled. Therefore, three parts are included in this paper, first the characteristics of the three pre-graduated careers, the three masters degrees, and the doctorate; second, a theoretical orientation focusing, on one side, what is a leavers study, on the other, the philosophical framework supporting this type of researches; and third, a general survey of different studies in this field, already carried out by other institutions, which gave the opportunity to design an ideal objective image in order to arrive to two models for leavers study, one for pre graduated and the other for post graduated, which will be tested during the second part of this research","niveles adecuados de inversión en capital humano para lograr mayor participación social en dicha inversión; por lo que se deben dar incentivos a los individuos o a las empresas que decidan invertir en capital humano. Teoría del Capital Humano:
 b. Lograr una participación compartida en la inversión y responsabilidad de formar capital humano de parte del gobierno, empresas y familias, para que las decisiones sean las más apropiadas. c. Asignar, de manera óptima, los recursos escasos con relación al costo-beneficio de inversiones alternativas, para fomentar la inversión en capacitación que hacen las empresas. d. Lograr una distribución equitativa de la inversión, en especial en los trabajadores que forman parte de la fuerza de trabajo, para no agrandar las diferencias educacionales. e. Contar, medir y monitorear adecuadamente la inversión en capital humano, para proporcionar mejores indicadores a gobernantes, empresarios e individuos. Teoría del Capital Humano:
 La Teoría del Capital Humano también le da importancia a las fluctuaciones del mercado, para tener control de la matrícula en ciertas profesiones dadas por las necesidades sociales. De esta manera pretende equilibrar la demanda de inscripción de aquellas profesiones que no sólo no han logrado el desarrollo social y productivo, sino que han provocado una demanda social que debe neutralizarse. Teoría del Capital Humano:
 Los estudios sobre egresados permiten conocer la rentabilidad de preparar capital humano, pues un factor a tomar en cuenta cuando se piensa invertir en su formación, son los costos de oportunidad como ingresos no percibidos por sujetos durante su formación, especialmente cuando se pretende un alto nivel de escolaridad (educación superior y posgrado), que requiere de mayores exigencias formativas. Sin embargo, esta teoría ha resultado insuficiente para explicar la inserción y movilidad en el mercado laboral, pues los países en vías de desarrollo, al incrementar su inversión en educación, especialmente en la superior, deberían propiciar la movilidad social, aspecto que se cumple parcialmente y de manera limitada . De aquí que esta carencia haya permitido que surjan otras perspectivas para ofrecer explicaciones diferentes a la relación educacióntrabajo, como es la Teoría del Desarrollo, que se menciona enseguida:"
"Human Capital Formation and Economic Growth in Nigeria","https://scispace.com/paper/human-capital-formation-and-economic-growth-in-nigeria-19bqhbak7h","2019","Journal Article","International Journal of Finance & Banking Studies","Godwin Emmanuel Oyedokun","10.20525/IJFBS.V7I3.37","https://scispace.com/pdf/human-capital-formation-and-economic-growth-in-nigeria-19bqhbak7h.pdf","This study investigates how the development of human capital is related to economic growth in Nigeria from 1980 to 2015. Data were sourced from the Central Bank of Nigeria and the National Bureau of Statistics. The study employed Augmented Dickey-Fuller (ADF) to estimate the relationship among the variables used in this study which revealed that there is a positive long-run relationship among public expenditure on education and health, total school enrolment, gross capital formation, employment rate, life expectancy rate and economic growth. The study recommended that the government should put in place the required education and training policy that would guarantee quality schooling for different level of education. Government should also commit more funds to health sector to enhance human capital formation. It was also recommended there should be more pragmatic means to develop human capabilities.","society. He suggests that the most accurate method of measuring economic growth is the human formation index which takes into account the literacy rates/level of education, employment and life expectancy and which in turn has an outright impact on income and could lead to economic growth. Theoretical Review:
 As the global economy shifts towards more knowledge-based sectors (e.g., the manufacture of ICT based services, R&D) skills and human capital formation becomes a central issue for policy makers and practitioners engaged in economic development, both at the national and regional levels, OECD . Yet, the impact of education and vocational training activities exert upon changing national and regional economies remains less than thoroughly explained and analyzed. Since the introduction of human capital theory in the 1960s, a number of studies have attempted to address this and other related issues. Human capital theory views schooling and training as an investment in skills and competencies, . It is argued that based on the national expectation of return on investment, individuals make decisions on the education and training they receive as a way of augmenting their productivity. A similar strand of studies focuses on the interaction between the educational/skills levels of the workforce and measurements of technological activities, . According to this theory, a more educated/skilled workforce makes it easier for a firm to adopt and implement new technologies, thus reinforcing returns on education and training. Empirical studies provide evidence supporting the aggregate effects of education and training. This theory shows how education leads to an increase in the productivity and efficiency of workers by increasing the level of their cognitive skills. Theodore, Schultz, Gory Bucker and Jacob Mincer introduced the notion that people invest in education or as to increase their stock of human capabilities which can be formed by combining innate abilities with investment in human beings Babalola . Examples of such investments include expenditure on education, on-the-job training, health, and nutrition. However, the stock of human capital increases in a period only when gross investment exceeds depreciation with the passage of time, with intense use or lack of use. The provision of education is seen as productive investment in human capital, an investment which the proponents of human capital theory consider to be equally or even more equally worthwhile than that in physical capital. Human capital theorists have established that basic literacy enhances the productivity of workers' low skill occupations. Theoretical Review:
 They further state instruction that demands logical and analytical reasoning that provides technical and specialized knowledge increases the marginal productivity of workers in high skill or profession and positions. Moreover, the greater the provision of schooling in society the greater the increase in national productivity and economic growth."
"The role of employability skills training programs in the workforce of Malaysia","https://scispace.com/paper/the-role-of-employability-skills-training-programs-in-the-9f7mrnup7d","2015","","","Mohd Hazwan Mohd Puad
Mohd Hazwan","","https://scispace.com/pdf/the-role-of-employability-skills-training-programs-in-the-9f7mrnup7d.pdf","Employability skills training programs are an essential strategy to improve the skills of the workforce and minimize unemployment in Malaysia. However, there has been a lack of assessment and evaluation studies regarding local employability skills training programs. Existing local studies are focused more on the identification of the skills that allow a person to be employable. Due to the lack of assessment and evaluation studies, stakeholders seem perplexed about the direction of training programs. Therefore, the purpose of this study was to examine the perceptions of educators, employers, and recent graduates regarding the role of employability skills training programs in the workforce of Malaysia. The study also identified those factors that facilitate and improve training programs. The theoretical framework for this descriptive study was based on Human Capital Theory (Becker, 1993; Schultz, 1961). All participants for this study were from the central economic region of the west coast of peninsular Malaysia. The first population was engineering, technical, and vocational educators in public higher education institutions. The second population was employers in the manufacturing sector. The third population was recent graduates who were enrolled in employability skills training programs in higher education institutions and training centers. A questionnaire was adapted to gather perceptions from the respondents.","workforce seriously so they can obtain a higher standard of living and benefit from increased efficiency and improved wages. Outputs from investments can yield private or general returns. Private returns benefit an individual, such as additional earnings, higher skills, and higher academic degrees. Human Capital Theory:
 Additionally, general returns benefit society, such as productivity, income tax collections, health awareness, and trust within communities. Human Capital Theory:
 Equally,  suggested that people take advantage of all available resources, including formal schooling and on-the-job-training. Both resources increase individuals' knowledge and skills. Improved knowledge and skills related to jobs enhance earning potential and future commercial and non-commercial returns. He posited that schools and training institutes are investments rather than consumptions in developing the workforce. Blaug contended that education provides students with the necessary general education and specific training for transferring knowledge and skills to the workplace. Human Capital Theory:
 Since the beginning of Human Capital Theory, scholars have maintained that education and training are highly instrumental in improving productivity and enhancing the capabilities of a population. , , and  reaffirmed the crucial factor of education and training in imparting knowledge and skills for private and social benefits. According to their research, individuals who acquire knowledge and skills enhance their abilities to deal with disequilibria in changing economic conditions. Knowledgeable and skilled workers improve their abilities to expand opportunities for salary increments during their careers. At the same time, education is important for transferring knowledge and skills to the workforce. Human Capital Theory:
 Investments in education and training increase potential employment among job seekers, allowing people to benefit from pecuniary and non-pecuniary returns, and giving workers opportunities for job mobility across industries and nations . Human Capital Theory:
 Furthermore,   knowledgeable and skilled workforce contributes to the growth of employment opportunities. Employers prefer to hire trained laborers for their organizations rather than insufficiently skilled new graduates. Employers have to expand more resources to retrain employees to support their knowledge and skills . Such employees are a cutting-edge advantage for industries that want to remain competitive in the global market. Human Capital Theory:
 The concept of Human Capital Theory can be implemented at any level of society, including an individual, organization, community, and country. Human capital is also essential to sustain a competitive advantage in society . For example, an individual's expertise is referred to as his or her intellectual capital, which may include skills, knowledge, experiences, thinking, and opinions. Although intellectual capital can be difficult to assess, individuals and companies benefit from intellectual capital in private and social returns. Qualities and capabilities possessed by workers are valuable and important assets to their employers to survive in today's global economic environment. Human Capital Theory:
 Despite the benefits of Human Capital Theory, there are several arguments in dispute concerning the concept.  expressed his concern with respect to the assessment of investments and benefits for human resources. It is difficult to measure expenses and returns exactly due to both quantitative and qualitative dimensions in human resources. For example, social factors are vast and it is difficult to quantify them."
"California Turnaround Schools: An Analysis of School Improvement Grant Effectiveness.","https://scispace.com/paper/california-turnaround-schools-an-analysis-of-school-d2kt7fgrka","2013","","","Khalil N. Graham","","https://scispace.com/pdf/california-turnaround-schools-an-analysis-of-school-d2kt7fgrka.pdf","OF DISSERTATION CALIFORNIA TURNAROUND SCHOOLS: AN ANALYSIS OF SCHOOL IMPROVEMENT GRANT EFFECTIVENESS The purpose of this study was to evaluate the effectiveness of School Improvement Grants (SIGs) in the state of California (CA) in increasing student achievement using the turnaround implementation model. The American Recovery and Reinvestment Act of 2009 (ARRA) included educational priorities focused on fixing America’s lowest achieving schools. SIGs (i.e., up to $2 million per school annually over 3 years) to the nation’s persistently lowest achieving public schools required schools accepting these awards to implement a federally prescribed school-reform model. Of these models, the school turnaround model is the most aggressive and least used. Using data from CA, the researcher analyzed student achievement results in reading and mathematics at six high schools in CA over a three-year span between their preand post-SIG-award year.","optimal balance of bonding and bridging social capital, enabling members to maintain healthy internal relationships while developing relationships outside the group that provides group access to external resources. A universally accepted definition of social capital does not exist, although similarities exist among the many definitions. Education and Social Capital:
 Studies on social capital and education have focused on external influences (i.e., outside of the school) on student achievement. Some of these factors include: (a) parental influence , (b) parent and community , (c) family structure , (d) parent and peer , (e) religious involvement , and (f) ethnic community .  discussed positive correlations among the social capital of children, sense of community, and self-reported well being. These examples are illustrative of much of the research on social capital and education, which has stressed the implications of social capital that students bring into the school from their external social networks. Researchers have shown children are more likely to attain higher achievement on tests and stay in school if they have a strong sense of connection with their communities and have a variety of empathetic social networks that allow them to feel safe and trust those around them .  proposed that schools are deliberately designed to construct human capital. Extensive research has been conducted to determine the best method to make the process more effective. There is little research on the role of schools as sources of social capital. However, researchers believe that schools have an important role to play.  called for institutions, such as schools, to nurture social capital among young people. Among the researchers that tackled the notion of social capital within schools, the bulk were concerned with the student-teacher connection with social capital that contributes to student achievement in school. Student achievement mostly takes the form of student engagement and achievement on state and national tests, while also associated with lower dropout rates for students. Human Capital:
 Human capital was described as the resources, qualifications, skills, and knowledge that are available to and acquired by individuals to maximize their own employability . The theory of human capital definition explores the concept that investment in human capital has positive effects on the earning and employment of individuals. Education and training are viewed as society's way to invest in human capital . Economists and social scientists concur that investing in human capital has a measurable outcome in that more educated and skilled persons usually earn more than less educated and less skilled ones .  also claimed that the cause of the earning gap among workers is due to differences in investment in themselves. Education, simply as a means of investing human capital, does not imply only formal education but also includes nonformal settings, such as on-the-job training and previous life/work experience ).  human capital theory assumes education, in a broad sense, can develop both generic and specific competencies, and that these are directly relevant for productivity in the labor market . Thus, education is seen as being beneficial for economic growth because it provides skills and the ability to modify routine practices in response to changing opportunities in a dynamic environment . That is how individuals increase productivity as labor and why nations invest in education . Economists persuasively argued that an increase in human capital tends to bring about more economic growth. As more human capital is obtained at the secondary and higher levels of formal education, the capacity of a nation to absorb superior technology increases and overall economic growth accelerates ."
"The Uniqueness of Knowledge Management in Small Companies: Managing knowledge as an employer strategy for lifelong learning","https://scispace.com/paper/the-uniqueness-of-knowledge-management-in-small-companies-8zyuf5m3o2","2008","Book","","Ernesto Villalba","","https://scispace.com/pdf/the-uniqueness-of-knowledge-management-in-small-companies-8zyuf5m3o2.pdf","The present study explores the relationship between the ‘knowledge-enabling environment’ and the demand for training using a sample of 18 small private companies providing educational and consultan ...","(4) improving emotional and physical health (see ). Becker's arguments are based on the study of rates of return of on-the-job training and the distinction he makes between general and specific training. In the following paragraph he tries to summarize his view: Human capital theory:
 General training is useful in many firms in addition to the firm providing it. Most of on-the-job training presumably increases the future marginal product of workers in the firm providing it,(…) ""Perfectly general"" training would be equally useful in many firms and marginal products would rise by the same extent in all of them. (…)[F]irms would provide general training only if they did not have to pay any of the cost. Persons receiving general training would be willing to pay these costs since training raises their future wages. Hence, the cost as well as the return from general training would be borne by trainees, not by firms . Human capital theory:
 Using this as a point of departure, human capital theory has produced an important amount of literature studying different aspects of the same issue, namely: investment in human capital, including education but not exclusively education, increases wealth both at the societal and the individual level . This has been a catalyst for the promotion of education at a national level under the premise that investment in human capital is a tool for enhancing economic growth (see e.g. . For  ""human capital theory postulates that the most efficient path to the national development of any society lies in the improvement of its population, that is, its human capital"".  maintains that human capital theory is ""the economist's approach to the analysis of skills, or labor quality"".  adds that the core premise of human capital theory is that ""those with more human capital, holding all other variables constant, should be more productive"".  argue that there are two approaches in the study of human capital, one focused on quantifying human capital and another focused on growing human capital. The former is related to the study of costs, and the latter is more closely related to training and development. Human capital theory and knowledge management:
 Especially important for this dissertation is the measurement of human capital and how companies justify investment in it. In most of the cases, as  points out, studies of human capital have been measured in terms of educational attainment. Experience has also been considered a proxy for human capital: the more experience one has the more human capital that one is suppose to have. Post-school training activities are usually considered the main vehicle for human capital formation in adult life (see e.g. ). Theoretically, following  assumptions, companies would pay for specific training but not general training."
"Approaches for Human Capital Measurement with an Empirical Application for Growth Policy","https://scispace.com/paper/approaches-for-human-capital-measurement-with-an-empirical-2z6h6qgpye","2015","Journal Article","Asian Social Science","Rewat Thamma-Apiroam","10.5539/ASS.V11N26P309","https://scispace.com/pdf/approaches-for-human-capital-measurement-with-an-empirical-2z6h6qgpye.pdf","This study aims at providing a theoretical concept of human capital and its measurement that have been continually developed for decades and empirically testing the casual relationships between human capital, measured by educational spending, and economic growth of Thailand. The methodologies are through literature synthesis and qualitative analysis as well as time-series quantitative analysis; the data is annually collected during the period 1980 – 2010. The finding indicates that human capital can be defined in different frameworks because its definition changes over time. Nonetheless, owing to a key attribute, it should be defined on a broader view and its spillover effects should be taken into account as well. The other finding is that the standard approaches to human capital measurement are cost-based, income-based and output-based. The empirical results suggest bidirectional causality between human capital and economic growth of Thailand but much clearer for the causation running from human capital to growth. As such, the policy implication is that if the government aims to achieve the long-run economic growth, both increasing the educational opportunity and improving the quality of education are imperative.","such knowledge by nature, this would give rise to positive externality. Undoubtedly, the definition of human capital is influenced by the new growth theory, more specifically by the mechanisms of modeling and the need to be able to explain the real world phenomena. Human Capital Definitions and Its Scope:
 With the advent of advanced technology, creative innovations, and new products, human capital is defined with the inclination as to ""the knowledge with technological progress."" As the term suggests, anything formerly defined seems to dwindle in its role as human capital. By contrast, anything closely fitted into that is a standout. For instance, in Lucas model, human capital can be thought of two different strands, one with that accumulated off-the-job training and another with that accumulated on-the-job training (learning by doing). This easily leads one to perceive a lesser role of formal education but a greater role of training as such the interpretation of human capital. Mankiw, another well-known contributor to human capital issue, has convincingly argued for defining ""human capital"" as that amount of knowledge, basically via studying, which is embedded with technology progress. He stated that since lifetimes are finite, there is an upper bound to the amount of human capital that can be accumulated. Thus, increasing human capital, say more years of schooling, may be able to be raised to some point up to the transition period in a growth model, but human capital accumulation cannot explain the growth at the steady state. This is to say knowledge cannot be accumulated without a bound. As such, in the context of the endogenous growth model, as it predominately impacts how the human capital definition should be. The point is that the amount of human capital accumulation might not be a strong candidate to explain the long-run economic growth aspect."
"Making it Work: Credential and Employment Outcomes of Out-of-School Youth in Southside Virginia","https://scispace.com/paper/making-it-work-credential-and-employment-outcomes-of-out-of-37i3d9tuq8","2011","","","Najmah Thomas","10.25772/K5EZ-2E84","https://scispace.com/pdf/making-it-work-credential-and-employment-outcomes-of-out-of-37i3d9tuq8.pdf","","less-developed countries, in which it was assumed that there was a fixed relationship between the amount of physical capital invested and the increase in output that could be expected . In practice, the application of this thinking often resulted in unsatisfactory economic development outcomes. What is Human Capital?:
 Despite the tendency of many economists to focus on non-human capital, there were a number of early researchers who employed the concept of human capital, such as Sir William Petty (1691), William Farr (1853), Theodor Wittstein (1867) and later Louis . Petty is credited with one of the first efforts to calculate the monetary value of a human, noting that labor was the -father of wealth‖ and should therefore be included in any estimate of a nation's wealth . However, according to , the first truly scientific procedure for measuring human capital was employed by Farr, and his capitalized-earnings approach was followed by the majority of economists for evaluating human capital. What is Human Capital?:
 Some of the first researchers to employ the term human capital in modern economic literature include  and .  concentrated his analysis on the relationship between education and earnings growth, and was an early proponent of classifying human capital as an investment rather than consumption. According to , the fundamental premise of human capital is that a human agent of production is created by applying productive resources to ‗raw labor'; the result of this application is a ‗trained human agent' whose enhanced productive capacity is manifested in a stream of services that have enhanced value. What is Human Capital?:
 Kiker (1966) provides a comprehensive list of purposes for the development of a theory based on human capital. He suggests that the concept is useful to policy makers and private corporations for six reasons: 1) to demonstrate the power of a nation; 2) to determine the economic effects of education, health investment, and migration; 3) to propose tax schemes believed to be more equitable than existing ones; 4) to determine the cost of war; 5) to awaken the public need for life and health conservation and the significance of the economic life of an individual to his/her family and country; and, 6) to aid courts and compensation boards in making fair decisions in cases dealing with compensation for personal injury and death. What is Human Capital?:
 A central facet of human capital theory that is evident throughout the literature is the characterization of human capital development as an investment; this investment requires one to spend an amount of resources (time, direct costs of education, and cost of foregone wages during the period of training) for a determined period of time, the return being realized over a long period of time. Individuals who invest in their education can generally expect to receive higher returns in terms of wages and benefits over the course of their lifetime. Goode (1959) also emphasizes that while the costs of human capital acquisition and maintenance of human capital involves an economic investment, and realization of the returns to that investment is a principal motivation, it is not the sole reason for human capital development. Individuals may also choose to invest in education for the sake of knowledge itself, as opposed to the expectation of future earnings."
"Human capital development and its impact on firm’s performance","https://scispace.com/paper/human-capital-development-and-its-impact-on-firm-s-5ovcv3rgks","2015","","","G.S.Srinivasmurthy
M.Sridevi","","https://scispace.com/pdf/human-capital-development-and-its-impact-on-firm-s-5ovcv3rgks.pdf","","rivals. Thus, as the uniqueness of human capital increases, firm have incentives to invest resources into its management and the aim to reduce risks and capitalize on productive potentials. Hence, individuals need to enhance their competency skills in order to be competitive in their organizations. ReseaRch PaPeR:
 The human capital theory has undergone a rapid development. Within its development, greater attention has been paid to training related aspects. This is much related to the individual perspective. Human capital investment is any activity which improves the quality (productivity) of the worker. Therefore, training is an important component of human capital investment. This refers to the knowledge and training required and undergone by a person that increases his or her capabilities in performing activities of economic values. Some recent literature shows the importance of training. In any case, it is fitting to point out that the workforce's lack of training is related to low competitiveness . In turn, a greater human capital stock is associated with greater productivity and higher salaries (Mincer, 1997). Likewise, training is linked to the longevity of companies (Bates, 1990) and greater tendency to business and economic growth (Goetz and Hu, 1996). In addition, Doucouliagos (1997) has noted human capital as a source not only to motivate workers and boost up their commitment but also to create expenditure in R&D and eventually pave a way for the generation of new knowl-edge for the economy and society in general. Also, for small businesses it is a valuable asset, which is positively associated with business performance. Finally, investment in training is desirable form both a personal and social perspective."
"Measuring the efficiency of human capital","https://scispace.com/paper/measuring-the-efficiency-of-human-capital-1zz2zsahir","2021","","","Nemanja Veselinović
Bojan Krstić
Martina Veselinović","10.5937/ESD2102001V","https://scispace.com/pdf/measuring-the-efficiency-of-human-capital-1zz2zsahir.pdf","","into three categories: ""human capital, structural capital and relational capital"" . As different views on defining human capital exist, state that human capital represents the pure intelligence, knowledge, talent, experience of the employees and an essential constituent of the intellectual capital. Human capital:
 Chen and Lin (2004) identified three approaches to the definition of human capital. The first approach is the transaction cost economy theory, where companies can employ a new worker from inside or outside of the company. Since both options have their costs, companies will always choose the cheaper option, representing the most efficient way. The second approach is the resource-based view of the company, where the human competences that make up the essence of the business and build a competitive advantage must be developed within the company. The third approach is the human capital theory, where companies make decisions about investments in human capital by evaluating potential future benefits. Human capital:
 Fitz-enz (2010) describes human capital as a set of permanently and occasionally employed workers. The question is how much companies want to keep or lose certain employees. With the departure of employees from the company, the company itself loses part of the human capital in which it has invested a certain amount of money.  states that talent is the potential of employees, who are currently part of an enterprise or who might come later. Furthermore, this potential of employees includes the realization of their capacities. Human capital:
 The investment in human capital can allow an enterprise to gain a competitive advantage and represent an input that companies transform into talents and technology . The capacities of employees represent the company's asset, and that is one of the reasons for investing in employees.  stated that by investing in human capital, a company would improve the efficiency and quality of products/services, and differentiation. Human capital:
 Human capital is described as a collection of basic characteristics and properties of workers and serve as a source of potential benefits and profits for both the employee and the company that employs this capital under certain conditions . Knowledge is the most valuable asset and knowledge management is critical to a firm's success . Therefore, human capital investments could boost labour productivity and financial performances of an enterprise .  state that investments in human resources and IT are strongly connected to business success.  point out that investing in human assets results in increased employees' performance, productivity and economic development of an enterprise. Since human capital is the main strength ) and affects business performance, human capital measurement and control are necessary. Since human capital is a complex phenomenon, this paper focuses on the following dimension -the measurement of human capital efficiency and indicators which allow managers to control the results of human capital. Human capital measurement and reporting:
 The human capital of an enterprise is defined as individuals who are constantly bound to the enterprise and its mission, can collaborate and have creative attitudes and high-quality qualifications . Unlike authors who have used the term investments in the employee, some authors have used the term human capital, obliquely suggesting that an employee with human capital is of some value for an organizational (business) unit within an enterprise or an enterprise as a whole . People who are part of the enterprise are indeed one of the key drivers of attaining financial results. It is often stated that human capital is the key to the development of an enterprise and that employees are vital assets in terms of competitiveness and business performance. Furthermore, human capital is described as a base for gaining the potential future profit ."
"Predictors of Academic Success Between On-Track and Off-Track Students in a Mexican University","https://scispace.com/paper/predictors-of-academic-success-between-on-track-and-off-4p1zmfgnba","2013","","","Jesus Francisco Hinojos","","https://scispace.com/pdf/predictors-of-academic-success-between-on-track-and-off-4p1zmfgnba.pdf","","on-track, and off track students. Hypotheses: 2. There are differences in social capital variables among on-track and off-track students. Hypotheses: 3. There is a relationship between high school and family background variables among dropout students. Human Capital:
 This section is devoted to describe the development of human capital theory. After World War II, in trying to explain the economic growth of nations, the traditional tools used by economists-labor and physical capital-were not sufficient. Several economists shed light on the problem. One of the first was , who explored the relationship between the distribution of income and individual abilities. His conclusion was that differences in training result in differences in level of earnings among occupations. In his study he used education and occupation to measure the amount of formal training . In 1959, Theodore Schultz in his article ""Investment in Man: An Economist's View"" proposed to treat education as an investment in man and the result as a form of capital. According to  human capital is represented by education beyond the eighth grade. The work of Mincer and Schultz culminated in Gary  theory of human capital.  theory of human capital is described as ""the most complete and elegant model relating education to income"" .     in which the findings include that education can explain about one-fourth of the rise in per capita income in the period from 1929 to 1982 .  clearly analyzed the importance of the family size. He stated that the spending per child tends to be negatively related to the number of children. Concluding that small families generally spend a lot on each child's education and training, while larger families spend much less on education. Human Capital:
 In short, human capital represents the investment people make in themselves which enhances their economic productivity. And also education, as a form of human capital increases the efficiency of workers by increasing the level of cognitive stock of economically productive human capability . Investment in Education:
 In a study made by Blau and Duncan in 1967 demonstrated that education is the best way to break the cycle of poverty and thus, the reproduction of social inequality . In this sense, education plays a significant role in the economy of a nation; and in this way, educational expenditures leads to higher earnings for the individual worker and greater output for society . Investment in Education:
 Public schools represent the government investment in education. School can be defined as an institution specializing in the production of training, as distinct from an industry which offers training in conjunction with the production of goods. Some institutions, like those for barbers, or truck driving, specialize only in one skill, while others like universities offer large and diverse kinds of specializations. In general terms, graduates from universities tend to be more able than high school graduates or non educated persons. In this regard education explains a larger part than ability on earning differentials . Investment in Education:
 It can be said that human capital can be acquired at educational institutions, however some of the most important actors of an academic institution are the teachers. In this sense, all persons that produce human capital are called teachers. The human capital acquired in educational institutions by the students depends directly on the human capital of their teachers and the numbers of teachers per-student. Consequently, teachers in the educational sector should have more human capital than workers of other sectors . Investment in Education:
 One form of quality of education in the primary school level is the pupil-teacher ratio."
"Human Capital Developments an Interdisciplinary Approach for Individual, Organization Advancement and Economic Improvement","https://scispace.com/paper/human-capital-developments-an-interdisciplinary-approach-for-1rchpm4v38","2013","Journal Article","Asian Social Science","Gbenga M. Akinyemi
Norhasni Zainal Abiddin","10.5539/ASS.V9N4P150","https://scispace.com/pdf/human-capital-developments-an-interdisciplinary-approach-for-1rchpm4v38.pdf","Human Capital Development implies the acquisition of knowledge and intellectual stock through the means of education, for expansion of productivity, efficiency, performance and output. Human Capital Development Theory is applicable at every level of human setting and human organization: individual level, family level, community level, organization level, national level and international level. Therefore the theories can be used in interdisciplinary approach-involving two or more academic disciplines. On account of the importance of Human Capital Development Theory, this article reviewed the theory of Human Capital Development and various models underpinning it; with the aim of highlighting the relevance of Human Capital Theory in Human Resource Development as well as the models of Human Capital Development. The summary of the implication of human capital development theory emphasizes the more, the vitality of it to economic improvement and advancement of individuals and organizations.","acquisition can be seen or measured in the long run. This scenario has over the years posed debates and critics for human capital theory for years that is explaining human capital from economic point of view as human capital cannot be accurately measured with any recognized technicality. Modern Human Capital Development Theory:
 The debate about the economic view of Human Capital theory is put paid to by the consensus among the scholars and researchers of human capital theory that human capital in the long run expands human capacity and increases performance . Therefore the effect of human capital should be the main concerns and pointers in defining or explaining the concept of human capital. In the light of this many scholars have seen human capital theory from the point of view of the economic importance or effect of Human Capital theory. The facts of model of economics, developed by economist scholars were once used popularly to explain the effect and importance of Human Development Capital Theory on economic growth . The economic importance of human capital development is widely seen in the various explanations and definitions scholars of Human Capital development theory. Like many other social theories, human capital Development theory suffer from the syndrome of 'definitional pluralism' ; that is different authors and scholars see and explain human capital theory from different lenses and perspective. Some see it from the perception of economics and while some see it from sociological perspective including government policies of Human Capital Development theory. The success in terms of economic measurement of a society or a country is measured in terms of Human capital Development Index of country for example , this fact further accentuate the act defining and explaining human capital development theory in terms of economic effect or importance to individual or nation. As a result of this, nations of the world are classed into developed, less-developed and developing nations by the UNO (United Nations Organizations) and Economist scholars using the metrics of Human Development Index (HDI) . Global Development through Education:
 In general in defining human capital theory, the investment outcome of human capital development theory is being considered more important than the theoretical view of human capital development. This is the main reason why, the claim on Human Capital Development Theory by the economist is more important and popular . The reason for the wide emphasis on the economic implication of Human Capital Development Theory while defining it rather the main theoretical implication of it, is not far-fetched. In line with this, Woodhall, (1997) observed that Human Capital Development Theory is based on the belief that expenditure and investment is of high benefit and influential in increasing productivity in the general population. As a matter of fact, it has been sufficiently theorized that a country with highly educated population tends to be a very productive population. To buttress this fact,  argued and pointed as examples, nations of the world that are not endowed with natural resources but highly educated population; and as a result they are known as nations of developed economy. The immediate example of a country like this is Japan, according to . Human Capital Development Theory mainly emphasizes the process by which educational acquisition increases productivity and efficiency of labor and in the long run the overall quality of labor. The process by which human capacity and productivity are increased in Human Capital Theory is that education of workers increases the 'level of cognitive stock of economic capability' ,therefore when this stock is increased in an individual worker there is considerable transfer on productivity and the proficiency of productivity and in overall leading to improved quality of labor.  observed that cognitive stock of economically productive capacity is ""a product of innate abilities and investments in human beings"" ."
"Review of the Concept of Human Capital in Sports with an Emphasis on Capability Approach","https://scispace.com/paper/review-of-the-concept-of-human-capital-in-sports-with-an-42nif4x5rp","2014","Posted Content","","Rasool Norouzi Seyed Hossini
Mohammad Ehsani
Hashem Kozechian
Mojtaba Amiri","","https://scispace.com/pdf/review-of-the-concept-of-human-capital-in-sports-with-an-42nif4x5rp.pdf","This study aims to conduct a comprehensive review of human capital in sports with an emphasis on capability approach. Human capital as the most important asset of any social institution plays an important role in dynamics and progress. Several approaches are used to measure human capital; however, there is not an acceptability criterion for measuring it in terms of all social fields. Using capability approach can be considered as one of the efficient criteria which comprehensively apply human capabilities to measure human capital. Despite the significant importance of human capital and capability, there is few sports-related studies conducted on this area; therefore, researchers are highly recommended to undertake qualitative and quantitative research on the subject.","aspects of individuals. In this view, human capital is related to manpower assets and capabilities. This view is right the other of labor force concept in the classical perspective . The second view, focused on human capital, puts the major emphasis on its processes. Theoretical perspectives on human capital:
 In this view, knowledge and skill are two key elements that are greatly assigned importance during educational activities, such as formal education and vocational skills (f ). The third one takes a production-based perspective on human capital. Human capital is known as a combination of such factors as education, experience, academic studies, intelligence, energy, work habits, and initiative which influence value and marginal product of workers. Theoretical perspectives on human capital:
 Another definition provided by this perspective considers human capital as a set of skills and knowledge to perform activities which leads to production and economic value. As a result, human capital can simultaneously contain both concepts; that is, it can be a means of production and create a specific and endogenous value for the organization, as well. This inherently means a production for human capital. Theoretical perspectives on human capital:
 Overall, it can be said that human capital is synonymous with knowledge embedded in all individual and organizational levels or a society . Theoretical perspectives on human capital:
 From the individualistic perspective, the possibility of an increase in an individual's income is derived from his/ her productivity. Here, individuals can potentially experience a growth and progress in the layers of domestic markets. From the organizational perspective, organizational productivity is the result of a set of updated capabilities and capacities of organizations and its dynamic organization culture. Last but not least, from the social perspective, human capital is capable of creating mechanisms for establishing democracy, political stability and respect for human rights across the society and expanding them. Social capitals lead to public awareness of social factors and make it possible to increase social awareness from the components inside the community (Becker and Gerhart, 1996: 801-779). Therefore, the association between human capital and social awareness has been established a strong mutual relationship towards social-political development. Measurement of Human Capital:
 There is no consensus among experts on the measurement approach of human capital. Accountants, economists, human resource professionals, and researchers are all interested in measuring human capital with a different approach. Indexes can be divided into direct and indirect ones and/ or they can be measured at the individual or organization level. Organizational indexes are categorized into two sets. The first type includes those indexes that accountants use to describe the value of a business and accountants and financial community view human capital as an intangible business assets. Several accounting methods are available for the evaluation of intangible assets. A vast number of experts compare the superior value of an organization based on tangible assets and earnings in the business, including income and tangible and intangible assets."
"State education as high-yield investment: human capital theory in European policy discourse","https://scispace.com/paper/state-education-as-high-yield-investment-human-capital-287wrqpyd1","2011","Journal Article","","Donald Gillies","10.2478/V10159-011-0011-3","https://scispace.com/pdf/state-education-as-high-yield-investment-human-capital-287wrqpyd1.pdf","Human Capital Theory has been an increasingly important phenomenon in economic thought over the last 50 years. The central role it affords to education has become even more marked in recent years as the concept of the ‘knowledge economy’ has become a global concern. In this paper, the prevalence of Human Capital Theory within European educational policy discourse is explored. The paper examines a selection of policy documents from a number of disparate European national contexts and considers the extent to which the ideas of Human Capital Theory can be seen to be influential. In the second part of the paper, the implications of Human Capital Theory for education are considered, with a particular focus on the possible ramifications at a time of economic austerity. The paper argues that Human Capital Theory risks offering a diminished view of the person, a diminished view of education, but that with its sole focus on economic goals leaves room for educationists and others to argue for the educational, social, and moral values it ignores, and for the conception of the good life and good society it fails to mention.","work' . There is a reductivist tendency within Human Capital Theory to view people as simply 'a bundle of technical skills' . There is also a moral question around conceptualising humans as resources or assets to be exploited, or profited from. Human capital theory and education policy: discussion:
 The development of Human Capital Theory in relation to rational choice theory also fails to take account of motivation in human behaviour, other than for personal advantage . The idea of an altruistic motive, or being motivated by the public good, or concern for others, is essentially denied by its adherents . The notion of 'public interest' is interpreted as merely a cloak for self-interest, and the idea of 'public duty' dismissed as delusion ] . Even in relation to career development, issues around job satisfaction, challenge, enjoyment, status and so on are all absent from the account ] . The model also assumes that all further education is geared for the labour market  and so cannot account for the expansion of educational activities within the retired population for whom there cannot be any hope of financial benefit accruing, nor of employment advantage . Human capital theory and education policy: discussion:
 For all Becker's insistence that there is more to education than the production of economic potential, his understanding of schooling and education is unmistakably narrow. He defines a 'school' as 'an institution specializing in the production of training'  and has recently promoted online learning as a much more flexible and cost-effective educational medium, without any sense of what might be lost from erasing school as a public place and schooling, learning, education as a social activity . It is life as zoē, rather than bios: life as mere existence as opposed to life as a social being  . Human capital theory and education policy: discussion:
 Of course, it would be wrong to see Human Capital Theory as necessarily involving such a narrow view of education . Nevertheless, there is a tendency within the theory for a very pared-down model of education to be presented . Education -and so prosperity -becomes entirely focused on the human as an individual unit and on education as solely a matter of individual choices . This has been rejected as 'superficial' , partly because it leaves as entirely unproblematic the nature of the system, and the nature of the socioeconomic, cultural, and political context which has shaped and continues to shape educational provision and experience . Issues around reproduction, class, power, and dominance are ignored  . Fundamental inequity is entirely elided in the Human Capital Theory model: any inequalities of outcome can be attributed to the shortcomings of individuals in respect of their choices or capital returns . The overarching economic, social, and political system is essentially absent from any analysis, far less criticism . Human capital theory and education policy: discussion:
 The lack of self-awareness on this issue by human capital theorists can"
"Relationship Between Executive Education and Governance: Studies of Brazilian Business Groups","https://scispace.com/paper/relationship-between-executive-education-and-governance-5gpw8isxs2","2021","","","Helder Uzeda Castro
Raphael Luiz Guimaraes Matos Sobrinho","10.20849/JED.V5I3.946","https://scispace.com/pdf/relationship-between-executive-education-and-governance-5gpw8isxs2.pdf","This theoretical and practical discussion intends to connect the formation of human capital of major Brazilian agents with investments in executive education based on demands from the areas of Corporate Governance and Tax. To this end, a literature review of the aforementioned themes was carried out, highlighting historical and contemporary aspects, relating them to the efforts of the companies studied: Petrobras, Braskem and OAS. In addition to the documentary research, semi-structured interviews were carried out with 22 executives from the aforementioned companies in order to reinforce knowledge about the phenomenon of governance, its consequences and consequences in shared services organizations. The text is structured in an introduction, discussion and theory segmented by study area and applied with notes from each business group and conclusions. The scientific contribution lies in strengthening the relationship between what is discussed in the academy and what is done in the market, intensifying the need for corporate education for business results.","of the main factors of wealth production, through knowledge as a form of capital. In this sense, education came to be valued as an element of investment and importance in the development process of the country or region, as well as of the organization itself. Human Capital Theory:
 Endogenous factors of production, such as human capital, are determined within the region and contribute to its accelerated and balanced development, mainly within an economy increasingly based on flexibility, knowledge, information and technology. Thus, information has become the most valued asset in the Post-Industrial Economy and the regional development of the knowledge-based economy stands out in the construction of an established advantage. Human Capital Theory:
 The sharing of services is a movement that has been observed in the world market since the 1980s, when the centralization of back-end (ie, administrative) services associated with the Financial, Human Resources and Technology Services areas of the Information (DELOITTE, 2017). As a result, the company becomes more competitive and competitiveness is one of the great topics under debate when discussing success in the business environment. Also regarding the study, there is no right way to define the presence of its Shared Services, service coverage and governance, as they are very unique in relation to the conditions, future goals and current pressures of each organization, which can be a problem for planning and implementation. Human Capital Theory:
 The investigation of studies on human capital in  1983) and , one can observe the issue converging to the understanding of education and human capacity as investment, income, poverty eradication in mass and development in a multidimensional perception. Smith, in his work Wealth of Nations , analyzes the real expenditure on education and the fixed capital invested in the individual, once the application of capital in this area actually takes place. This theoretical framework not only provides intellectual growth but also increases the possibilities of absorption in the labor market in accordance with regional demands . However, this same economist warns that While it is obvious that people acquire useful skills and knowledge, it is not obvious that these skills and knowledge are a form of capital, that this capital is, in substantial part, a deliberate investment product, which has grown, in Western societies, into a rate much faster than conventional (non-human) capital and this growth may be the most distinctive feature of the economic system. Human Capital Theory:
 Based on what  advocates, it can still be seen that there is a direct relationship between human capital and income distribution. ""Changes in investments in human capital are a basic factor in reducing inequalities in the personal distribution of income."" . Human Capital Theory:
 Human capital is the result of investment in man. As a result, there will be developments in a broad sense, changes in the dynamics of understanding knowledge and in culture. The Human Capital Theory represents, among other aspects, the degree of capacity of the community for qualified work. This dynamic unfolds in the use of new technologies and a certain degree of innovation both in the public and private spheres ."
"Empirical Analysis of Human Capital, Learning Culture, and Knowledge Management as Antecedents to Organizational Performance: Theoretical and Practical Implications for Logistics Readiness Officer Force Development","https://scispace.com/paper/empirical-analysis-of-human-capital-learning-culture-and-32t4zsrsnd","2014","","","Matt J Cherry","","https://scispace.com/pdf/empirical-analysis-of-human-capital-learning-culture-and-32t4zsrsnd.pdf",": The ubiquitous nature of economic uncertainty that has plagued the Department of Defense has necessitated the relentless pursuit of cost savings and efficiency improvements. Under the auspices of force development, drawing on resource-based theory, this research analyzed the impact of Logistics Readiness Officer (LRO) human capital, learning culture, and knowledge management on organizational performance as a means to increase competitive advantage. Survey methodology was utilized to garner data with both theoretical and practical implications on LRO force development practices. Solicitation of information regarding LRO competencies, the utility of logistics courses, and the latent construct was conducted via a web-based self-reporting cross-sectional survey. Data were collected from 617 LROs out of a possible 1,411, yielding a 43.7% response rate. Examination of the latent variable data using multivariate regression supported all three hypotheses, revealing that investment in LRO human capital, learning culture, and knowledge management have positive impacts on organizational performance. Practical application of the theoretical findings could yield potential cost savings of between $6K and $60K per course per annum by consolidating or restructuring each logistics course identified as having low utility. Implications for researchers and practitioners are discussed along with limitations, recommendations, and areas for future research.","increased productivity, increased financial performance, and enhanced competitive advantage . Not only must the Air Force possess strategic human capital resources, it must be able to maximize utilization of these resources and their competencies to achieve sustainable competitive advantage through proper force development initiatives. Human Capital Theory (HCT):
 Theodore W.  was one of the first to introduce the concept of human capital and what constitutes investment in humans. Economists were among the first academics to discuss the effect of human capital investments, ""Economists have long known that people play an important part of the wealth of nations"" . The realization that people make large investments in themselves prompted economists to study the effects of such investments as health, education, on-the-job training, study programs, and internal migration to take job opportunities. In his article,  acknowledged Gary Becker's work on quantifying the return on investments made in training and he reaches a firmer ground on investments made in education. The following excerpt from Schultz's article provides a foundation for the study of human capital: Human Capital Theory (HCT):
 Although it is obvious that people acquire useful skills and knowledge, it is not obvious that these skills and knowledge are a form of capital, that this capital is in substantial part a product of deliberate investment, that it has grown in Western societies at a much faster rate than conventional (nonhuman) capital, and that its growth may well be the most distinctive feature of the economic system.  Literature has defined human capital in several ways, but agreement is made that the aim of human capital is to increase performance, both at the individual and firm level . Individuals possess a stock of skills, knowledge, and experiences that can be leveraged for organizational benefit . Moreover, the ability of human resources to learn is enhanced by their human capital investments in experience and problem solving  human capital with a higher potential return on investment . Human Capital Theory (HCT):
 Training is not the only investment organizations can make to utilize their human resources in such a way that provides them with competitive advantages. Human Capital Theory (HCT):
 Human capital theory also indicates that formal education is highly instrumental and even necessary to improve the production capacity of the population . Education increases the productivity and efficiency of workers by increasing the level of cognitive stock of economically productive human capability, which is a product of innate abilities and investment in human beings . Higher rates of return on more adequately educated and trained individuals have been empirically demonstrated . Studies in the UK and similar developed western economies have estimated a gross rate of return between five and ten percent for each additional year of education . Human Capital Theory (HCT):
 Additionally, employer provided training has been shown to have higher returns than offthe-job training from other sources. Organizations educate and train employees in the hope of gaining a return on the investments in terms of being more productive, more competitive, and consequently a more profitable firm in the future . Human Capital Theory (HCT):
 Managing the selection, development, deployment, education, and training of human capital can significantly improve firm financial and organizational performance (e.g. ."
"Integrating Human Capital and Human Capabilities in Understanding the Value of Education","https://scispace.com/paper/integrating-human-capital-and-human-capabilities-in-4djxr6ijgp","2014","Book Chapter","Research Papers in Economics","Enrica Chiappero-Martinetti
Anna Sabadash","10.1057/9781137001436_9","https://scispace.com/pdf/integrating-human-capital-and-human-capabilities-in-4djxr6ijgp.pdf","The aim of this chapter is to investigate the possibility of combining human capital theory (HCT) and the capability approach (CA) in order to better understand and measure both the instrumental and the intrinsic values of education for individuals, and to trace its relative spillover effects on societies. HCT, pioneered by Schultz and Becker in the early 1970s, has since become an important part of the debate on economic growth and development. Recently, HCT has been criticised for the narrow instrumental role that it assigns to education (inasmuch as HCT disregards some of important non-material aspects of education), as well as for its inability to satisfactorily reflect the cultural, gender-based, emotional and historical differences that can influence educational choices and individual well-being.","example, through education, on-the-job training, or medical treatment) involve both direct costs (tuition fees or costs of medical treatment) and indirect (or opportunity) costs. Investment in HC yields additional output that depends on its market rate of return. Definition of human capital from the classical perspective:
 The definition of HC as an individual's productive ability rests on the assumption that consumption is the ultimate goal of economic activity, and suggests that the value of an individual's HC should be measured as the value of goods and services that he or she produces directly or indirectly. 3 In recent years, the understanding of consumer goods has been broadened to include technical and scientific knowledge. 4 Working on the same paradigm,  have further extended the definition of HC to include the capacity for interpreting data flows and structured information required for goal-driven individual actions and interpersonal transactions and the intellectual creativity that generates new knowledge underpinning technological and organisational innovations. Definition of human capital from the classical perspective:
 Though the traditional HC approach has been repeatedly criticised for limiting itself to a purely economic assessment, 5 it has made an important contribution to debates on welfare, education, health care and retirement. This framework has been made increasingly flexible by allowing for the influence on wages of many additional variables (such as innate abilities, gender, social status, nationality and family background). While in earlier economic research the only type of output recognised by HCT was economic value, more recently the quality and length of life, happiness, social inclusion and social activity have been conceptualised within the literature. Thus, the concept of HC has moved far beyond its original definition and today comprises the knowledge, skills, competencies and personal attributes engaged in the creation of individual, social and economic well-being. 6"
"Is More Better? The Impact of Postsecondary Education on the Economic and Social Well-Being of American Society. American Higher Education Report Series.","https://scispace.com/paper/is-more-better-the-impact-of-postsecondary-education-on-the-573ib84qmg","2005","","","Adriane Williams
Watson Scott Swail","","https://scispace.com/pdf/is-more-better-the-impact-of-postsecondary-education-on-the-573ib84qmg.pdf","","that have to be made about whether to continue, decrease, or increase the level of those investments. For these reasons, we think it pertinent to describe in brief what human capital theory is and how we have chosen to look at the tradeoff question. Human Capital Theory:
 Investment in the individual is a long-term prospect with short-term political implications. It is good and necessary to invest in human capital, but it is extremely difficult to measure the outcomes of that investment in the near future. This is the set of assumptions with which human capital theory presented us beginning in the late 18 th century. According to human capital theory, both the individual and society benefit from investing in that individual. The theory did not come under serious investigation until the late 20 th century with the development of methodologies that allowed researchers to measure costs and benefits on a very large scale, but it has been at the core of discussions about public investments in people from its inception. , in his thorough review of the literature on human capital theory, stated that education is not the sole investment that the public can make in humans, but rather, the source of many benefits. Education has been linked to better health and nutrition, manageable population growth, and democracy. Investments in education, therefore, are investments in a number of positives, or externalities, for the larger society. Education is also credited with developing skills in the workforce for productivity in the labor market. According to human capital theory, this can be measured by earned income. While all of this finds a home in conventional wisdom, researchers are not convinced that it is altogether true. Human Capital Theory:
 In addition to laying out the tenets and assumptions of human capital theory and its illustrious history,   While educators know that the primary and most important purposes of education are not economic, they also recognize the effects that public opinion can have on funding for the provision of education as well as the means and methods by which education is provided…When the economy takes a turn for the worse, however, the public conception of education as an economic investment can become devastating.  Public postsecondary educational institutions are now facing this dilemma. Perhaps the literature in this review and our suggestions as to its relevance can shed some light on the current situation. Public Good: Equity Versus Efficiency:
 At the heart of this paper is the question of whether the public should invest in postsecondary education at greater or lesser levels than it does now. As will be discussed in subsequent sections, deliberations over this question tend to be dominated by concern over the economic costs and benefits, both perceived and realized. If it is true that the United States has made the transition from an industrial to a knowledge economy-and will not likely return-then the pressures of efficiency in this system will continue to produce increasingly large inequities. This is an age-old conflict in policy development, evaluation, and analysis. It is also a conflict that must be kept in mind in any discussion of public investment."
"Restoring Human Capabilities After Punishment: Our Political Responsibilities Toward Incarcerated Americans","https://scispace.com/paper/restoring-human-capabilities-after-punishment-our-political-4c36zs1bge","2016","Journal Article","Social Science Research Network","Kony Kim","10.2139/SSRN.2763313","https://scispace.com/pdf/restoring-human-capabilities-after-punishment-our-political-4c36zs1bge.pdf","Why should non-incarcerated Americans invest in the wellbeing of incarcerated Americans? To date, our public discourse about penal reform has avoided this question, focusing on pragmatic reasons for facilitating “prisoner reentry” and “reintegration” while shelving unresolved, and deeply contested, philosophical questions about criminal justice and punishment. As a result, we as a society have engaged in much data-driven policy talk about the economic costs and benefits of reducing recidivism, but little normative reflection about the rights and responsibilities held by incarcerated adults who are at once human beings, members of society, persons convicted of crimes, victims of inhumane punishment – and, often, survivors of poverty. Thus, my first task is to clarify the individual and collective obligations that apply within our context of mass incarceration: the moral responsibilities that are held by and toward incarcerated Americans, non-incarcerated Americans, and our shared public institutions. My second task is to draw out implications for policy and discourse: to explain not only what reform measures we should prioritize, but how we should frame and assess them. In particular, I call for systemic changes that would provide all incarcerated Americans with opportunities to pursue higher education and to develop redemptive self-narratives; and I argue that we should frame and assess such measures not primarily as cost-saving devices, but as ethically significant efforts to secure capabilities that are essential to human flourishing and required by justice. In setting forth these arguments, my purpose is to spark deeper ethical reflection about correctional reform, and specifically to invite meaningful engagement with one key normative question: What do we, as a civilized society with a history of social and penal injustice, owe incarcerated Americans? Ultimately, I wish to underscore that the people confined in our prisons have legitimate moral claims upon us – insofar as they remain human beings and members of society and, as such, bearers of rights as well as responsibilities. Equally, I wish to establish that, in our collective efforts to repair the harms of mass incarceration, we can and should empower those Americans most directly harmed by our penal system to lead the way in transforming it.","cost-effective, and in some cases may yield no tangible benefits. Accordingly, the human capital model would justify excluding some or all of these adults from CE, particularly PSCE, based on their seemingly low potential to derive or produce tangible benefits from education. Human capital model: Education as investment:
 Second, since the human capital model recognizes only economic value, it can't account for the social, emotional, or cultural dimensions of educational access and attainment. It overlooks non-economic benefits, such as the acquisition of self-confidence, the experience of intellectual growth, and the development of positive relationships; it also neglects non-economic obstacles to attainment, such as lack of familiarity with cultural norms, or lack of emotional resources to persist through frustration.  With respect to CE, we've seen this model translate into policy choices designed to produce cost savings without regard for social and cultural values (e.g. shifting of resources from academic to vocational programs, and wholesale defunding of PSCE); and approaches to programming that leave intact significant inequalities of access (e.g. failures to address remediable disadvantages stemming from social or cultural barriers).  Third, human capital arguments for CE promote a view of incarcerated students as primarily producers of market value. Such a view may seem more constructive than one that treats them only as social liabilities or worthless outcasts; but in fact it occludes their identities as learners, thinkers, and ultimately citizens and moral agents bearing rights and responsibilities. This capitalistic characterization starkly contrasts with the holistic manner in which most of us consider our own identities and needs as persons, and the respectful manner in which we expect to be treated as members of a civilized society. Further, it leaves little room to consider the requirements of political morality and human decency: our collective obligations to redress past injustices, to respect the capacities of agency, and to address needs arising from vulnerability. 163 160 See Walker, ""Reimagining Education,"" 116-117, 123, 127-128; Robeyns, ""Three Models,"" 72-74.   161 See Robeyns, ""Three Models,"" 72-74.  See generally Page, ""Eliminating the Enemy""; Frey, ""Critical Literature Review.""  See, e.g., New York Times Editorial Board, ""A College Education for Prisoners,"" which urges expansion of prison college programs on the ground that ""the most effective way to keep people out of prison once they leave is to give them job skills that make them marketable employees"" (emphasis added). Human capital model: Education as investment:
 Compare: Wesleyan University Center for Prison Education, ""Why College in Prison?"" which notes that prison education ""translates to dramatic cost-savings for the state,"" but also emphasizing that CE programs have the noneconomic benefits of ""transformatively impact[ing]"" incarcerated students' worldviews, priorities, and aspirations; affording them opportunities to serve as positive role models for their families and communities; creating a safer and more positive environment in prison; and arguing that, ""[m]ost fundamentally,"" PSCE ""constitutes a powerful investment in the individual lives of those upon whom society has set its lowest expectations."" See also Frey, ""Critical Literature Review,"" 194-195, observing the prevalence of top-down ""human capital ideology"" in CE discourse, and the relative paucity of perspectives grounded in ""social justice,"" ""humanitarianism,"" and the lived experiences of incarcerated Americans."
"Women and Poverty: Insights from Adult Education and Pākehā Women in Aotearoa New Zealand","https://scispace.com/paper/women-and-poverty-insights-from-adult-education-and-pakeha-4oc0ncjpb2","2013","","","Lynette Cochrane","","https://scispace.com/pdf/women-and-poverty-insights-from-adult-education-and-pakeha-4oc0ncjpb2.pdf","This thesis analyses the issues of women, poverty and education. Education is viewed as a key factor enabling women to move out of poverty. This view is well established in the developing world where education plays a key role to improve life choices and opportunities for women and girls (United Nations Girls' Education Initiative, 2012). However, the influence and impact of education to improve the wellbeing of marginalised women in a developed country requires further exploration.  The interconnectedness of gendered poverty and education are explored through the stories of three Pākehā women living in Aotearoa New Zealand. Firstly, in order to understand these local experiences, the developing world literature is assessed to ascertain the global situation of women, poverty and education. Secondly, the relevant literature on women, poverty and education is examined and reflected as it relates to these concerns in Aotearoa New Zealand. Thirdly, the significance of the emergent themes is analysed as the general concerns became personal through the lived realities of three Pākehā women of low socioeconomic status.  The thesis is contained within a social constructivism framework and has been influenced by feminist methodologies. Semi structured interviews were conducted to gather knowledge and to gain insights into the reality of a marginalised Pākehā woman engaging with education to improve her self-worth and/or economic opportunities.  The research participants echoed the sentiments in the literature that their education outcomes were impacted by their family backgrounds, school experiences and there are societal perceptions concerning marginalised women with limited or no formal education. Adult education was investigated in a local context as this is the domain where women would engage with to change their education status. The arena of education including adult education in Aotearoa New Zealand is dominated by the neoliberal approach to education. Neoliberal policy in adult education does not serve the marginalised members of society nor does an education sector with a bias towards vocational outcomes. A repositioning of the adult education sector within a holistic framework which includes empowerment and improvement in the economic status of marginalised Pākehā women is required.","as alternative options to the neoliberal stance. This search has opened the way to introduce humanity into development. The oppressed should be viewed as people not as numbers, and for definitions of poverty to be challenged and the use of neoliberalism to eradicate poverty questioned. Limitations of Neoliberalism and Education:
 Neoliberal policies express a conviction that when the state withdraws from the economy all citizens can compete equally for financial and educational resources. This is incorrect as all individuals are not equal in economic status with marginalised members of society unable to access resources to the same extent as other groups. The user pays bias of neoliberalism excludes the poor and focuses on vocational/technical education for job opportunities. The critical life affirming aspects of education are ignored as they do not have a strict economic value that can be financially expressed in the market place. Human Capital Theory:
 Human capital theory as identified by ) is where ""individuals and society derive economic benefits from investments in people"". The theory equates the value of human learning capacity as equal to any other resource utilised to produce goods and services . The economic value given to educational outcomes in this theory is closely aligned to the neoliberal approach. The function of human capital theory is to clarify the gains of investing in education and training as they increase the value of human resources . Human Capital Theory:
 The 1960s saw human capital theory gain traction as scholars struggled to account for the economic growth in the United States using the traditional production factors of physical capital, labour, land and management . Human Capital Theory:
 T. W.  a prominent economist, identified this gap called the 'residual factor', as being human capital. Social returns , profit and productivity , economic growth  and employment and earnings  are all outcomes connected with the theory. Human Capital Theory:
 It was not till early in the 21 st Century that scholars such as  started to employ a wider definition in human capital theory and included socially related activities as important outcomes from education. While the definition of human capital theory may have evolved over time, the critiques remained stable.  noted the methodological imperfections and  remarked on the theoretical inconsistencies and different interpretations of human capital theory. Human Capital Theory:
 Many governments have adopted a human capital approach to education policy which is designed to produce economic outcomes. The indirect outcomes from education go far beyond economic benefits. As  summarised, indirect benefits from an educated population include the reduction of social inequalities, improvement in health and nutrition, reduction in the high rate of population growth and reduced infant mortality. Human Capital Theory:
 Further benefits include the possibility of democratic politics, war and civil strife to be reduced, for discrimination diminish and female independence to be strengthened. Human Capital Theory:
 Human capital theory is too economically based to fully embrace all the benefits that can be derived from education. Profit and economic growth are valued over and above the 'human' which is part of its title and is an intricate component of human development. Human Capital Theory:
 Neoliberalism has a younger sibling and it is called human capital theory; it was born from economic parents who brought it up wanting it to have its own identity but failed to let it fly far from the capitalist nest."
"Economic Returns of the Occupational Education Experience Based on Two Missouri Community Colleges.","https://scispace.com/paper/economic-returns-of-the-occupational-education-experience-4o6mrdij2y","2011","","","Dianna Parker","","https://scispace.com/pdf/economic-returns-of-the-occupational-education-experience-4o6mrdij2y.pdf","","a major role. Advocates of human capital theory contend that schools were developed and are maintained to prepare individuals for society's contemporary roles that are not addressed by the more time-honored means of socialization, such as the family or the church. Human Capital Theory:
 Education not only is assumed to provide students with the knowledge and skills they can bring to their jobs, it also is thought to prepare them to be more functional and productive members of society. Education represents a primary resource through which individuals acquire the mental skills and capacities of self-direction necessary for successful future performance in the workplace. In addition to developing employment skills, education encourages higher levels of competence and serves as a tool for augmenting social skills . Human Capital Theory:
 In terms of health, there have been numerous studies ) that document the positive correlation between higher levels of education and health. Health behaviors are adopted through processes of awareness raising, empowerment and socialization. Researchers have argued that the relationship between education and health is attributed to three general characteristics: Economic, social psychological and interpersonal, and health knowledge and behavior. Human Capital Theory:
 One theory documented by substantial research is that health and socioeconomic status are positively related . This theory is somewhat intuitive, since individuals of a higher economic status are likely to have better living and working conditions, better dietary options, and have greater access to doctors and medicine. The relationship is robust regardless of how socioeconomic status is measured, whether via income, occupation or education. In addition, these studies have shown that adults with higher levels of education are less likely to smoke or drink in excess. Human Capital Theory:
 Learning is much larger than creating labor power that we learn for ourselves, not for our future employer. The cultural archetype of education goes hand-in-hand with the ideals of personal emancipation, liberty, and democracy. Many educators think of education as the essential noble endeavor which, despite all of its shortcomings, contains a promise of human freedom and happiness. (p. 102) Human Capital Theory:
 Education delivers dynamic services by presenting the opportunity to improve decision making by augmenting individuals' abilities to think creatively and systematically about techniques. This escalation enables individuals to use their cognitive talents in the process to consciously modify their environment . By Indeed the rhetoric of human capital-investing in education for the economic benefits it will generate in the future-dominated state and national policy and has led to an unquestioning acceptance of all schooling and training as routes to individual and collective advancement. However, while the economic benefits of the most familiar credentials-the high school diploma, the baccalaureate degree, and various professional degrees-are well established, the economic benefits are much less clear for other kinds of education and training ."
"The production and migration of educational capital: Some states win and others lose","https://scispace.com/paper/the-production-and-migration-of-educational-capital-some-3qq2eb250q","2010","Dissertation","","Patrick J. Kelly","10.18297/ETD/734","https://scispace.com/pdf/the-production-and-migration-of-educational-capital-some-3qq2eb250q.pdf","THE PRODUCTION AND MIGRATION OF EDUCATIONAL CAPITAL: SOME STATES WIN AND OTHER LOSE Patrick J. Kelly August 9, 2010 As state policymakers draw clearer connections between the college-level attainment of their residents and the corresponding economic and social benefits, there is great need for more data and information regarding the production and migration of educational capital. The purpose of this study is to address the following research questions: Which states in the U.S. are producing relatively large numbers of college graduates and which benefit (or not) from the production of other states by importing large numbers of college graduates? What are predictors of interstate migration of college graduates at the person and state levels? What are the most useful policy options for states to increase educational capital? What are the characteristics of some key statelevel policies already implemented in certain states in the U.S.? This study focuses primarily on the state as the unit of analysis. Coordinated and comprehensive policies aimed at increasing educational attainment are typically implemented at the state-level. It contains a comprehensive review of recent literature on the importance of educational capital, and the production and migration of educational capital. A variety of descriptive analyses are provided that gauge how well state systems of higher education produce college graduates and the degree to which states benefit (or","whose returns are in the form of wage, salary, or other compensation. These are normally measured and conceived of as private returns to the individual but can also be social returns"" (www.econterms.com. The Online Glossary of Research Economics). Educational Capital:
 The theoretical framework that supports the concept of human capital is based largely on the notion that human capital investments take place at the individual and governmental levels, and both are characterized by positive rates of return. Individuals experience greater earnings and quality oflife and the society at large experiences a more productive labor force that leads to economic growth. ""Human capital theory holds that education, whether formal or on-the-job, is an investment both for the individual and the society that devotes resources for providing it. Individuals decide on how much to invest based on their expected private return, whereas governments base their decisions to invest or subsidize human capital on the social return"" . Educational Capital:
 Gary Becker, perhaps the most notable author on the topic of human capital, quantified the monetary returns of a college education in a variety of ways. Overall, he found that the average monetary rate of return for a college education is between 11 and 13 percent in the United States ~ and that it differs substantially by race and gender, with white males having the highest rates of return . Nonetheless, there is a net effect even after taking these factors into account. He acknowledged that measuring societal returns is much more difficult; nevertheless ""it is clear that all countries that have managed persistent growth in income have also had large increases in the education and training of their labor forces"" . Educational Capital:
 In his summary of 20 th century research on human capital, George Langelett postulates that ""economists have identified nine ways in which education to individuals also contributed to economic growth to the country as a whole: (l) education changes knowledge and people's perceptions and expectations of themselves and the society around them, (2) education, through investment in human beings, results in a more efficient use of existing resources,  there is a positive correlation between literacy and life expectancy, ( ) education can make a net contribution to economic growth, even if the rate of return is lower than other fonns of capital because the investment in education would otherwise be consumed,  research is one of the traditional functions of education, leading to the development of new technology, including both new products and more efficient use of existing ones, ( ) education increases the level of human capital, the know-how or acquired ability of workers, which in tum raises the efficiency of the workforce,  there is a positive correlation between education and people's ability to adapt to change,  as demand increases for the education required for highpaying jobs, it is in the self-interest of educational systems to provide the supply, and  as education levels increase for women in developed countries, the opportunity costs of staying at home to raise a family rises, leading to both increases in labor force participation and reductions in fertility rates"" . Educational Capital:
 Foreshadowing many of the more recent works reviewed below was a book entitled Investment in Learning: The Individual and Social value of American Higher Education . It linked college-level learning to individual benefits such as private monetary returns, moral development, consumer behavior, and health. It also established relationships between higher education and societal benefits such as research, public service, economic productivity, citizenship, and human equality."
"Ethno-racial groups and income attainment in Canada: Investigating the mosaic.","https://scispace.com/paper/ethno-racial-groups-and-income-attainment-in-canada-niu2tpy0p1","2005","","","Tamara Rayvon. Ferron","","https://scispace.com/pdf/ethno-racial-groups-and-income-attainment-in-canada-niu2tpy0p1.pdf","","skills in which individuals acquire as investments towards their future. Although the concept of human capital was present since the early eighteenth century, this terminology first appeared in the work of Theodore Shultz in 1961, who wrote about investing in human capital . Human Capital Theory:
 The idea of capital itself speaks to an investment or past investment used to produce some type of profit. Gary Becker (1975) notes that the term was coined with the intention of making a ""useful illustrative analogy between investing resources to increase the stock of ordinary physical capital, in an attempt to increase the productivity of labour and investing in the education or training of the labour force as an alternate mean of accomplishing the same general objective of higher productivity"". This productivity is not merely an outcome for a company or an organization but is also an outcome for the individual, as individuals must compete against each other in a free and open market. As such, skills or investments in themselves aid in the process of economic survival, placing them above their counterparts who stand as their competitors. Hence, there is a link between training or education and higher earnings suggested by the theory and subsequent findings. According to Febrero and Schwartz , there are numerous ways to invest in human capital and while each means differs on relative effects on earnings, all improve income"". Human Capital Theory:
 In conceptualizing income and earnings as a function of training or accumulated skills, human capital theory acknowledges and maintains that capital has an exchange value and must necessarily produce a return . According to , on the basis that human capital is created at a cost, individuals do not willingly invest in it unless it promises to generate sufficient benefit for compensation for the cost incurred. Human Capital Theory:
 Similarly,  points out that investment in human capital make economic sense insofar as future benefits or value exceeds the extra costs that have to be incurred to obtain them. Davenportl999) adds that people should not be considered as ""costs or factors of production"" but instead, as ""investors paying human capital and expecting a return on their investments"". Eastman (1987:5) posits that typically ""costs are incurred at the start of the investment period, but higher earnings and or better jobs are to be 20 expected at the end"". In this respect, modem human capital theory, values the idea of merit based on capital, while pushing the market agenda with the intention of ensuring that productivity is increased through efficient labour. Human Capital and Structural Functionalism:
 The theory of human capital has its roots in neoclassical theories and has largely been the business of Economics; however, its employment in the social sciences is evident in works surrounding social inequality, stratification and social mobility. Moreover, the theory of human capital can be seen in wider theoretical frameworks, namely, in structural functionalism."
"The impact of improvement techniques from the Toyota Production System (TPS) in a North Central Pennsylvania healthcare facility","https://scispace.com/paper/the-impact-of-improvement-techniques-from-the-toyota-1ryul5kffs","2010","","","John D. Piccolo","","https://scispace.com/pdf/the-impact-of-improvement-techniques-from-the-toyota-1ryul5kffs.pdf","","on-site follow-up were used to collect data. The study concluded with an analysis of the data collected and final recommendations. This framework assisted the researcher in answering the research questions, identifying gaps, and providing a structure to clarify and inform the overall study. Review of Related Literature:
 This chapter provides a review of the related literature that supports the conceptual framework and foundation for this research. The review process revealed three primary avenues of research related to the key areas under investigation. The primary focus areas serving as the basis for this study are human capital theory, the quality movement in healthcare, focusing on TPS in healthcare, and training evaluation, focusing on the Phillips ROI Model. The conceptual framework and structure of this review are illustrated in the map in Figure .1. Human Capital Theory:
 Human capital theory is based on the idea that individuals, employers, and society derive economic benefits from investments in people . The many forms of human capital investment include schooling, onthe-job training, medical care, and other related information about pricing and income . Though the theory includes health and other forms of investment, education typically emerges as the prime human capital investment topic for empirical analysis. The principal reason for this is that education can be measured quantitatively in dollars . Gary S. Becker, the 1992 winner of the Nobel Prize in economic science, related investments in an individual's education and training to a business investing in equipment. His award-winning research maintains that human capital theory offers a unified explanation to a wide range of phenomena which include: Human Capital Theory:
 1) Earnings typically increase with age at a decreasing rate. The rate of increase tends to be positively related to the level of skill. Human Capital Theory:
 2) Unemployment rates tend to be negatively related to the level of skill. Human Capital Theory:
 3) Firms in underdeveloped countries appear to be more paternalistic toward employees than those in developed countries. 7) The division of labor is limited by the extent of the market. Human Capital Theory:
 8) The typical investor in human capital is more impetuous and thus more likely to err than is the typical investor in tangible capital .  argued that since most economics of education studies incorporate principles of human capital theory, many scholars believe it to be a branch of economics rather than a specialty within the economics of education. Sweetland went on to say that, -It is difficult, if not impossible, to separate a body of human capital theory literature from a body of economics of education literature‖ ."
"GSIM Measurement of the Effects of the EU accession of the Balkans and Turkey on Agricultural Trade","https://scispace.com/paper/gsim-measurement-of-the-effects-of-the-eu-accession-of-the-19v1zb3hr5","2008","Journal Article","South East European Journal of Economics and Business","Mario Holzner","10.2478/V10033-008-0001-0","https://scispace.com/pdf/gsim-measurement-of-the-effects-of-the-eu-accession-of-the-19v1zb3hr5.pdf","In this paper, the global simulation model (GSIM) for the analysis of global, regional, and unilateral trade policy changes by Francois and Hall (2003) was applied to the agricultural trade between the EU, the Balkans and Turkey. This was done in order to measure the eff ects of an EU accession of the Balkans and Turkey. Most of the changes in welfare after a full liberalisation of agricultural trade between the Balkans and Turkey on the one hand and the EU on the other hand can be expected in the accession countries themselves. It is estimated that incumbent EU members will be aff ected only to a minor extent. It was also estimated that the exchange rate risk is not very high.","almost equaly accessible to competitors, we should concentrate on the only property that is unique: top-quality workers. Only high motivation, permanent education, expert and exible people and team work can bring about the e cient achievement of business and development aims. Theory of Human Capital:
 A sample de nition of human capital would be the sum of all human resource attributes that are relevant to the process of social reproduction . The theory of human capital has continuously evolved from the middle of the 20th century. J. Mincer is the putative creator of this theory, despite the fact that W. Petty, who evaluated the population of England, as well as some other classical economists who emphasized the importance of human capital at the beginning of the 18th century, wrote about it before (Nadler L., Nadler Z.). A. Smith studied the renting fees of quali ed and unquali ed workers and stated that education and study are investment in human capital. Individual abilities learned from this education are, in his opinion, not only an aspect of individual worth but of global wealth as well . In his analysis of resource productiveness, K. Marx puts the expertise of workers rst . Marshall states that from among all the types of capital, human capital is the most essential: education is a national investment, while knowledge is ""the most powerful production engine"" . Kuznets claims that the key for success in creating national income is the capital invested in people, and that this capital demands appropriate valorization . Fisher highlights human capital when analyzing capital with return rates (Hansen, Knowles). J. Mincer sees human capital as an independent category of capital (Nadler L., Nadler Z.). Blaug classi es human capital into six categories: formal education, business training, acquiring information, job seeking, job migrations and investment in health . On the other side, Schultz sees investment in human capital as an alternative for investments in material production inputs because investing in education, one of the most important parts of human capital, brings returns several times larger than those from investing in equipment (Becker). Lauc divides human capital into moral capital (honor, emotional intelligence, motivation, responsibility, courage, tolerance, etc.), intellectual capital (mental abilities, rational intelligence, knowledge and skills, creativity) and social capital (resources in personal and business connections, working in teams) (Lauc)."
"Human Capital on Front of Challenges of Banking System in the Republic of Macedonia","https://scispace.com/paper/human-capital-on-front-of-challenges-of-banking-system-in-rdgmratvif","2017","Journal Article","ANGLISTICUM. Journal of the Association for Anglo-American Studies","Ilire Dauti
Samije Bajrami","10.0001/(AJ).V6I5.1458","https://scispace.com/pdf/human-capital-on-front-of-challenges-of-banking-system-in-rdgmratvif.pdf","Change of the system, from centralized to a market economy was accompanied with situations that had an important impact in the Macedonian economy. Lack of experience connected with the free market economy made the change of the systems more difficult. Those problems and challenges that are and were on front of banking system in Macedonia, will be the subject of this paper. An important place in this paper will have the human capital, which is one of the main factors that affects or don‟t the development of banking system. So the hypothesis of this paper is: The motivation of human capital in the banking system has a significant effect on the performance of the banking system. Used methodology in this paper is a combination of theoretical analysis, the analysis of the real situation, and also the treatment of an econometric model, in this way the conclusions and recommendations will be more accurate. Keywords: banking system, human capital, country,bank, banking market.","has the same access. Definition of human capital may vary from one country to another according to the economic characteristics that presents the country. For example, human capital is seen differently in a country with market economy and diferently in a country with centralized economy. Theoretical Support of this Research:
 Different researchers often view human capital as an asset of the entity (organization), asset containing skill, experience and necessary capacity to perform an undertaken task. But, on the other hand, there are individuals who see the human capital as a mechanical side of organization and not as a capital, which contributes significantly to the success or not of the economy entity. An interesting definition of human capital which runs parallel with the recent social -economic developments ""Human capital is the stock (quantity) of competencies, knowledge, personal and social attributes, including the creativity, all of them together are part of ability to perform work and produce economic values"" (Simkovic, 2012). Another interesting definition for the human capital is: ""human capital means the employees of an organization, who have judgment experience, intelligence, ability to create relationships and to penetrate into dealing issues"" (Noe, Hollenbeck, Gerhart, Wright, 2011, p. 3) Edwin A. Locke in his book ""Principles of Organizational Behavior"" states that: ""Human capital is one of the major assets available to an organization which invests without saving for this capital""  Looking at this definition we understand that to the human capital is given much importance by accepting that the organization invests without saving. We will also see that the reality of human capital in the banking system is different in Macedonia. Banks in Macedonia invest a few in the human capital. Organizations in the world spend billions of dollars to train their employees. Many theories emphasize strongly that investment in human capital through education (training) increases productivity, and develops the economy (Simkovic, 2012). There are theorists and economists who see the human capital under the ""umbrella"" of intellectual capital. Dean R. Spitzer in his book ""Performance Measurement"" writes: One of the most valuable forms of intangible assets is intellectual capital, which is divided into three categories: organizational capital (patents, copyrights, trademarks, infrastructure, culture), capital about the relationship between the parties (the relationship with customers, offers, partners, competitors, government and community) and human capital (skills, knowledge and attitudes of employees, talents)  In the case that in this paper is treated we showed some of the definitions that various researchers and economists have made for the human capital, highlighting the connection that he has with the economy. Next, we will show the connection that exists between human capital and bank, based on the reviewed literature."
"Critical multiculturalism in the classroom: From theory to practice","https://scispace.com/paper/critical-multiculturalism-in-the-classroom-from-theory-to-40q5k26gvh","1998","","","Denise Michelle Dalaimo","10.25669/PUXI-P9MD","https://scispace.com/pdf/critical-multiculturalism-in-the-classroom-from-theory-to-40q5k26gvh.pdf","Critical Multiculturalism in the Classroom; from Theory to Practice","determining the value o f educational investment was still a mystery. Human Capital Theory: By investing in themselves, people can enlarge the range o f choice available to them. It is the one way free men (sic) can enhance their welfare . Human Capital Theory:
 Human capital theory asserts that individuals who invest time and money in education and training will increase their productivity, and thus their worth. During the post-WWn expansion, this belief brought students flocking into higher education by the millions -largely motivated by the anticipated high rate o f return to individuals with college degrees. The theory o f human capital resonates with models o f technological functionalism that were popular in sociology in the late 1940s andI950s, inasmuch as they emphasize the technical function o f schools and the efficient utilization o f human resources. For example, in their functionalist theory of stratification,  assert that ""a medical education is so burdensome and expensive that virtually none would undertake it if the M.D. did not carry a reward commensurate with the sacrifice"" (p. 244).  maintain the theory o f human capital is [a] direct appeal to pro-capitalist ideological sentiment that resides in its insistence that the worker is a holder o f capital (as embodied in his skills and knowledge) and that he has the capacity to invest (in himself). Thus in a single bold conceptual stroke the wage-earner, who holds no property and controls neither the process nor the product of his labor, is transformed into a capitalist (p. 13). Human Capital Theory:
 True to the form o f functionalism, human capital theory legitimated the status quo by offering quantitative and ""scientific"" justification for America's investment -both figurative and literal -in the system of education. ""Government agencies, private foundations, and such international organizations as the World Bank, the International Monetary Fund, and the Organization for Economic Cooperation and Development were actively involved in the promotion o f the theory o f human capital"" . Human Capital Theory:
 Many critics o f human capital theory, including , denounce the ideal of meritocracy and maintain that competition in labor markets does not ensure that greater earnings reflect greater productivity. Other factors which determine wages include: worker characteristics; unionization; the existence of a minimum wage; traditions o f status; customary differentials, and: dual labor markets . Additionally, human capital theory deflects the focus off of institutional inequalities and structural variables and instead concentrates on the individual, thereby ""blaming the victim."" However, although the types o f educational investment best suited for economic success remain a matter of some debate, the idea o f a social rate of return has its possibilities. The ""science"" o f human capital theory remained a point of controversy because it was seriously lacking in methodological empiricism. Both the disciplines o f education and sociology looked to a highly technical style o f research to explain the process o f education -an area previously under-examined until this point."
"A predictive correlation study: What human capital and demographic factors relate to credential completion for STEM students?","https://scispace.com/paper/a-predictive-correlation-study-what-human-capital-and-5fqui0etbb","2015","","","Ricky Dale Jenkins","","https://scispace.com/pdf/a-predictive-correlation-study-what-human-capital-and-5fqui0etbb.pdf","This dissertation examines the educational attainment of college STEM (Science, Technology, Engineering, and Mathematics) students in Arkansas in an attempt to identify the human capital factors that predict completion of a STEM degree or certificate. Students seeking STEM credentials (having STEM majors) were identified using the state higher education database from the state of Arkansas, including public four-year universities and two-year colleges. STEM students from 32 colleges and universities were included from three cohorts and tracked for six academic years. The criterion variable was STEM credential earned, whether or not the student earned any STEM undergraduate credentials. The predictor human capital variables for all STEM students included high school grade point average (GPA), American College Testing (ACT) composite score, ACT mathematics score, ACT English score, ACT reading score, and remedial status (remediation in any subject of mathematics, English, or reading). The predictor demographic factors included gender, race/ethnicity, and age. The research design was a predictive correlation study using logistic regression. The results indicated that high school GPA was highly predictive with ACT mathematics scores having predictive capability but with limited effect size and two other variables (remedial status and gender) being predictive for two of three cohorts.","investments in human capital"" . The resources in people can also be considered as knowledge, skills, and abilities. Therefore, human capital theory focuses on the skills and abilities of people with a special focus on the skills and abilities obtained through education and training. Theoretical Framework:
 Activities ""that influence future monetary and psychic income by increasing resources in people . . . are called investments in human capital"" . Resources in people are considered to be human resources or human capital. Resources can also be considered as assets or attributes. Assets in the business world are typically referred to as capital; therefore, assets in humans can be referred to as human capital. Investments in human capital can include activities such as "". . .schooling, on-the-job training, medical care, migration, and searching for information. . ."" . Such investments are considered human capital investments because "". . .you cannot separate a person from his knowledge, skills, health, or values. . ."" . Theoretical Framework:
 Human capital theory is primarily a theory to explain economics and economic behavior. Theoretical Framework:
 It can help explain why some people achieve and earn more income than others. ""The personal distribution of earnings is partly determined by the distribution, and the returns from, human capital"" . The higher incomes of college graduates are "". . . partly due to the college graduate's greater ability, ambition, health, and better educated and more successful parents"" and the rate of return for white male college graduates is "". . .between 11 and 13 per cent . . ."" . In other words, college education can make a significant difference in the future earnings of individuals and much of this earnings differential can be explained by the human capital asset of a college education. Other effects can and do play a role, but the human capital assets are very important. Theoretical Framework:
 Human capital theory offers an explanation to a wide variety of economic events. Some of these events include: (a) earnings generally increase with age but at a declining rate in the later ages; (b) unemployment is inversely related to level of skill, i.e., those with more skills experience less unemployment and vice versa; (c) businesses in developed nations are less paternalistic than those in under-developed nations; (d) young people receive more education and training than older people and also change jobs more frequently; (e) earnings are positively skewed among skilled and professional employees; and (f) more capable people receive more education and training than the less capable . Theoretical Framework:
 Education and training are considered the most important forms of human capital investments. Education greatly impacts a person's income with educated people almost always having higher earnings . ""Human capital analysis assumes that schooling raises earnings and productivity mainly by providing knowledge, skills, and a way of analyzing problems"" . For example, according to the federal government, people with a bachelor's degree earn 70% more than people with only a high school diploma . Theoretical Framework:
 Many factors influence earnings or income. Such factors include high school education, college education, age, family and marital status, and the division of labor and specialization  along with health, risk, and family background . Theoretical Framework:
 While many factors are involved, education and training are the ""the most important"" . People have realistic opportunities to obtain more education and training to improve their opportunities in life, i.e., to qualify for a better job, to gain a promotion, etc."
"The Human Capital Transition and the Role of Policy","https://scispace.com/paper/the-human-capital-transition-and-the-role-of-policy-4ll3afrp00","2019","Book Chapter","Research Papers in Economics","Ralph Hippe
Roger Fouquet","10.1007/978-3-642-40458-0_79-1","https://scispace.com/pdf/the-human-capital-transition-and-the-role-of-policy-4ll3afrp00.pdf","A potentially important source of green growth in the future is the expansion of the weightless or dematerialised knowledge economy. Along with information and communication technology (ICT) and infrastructure, and the innovation system, human capital is a key pillar of this knowledge economy with its scope for increasing returns. With this in mind, the purpose of this paper is to investigate how industrialised economies managed to achieve the transition from low to high levels of human capital, and to identify lessons for green growth. The first phase of the human capital transition was the result of the interaction of supply and demand, triggered by technological change and boosted by the demands for (immaterial) services. The second phase of the human capital transition (i.e. mass education) resulted from enforced legislation and major public investment. The state’s aim to influence children’s beliefs appears to have been a key driver in public investment. Nevertheless, the roles governments played differed according to the developmental status and inherent socioeconomic and political characteristics of their countries. These features of the human capital transition are directly relevant to future transitions associated with green growth, and highlight the importance of understanding governments’ incentives and roles in transitions.","2003 that ""as a whole we feel confident that there are important effects of education on growth"" . Finally, more recent studies by, e.g., , , , and have further emphasised the crucial impact of human capital on growth and development. Principles of Human Capital Theory:
 In the economics of education, the acquisition of human capital (through education or training) is assumed to give utility to an individual (see . It is an investment decision which enables an individual to obtain higher monetary returns in the future. The investment in human capital increases the knowledge and skills of an individual and thus his productivity (e.g., ). This investment comes at an expense due to direct costs (e.g., schooling fees), foregone earnings, psychic costs related to the studies and other related expenses. Still, the private returns of human capital acquisition can be numerous, e.g., higher earnings , a better job and a lower probability of being unemployed. Further positive effects include a higher social status and social prestige, better health, higher social capital, higher cultural capital and other benefits that are valued by an individual. The combined positive effects of human capital give incentives for individuals to invest in human capital to maximise their well-being during their life. Therefore, human capital theory suggests that a higher level of education is correlated with a higher level of earnings. This positive relationship has been found in many empirical studies, although the return to education can be influenced by many external factors. For example, one year of increased schooling gives a global average return of 10 % . Principles of Human Capital Theory:
 Overall, an individual is part of a larger market which is characterised by demand for educational goods and its supply, leading to an equilibrium process whose outcomes can be observed. Thus, the consumption and investment characteristics of education make it similar to other durable goods. Thus, education cannot be described by the use of static models. In consequence, a longer term view is inherent to the human capital concept. Principles of Human Capital Theory:
 Therefore, the decision to invest in human capital has to be made in accordance to the expected discounted future returns and costs involved."
"Maritime education and training (MET) funding models in different jurisdictions: challenges and opportunities in South Africa","https://scispace.com/paper/maritime-education-and-training-met-funding-models-in-4lc4vkrtpx","2019","","","Nomzamo Confidence Phewa","","https://scispace.com/pdf/maritime-education-and-training-met-funding-models-in-4lc4vkrtpx.pdf","..................................................................................................................... iv Table of","of formation and refining of policy proposals. This stream involves debating of ideas, obtaining buy-in from relevant stakeholders and feasibility. Lastly, politic stream which is a broader one, refers to the political climate and readiness of individuals to face the problem at hand. Human Capital Theory (HCT) and higher education:
 Tittenbrun (2017) asserts that in order to understand the value of education one must understand human capital theory. Human capital is defined as the stock of skills, competencies and talent embodied in an individual through education and training . Furthermore, human capital is regarded as the function of experience and education whereby an individual is able to reflect what has been learned by doing, whether outside or within a workplace. Human Capital Theory (HCT) and higher education:
 Human capital theorists put forward a view that educated individuals are productive in a working environment . Correspondingly, the theory puts an emphasis on the notion that individual's education is key to the progression of a country's economy; meaning the more an individual accesses education, the better their returns in financial reward and the better for the economy of the country . Human Capital Theory (HCT) and higher education:
 Hill, Hoffman, and Rex (2005) assert that higher education affects economic wellbeing in the following ways; first direct expenditures by institutions, employees and the students influence the local economy (see figure , panel A). This spending increases to a point that the money is used to purchase goods and services outside the local area, and that contributes to the aggregate income. Secondly, higher education has both financial and non-financial benefits to an individual and a community in general (see figure , part B). The average salary of an individual is closely linked to their educational achievement. For example, generally speaking, an individual with a bachelor's degree is expected to earn more than those with only secondary education, as postgraduates with masters and doctoral degrees earn relatively higher than those with bachelor's degree. Additional benefits of educational attainment include decreased crime rate and exposure to diseases. Human Capital Theory (HCT) and higher education:
 Thirdly, institutions of higher education are about the creation and transfer of knowledge. Therefore, higher education is key to innovation, research and development which directly benefits the society and the economy of the country (see figure , part C)."
"The Development and Intial Assessment of an Instrument for Human Capital Planning","https://scispace.com/paper/the-development-and-intial-assessment-of-an-instrument-for-5e0vunz9cx","2006","","","Kenneth Zula","","https://scispace.com/pdf/the-development-and-intial-assessment-of-an-instrument-for-5e0vunz9cx.pdf","","work, Denison defined human capital theory as ""a form of education that contributes to economic growth by attributing a proportion of economic growth not explained by increases in capital, labor and productive land to improvements arising from increased educational levels in the labor force"" . 345).:
 Continuing to work on Denison's explanation of the residual factor or gap, Schultz asserted that knowledge was a contributing factor; but he directly associated knowledge with schooling and the research function of the educational establishment . In 1961, Schultz asserted that ""the fundamental principle that underpins human capital theory is the belief that peoples' learning capacities are comparable to other resources involved in the production of goods and services and when the resource is effectively utilized, the results are profitable for both the individual and the society at large"" . Schultz has been credited with inaugurating ""the human investment revolution in economic thought""   . Schultz defined human capital theory as ""the knowledge and skills that people acquire through education and training as being a form of capital, and this capital is a product of deliberate investment that yields returns"" . In 1961, Schultz wrote, ""Although it is obvious that people acquire useful skills and knowledge, it is not so obvious that these skills and knowledge are a form of capital, or that this capital is in substantial part a product of deliberate investment"" . Schultz called the body of knowledge that sought to describe, explain, and validate this phenomenon ""human capital theory"" (as cited in . 345).:
 Leading economic theorists such as Denison, Fabricant, Mincer, and Schultz began to revitalize human capital theory after a long hibernation from the publication of 345).:
 The Wealth of Nations. Early on these theorists emphasized that investments in human capital were a major contributor to economic growth (G.S. . According to G.S. , human capital analysis starts with the assumption that individuals decide their education, training, medical care, and other additions to knowledge and health by weighing the benefits and costs (p. 43). ""Benefits include cultural and other non-monetary gains along with improvement in earnings and occupations, while costs usually depend mainly on the foregone value of time spent on these investments"" (G.S. . 345).:
 Gary S. Becker began his inquiry into human capital in the 1950's with his study that tried to determine the differences in income of college graduates in the United States. 345).:
 According to G.S.  in the form of greater productivity provided by the educated"" . ""Education and training are the most important investments in human capital""(G.S. . The earnings of the more educated and highly trained are almost always well above average (G.S. . 345).:
 In a study by , the monetary gains from a college education rose sharply to the highest level during the 1980's as in the past fifty years. 345).:
 Earnings of high school graduates over high school dropouts also increased drastically (as cited in G.S. . The negativism previously associated with human capital theory has disappeared and been replaced with a concern for the education and training system in the United States. G.S.    . Types of Education and Training:
 According to G.S.  person obtains to increase their command of their economic situation."
"Aspirations for higher education : evidence from youth living in Kenneth Gardens municipal housing estate (Durban)","https://scispace.com/paper/aspirations-for-higher-education-evidence-from-youth-living-tp5b608fk6","2021","Journal Article","Commonwealth Youth and Development","Zethembe. Mseleku","10.25159/2663-6549/2693","https://scispace.com/pdf/aspirations-for-higher-education-evidence-from-youth-living-tp5b608fk6.pdf","This paper explores the obstacles that prevent young people from accessing higher education. Inadequate and unequal access to higher education internationally and in South Africa, in particular, has undermined young people’s potential to contribute to national development. In South Africa, limited access to higher education for the majority remains a major problem. Hence, young people are underdeveloped socially, economically and academically. Thus, lack of educational opportunities relegates young people to the periphery of the mainstream socio-economic development. This paper uses Kenneth Gardens as a case study to interrogate a lack of access to higher education and its implications for youth vulnerability and non-participation in their own development. The research was qualitative in nature. The imperial data were solicited from semi-structured interviews with Kenneth Gardens youth. In addition, participant observation was used as a research instrument. The major findings from the research were the lack of aspirations as one of the major obstacles that hinder youth from accessing higher education, and the research also found that lack of funding, lack of awareness and inability to meet the minimum university entry requirements were underlying factors. Additionally, a lack of career guidance in schools and unemployed graduates were found to be fundamental for poor access to higher education.","all levels of education should be made accessible to all citizens. Hence, primary and secondary education system should be strong enough to prepare learners to access higher education and higher education should be strengthened to produce competent human resources to contribute to the growth of an economy. Human Capital Theory:
 Human capital is based on the notion that formal education is a critical tool and it is necessary so that the productive capacity of a population can be improved . Human beings are essential resources not only for economic development, but also for social, political and environmental development and their capacity is improved through education. The provision of formal education is an investment in human capital; it is considered as equally or even potentially more worthwhile than that of physical capital .  state that the economic growth, development of a country and the quality of life for all citizens is largely dependent on an extensive investment in human capital. Therefore, education along with other forms of social spending such as healthcare should be prioritized because they play a key role in improving human capital and ultimately increasing the economic outputs of a nation . Human Capital Theory:
 Based on a corpus of literature, an enhanced human capital provides societal and individual benefits. It has been discovered that the more individuals acquire higher levels of education, the more they will earn . This is the major reason why most young people may have aspirations for higher education. Therefore, an application of the human capital theory as a lens for analyzing the findings generated from the study of youth aspirations for higher education is crucial. The justification for this position is that the human capital theory could enhance one's understanding as to why young people aspire for higher education and why it is critical to invest in programmes that would enhance youth aspirations for higher education. Human Capital Theory:
 As understood by , increasing local human capital through improving youth access to higher education is important to improve the quality of life of those who acquire this capital.  suggest that for every investment in human capital or in individuals is the same as investment in other capitals such as physical and financial capital. Human Capital Theory:
 Hence, there is high probability of great returns from human capital particularly to individuals in a form of increased income and well-being. Investment in human capital is critical to empower individuals to gain control over the quality of their lives, thus this becomes the main reason why they should strive to acquire higher education . Human Capital Theory:
 Considering the essence of human capital, it is reasonable to draw the conclusion that the human capital theory is a good analytical tool for the findings from the study of youth aspirations for higher education as this theory serves as a tool to understand why youth aspire for higher education."
"Private tutoring and its impact on students' academic achievement, formal schooling, and educational inequality in Korea","https://scispace.com/paper/private-tutoring-and-its-impact-on-students-academic-479m6qrapd","2013","","","Ji Yun Lee","10.7916/D8K64R8K","https://scispace.com/pdf/private-tutoring-and-its-impact-on-students-academic-479m6qrapd.pdf","","such as health services, on-the-job training, formal education, adult education, and migration of individuals and families. Human Capital Theory: After this formal introduction of human capital by developed a theory of investment in human capital with an emphasis on empirical implications. Human Capital Theory:
 More broadly than ,  defined human capital investments to be any ""activities that influence future real income through the imbedding of resources in people."" ). Among various activities,  used on-the-job training and how it affects the earnings of trained workers. With the distinction between general and specific on-the-job training 3 , he showed the age-earning profiles for trained and untrained workers, which showed different patterns in growth of earnings. For both general and specific on-the-job training, earnings of trained workers are lower than earnings of untrained workers in the period of training due to costs that workers bear for training 4 . However, earnings of trained workers surpass the earnings of the untrained in later ages due to increased productivity with skills and 3 General training is training that is useful in many firms in addition to the firm providing it whereas specific training trains workers with skills and knowledge that are valuable in the firm providing it. Therefore, in case of specific training, productivity is raised more in the firm acquiring the knowledge than in other firms . 4 Costs consist of direct outlays of training and foregone income that workers could have earned in other occupations . Human Capital Theory:
 knowledge that workers acquired during training.  also argued that the magnitude of returns to general training during the period of training is smaller compared to the returns to specific training because workers bear all the costs of general on-the-job training whereas firms share costs with workers who receive specific on-the-job training . Because the training process requires costs and time to complete and because its benefits are born after a considerable time period, the value of the resources during training period is regarded as investment. Also, the higher earnings in the later years that result from the training are treated as its yield. Human Capital Theory:
 In addition to on-the-job training, other activities could also increase human capital.  defined a school as an institution specializing in the production of training. Human Capital Theory:
 Through schooling, people absorb skills and knowledge (either general or specific) that they would need in the labor market. Therefore, schooling would have the same kind of implications as on-the-job training. Moreover, apart from the knowledge and skills that people could learn from training or schooling, other information such as economic, political, or social systems could help people choose patterns of consumption, employment, or allegiance to political parties, which could significantly raise real incomes of workers . Activities that promote emotional and physical health are other ways to improve human capital that have a significant influence on earnings. Human Capital Theory:
 Within the category of investment in human capital, private tutoring can be considered as one of the activities that help raise the quality of human capital. Similar to schooling, private tutoring aims to provide the necessary knowledge and skills that are required to succeed in formal schooling and the labor market in the future. In addition, students with access to private tutoring institutions often benefit from receiving other information about external academic resources, universities or future careers that are often provided by tutors or private tutoring institutions. These resources could strengthen the human capital of students, which is believed to have a strong connection with their success in the future labor market. Therefore, the theory of investment in human capital provides a critical background to explain the demand for private tutoring."
"Toward genuine transformations: the internationalization of higher education in saudi arabia","https://scispace.com/paper/toward-genuine-transformations-the-internationalization-of-v8lbz1q0js","2017","Dissertation","","Rami Abdulrahman Khayat","","https://scispace.com/pdf/toward-genuine-transformations-the-internationalization-of-v8lbz1q0js.pdf","This qualitative study researches the effects of internationalization in higher education on individuals and home nations. Data collection included interviewing 20 students sponsored by the King Abdullah Scholarship Program (KASP), an internationalization program, investigating two of the program’s objectives: developmental and cultural. This study also included a review of governmental materials, prior research on the scholarship program, and scholarship on the process of internationalization. This study reveals three angles regarding the kinds of experiences graduates had with the KASP scholarship program. First, the national and international purposes of this internationalization program unfold from the experiences of the graduates. Second, residing in another fully-developed nation helps KASP students experience what the state-sponsoring nations want their own citizens to experience for both personal and national aims. Third, the effects of internationalization on KASP graduates’ job journeys articulate the future path for credential-holders on their way home. This research concludes to say that sponsored students coming from developing nations in such program manage to partially inherit, indirectly, from the developed settings, in this case Canada, what this research calls global citizenship. Furthermore, graduates’ experience with internationalization processes prepares them for the markets for their profession, but there should also be additional efforts from the sponsoring states which ease the return and future employment of the graduates to their sponsored nation – their home. In conclusion, the findings from the study suggest that internationalization grants nations and individuals many tools that can play vital role in shaping today’s developing world.","of 'human capital' . Capital, to economists in the 21 st century, would include financial capital, organizational capital, intellectual capital, human capital, structural capital, relational capital, customer capital, social capital, innovation capital, and process capital . Conceptual Framework:
 HCT suggests that society, composed of its citizens, generates economic benefits through investing in human beings . Education thus emerges as the prime type of human capital investment, along with health and nutrition. Education contributes to both health and nutrition, and it can be quantitatively measured.  According to , economist Gary S. Becker revisited HCT at different times and analyzed variance in dependent variables. Chronologically, the theory's development has evolved in the manner depicted in Table . Conceptual Framework:
 Table  Chronology of Human Capital Theory Conceptual Framework:
 Theory of human capital as a form of investment by individuals in education up to the point where the returns in extra income are equal to the costs of participating in education. Returns are both private to the individual in the form of additional income, and to the general society in the form of greater productivity provided by the educated. Private and social returns to investment in education 1 9 9 0:
 Defines human capital in the form of the fertility model and argues that there is a correlation between family size and the decision to invest in human capital; therefore, societies with small families have invested in human capital and benefited from more economic growth. Faster economic growth 1 9 9 3:
 Theory of human as investment in an individual's education and training, which is similar to business investments in equipment. Looks at the economic effects of investment in education on employment and earnings, and shows how the theory measures the incentive for such investment. Employment and earnings:
 From such views of HCT, this research study emphasizes how education increases the productivity and efficiency of human beings by raising the level of intellectual stock of economically productive human capability, ""which is a product of innate abilities and investment in human beings"" . Some critics claim that HCT is not an effective means of developing a nation's potential. For instance, signaling theorists are ""concerned with understanding why certain signals are reliable and others are not … how the signal is related to the quality it represents and what are the elements of the signal or the surrounding community that keep it reliable"" . , for example, suggests that, ""education levels of individuals indicate their certain innate characters such as their propensity to be intelligent, their dedication, time management skills, and ability to follow instructions.""  believes that schooling ""classifies students according to their intelligence and commitment through the processes of admission requirements and grading"" (as cited in ."
"Comprehensive methodology for assessing human capital and problems of its assessment","https://scispace.com/paper/comprehensive-methodology-for-assessing-human-capital-and-2bdagbqceq","2019","Journal Article","","К. Черевач-Филипович
О. Когут","10.26577/BE.2019.V127.I1.25","https://scispace.com/pdf/comprehensive-methodology-for-assessing-human-capital-and-2bdagbqceq.pdf","The article discusses ways to assess human capital. In recent decades, the urgency of the problems associated with the assessment of human capital and its components has not only faded away, but also increased as the number of companies grew. The interest of economics in human creative abilities, in the ways of their formation and development has sharply increased. Issues of human capital valuation are of interest due to the complexity and versatility of this category, as well as its importance for the effective functioning of the economy. Given the intangible nature of human capital, manifested in the form of knowledge, skills, work and management skills, as well as its continuous accumulation and communication with specific employees, it should be noted that a specific set of criteria is less important than the process of measuring and using the information collected. The systems for evaluating human capital based on certain quantitative criteria are based on value and natural approaches to its definition. Methodological approaches to the economic definition of human capital, based on different models, develop ideas that provide new, more realistic options for evaluating human capital. The formation and development of human capital takes place with the direct participation of the family, the state, enterprises and various public funds. At present, when an employee of an organization must be constantly active in improving his abilities, it is necessary to take into account the fact that learning takes place throughout his life.","accordance with the adopted provisions, the assessment of human capital is made in relation to qualification requirements and necessary knowledge, as well as professional skills. Che = ∑ Cep: In this case, the following are the objectives of human capital assessment: Che = ∑ Cep:
 -improving the selection, training and placement of personnel; Che = ∑ Cep:
 -stimulating the growth of employees' qualifications and increasing responsibility for the results of decisions made; Che = ∑ Cep:
 -development of initiative and creative activity of managers, specialists and employees; Che = ∑ Cep:
 -creation of a reserve. Accordingly, the objectives of assessing human capital are: Che = ∑ Cep:
 -determination of official correspondence of managers, specialists and employees of the position held; Che = ∑ Cep:
 -identifying prospects for the use of potential abilities and capabilities of the employee; Che = ∑ Cep:
 -stimulation of the growth of professional competence of the employee; Che = ∑ Cep:
 -determination of areas of professional development, professional training or retraining of the employee; Che = ∑ Cep:
 -the submission of proposals on the movement of personnel, the dismissal of an employee, and the transfer to more or less qualified work. Literature review:
 One of the first formulations of human capital is found in «Political Arithmetic» by W. Petty, who substantiated the category as «living acting human forces» and proposed to consider them as an integral part of national wealth. At the scientific level, the first study of the problems of human capital belongs to A. Smith. In his well-known work, A Study on the Nature and Causes of the Wealth of Nations, he proved that the differences between the possibilities of people with different levels of education and training reflect the differences in their income necessary to pay to acquire these skills. Therefore, income from investments in professional knowledge can be compared with income from investments in tangible assets. This comparison, however, has its limitations. Firms own material resources, but not their employees, unless, of course, talking about slaveholding system . Literature review:
 The theory of human capital was created by Nobel Prize winners in economics T. . By calculation, they showed for the first time the advantages of people with special education over people with general secondary education in terms of income and raised the cost of education to the level of productive investment, and education to the level of the most important development factor . Literature review:
 In the economic literature one can find many definitions of the concept «human capital». The most common definitions are: G. Becker «Human capital is a combination of innate abilities and acquired knowledge, skills and motivations, the effective use of which contributes to an increase in income and other benefits» (Korchagin, 2012: 4); A. Dobrynin, S. Dyatlov, E. Tsyrenova «Human capital is a stock of health, knowledge and skills that contribute to productivity growth and affect income growth» ; V. Maksimovich «Human capital is a combination of the existing, accumulated and developed abilities and qualities of a person, which are used in the production and consumption of economic goods, bring profit to its owner, as well as effect at the place of use and contribute to the growth of the state» ."
"Institute of Social Studies Graduate School of Development Studies","https://scispace.com/paper/institute-of-social-studies-graduate-school-of-development-3q26go0ok2","2001","","","Nicholas Mangozho","","https://scispace.com/pdf/institute-of-social-studies-graduate-school-of-development-3q26go0ok2.pdf","","Ob jectives: • To SUl!l!cst stratcl!ies It)r intencntion in terms of policies. institutions. etc to set up The relationship between HE and the labour market is such a complex one. Brennan . Ob jectives:
 .1.1 et al  refers to this relationship as the ""HELM Relationship."" The terms used in themselYes. that is: relevance. responsiveness and quality are quite dynamic. Ob jectives:
 multifaceted. highly subjective. and difticult to measure. Ob jectives:
 The research time frame. coupled with space limitations obviously imposes severe constraints on the scope of data collection and analysis. However. notwithstanding these limitations. it is hoped that the study would particularly make a valuable 6 Rl'pllrl ofthl' P r l ' ĩ J l ' n t i a l ( ' o l l l m i s i l l n into r-.dw.:alion '.lI1t! 1 raining in lilllhah\\l' (1999:299) (hl'reinatkr rdem .. 'd to a"" Thl' z i r a m a s a n g a Rl'J""lort). Introduction:
 ""Human resources del'e/opment both raises productivity and lowers reproductil'ity'"" (Streeten, P 1983).7   This chapter briefly discusses some important concepts made use of or implied in the study. The chapter also discusses the Human Capital Theory and its relationship to economic development in general and in the context of Zimbabwe, as well as human resources planning models. This chapter is important in that it provides the theoretical foundation upon which the subsequent discussion is based. Human Capital Theory:
 The HCT is built on the intellectual foundations of neo-classical analysis of labour markets. education and economic growth. The premise of the HCT is that investment in human capital is associated with better skills. higher productivity. and enhanced human capacity to imprO\e the quality oflife . The HCT assumes that people are productive resources and that highly educated people are more productive than others . Human Capital Theory:
 More importantly. the HCT is a cost and benefit analysis of educational investment. Human Capital Theory:
 Educational investment decisions are made when the expected returns (future income) Human Capital Theory:
 and the non-monetary benefits (the utility of being educated) are perceived to be greater than the educational expenditure and the opportunity cost. Human Capital Theory:
 I n""1 hpugh nUlpu! indic<lIOrs an: rardy u s d h c a u : -. e the: arC"" l,,,tn:mcl: dt'manding and because ofthc rear that the; could bc subjtxti\'c. the: can :.lelUa]!: prodw.:c quilL' formidahle results for planning purposes if they an.' properl: used. Human Capital Theory:
 In the early days of its promulgation, the HCT was used to explain the economic rationale for individual inYestment in education, better health, nutrition, etc. . The HCT has been refined from its micro perspective to a macro perspective over the years, and now it is applied in providing justification for public expenditure in education. The main argument is that investment in human capital complements investment in physical and technological innovation."
"Higher Education and Labour Market Dynamics: The Case of Zimbabwe","https://scispace.com/paper/higher-education-and-labour-market-dynamics-the-case-of-53tbmdbeyz","2001","","","Nicholas Mangozho","","https://scispace.com/pdf/higher-education-and-labour-market-dynamics-the-case-of-53tbmdbeyz.pdf","","Ob jectives: • To SUl!l!cst stratcl!ies It)r intencntion in terms of policies. institutions. etc to set up The relationship between HE and the labour market is such a complex one. Brennan . Ob jectives:
 .1.1 et al  refers to this relationship as the ""HELM Relationship."" The terms used in themselYes. that is: relevance. responsiveness and quality are quite dynamic. Ob jectives:
 multifaceted. highly subjective. and difticult to measure. Ob jectives:
 The research time frame. coupled with space limitations obviously imposes severe constraints on the scope of data collection and analysis. However. notwithstanding these limitations. it is hoped that the study would particularly make a valuable 6 Rl'pllrl ofthl' P r l ' ĩ J l ' n t i a l ( ' o l l l m i s i l l n into r-.dw.:alion '.lI1t! 1 raining in lilllhah\\l' (1999:299) (hl'reinatkr rdem .. 'd to a"" Thl' z i r a m a s a n g a Rl'J""lort). Introduction:
 ""Human resources del'e/opment both raises productivity and lowers reproductil'ity'"" (Streeten, P 1983).7   This chapter briefly discusses some important concepts made use of or implied in the study. The chapter also discusses the Human Capital Theory and its relationship to economic development in general and in the context of Zimbabwe, as well as human resources planning models. This chapter is important in that it provides the theoretical foundation upon which the subsequent discussion is based. Human Capital Theory:
 The HCT is built on the intellectual foundations of neo-classical analysis of labour markets. education and economic growth. The premise of the HCT is that investment in human capital is associated with better skills. higher productivity. and enhanced human capacity to imprO\e the quality oflife . The HCT assumes that people are productive resources and that highly educated people are more productive than others . Human Capital Theory:
 More importantly. the HCT is a cost and benefit analysis of educational investment. Human Capital Theory:
 Educational investment decisions are made when the expected returns (future income) Human Capital Theory:
 and the non-monetary benefits (the utility of being educated) are perceived to be greater than the educational expenditure and the opportunity cost. Human Capital Theory:
 I n""1 hpugh nUlpu! indic<lIOrs an: rardy u s d h c a u : -. e the: arC"" l,,,tn:mcl: dt'manding and because ofthc rear that the; could bc subjtxti\'c. the: can :.lelUa]!: prodw.:c quilL' formidahle results for planning purposes if they an.' properl: used. Human Capital Theory:
 In the early days of its promulgation, the HCT was used to explain the economic rationale for individual inYestment in education, better health, nutrition, etc. . The HCT has been refined from its micro perspective to a macro perspective over the years, and now it is applied in providing justification for public expenditure in education. The main argument is that investment in human capital complements investment in physical and technological innovation."
"An Overview of the Theoretical Perspectives on Higher Education Financing (Implications for Educational Administration in Nigeria)","https://scispace.com/paper/an-overview-of-the-theoretical-perspectives-on-higher-4b2pseb2mm","2021","Journal Article","","Sani Ahmed Yauta","10.52132/AJRSP/EN.2234","https://scispace.com/pdf/an-overview-of-the-theoretical-perspectives-on-higher-4b2pseb2mm.pdf","The paper reviewed some theories that explain higher education financing. Some aspect of these theories is compared in terms of the theoretical perspective on financing higher education. The historical viewpoint and the tenant of the theories give an insight and possible solution to higher education financing. The purpose of the paper is to illuminate an important policy issues on financing higher education the world over and to contribute to the general debate on the contribution of theories in explaining the main issue of financing higher education.","as an agent of revolution in many developing countries, has led to substantial investments in it. ISSN: 2706-6495: In many developing countries pressure for higher education has absolutely been assisted by public awareness of financial reward from pursuing such education. ISSN: 2706-6495:
 According to ;  the economic success and functioning of any country depends to a larger extent on its physical and human capital stock. They further state that physical capital has then been the focus of economic research as a major factor in production. However, nowadays individual skills and abilities are progressively figured as another form of capital more especially in social and behavioral sciences researches. General as postulated above by many scholars, investment in human capital ensure and increase high economic productivity of and individual and the nation at large. ) stated that the theoretical framework which should be adopted for the healthy acceptance of education and development policies would be human capital theory. The overall debate from a global perspective on reasonable resources allocation to Higher Education and the desire for government increase subsidies to education has been debated from neo-liberal economic models and market terms.  has identified as to how the human capital theory was propounded in the early 1960s.  further developed the theory and brings out the tenants and principles of the theory clearly. The major tenants that underscore the significant of the theory in explaining resource allocation and investment in higher education is the private and public rate of returns that is due to individuals and the nation at large. The modern development of human capital theory has been observed from the 1970's, when public finance to education started to decline because of the increasing demand from other social service sectors, like security, health and administrative expenses. The work of ; ;  exposed the development and usefulness of human capital theory. Most of the empirical work on human capital theory by the above authors brings to light the benefit of investing in human capital. In simple terms their work explains the theory in explaining a significant relationship between investments in education and monitory and non-monitory returns. ISSN: 2706-6495:
 The motive develops from the assumptions that people, and nations make rational choices and decision to invest in education and training which develop and enhance skills used to improve labor productivity.  This in turn increases the level of income for the individual and promotes economic growth . Rapid increase in the use of Human Capital Theory was seen after 1960, i.e. 1960-1970, which was described by  and cited in  as the golden period for the concept of human capital. He further state that by 1970's a new interest in this field prophase which create a serious dialogue which emanate between one group call ""First generation"" economists of education who are believe in how education contribute to economic growth, the individual (private) demand for education, labor market expectation and requirements and rate of return to investment in education, and other group called the ""second generation"" economist who are only interested on different ways financing education and the labor market segmentation.  opined that the main reason for this change is the massive expansion of the education systems in the western world, which have a serious consequence of causes both micro and macro-economic problems in the developing countries like Nigeria. Overall both Individuals and nations belief that investment in higher education has social and economic benefit; hence they invest in it to gain the maximum benefit."
"Why do they go? Community college students and post-secondary pursuits in Central Appalachia","https://scispace.com/paper/why-do-they-go-community-college-students-and-post-secondary-3qfrz8v5lv","2010","","","Christina Jo Wright","","https://scispace.com/pdf/why-do-they-go-community-college-students-and-post-secondary-3qfrz8v5lv.pdf","OF DISSERTATION","evidence individual initiative and gain. According to human capital theory, nonmaterial assets such as educational attainment work toward increasing the capital worth of individuals and the societies they comprise. An early proponent, Adam Smith articulated the individual and societal benefits of human capital. Human capital theory:
 According to Smith, among other forms of fixed capital such as trade machines, instruments, buildings, and improvements, are, the acquired and useful abilities of all the inhabitants or members of the society. The acquisition of such talents, by the maintenance of the acquirer during his education, study, or apprenticeship, always costs a real expense, which is a capital fixed and realized, as it were, in his person. Those talents, as they make a part of his fortune, so do they likewise that of the society to which he belongs (1776, p. 166). Human capital theory:
 As Smith indicates, human capital is understood within a larger context of societal exchange and application. It is not enough for individuals to acquire capital; they must also invest their personal fortunes in the marketplace. Though considered fixed or noncirculating, the investment of human capital presumes market participation. How else then, as Smith argues, could the ""expense be repaid with a profit""? Human capital theory:
 A leading human capital theorist, Gary  discusses human capital in the specific terms of individual investments in education. The theory assumes that these investments improve individual productivity and earnings and, as Becker states, an individual's success reflects an ability to bring about that success, Human capital analysis assumes that schooling raises earning and productivity mainly by providing knowledge, skills, and a way of analyzing problems. An alternative view however denies schooling does much to improve productivity, and instead it stresses credentialism-that degrees and education convey information about underlying abilities, persistence and other valuable traits of people…earnings of college graduates exceed those of high school graduates not because college education raises productivity but because more productive students go on to college (p. 19)."
"Economics of education revisited – new insights from identity and behavioral economics","https://scispace.com/paper/economics-of-education-revisited-new-insights-from-identity-3cd0yv9bb8","2019","","","Marija Džunić
Nataša Golubović","","https://scispace.com/pdf/economics-of-education-revisited-new-insights-from-identity-3cd0yv9bb8.pdf","This paper reviews the economic literature on education along with the attempts to integrate sociological and psychological views of education into standard economic models. The analysis points to the key concepts from sociology and behavioral economics that are translated into inputs to economic models of education, in order to improve the understanding of the economists’ fundamental concern – resource allocation. By extending economic models that capture the relation between investing efforts and expected returns to education, insights from identity economics and behavioral economics shed light to the following question: when and under what circumstances are investments in education effective? Identity economics implies that educational efforts are not perfect determinants of the economic returns to education, taking into account that investments in education are determined by students’ social norms, ideals and identities. Behavioral economics focuses on behavioral biases that affect the individuals’ decisions on investing efforts in education and consequently, their long-term welfare. This novel framework contributes to education research by specifying policy interventions that could mitigate identified behavioral barriers that constrain decision making concerning educational pathways.","knowledge and skills embodied in the individuals affect their productivity levels and consequently, their earnings. Therefore, education is considered to be an investment, rather than the expenditure, affecting not only individuals' well-being, but also determining the economic growth of a country . THE THEORY OF HUMAN CAPITAL:
 Human capital has formally been introduced into economic literature by the neoclassical economists, within the analytical framework of methodological individualism. According to the rational choice theory, individuals invest in education in order to maximize their economic interests. The investments in acquiring knowledge and skills that increase their productivity are realized until the private benefits of such investments (higher income in the future) equal the private costs, implying that the stock of human capital is formed as the consequence of the rational individuals' decisions. The early studies of human capital, therefore, regard education as the key component of the human capital. Deliberate investments in human capital have been defined as the determinants of the personal income distribution .  argued that employees do not become capitalists due to the diffusion of ownership through share capital, but as a result of acquiring knowledge and skills that have economic value. Those employees that have more high-quality skills and knowledge can demand higher wages. In other words, their knowledge and skills allow one hour of their labour to be worth more on the market than the labour of those who do not possess such knowledge and skills. THE THEORY OF HUMAN CAPITAL:
 The explicit treatment of human resources as a form of capital, a factor that can be produced and a result of investment, in the theoretical work of , directly contradicts the classical understanding of labour as the ability to perform physical job requiring little knowledge and skills, which are relatively uniform among workers. Treating education as an investment into an individual, Schultz proposed the term human capital. This way, the human capital concept has been transformed from a mere metaphor to a viable research subject in economic science and the main framework for creating education policies. From this time on, human capital has been put in the forefront of economic debates aimed at determining the residualthe unknown or unmeasured determinants in the models of economic growth. THE THEORY OF HUMAN CAPITAL:
 After the publication of Robert Solow's article A Contribution to the Theory of Economic Growth , an increasing number of empirical studies based on the aggregate production function  tried to ascribe the differences in income per capita among countries to the accumulation of physical capital, human capital and productivity. These studies have confirmed that higher levels of human capital fuel economic growth . There are two approaches that link human capital and economic growth. The first one explores the connection between the rate of economic growth and the rate of human capital accumulation . The second connects the rate of economic growth with the available amount of human capital . Most of the empirical analyses that dealt with the link between human capital and economic growth were largely focused on education, while health, as another component of human capital, has been devoted less attention."
"Reconciling organisational performance and employee satisfaction through training","https://scispace.com/paper/reconciling-organisational-performance-and-employee-1uuwvbz8kc","2008","","","Simon Peter Okanya","","https://scispace.com/pdf/reconciling-organisational-performance-and-employee-1uuwvbz8kc.pdf","In this study I explored the link between human resource training and
organisational performance in a complex Public Service organisation.
Drawing from a wide range of theoretical literature and also basing on my
personal experience as an employee of the district, the study focuses on the
complexities involved in reconciling organisational performance and employee
satisfaction through training.
Using the theoretical insights of the Human Capital Theory, the
Human Resources Based View and the Capability Approach and the
Universalist, Configurational and Contingency models of training, the main
findings of this study indicate that there are overlaps in the theories and
models in relation to training and these can facilitate or inhibit the
development and utilisation of organisational or human potentials. Also,
contrary to the existing literature on training, the research findings suggest that
training episodes and returns can not simply be reduced to a dichotomy of
general or specific, rather a more subtle differentiation is paramount.","Capital Theory (HCT) is premised on neo-classical analysis of labour markets, education and economic growth. It assumes that people are productive resources and explores whether more highly educated people are more productive than others (Brennan 1993). Human Capital Theory:
 More importantly, the HCT is a cost and benefit analysis of educational investment. From this viewpoint, training represents an investment in human capital that can be justified if net returns are generated in terms of better skills and increased productivity . In this sense, the HCT distinguishes the modalities of more general and more specific training. The former at its most general generates competences and professional qualifications that are useful to many organisations, even those belonging to different activity sectors . It should be pointed out that the transferable nature of the qualifications provided by more general training has a number of consequences for organisational behaviour. Human Capital Theory:
 On the one hand, because the qualifications acquired are potentially useful to a number of organisations, this kind of training leads to an improved position of the employee in the labour market. Within a competitive framework, this increase in value means that the organisation supplying the training will have to offer the trained employee salary and wider incentives similar to those offered by rival organisations . Human Capital Theory:
 On the other hand, the existence of working positions that demand from people occupying them costly qualifications and knowledge, transferable between organisations, promotes free rider conduct oriented towards reducing the organisation's participation in the financing of training. There are options available to achieve this purpose and they need not be incompatible, ""First, the firm supplies general training, but its financing is assumed totally or in part by the worker through reduced salaries during the training period. Second, the firm develops training policies which give priority to external recruitment over internal promotion and make the possession of certain transferable as well as costly professional competences become a prerequisite necessary to obtain the job and turn general training into an exclusively individual responsibility of the worker that aims at professional promotion within the firm"" . Human Capital Theory:
 This view however, may not be applicable to the Public Service in which training whether specific or general is provided by the employer. This theory was useful in finding out how far the staff were involved in decision making to undertake the training, whether they thought the training had any immediate effects on their jobs and whether there were scenarios where they had not put in practice what they had acquired from the training."
"Reconciling Organisational Performance and Employee Satisfaction Through Training: the Case of Soroti District Local Government","https://scispace.com/paper/reconciling-organisational-performance-and-employee-2biy70o4d4","2008","","","Simon Peter Okanya","","https://scispace.com/pdf/reconciling-organisational-performance-and-employee-2biy70o4d4.pdf","In this study I explored the link between human resource training and organisational performance in a complex Public Service organisation. Drawing from a wide range of theoretical literature and also basing on my personal experience as an employee of the district, the study focuses on the
complexities involved in reconciling organisational performance and employee satisfaction through training.
Using the theoretical insights of the Human Capital Theory, the
Human Resources Based View and the Capability Approach and the
Universalist, Configurational and Contingency models of training, the main findings of this study indicate that there are overlaps in the theories and models in relation to training and these can facilitate or inhibit the development and utilisation of organisational or human potentials. Also, contrary to the existing literature on training, the research findings suggest that
training episodes and returns can not simply be reduced to a dichotomy of general or specific, rather a more subtle differentiation is paramount.","Capital Theory (HCT) is premised on neo-classical analysis of labour markets, education and economic growth. It assumes that people are productive resources and explores whether more highly educated people are more productive than others (Brennan 1993). Human Capital Theory:
 More importantly, the HCT is a cost and benefit analysis of educational investment. From this viewpoint, training represents an investment in human capital that can be justified if net returns are generated in terms of better skills and increased productivity . In this sense, the HCT distinguishes the modalities of more general and more specific training. The former at its most general generates competences and professional qualifications that are useful to many organisations, even those belonging to different activity sectors . It should be pointed out that the transferable nature of the qualifications provided by more general training has a number of consequences for organisational behaviour. Human Capital Theory:
 On the one hand, because the qualifications acquired are potentially useful to a number of organisations, this kind of training leads to an improved position of the employee in the labour market. Within a competitive framework, this increase in value means that the organisation supplying the training will have to offer the trained employee salary and wider incentives similar to those offered by rival organisations . Human Capital Theory:
 On the other hand, the existence of working positions that demand from people occupying them costly qualifications and knowledge, transferable between organisations, promotes free rider conduct oriented towards reducing the organisation's participation in the financing of training. There are options available to achieve this purpose and they need not be incompatible, ""First, the firm supplies general training, but its financing is assumed totally or in part by the worker through reduced salaries during the training period. Second, the firm develops training policies which give priority to external recruitment over internal promotion and make the possession of certain transferable as well as costly professional competences become a prerequisite necessary to obtain the job and turn general training into an exclusively individual responsibility of the worker that aims at professional promotion within the firm"" . Human Capital Theory:
 This view however, may not be applicable to the Public Service in which training whether specific or general is provided by the employer. This theory was useful in finding out how far the staff were involved in decision making to undertake the training, whether they thought the training had any immediate effects on their jobs and whether there were scenarios where they had not put in practice what they had acquired from the training."
"The performance of higher education students’ loan sheme in Tanzania : the stakeholders’ views","https://scispace.com/paper/the-performance-of-higher-education-students-loan-sheme-in-177m5j7ay2","2008","Dissertation","","Innocent Buberwa Rugambuka","","https://scispace.com/pdf/the-performance-of-higher-education-students-loan-sheme-in-177m5j7ay2.pdf","A students’ Loan scheme is one among many alternatives for financing higher education in various countries around the world. Tanzania is one of the countries that have been practicing loan scheme system for financing higher education sub-sector. The purpose of this study is to examine the performance of the students’ loan scheme in Tanzania basing on the views of the stakeholders, mostly higher education students who are the main beneficiaries of the scheme. Some university students at the University of Dar es Salaam, the policy makers and policy implementers in the Ministry of Higher Education, Science and Technology and the Higher Education Student Loan Board respectively, were identified for the study. The study was guided by two research questions. These are: what is the performance of higher education student loan scheme in terms of the procedures for loan application and money disbursement; and does the student loan scheme contain the structures for loan recovery to the extent of being able to recover the loan? A qualitative strategy has been used in this study. Multiple methods were used for data collection, namely semi-structured interview, group discussion and documentary analysis. Twelve students of different academic years of study and student leaders at the student organization level, two policy makers and two policy implementers were interviewed. Twenty students were involved in a focused group discussion. And various documents including policy documents, guidelines and website documents were analyzed. Data collected was analyzed by induction process. The findings show that the loan scheme in Tanzania is partly not performing well in terms of application procedures, disbursement of funds to students and loan recovery. Therefore to make the loan scheme perform at the convenience of the stakeholders, it is recommended that the government should decentralize the HESLB to district level (establish the district offices). By doing so some services such as distribution and collection of loan application forms and means-testing can be done at the district offices. In addition, it is recommended that the loan application forms can also be stationed at","presents the performance of the students' loan scheme in Tanzania and students' loan schemes in other countries as reflected in different literatures. The last part gives the summary and research gaps in the reviewed Literatures to mark the rationale for conducting this study. 1 Human Capital Theory (HCT):
 According to human capital theorists all expenditures can be classified as either investment or consumption . The consumption expenditure refers to the purchase and use of goods and services which yield immediate but short lived benefits while investment expenditure refers to the purchase and use of assets which yield benefits over a long period of time and lead to an increase in the productive capacity of a given unity of production (ibid.: 36). 1 Human Capital Theory (HCT):
 From that point of view, it is argued that expenditure on education is an investment that yields long-term future benefits in the form of higher income for both the educated individuals and for the society as a whole   . 1 Human Capital Theory (HCT):
 Arguably, the theory seem to bring the notion that the costs have to be incurred in making some one get knowledge and skills (education) and by doing so the bearer of education is becoming more productive and at last his/her earnings increases. The investment costs include direct costs such as pecuniary or out of pocket costs and also includes indirect costs such as forgone earnings (salary and any other benefits attached to an employment) . The investment costs which are the point of interest in this study are pecuniary costs which are incurred by students. 1 Human Capital Theory (HCT):
 Despite the assumptions of human capital theory, there have been a number of criticisms of the theory. According to , it is difficult to separate human capital investment from personal consumption. This may perhaps mean that not all investment in humans through education are investment, others are consumption. The point by Stigler may be the determination of the degree and level of consumption and investment in costs incurred for education. 1 Human Capital Theory (HCT):
 The theory has been criticized by  that its assumption that investing in education leads to ones higher earnings is partly misleading. He argues that the notion is intervened by the underemployment challenges such that the growing proportions of people who have invested many years of their lives in acquiring advanced formal educational qualifications are unable to obtain commensurate. 1 Human Capital Theory (HCT):
 Debatably, this may mean that it is not one to one function, as assumed by HCT, that whoever invests in education has to end up with higher earnings. Some of people who have invested much in educating themselves may end up with decreased earnings because earnings are the function of multiple factors than education alone. For instance, after achieving the knowledge and skills, one enters the labor market. The labor market in which the educated worker must compete is not perfect one to permit the educated to get appropriate jobs for which they have been relatively trained . 1 Human Capital Theory (HCT):
 Moreover, the productivity of the labor is contributed with other factors than education such as job satisfaction including the working environment and the rewarding structure in a particular institution or firm. Relevance of the theory to the study:
 From the above postulations of the theory higher education is one form of investments in which individuals have to incur costs in order to get it. The implication of human capital theory is that people have to invest in themselves through higher education. Students or/and their families and the government are compelled to incur the costs."
"What role for human capital in the growth process: new evidence from endogenous latent factor panel quantile regressions","https://scispace.com/paper/what-role-for-human-capital-in-the-growth-process-new-2w30vg4nuu","2018","Journal Article","Scottish Journal of Political Economy","Phillip Kostov
Julie Le Gallo","10.1111/SJPE.12196","https://scispace.com/pdf/what-role-for-human-capital-in-the-growth-process-new-2w30vg4nuu.pdf","The estimates for the human capital effect in cross-country growth regressions have been subject of considerable controversy We argue that human capital is intrinsically a multidimensional construct We construct human capital measure by combining available alternative proxies via confirmatory factor analysis Using panel data endogenous quantile regression methods we analyse the whole conditional growth distribution by simultaneously accounting for the potential endogeneity of human capital and country specific effects Our results conform to theoretical expectations and we are able to demonstrate the beneficial effect of both the measurement approach and the endogeneity correction on the derivation of theoretically consistent estimates","model and estimation issues (Section 3) followed by a presentation of the data used in the empirical analysis (Section 4). Introduction: Section 5 outlines our estimation results together with comparisons with some alternative models. Finally, Section 6 concludes. Human Capital conceptualisation:
 From a theoretical point of view, human capital, in particular the part obtained through education, is a critical determinant of economic growth. Indeed, more skilled and productive workers increase an economy's output of goods and services and facilitate the absorption of advanced technologies. Hence, it comes as no surprise that considerable attention has been given to the most relevant ways to measure this particular input in This is a postprint of a paper to appear in Scottish Journal of political Economy. The definitive version is available at wileyonlinelibrary.com. Human Capital conceptualisation:
 -5-order to make cross-country comparisons . Because human capital is intangible, and its stock is not directly observable, all estimates of this stock must be constructed indirectly. Human Capital conceptualisation:
 With respect to growth, human capital is implicitly or explicitly defined in relation to productivity. Indeed the United Nations (1953) defined investment in human capital as investments made to increase the productivity of the labour factor. Hence, the idea underlying the concept of human capital is that economic output (GDP) can be increased not only by the conventional capital stocks, but also through increasing the quality of human capital. The latter implicitly means the productive capacity of humans which can be expressed (i.e. measured) in terms of characteristics such as education, work experience, acquisition of knowledge, health standards as well as many other intangible factors that affect labour productivity. The OECD report (1998) follows the same line by defining human capital as the 'knowledge, skill, competencies and attributes embodied in individuals that are relevant to economic activity'. Therefore, measuring human capital means measuring labour productivity, or alternatively the ability of a person to produce labour income. This leads to a dual possible approach to measuring human capital. It involves both costs (investment in human capital) such as education, health and quality of life improvements and labour earnings capacity (future wages). Human Capital conceptualisation:
 First, human capital can be measured by a costs (investment) approach. Typically, this involves measures such as spending on education. This approach can be traced back to the cost-of-production method of  who estimated human capital as the child rearing costs to their parents . The underlying assumption to such an approach is that the value of the human capital embodied in a person is equal to the cost of producing that same wealth. Examples can be found in  and  for the United States but many criticisms have been put forward  such as the absence of relation between the cost of production and quality of output and the fact that not all the components involved in the production of skills can be identified. Human Capital conceptualisation:
 Second, human capital can be defined by its earning capacity. To this end, , considering investment in human capital as a rational choice, specified an earnings function by employing a number of mathematically convenient but controversial counterfactual assumption. In simple terms, the Mincerian framework does not measure This is a postprint of a paper to appear in Scottish Journal of political Economy. The definitive version is available at wileyonlinelibrary.com."
"Social Investment, Economic Growth and Labor Market Performance: Case Study—Romania","https://scispace.com/paper/social-investment-economic-growth-and-labor-market-1o23uxwv1b","2015","Journal Article","Sustainability","Ramona Olivia Ștefănescu-Mihăilă","10.3390/SU7032961","https://scispace.com/pdf/social-investment-economic-growth-and-labor-market-1o23uxwv1b.pdf","A few years have passed since the financial crisis began with the bankruptcy of the American Lehman Brothers bank and few dare predict the moment when we will overcome the crisis. Chaotic human resource policy in the Romanian economy and complex taxation have lowered our chances to overcome it. Excessive income tax, massive layoffs, not always dictated by real needs in the private sector, hesitation in the government regarding the reorganization of an oversized public sector and the low productivity are only some obstacles in overcoming the crisis. People are a very important factor in the production process and in the success of a company. It is essential that modern organizations rethink their strategies, make long-term investments, and invest in people. Success and survival on the market greatly depend on the understanding of these facts and managers must be aware of their importance.","in 2001, the Organization for Economic Cooperation and Development gave the closest definition for the term human capital, referring to the sum of knowledge, skills, competencies and attributes incorporated in individuals, that facilitate the creation of personal, social and economic welfare. Figure 1.:
 According to the specialists, identifying and defining the components of human capital are not easy tasks, as they raise issues of defining and operationalizing, which is why most authors consider educational capital-skills developed through training in school or outside it and biological capital-physical skills displayed in the state of health, to be the main elements of human capital. Figure 1.:
 Two outstanding figures of the theory of human capital, Jacob Mincer and Gary Becker refer to human capital in their works , especially in the educational sections, emphasizing the idea of training and education costs. Moreover, Blaug added to their theories, stressing that the individuals in one country should attain a minimal education level in order to become intelligent consumers, and benefit from the positive effect of the technological progress of their time, respectively . Thus, education may be considered as both a consumer good, providing multiple benefits to the population, and as a direct investment in business. The rationale of this definition generated many concerns among economists, who have not, however, reached an agreement on the hypothesis. One thing is certain, though: the fact that investment is and should be ongoing, either to expand the human capital by education, or by maintaining the existing stock of human capital with regular medical examinations; the idea of human capital as an investment is gaining more and more ground nowadays. The Need for Continuously Informing and Education the Population:
 The European Union undertook to create better and more numerous work places. This commitment requires a strong partnership between the Member States, the regional and local authorities, the social partners, civil society and, especially, the European citizens. There are still a lot of things to achieve in important fields, such as research, innovation and within the knowledge-based society in order to create better and more numerous work places  in a continuously changing world. It is very important that the EU and each Member State invest in their most valuable resource: their citizens."
"WANT TO KNOW WHAT I KNOW? An assessment of Knowledge Sharing in a Knowledge Intensive Firm","https://scispace.com/paper/want-to-know-what-i-know-an-assessment-of-knowledge-sharing-2coxij5j6s","2020","","","Anna Fransson
Sofia Langenius","","https://scispace.com/pdf/want-to-know-what-i-know-an-assessment-of-knowledge-sharing-2coxij5j6s.pdf","Thesis: 30 HEC Program: Strategic Human resource Management and Labour Relations Level: Second Cycle Semester/year: Spring 2020 Supervisor: Stefan Tengblad Examiner: Karin Allard","suggesting that individuals and society gain economic benefit from investing in people. An example of a potential investment is education, which is argued to contribute to improved health. It is also further suggested that education is the only measurement that tends to increase individuals economic capabilities. Human, Intellectual & Structural Capital:
 According to , Human Capital is relevant because it ""Improves health, raise earnings, or can add to a person's appreciation of literature over his or her lifetime"". The Human capital view was presented early in the 1980's by . These scholars also state that Human Capital should be seen as a great competitive advantage. Intellectual capital essentially hold the same meaning as human capital, however it points more specifically toward the inner value of knowledge possessed by individuals ""In the old economy, people bought and sold 'congealed resources' -a lot of material held together by a little bit of knowledge"" - .  also indicates that investments in human capital through training, medical care and education are thus investments in capital. The term ""human capital"" derives from the fact that the asset belongs to an individual and cannot be removed from him or her. The human capital theory is essential to this study as it concerns an individual's economic value in an organisation. This study will approach different types of knowledge residing in individuals on different professional levels and as such, will assess the potential values for the organisation, however, not in economic terms. When discussing human capital, structural and social capital are terms that have to be taken into consideration. Structural capital is the supporting infrastructure that enables human capital to function in an organisational setting, basically one of the cores for knowledge storing and sharing. The structural capital can be information and processes gathered in databases for the use of the employees . Social capital is by  defined as a resource that is embedded in the different relationships among actors. Social capital is also built on two foundations, namely social networks and social resources."
"An assessment of the Impact of Good Governance on Health Outcome among Selected African Countries","https://scispace.com/paper/an-assessment-of-the-impact-of-good-governance-on-health-400zavbkex","2023","Journal Article","Asian journal of economics, business and accounting","Mohammad Ali Shafa
Adahama Ibrahim Haladu
Ali Salisu","10.9734/ajeba/2023/v23i191070","https://scispace.compdf/an-assessment-of-the-impact-of-good-governance-on-health-400zavbkex.pdf","Good governance is an essential component that drives better health outcome and education output required as a catalyst that will stimulate economic growth, and this constitutes a vital social objective as a result of good level of human capital development. The study evaluated the impact of good governance on health outcome among selected African countries using panel data from 2000 to 2020. The Panel unit root tests indicated that real gross domestic product, health outcome, and indicators of good governance are stationary at level while health expenditure and foreign aid are stationary at first difference. The Generalized Method of Moment (GMM) results show that indicators of good governance have positive and statistically significant effects on health outcome in the selected African Countries. Real gross domestic product has a positive and a statistically significant effect on health outcome in the selected African Countries Life expectancy has a positive and statistically significant effect on health outcome in the selected African Countries. Health expenditure has a positive and statistically significant effect on health outcome in the selected countries. Foreign aid has a positive and statistically significant effect on health outcome in the selected African Countries. The study recommends that African Countries should ensure that indicators of good governance such as political stability, accountability and voice, and control of corruption are moving smoothly without any interruption, by so doing economic growth of African countries will increases. ","care providers and services, as it is assumed that the private sector will provide better service and outcomes than the public sector does. Maternal mortality: Due to high out-of-pocket costs, private health care institutions are unable to serve the poor [10]. Human capital development theory:
 Paul Romer's Human Capital hypothesis (1986) highlights the importance of education in developing the cognitive abilities of employees. Schultz (1961) used the term ""human capital"" to describe the value of education. Education, health, and nutrition are just few of the examples of expenditures that may be made in this area. Human capital development theory:
 Investing in the future at the sacrifice of today's consumption increases future productivity. For human capital to grow, there must be a rise in investment and utilization over time, as well as a decrease in depreciation. Human capital development theory:
 Human capital theory advocates regard education as a productive investment in human beings, an investment that they believe is as valuable as or even more valuable than the investment in physical capital. Human capital development theory:
 Human capital investment in the United States is three times more than in physical capital, according to current understanding in the country. Human capital theorists have demonstrated that people in low-skilled jobs benefit from having a minimum level of reading. Human capital development theory:
 They go on to say that workers in high-skilled professions are more productive when given teaching that necessitates logical or analytical thinking or gives technical and specialized knowledge. According to research, increased educational opportunities lead to higher levels of human capital, which in turn boosts national productivity and economic growth. Human capital development theory:
 People in the job market have varying degrees of education, training, experience, and expectations, all of which are taken into account when assigning tasks. In comparison to someone with less education and training, ""a more educated, bettertrained person can give a greater amount of meaningful productive work."" Human capital development theory:
 As a result of the widespread acceptance of human capital theory, a business relies heavily on the skills, knowledge, and abilities of its people as a major idea of value generation. Human capital development theory:
 Theodore W. Schultz (1961 in the American Economic Review) used the term ""investment in human capital"" in 1961 to describe the increase in human potential that is critical to production in the 18th century. Human capital development theory:
 As a result of Gary Backer's novel prize-winning ""human capital theory,"" the idea that different levels of education and training lead to different levels of wages and salaries was widely adopted. Human capital development theory:
 The greater one's level of education and training and, consequently, the greater one's chances of landing a better job (Blair, 2012). A tangible tool of production, human capital is defined by Gary Backer . Education, training, and health care are all forms of human capital investment made by businesses. Human capital development theory:
 later in 1999, Thomas Davenport (1998) argued that ""ability, knowledge and skill were the components of human capital,"" and that the knowledge encompassed IQ and intellect as well as particular and broad understanding of job. Human capital development theory:
 In the workplace, skill refers to a person's ability to perform a task, as well as his or her ability to perform it well. A person's talent is an intrinsic quality that may be honed through practice."
"Strategies to Recruit Skilled Workers in Manufacturing","https://scispace.com/paper/strategies-to-recruit-skilled-workers-in-manufacturing-3i6pkytkbv","2019","","","Ina Renee Rawlinson","","https://scispace.com/pdf/strategies-to-recruit-skilled-workers-in-manufacturing-3i6pkytkbv.pdf","Strategies to Recruit Skilled Workers in Manufacturing by Ina R. Rawlinson MPA, University of Oklahoma, 1991 BS, University of Maryland, 1988 Doctoral Study Submitted in Partial Fulfillment of the Requirements for the Degree of Doctor of Business Administration","contribute to organizational productivity . studied the resource-based theory and prior work on alignment between strategy and human resource practices to address the lack of management theory on human capital pipelines and their implications on competitive advantages for companies. An essential feature of human capital is profitability. Human Capital Theory:
 Academy sources for human capital include universities, companies that identify and develop highly qualified individuals (GE & McKinsey & Company), and professional associations . Pipeline sources include universities, companies, and affinity groups . Human Capital Theory:
 Human capital is essential to ensuring organizational performance. Human capital is a part of the product or service most businesses offer to the marketplace  and is a blend of genetic inheritance, attitude, education, and work-life experiences . Customer, structural, social, technological, and spiritual capital are segments of intellectual capital. Compared to capitals or equipment, human capital is the most valuable asset to business and the most neglected by firms . Human Capital Theory:
 One assumption of the human capital theory is that education helps develop skills of work or improves the ability of the worker to be productive . Education increases the productivity and earnings of individuals and, therefore, is an investment critical for individuals but also key to the economy of a country . Educators and policymakers who understand human capital theory can evaluate human capital studies from economic, sociology, psychology, political science, human development, and business perspectives by applying the principles of the importance of human capital .  stated that educators may address concerns based on economic trends and cycles, design educational programs to contribute to economic growth without damaging the purpose of education, and clearly examine the economic component of education. Parents expect students to receive usable diplomas and job specific skills to ensure productive participation in the economy . Human Capital Theory:
 Sweetland also posited that industrialists desired an educational system to prepare graduates to produce in a competitive workforce. Education and development training are critical investments in human capital. Human Capital Theory:
 The primary concept of human capital theory is that a key source of competitive advantage is the skills, knowledge, and experience possessed by individuals or populations, relative to their value or cost to a firm or country .  stated that human capital specific to a firm is also a source of sustained competitive advantage. Scholars have compared differences between earnings among people or families within geographic regions . The specific skills and abilities of a firm's workforce affect productivity and competition for human capital. Human Capital Theory:
 Competitors can replicate the skills and knowledge of human capital. However, when used to the maximum advantage, human capital is the most essential resource to generate sustainable competitive advantage. Human capital theorists have indicated that a planned approach to development of human capital has enabled organizational success . Researchers have studied the relationship between human capital and innovation. Human capital is skills, knowledge, and experience individuals bring to their workplace effectively used to increase revenues . Both individuals and society benefit from human capital as a key source of competitive advantage, measured by levels of education and investment in human capital. Individual capabilities and qualities contribute to emerging and developing new economies based on innovative ideas and solutions."
"Where should I study?: international students’ perceptions of higher education in the UK, Ireland, and the U.S.","https://scispace.com/paper/where-should-i-study-international-students-perceptions-of-56th8rc4bn","2014","Journal Article","Compare","Cheryl Rounsaville","10.1080/03057925.2012.752622","https://scispace.com/pdf/where-should-i-study-international-students-perceptions-of-56th8rc4bn.pdf","In the thesis I examine international student decision-making arguing that there is a gap in knowledge about the theoretical frameworks which have been applied to understanding this issue. A compre...","and a way of analyzing problems"" (p.19). In addition, he suggests one further example of investment in human capital relevant to the research on international student decision-making, ""...searching for information about prices and incomes"" (p.11). Human Capital Investments:
 Although their work on Human Capital Theory highlights how an individual's investment in their own human capital can, for example, increase their lifetime earnings,  contends, ""Not all investment in human capital is for future earnings alone. Some of it is for future well-being in forms that are not captured in the earnings stream of the individual in whom the investment is made"" (p.7). ) adds ""...nothing in the concept of human capital implies that monetary incentives need be more important than cultural and nonmonetary ones"" (p.21), but people also invest in and strive to develop their own human capital in order to reap future non-monetary benefits . Non-monetary benefits might include higher job satisfaction, and improved health and mental well-being . Human Capital Investments:
 Education level has been most often used as a proxy measure for human capital as years of participation and qualifications obtained enable a calculation of the rates of return to investment of different levels and kinds of education . Educational credentials and qualifications are also regularly used as indicators of human capital in the labour market . The evaluation of educational credentials as a proxy however, does not include human capital acquired through informal education or life experience, or human capital that is culturally bound or tacit . Human Capital Investments:
 The two investment activities, as identified by Schultz, which are of primary interest to the thesis are education and migration. Although the research will be looking primarily at individual benefits to investment in education and migration, this should not be taken to intimate that the societal benefits resulting from such investments are less significant. Human Capital Investments:
 However, it is important to say that human capital is now generally viewed as an individual property requiring individual investment with the benefits produced by such investment occurring mostly on an individual level ; 2006; . Human Capital Investments:
 Individual Investment in Education ) contends, ""Education and training are the most important investments in human capital"" (p.17). Participating in formal education is one way through which individuals invest in and develop their human capital, anticipating there will be significant costs and, hopefully, significant benefits accompanying this investment . Costs and benefits:
 Estimating the total costs to individuals of investing in formal education is challenging. Costs and benefits:
 One reason for this is the difficulty of separating out which costs can be attributed to public and which to private investment. In regard to higher education, although there is still some public financing in most countries, investment in higher education is now considered a private investment. Individuals are responsible for most of the associated costs, and returns to this investment tend to be greater to the individual than to society in general . Costs and benefits:
 The costs to individuals of investing in higher education can be both indirect and direct. Costs and benefits:
 Indirect costs refer to the time and effort spent on higher education as well as opportunity costs such as income forgone or the loss of promotion potential while attending university . Direct costs include tuition fees, expenditure on books or equipment, and living expenses . When estimating the RoR to investment in higher education, it is also important to take into account its distributed nature (i.e., investment and benefits generally occurs over a long period of time) ."
"Measurement Model on Human Capital Cost of Enterprise","https://scispace.com/paper/measurement-model-on-human-capital-cost-of-enterprise-18o3pk57x8","2012","Journal Article","International Business Management","guangfeng Ye
xia Zhou","10.3968/J.IBM.1923842820120502.Z0961","https://scispace.com/pdf/measurement-model-on-human-capital-cost-of-enterprise-18o3pk57x8.pdf","This study of human capital of enterprises and human capital cost receives more and more attention from both the academic and business circles. But still there lacks mature methods to measure human capital cost. Based on relevant research results on human capital, the paper provided on how to calculate the human capital investment, how to control the amount of investment and how to optimize the investment structure. key words: Human capital cost; Measurement model","Title: Measurement Model on Human Capital Cost of Enterprise Authors: Y E Guangfeng,; Zhou Xia INTRODUCTION:
 Since the American economist Schultz brought forward the concept of human capital in 1960s, the important function of human capital on economic development has been paid increasing attention by the theory circle, governments of different countries and various organizations. Since the beginning of 21 century, human capital has demonstrated its unique glamour in the acquisition of core competencies for enterprises, and accordingly the study on the return of human capital has been intensified gradually in the theory circle. This paper attempts to probe into the measurement of the human capita cost on the perspective of the enterprise and offer references for decision-making on human capital investment. REVIEW AND DEFINITION OF THE HUMAN CAPITAL COST:
 Capital is the value that can bring extra benefit by investment. Human capital comes into being through the human resource investment. Human capital of an enterprise refers to the value brought by investment that is attached to the employees' physical strength, knowledge, skills, experience, concept, potential ability and that brings value of income to the enterprise. This value does not refer to the value of the employees, but rather the part of value that is resulted from the enterprise investment and that conforms to the requirement of the enterprise. REVIEW AND DEFINITION OF THE HUMAN CAPITAL COST:
 The American scholar Gary • S • Becker suggests that human capital investment is the activity of increasing the human resources to influence the future currency and mental income. It includes various forms such as regular school education, on-the-job training, medical treatment and health protection, transferring and collecting information of price and income, etc. Becker also maintains that the investment cost of human capital should be weighed by the opportunity cost, namely ""the given-up income when investment is chosen instead of other work that did not involve investment.""  The topic of how to and whether to value human assets has been debated by accountants and human resource theorists. REVIEW AND DEFINITION OF THE HUMAN CAPITAL COST:
 The human capital investment of the enterprise is the investment in order to get the human capital income. It takes the enterprise as the subject of investment and the employees as the object in order to promote the qualities and abilities of the employees. The aim of investment is to obtain human capital income and core competencies power of the enterprise.  Each investment has its cost. Human capital investment cost is the costs and expenditures invested into the employees and the relevant resources in order to create value and gain profits. The time value of capital is not considered in a short term while the capital should be discounted according to time in a long term. . R O U T E A N D M E T H O D F O R MEASURING THE HUMAN CAPITAL COST:
 This paper suggest the method to measure the human capital investment cost by individual and the total human capital investment cost can be obtained by addition of that of each individuals. This method benefits not only direct measurement of both individual cost and total cost of the human capital, but also the analysis of the value of income of the human capital of the enterprise."
"Factors associated with federal student loan default among borrowers in a statewide system of community and technical colleges.","https://scispace.com/paper/factors-associated-with-federal-student-loan-default-among-1b7lwd0505","2017","Dissertation","","Brittany Inge","10.18297/ETD/2864","https://scispace.com/pdf/factors-associated-with-federal-student-loan-default-among-1b7lwd0505.pdf",".. ... ... ... ... ... ... ... ... ... ... ... ... ... ... ... ... ... ... ... ... ... ... ... vi LIST OF TABLES ... ... ... ... ... ... ... ... ... ... ... ... ... ... ... ... ... ... ... ... ... ... xi CHAPTER I: INTRODUCTION ... ... ... ... ... ... ... ... ... ... ... ... ... ... ... ... ... ...1 Background... ... ... ... ... ... ... ... ... ... ... ... ... ... ... ... ... ... ... ... ... ... 4 Problem Statement ... ... ... ... ... ... ... ... ... ... ... ... ... ... ... ... ... ... ... ...6 Purpose of Study... ... ... ... ... ... ... ... ... ... ... ... ... ... ... ... ... ... ... ... 7 Research Questions ... ... ... ... ... ... ... ... ... ... ... ... ... ... ... ... ... ... ... 7 Definition of Terms ... ... ... ... ... ... ... ... ... ... ... ... ... ... ... ... ... ... ... 9 Nature of the Study... ... ... ... ... ... ... ... ... ... ... ... ... ... ... ... ... ... ... 11 Scope and Delimitations ... ... ... ... ... ... ... ... ... ... ... ... ... ... ... ... ... ...11 Significance ... ... ... ... ... ... ... ... ... ... ... ... ... ... ... ... ... ... ... ... ... ...12 Organization of Study ... ... ... ... ... ... ... ... ... ... ... ... ... ... ... ... ... ... ...13 CHAPTER II: REVIEW OF LITERATURE ... ... ... ... ... ... ... ... ... ... ... ... ... ...14 Theoretical Framework ... ... ... ... ... ... ... ... ... ... ... ... ... ... ... ... ... ...14 Human Capital Theory ... ... ... ... ... ... ... ... ... ... ... ... ... ... ... ... ... ... 15 Cohort Default Rates: A Contextual Summary... ... ... ... ... ... ... ... ... ... ... 20","divided into two sections: research pertaining to individual-level factors and to institution-level factors. REVIEW OF LITERATURE: The final portion of this chapter discusses gaps in the extant research as well as implications of these gaps in the context of community colleges. Theoretical Framework:
 This is a quantitative study of student loan default, thus numerical data is used to empirically quantify, measure, and present a depiction of ""objective reality"" as a vehicle to contribute to the corpus of extant knowledge . The subject of this study is federal student loan default among borrowers who attended a community college. To thoroughly explore patterns in debt repayment, one must consider the context in which the debt is situated, particularly when studying educational lending. Federal student loans provide the financial means for an individual to invest in human, as opposed to physical, capital, and are therefore inherently different from consumer loans that finance capital tied to tangible items or goods . Therefore, scholarship that explores debt repayment (and nonpayment) with regard to federal student loans must contextualize the analysis within the federal financial aid system and the underlying principles upon which the system is structured. Human Capital Theory is a central tenant of the American system of federal financial aid and helps to clarify the purpose of providing federally-backed loans to borrowers to cover higher education expenses. As such, Human Capital Theory is employed to contextualize the empirical observations in this study. A brief overview of Human Capital Theory, its connection to the federal student loan program, and its relevance to the present study, follows. Human Capital Theory:
 Human capital refers to ""any stock of knowledge or characteristics [a] worker has (either innate or acquired) that contributes to his or her productivity"" ) and encompasses ""knowledge, understandings, talents, and skills"" . Human capital investment includes formal and informal educational experiences, training, and medical care expenses . The acquisition of human capital is innate by design, in that ""people cannot be separated from their knowledge, skills, health, or values in the way they can be separated from their financial and physical assets"" . Human Capital Theory is applied by ""think[ing] of the set of marketable skills of workers as a form in which workers make a variety of investments"" . Human Capital Theory:
 Human Capital Theory maintains that the decisions that individuals make with regard to investment in human capital are akin to investments in physical capital, in that individuals weigh perceived costs and benefits prior to investment . As applied to the context of investment in higher education, the theory maintains that individuals weigh the costs of college against the benefits of college (although this process may be implicit), including direct costs associated with attendance tuition, fees, and booksand the indirect costs associatedsuch as time spent in school, money spent on child care, and lost or decreased wages as a result of time spent in school instead of working for compensation . The extent to which an individual believes that the benefits of education and training will eventually outweigh costs is significant component of the decision to pursue higher education and utilize student loans, particularly for low-income individuals ."
"The contribution of Higher Education to economic development in a globalized environment","https://scispace.com/paper/the-contribution-of-higher-education-to-economic-development-4fhultyiib","2009","Dissertation","","Domingo G. Echevarria","10.25148/ETD.FI15101263","https://scispace.com/pdf/the-contribution-of-higher-education-to-economic-development-4fhultyiib.pdf","","output by the number of members in the workforce. The results obtained were the value of the average amount of output produced by one member of the workforce. The higher the value of output produced by one unit of labor, the higher the productivity will be. Human Capital:
 The human capital theory is a set of principles devised to explain the market value possessed by an individual or in aggregate terms by the workforce, which is derived from the acquisition of skills with specific industrial application. These skills can be acquired through, among other ways, generational transfer of information, on-the-job training, seminars, workshops, and formal education. This study does not focus on the human capital of an individual, but on the aggregate human capital of the workforce. For the purpose of this study, the only source of skill acquisition that is considered is formal education, specifically, higher education. For that reason, the measure of the variables of primary, secondary, and higher education used in the model of this study is the equivalent measure of the human capital embedded in the workforce. Human Capital:
 Education can be measured in several ways, such as levels of completion and enrollment and amount of education expenditures. In this study, education is measured by the number of students completing each of the three corresponding levels of formal education (primary, secondary, and tertiary). The main reason to choose completion is that the measure for graduates is consistent with the measure for members of the workforce. Nevertheless, there is a timing issue since the effect of education is not immediate. To address this problem, education was lagged to measure the number of graduates when they might impact the workforce capability. Human Capital:
 The term human capital is clarified in this section because of its extensive use in studies included in the literature review, and because it is analyzed in this study as a general concept, of which education is a component. This study, however, does not focus on human capital per se. Education, and more specifically higher education, is the focus of analysis. Human Development:
 Human development is both the goal of economic development and a means to achieve it, and it is derived from the integral development of individuals. Human Development:
 Human development is about much more than the rise or fall of national incomes. Globalization:
 The concept of globalization is too broad to be framed by a narrow definition, since it not only refers to an economic phenomenon, but also to social, political, and cultural interactions among most of the nations of the world. Therefore, globalization does not have a single cause or start at a particular time. From this viewpoint, any action creating interdependence among different countries at any time in history, such as international trade, migration, transportation, telecommunication, and cultural exchange, Third . The components of FDI are equity capital (assets minus liabilities), reinvested earnings, and other capital (mainly intra-company loans). This measure of its static aspect is known as FDI stock. As FDI, however, is an interaction between countries, the movement of capital from one country to another is also quantified. This measure of its dynamic aspect is known as FDI flows."
"The Nexus of Financial Concerns and Educational Predisposition: An Exploration of the Role of Financial Concerns Early in the College Choice Process.","https://scispace.com/paper/the-nexus-of-financial-concerns-and-educational-10535aiqvd","2011","Dissertation","","Allison C. Bell","","https://scispace.com/pdf/the-nexus-of-financial-concerns-and-educational-10535aiqvd.pdf","","when they choose to further their education. The theory states that when students choose to increase their education they are acting as rational decision makers who are hoping for a return on their educational investment in the form of higher wages and other nonpecuniary returns. Economic Frameworks:
 Contemporary human capital theory has its roots in early explanations of why there are differences in workers' wages. Adam , the father of modern economics, identified four kinds of capital, one of which is human capital. Smith identified human capital as the talents and abilities of individuals that could be acquired through various forms of education and/or training. Furthermore, these talents and abilities benefit both the individual and society by allowing the individual to become a more effective laborer and, although the acquisition of human capital would initially incur some costs for the individual, eventually that individual would profit. Society benefits from having a more highly educated work force, which brings higher returns for society, and a population that produces fewer social costs. Economic Frameworks:
 Human capital theorists have built upon and expanded Smith's explanation of human capital. Gary , the economist credited with modern human capital theory, explains human capital this way: Economic Frameworks:
 Schooling, a computer training course, expenditures on medical care, and lectures on the virtues of punctuality and honesty are capital too in the sense that they improve health, raise earnings, or add to a person's appreciation of literature over much of his or her lifetime. Consequently, it is fully in keeping with the capital concept as traditionally defined to say that expenditures on education, training, medical care, etc., are investments in capital. However, these produce human, not physical or financial, capital because you cannot separate a person from his or her knowledge, skills, health, or values the way it is possible to move financial and physical assets while the owner stays put.  Human capital can be increased in various ways. Perhaps the most important is for an individual to gain more education or increase his training in a specific area . According to human capital theory, an investment in education increases an individual's skill level, which will likely lead to the worker being more productive. In a competitive market, a more productive worker will earn higher wages than a less productive worker (i.e., one who has not invested in his human capital through education or training), thus a more highly educated worker realizes pecuniary and non-pecuniary returns on his original investment . Economic Frameworks:
 The underlying assumption of human capital theory is that students act as rational decision makers and, in the college choice process, students and their families consider and compare the costs and benefits of attending college ."
"Schooling Reform in Hard Times. Deakin Studies in Education Series, 9.","https://scispace.com/paper/schooling-reform-in-hard-times-deakin-studies-in-education-4p61qzo63r","1993","","","Bob Lingard","","https://scispace.com/pdf/schooling-reform-in-hard-times-deakin-studies-in-education-4p61qzo63r.pdf","","a framework of technical and instrumental rationality. Economic rationalism and corporate managerialism in the public sector in general, and in education in particular, are pervasive and powerful but they are not neutral. They are recognisable as a 36 49, Introduction:
 the Economy and Citizenship configuration of power and like all power structures, they advantage some groups and disadvantage others. They also represent the extension of the logic of the market place up the steps and into the parliament, that is, into the realm of government whose sole raison d'etre is to service the needs of its citizens. As citizens, we are entitled, some would say obligated, to question the assumptions, valuer, logic and usefulness of such pervasive perspectives in the public sphere. As educators, we must recognize the way these perspectives are dominating the discussions about educational restructuring, about the quality of teaching and learning, and about the future of the teaching profession. This chapter will attempt to critique the economic framing of the current education debate and reflect on the implications for the teaching profession. Human Capital Theory and Education:
 There must be more than one Australian politician who occasionally regrets one of the more significant decisions of the nineteenth century: the decision by the state to take over the responsibility for education. That century had seen a long and frequently bitter struggle between different religious groups, and between those groups and others who believed that education should be a state function. Human Capital Theory and Education:
 It was the latter group who won the day. Their argument was that, what was called `free, compulsory and secular' schooling, should be the right of all citizens and the responsibility of governments. There were many arguments as to why such a right and responsibility should exist, but essentially it was believed that such education would contribute to the development of a people who believed in and abided by peace, order and good government. It was primarily this basic notion of citizenship, limited though it may have been, which motivated those who eventually succeeded in making education a government rather than private function, and hence laid the basis for understanding the public funding of education as a public good. Human Capital Theory and Education:
 The idea that education has a direct relationship to the economy and, in particular, that it can be manipulated so as to significantly effect the economy, is quite recent. The concepts that students can be viewed as human capital, that teachers and lecturers are trainers, that schooling and higher education should be seen primarily as an investment for a competitive future reflect a view of the role of education and by implication of citizenship whicL must be seen historically as very narrow. More commonly education has been viewed as having very broad functions and as playing multiple roles in both personal and public domains. Human Capital Theory and Education:
 The early sixties saw the first wave of human capital theory when it was frequently argued then that the provision of and access to education at all levels was directly related to national economic growth. The measurement of this was usually done on an individual level, in that it was argued that increases in education levels of individuals were related to higher incomes and to a higher gross income over life. However, it was also argued that a significant effect of this was that countries with more highly educated populations were more economically productive . Thus, education could be conceptualized not just as consumption but also as investment, and the public was urged to consider 'investing' in education."
"Limitations of human capital theory","https://scispace.com/paper/limitations-of-human-capital-theory-31qq2wonve","2019","Journal Article","Studies in Higher Education","Simon Marginson","10.1080/03075079.2017.1359823","https://scispace.com/pdf/limitations-of-human-capital-theory-31qq2wonve.pdf","Human capital theory assumes that education determines the marginal productivity of labour and this determines earnings. Since the 1960s, it has dominated the economics, and policy and public under...","by human capital theory, the authors suggest 'students from wealthier families … might have access to financial, social and cultural capital'; though they also pose a possible alternative, that students from wealthier families may have greater ability (p. 56). The theory and its policy contexts:
 A feature of human capital economics is that despite the complexities and qualifications introduced by theorists, and notwithstanding marked changes and variations in real-world contexts, the core 1960s propositions of the theory remain intact, at least as a partial truth. Crucially, they still function as a form of default explanation. The other factors, which are often seen by economists as social rather than economic, seem to be pasted on; framed as potential modifiers rather than the basis of an alternative explanation of higher education, work, incomes, income distribution and social outcomes. The human capital economist asks 'why doesn't human capital theory work as it should, and what are the additional elements and modifications needed to make it work as it should?' rather than 'what is a new and better explanation of the relationship between education and work?' Moreover, the economists' qualifications often drop away when human capital calculations are used instrumentally in policy; and the complexification of the theory scarcely impacts the larger public discussion about education and work, in which it is the original and default explanation-rather than the qualifications, complexities and contextual issues-that continues to have shaping effects. This is because human capital theory has become influential in policy and public thinking not simply as an applied research programme and a set of econometric techniques deployed one way or another, but in the form of a widely-understood metaphor for relations between work and education, that is grounded in the foundational narrative of a linear continuum between education, work, productivity and earnings. It could be argued that this metaphor has become so widespread as to comprise part of the modern 'social imaginary' . The popularisation of human-capital-as-metaphor helps explain the 'pervasive belief in the power of degrees to both allocate individuals in the labour market and to serve as job requirements throughout the occupational structure' . That intellectual formation constitutes a mode of economic capital ; that in the first instance higher education can be primarily understood as preparation for work and career; and that education itself, not family income or cultural attributes or social networks, is the starting point for an explanation of career outcomes and earnings: all these notions have (arguably, unduly) elevated education as a social and economic arbiter. For example, in the United Kingdom and Australia, higher education institutions (HEIs) and their disciplines are held to account by government and public on the basis of graduate earnings and/or employment rates in the early years of work, regardless of other elements that affect employment and earnings. Correspondingly, the idea of education as self-investment in one's own capital positions graduates (or their portable human capital) as responsible for individual success/failure and weakens the obligation of government to steer a more equal income distribution."
"Educational decentralization and student achievement : a comparative study utilizing data from PISA to investigate a potential relationship between school autonomy and student performance in Australia, Canada, Finland, Norway and Sweden","https://scispace.com/paper/educational-decentralization-and-student-achievement-a-8qg24ip1fb","2009","Dissertation","","Berit S. Haug","","https://scispace.com/pdf/educational-decentralization-and-student-achievement-a-8qg24ip1fb.pdf","The purpose of this thesis is to explore whether decentralization of education systems affects student performance. Many countries around the world have adopted similar educational policies since the 1980s, including the introduction of decentralization with a shift in decisionmaking power from central authority to local authority and in some cases to the schools themselves. There is a common view among many policymakers that one way of obtaining high quality education is through decentralization policies, a view encouraged by OECD (Organisation for Economic Co-operation and Development). Five countries, Australia, Canada, Finland, Sweden and Norway, are studied and compared by looking at the influence of decentralization in their educational reforms, at which level the decision-making power is situated, and how this correlates with the achievement of their students. The approach preferred is a quantitative comparative method, and already existing data from the PISA 2006 survey is utilized. 1806 schools participate from the five countries, each school representing one case. In the PISA survey, principals at sampled schools answer a questionnaire concerning their school’s decision-making power regarding hiring/firing teachers, budget allocation and curriculum matters. A limitation to the study is that this information is provided by only one person, the school’s principal. Nevertheless, the responses are employed in the study indicating the school’s autonomy level, while the students’ science score in PISA represents student achievement. Family background is a factor proven to influence student performance, and this is controlled for by utilize data on both socio-economic status and immigrant background provided by PISA. The findings implicate that the level of school autonomy has very little influence on student performance. In the countries expressing a significant correlation between school autonomy and student performance, mainly Australia and Canada, the effect disappears when controlling for socio-economic status. This result is not consistent with the suggestion of decentralizing education system as a way to increase student performance.","invest in human capital was seen by policymakers and politicians to result in rapid economic growth for society and economic success and achievement for individuals. Human capital theory provided a basic justification for large public spending in planning and expansion of education both in developed and developing countries ). Human Capital Theory:
 During the 1960s, governments also viewed education as a major instrument for improving and equalizing social opportunities; to promote social mobility. In the 1970s, the theory of human capital was challenged by alternative theories claiming that education had private benefits, but no social ones. Education had not benefited poorer classes, there were income inequalities and weak social mobility. Graduates were entering the labour market quicker than the market could absorb them, leading to lower wages and unemployment and thus lower rate of return. Rate of return is a key feature of the human capital model, because education is viewed as an investment with an anticipated yield, or rate of return . The 1980s started with more scepticism towards the human capital theory, due to the criticism and an increased financial restriction on public expenditures. The role between education and economy was regarded as more complex than the human capital model suggested, and there were important motivations other than economical ones in the demand for education. Human capital theorists developed reformulations on the model, moving towards a more complex picture of the economic role of education, but without challenging the central element. The central element remained; ""education as a profitable investment both in private and in social terms and individual decisions about how much education to pursue are made on a cost-benefit analysis"" . The human capital model regained confidence in the 1990s when the theory acknowledged a more complex reality besides education and income, but still without affecting the theory's central core .  sees the survival of the human capital theory for all these years as verification for human capital, the acquired abilities of people, as the reason and explanation for most of modern economic progress. When building human capital, the result is increased social return both for the individual and the nation, but as  says, investment in human resources is the foregone expenses, and it takes a long time for that investment to pay off. , the Secretary General of OECD, declares that the development of any society lies in the improvement of its population, which holds the nation's human capital. Human Capital Theory:
 Human capital is considered as the knowledge, skills, competencies and other attributes embodied in individuals that are relevant to personal, social and economic well-being. He states that quality education is one of the most valuable resources possessed by a society and an individual in today's competitive globalized economy. Human capital is needed for a nation to compete on the global market, and human capital is achieved within an effective and innovative education system. Faulty educational systems on the other hand, will result in declining standards, exclusion and unemployment . OECD data shows that labour force participations rates rice considerably with educational attainment in most OECD countries. International comparisons demonstrate the essential role education plays in promoting labour productivity and consequently economic growth, which underlines why a solid foundation of knowledge and skills at school is fundamental for the future success of individuals and societies ."
"The price of knowledge","https://scispace.com/paper/the-price-of-knowledge-2twte0pxeu","2018","Journal Article","Tempo Social","Nico Stehr
Marian Adolf","10.11606/0103-2070.TS.2018.137735","https://scispace.com/pdf/the-price-of-knowledge-2twte0pxeu.pdf","This article addresses the apparently rather old question as the citation from the 1851 issue of the Scientific American indicates – of how to assess and measure the value or price of knowledge. We will probe the issue from a variety of social scientific and practical perspectives. Against the background of a sociological concept of knowledge economic, political, social and juridical perspectives are discussed that may lead us to a price of knowledge.","'skill' that employers want should be interpreted with caution as well given that the extensive literature in job analysis shows that the knowledge, skills, and abilities that are used in jobs have at best only a partial overlap with what is taught in typical college courses"". Human capital:
 These estimates indirectly indicate the price of knowledge in the form of skills that make the employee more productive. Louis ) make the point that it is not merely an estimate of the value of educational achievement that allows for a calculation of the value of human capital: ""Perhaps the best measure of the marketable knowledge and skills of an agent is his or her wage"". In the end, the close correlation between wages and education ensures that every analysis of human capital value arrives at the same conclusion independent of its point of departure. Educational attainment as such is of course not irrelevant to occupational success; and, as internationally comparative studies have indicated, both the quality and quantity of education contribute to country differences in income and economic growth (e.g. . Human capital:
 An initial reduction in consumption or abandonment of other investment opportunities by economically rationally acting and motivated actors should pay off at a later time in the form of higher levels of income. Indeed, it is one of the governing assumptions in economic discourse on human capital that differential earnings are in fact related to the individual (atomistic) capital at hand in an unambiguous fashion and based on motives that are constant across time and space (for a competing, sociological perspective see . Human capital:
 It is on the basis of these assumptions that estimates of the price of skills  and the rate of returns on investments into human capital are calculated (e.g. . What proportions of the returns to skills will be appropriated by the individual who has invested in these skills is indeed a contentious matter. The corporation expects benefits (e.g.  and may even appropriate most of the returns to the skills of the individual worker. Human capital:
 As long as labor market competition is free especially from extraneous constraints, and competition therefore approaches perfect competition, human capital theory assumes that income differentials among individuals directly reflect differential investments in the acquisition of the relevant skills. Human capital theory, then, amounts to a theoretical perspective that explains equality rather than inequality. ""Unearned income"" can only be generated by competitive distortions (see . From a macro-perspective an increasing supply of human capital to the economy will reduce -assuming a demand for human capital that is lower than the supply -the skill premium or the value commanded by human capital (Acemoglu e ."