"Paper Title","Paper Link","Publication Year","Publication Type","Publication Title","Author Names","DOI","PDF Link","Abstract","Relevant Excerpt"
"A Randomized Controlled Trial of an Employment Program for Veterans Transitioning from the Military: Two-Year Outcomes","https://scispace.com/paper/a-randomized-controlled-trial-of-an-employment-program-for-13gbvlfr","2022","Journal Article","","Gary R. Bond
Monirah Al-Abdulmunem
Daniel R. Ressler
Daniel Gade
Robert E. Drake","10.1007/s10488-022-01208-z","https://scispace.com/pdf/a-randomized-controlled-trial-of-an-employment-program-for-13gbvlfr.pdf","Abstract Background Military personnel face numerous challenges transitioning from military jobs to meaningful civilian employment. Many veterans seek help finding employment, but few veteran employment programs have been rigorously studied. Transitioning veterans generally have access to Local Community Resources (LCR), which include the Veterans Health Administration vocational rehabilitation services, the state-federal Vocational Rehabilitation program, and the Department of Labor’s American Job Centers. By contrast, the innovative National Career Coach Program (NCCP) offers intensive career coaching and financial incentives for working. Methods This study used a randomized controlled design to compare the NCCP and LCR approaches for 208 transitioning service members (recent or pending transition). Researchers conducted interviews by telephone every four months for two years. Outcomes included earnings, months worked, and standardized self-report measures of health and well-being. Findings At two-year follow-up, significantly more NCCP participants had worked in paid employment than LCR participants (95% vs. 83%). NCCP participants averaged $2568 in monthly earnings compared to $1865 for LCR participants, thus averaging $16,872 more total income per participant over the two-year period. Employment outcomes significantly improved between Year 1 and Year 2. NCCP participants also reported significantly greater improvements in both physical and mental health compared to LCR participants. Average monthly earnings correlated with changes in health outcomes. Conclusions Veterans receiving multi-faceted employment services early in the transition from the military showed sustained benefit over a two-year period with increased earnings over time and improved mental and physical outcomes. Positive employment outcomes may have contributed to improved health outcomes. ","Title: A Randomized Controlled Trial of an Employment Program for Veterans Transitioning from the Military: Two-Year Outcomes Authors: Gary R Bond,Monirah Al-Abdulmunem,Daniel R Ressler,Daniel M Gade,Robert E Drake Keywords: Military veterans, Employment, Career mentoring, Veteran transition services"
"The influence of employment program components upon job attainment during a time of identity and career transition","https://scispace.com/paper/the-influence-of-employment-program-components-upon-job-19zmfg41","2022","Journal Article","International journal for educational and vocational guidance","Daniel F. Perkins
Katie Davenport
Nicole R. Morgan
Keith R. Aronson
Julia A. Bleser
Kimberly J. McCarthy
Dawne Vogt
Erin P. Finley
Laurel A. Copeland
Cynthia L. Gilman","10.1007/s10775-022-09527-1","https://scispace.com/pdf/the-influence-of-employment-program-components-upon-job-19zmfg41.pdf","This study assessed the effectiveness of employment programs components, which resulted in the identification of content and process components that increase employability. Employment program use was studied among 1172 United States of America military veterans to determine which content (i.e., interviewing skills) and process (i.e., working with a mentor/coach) components influence job attainment during a time of career and identity transition. Components were distilled utilizing a common components analysis approach (Morgan et al., 2018). Associations with finding employment up to 15 months after the military-to-civilian transition were explored. Veterans who engaged with employment programs were primarily accessing the following components: career planning, resume writing, and interviewing skills. However, only a few content components were significantly related to obtaining employment: interviewing (with mentor/coach), resume writing (online tools), translating military to civilian work (with mentor/coach), entrepreneurship (with mentor/coach), and virtual career fairs. Furthermore, not all processes or modes of instruction for content components were associated with success in the job market. Having a mentor/coach was one of the most effective delivery strategies. For example, veterans using programs delivered by a mentor/coach that translated military skills to civilian work were more likely to find a job at 6-9-months (84%) and 12-15-months (91%) post military separation. In addition, risks that predicted lower use of employment program components by veterans were identified such as junior enlisted rank, combat exposure, combat arms occupation, and physical health problems. With these findings, program developers, implementers, and funders can channel efforts towards the utilization of employment programs with effective components.L'influence des composantes du programme d'emploi sur l'obtention d'un travail au cours d’ une période de transition identitaire et professionnelle L'utilisation des programmes d'emploi a été étudiée parmi 1172 vétérans de l'armée américaine afin de déterminer quelles composantes du contenu et du processus influencent l'obtention d'un emploi. Une approche d'analyse des composantes communes (common component analysis, CCA) a été utilisée. Les associations avec l’obtention d’un emploi jusqu'à 15 mois après la transition de l'armée à la société civile ont identifié des composantes significativement liées à l'obtention d'un emploi: l'entretien (avec un mentor/coach), la rédaction d'un CV (outils en ligne), la transposition du travail militaire au travail civil (avec un mentor/coach), l'esprit entrepreneurial (avec un mentor/coach) et les salons de l'emploi virtuels. Le recours à un mentor/coach était l'une des stratégies de prestation les plus efficaces. Les risques prédisant une utilisation moindre des composantes du programme ont été identifiés: grade d'enrôlé junior, exposition au combat, occupation dans les armes de combat et problèmes de santé physique.Der Einfluss von Komponenten eines Beschäftigungsprogramms auf das Erhalten eines Arbeitsplatzes in einer Zeit des Identitäts- und Karriereübergangs Die Nutzung von Beschäftigungsprogrammen wurde unter 1172 US-Militärveteranen untersucht, um festzustellen, welche Inhalts- und Prozesskomponenten den Erhalt eines Arbeitsplatzes beeinflussen. Es wurde ein Ansatz der gemeinsamen Komponentenanalyse verwendet. Die Assoziationen mit der Arbeitssuche bis zu 15 Monate nach dem Übergang vom Militär zum Zivilleben identifizierten folgende Komponenten, die signifikant mit der Arbeitssuche zusammenhängen: Vorstellungsgespräche (mit Mentor/Coach), Verfassen von Lebensläufen (Online-Tools), Übertragung militärischer Arbeit auf zivile Arbeit (mit Mentor/Coach), Unternehmertum (mit Mentor/Coach) und virtuelle Karrieremessen. Die Betreuung durch einen Mentor/Coach war eine der effektivsten Strategien. Folgende Risiken wurden identifiziert, die eine geringere Inanspruchnahme der Programmkomponenten vorhersagen: tiefer Dienstgrad, Kampfexposition, bewaffneter Dienst und körperliche Gesundheitsprobleme.La influencia de los componentes del programa de empleo en la consecución del trabajo durante una época de transición de identidad y carrera Se estudió el uso del programa de empleo entre 1,172 veteranos militares de los Estados Unidos para determinar qué contenido y componentes del proceso influyen en la consecución del empleo. Se utilizó un enfoque de análisis de componentes comunes. Las asociaciones con la búsqueda de empleo hasta 15 meses después de la transición de militar a civil identificaron componentes relacionados significativamente con la obtención de empleo: entrevistas (con mentor / entrenador), redacción de currículos (herramientas en línea), traducción de trabajo militar a civil (con mentor / entrenador), emprendimiento (con mentor / coach) y ferias de carreras virtuales. Tener un mentor / entrenador fue una de las estrategias de ejecución más efectivas. Se identificaron los riesgos que predecían un menor uso de los componentes del programa: rango de alistados juveniles, exposición al combate, ocupación de armas de combate y problemas de salud física. ","offer to the workforce . Moreover, veterans may not understand the skills or abilities post-military jobs require . Furthermore, transitioned veterans' civilian networks of influence are limited; this may mean less assistance and decreased likelihood of obtaining a good-fitting job. Employment challenges commonly encountered by post-911 U.S. veterans:
 The inaccurate perception that many civilian employers have about veterans adds to employment challenges. Civilians often derive their understanding of veterans in a vacuum that exists between firsthand exposure to veterans and prevailing stereotypes. The media is a source for civilians' beliefs about veterans . Often, these accounts offer a slanted view of veterans, portraying veterans as heroes or as damaged victims . For instance, the media perpetuates the belief that most veterans experience post-traumatic stress disorder (PTSD; , even though the actual proportion is closer to only 12%. This belief may directly impact veterans' employment prospects. In a study of employers' perspectives, employers raised concerns about hiring veterans, citing stereotypes of widespread mental health challenges as the result of combat. Many employers also have difficulty understanding how military job skills translate into the civilian workplace . Employment challenges commonly encountered by post-911 U.S. veterans:
 Of course, some veterans have physical and/or mental health challenges that make obtaining employment difficult. Generalized anxiety, PTSD, and depression are diagnosed among post-9/11 veterans, and the employment rates in the U.S. for these sub-populations vary widely. Rates of PTSD among post-9/11 veterans typically average between 5 and 15%, and rates for depression range from 2 to 10%  compared to 2.6% to 5.2% in the general U.S. population . Traumatic brain injury has been diagnosed in approximately 8% of post-9/11 U.S. veterans . Common physical injuries reported by veterans include chronic pain, back problems, and limb amputations , which place them at higher risk for unemployment . Programs to enhance veteran employment:
 Given the many employment challenges U.S. veterans face when they transition from active military service to veteran status, there have been numerous federal, state, and community-based programs established to assist veterans during reintegration, and some have benefited veterans and their families (Office of the Chairman of the Joint Chiefs of Staff, 2014). Indeed, there are tens of thousands of public and private programs designed to support veterans, and many focus on assisting veterans with securing employment (e.g., Hiring Our Heroes, Veteran Jobs Mission, 100,000 Jobs Mission; . Approximately 50% of veterans report using at least one program designed to enhance their employment status within three months of separation , and employment-related programs are used substantially more than other life domain programs (i.e., health, finance; . Programs to enhance veteran employment:
 Some evidence exists that participating in employment-related programs can improve veterans' vocational outcomes, even if many of these programs lack rigorous evidence of effectiveness . One investigation found unemployed U.S. veterans using the Transition Assistance Program (TAP), a federal program designed to bolster veterans' capacity to obtain civilian work, secured employment 3 weeks sooner than those veterans who did not use TAP . In addition, there is anecdotal evidence that employers look to hire veterans through career fairs and the Veterans Employment Center's website . However, limitations of prior studies, including selection bias and small sample sizes, restrict their ability to speak to program effectiveness."
"Gulf-War-Era-II Veterans' Cognitive Information Processing and the Civilian Employment Transition.","https://scispace.com/paper/gulf-war-era-ii-veterans-cognitive-information-processing-265ywl8uxz","2018","","","Denita Hartfield Oyeka","","https://scispace.com/pdf/gulf-war-era-ii-veterans-cognitive-information-processing-265ywl8uxz.pdf","Gulf-War-Era-II Veterans’ Cognitive Information Processing and the Civilian Employment Transition by Denita Hartfield-Oyeka MS, American Military University, 2006 BA, Southern Illinois University, 2002 Dissertation Submitted in Partial Fulfillment of the Requirements for the Degree of Doctor of Philosophy Public Management & Leadership Walden University February 2018","pursuing education to prepare for civilian employment (Bureau of Labor Statistics, 2014). There was only one participant, V5, who responded with ""although education was important, he decided not to pursue traditional schooling and focus on obtaining transportation certifications."" Personal Experiences: Self-Knowledge and Occupational Knowledge:
 The use of the Post 9/11 GI Bill repeatedly identified as a transition tool. These benefits cover their tuition, books, supplies, and housing (U.S. Department of Veterans Affairs, 2014). V1 and V3 stated that they were glad that they started pursuing their education while in the military because it provided them competitive advantages for employment opportunities. Several veterans described that having an education gave them more confidence to work in their field. V1 referred to his education as another element of common ground with his civilian peers. V11 described, I am not afraid to make difficult decisions promptly. I am also not afraid to be wrong; well, that is not accurate. I am afraid that a decision I make is the wrong one, but I am not afraid to admit I erred and to find a new way to handle a situation. Many people are so afraid of being wrong that they just do not act. I had to make a decision that could have led to the death of one of my soldiers, so the mundane decision that may lead to a slap on my wrist does not trouble me. Personal Experiences: Self-Knowledge and Occupational Knowledge:
 Several participants found that they believed that they were ""over-qualified"" for their civilian jobs because they did not value their civilian employment as much as their military service. V1 adamantly stated that she would ""go back to the military if she could."" Interview Question 13. What essential information did you need in your new work environment that prepared you to make informed decisions?:
 This question produced a variety of themes. Veterans stated that they found ways to make informed decisions daily. While many veterans noted there could be more resources available to assist in the transition, V2, V5, and V9 described being more accountable as an individual and found that they worked harder than their civilian counterparts. There was a consensus among all of the participants who stated they did not know what they needed to prepare for their new civilian employment roles. The prevalent theme was the need for the veterans to complete daily self-analysis to adapt in the job responsibilities. The responses collected revealed communication as a key area of adjustments between the two cultures. The participants identified that communication skills and conflict resolution as an essential element, learned from the military, aided in their new civilian employment."
"Exploring how a University’s Veteran Services Office Supports their Students’ Civilian Career Readiness and Transition","https://scispace.com/paper/exploring-how-a-university-s-veteran-services-office-4ww81xalf8","2021","","","Sasha M. Vanterpool","","https://scispace.com/pdf/exploring-how-a-university-s-veteran-services-office-4ww81xalf8.pdf","","services. Examples of the available services, resources, and events were organized in Table (page 79). Those offerings were the coping strategies the office had established to aid the transition success for and beyond their veterans enrolling, attending, and graduating college. Strategies:
 The Office of Veteran Services created an Operational Strategy double-sided document that outlined the why, how, and what of the strategies they provided to achieve their mission and vision statements (See Figure ). It displayed a snapshot of the key task areas, values, and lines of effort offered towards the end state. Operating with the end goal in mind, the office established numerous initiatives as solution options in response to the needs and challenges of their student veterans. Parallels were witnessed once again as after I completed my coding process, I realized that the office identified their lines of effort on this document under similar categories that emerged from my coded groups of the veterans needs and challenges such as academics, benefits, and career as pictured on page 103. The OVS Operational Strategy detailed the various opportunities veterans can take advantage of for their student success. Student veterans were initially presented with an overview of these strategies when they attended their orientation session. Taken within their first three semesters enrolled, the Veteran Success course delivered the preliminary information necessary to ensure a smooth transition first attending the university. During their time as college students, they could have received individualized attention related to admissions, their VA benefits, wellness referrals, and connected with other campus services and community partnerships. Towards the end of their time as a student, ideally the veterans would have engaged in the career-related offerings to prepare for their anticipated transition into their civilian careers after they graduate college. The Veteran Job Search class, Industry Recon mentoring program, networking and job fair events were some ways they can focus on their next chapter. Strategies:
 Confirmed by the findings, a major component of how the Office of Veteran Services was so effective in the delivery of their strategies was that they operated for student success by keeping the end goal in mind. The OVS Operational Strategy document had a section affirming that the end state was a ""healthy, graduate veteran with solid prospects for employment in desired career field"". This connected the big picture of the transition into a civilian career as an ultimate end goal for majority of the student veterans. However, it should be noted that the end state also included the words ""or new life path"". This related to the office's vision statement which emphasized that it was up to the individual student veteran to define whatever success after service meant for themselves. For example, one of the veteran participants Frank went back to school at an older age simply for the desire to learn more about his interest in computers. Strategies:
 Although he would be happy to have a job after graduation teaching others about his passion, a new civilian career was not his purpose for enrolling."
"Life after service for post-9/11 veterans: Data, methods, and policy impacts","https://scispace.com/paper/life-after-service-for-post-9-11-veterans-data-methods-and-2z2jj80fxl","2016","","","Justin Stockton Gardner","10.34917/10083142","https://scispace.com/pdf/life-after-service-for-post-9-11-veterans-data-methods-and-2z2jj80fxl.pdf","......................................................................................................................................... iii Acknowledgements ........................................................................................................................ iv Dedication ....................................................................................................................................... v Table of","impact of targeted benefit programs aimed to increase services available for, ""a middle and lower income population that is likely to need financial help when attending school"" , which increased enlistment rates among lower-to middle-income Americans in search of financial support for education. Employment:
 Veterans since World War II have consistently transitioned from active duty into civilian life with programmatic support to access educational benefits and find employment in the civilian labor force . Changes in active duty enlistment and structure of benefit programs have occurred throughout all eras of service, which resulted in varying levels of veteran outcomes. Research from the Post-9/11 era describes yet another change in that veteran populations .  reported, ""Each year, increasing numbers of veterans with disabilities reenter the civilian workforce"" (p. 73). Further developing this finding,  investigated employment patterns for recent National Guard veterans. From their survey of 585 study participants, they found, ""A notable proportion of service members reported moderate to severe pain (34%), likely PTSD (14%), depression (24%), anxiety (mean PSWQ score = 34.9), and alcohol misuse (36%)"" . Additionally, they reported a majority of respondents were white males, with more than half who had graduated from high school, about half of whom were deployed 2 or more times, and a quarter who had less than $20,000 in annual family income . Results from the  study found those veterans who were younger and with annual reported income of less than $20,000 to be most at-risk of unemployment. This finding is consistent with other national trends, which indicate the most at-risk veterans were enlisted service members with final ranks between E-4 and E-9 ."
"More Research on Veteran Employment Would Show What's Good for Business and for Veterans","https://scispace.com/paper/more-research-on-veteran-employment-would-show-what-s-good-101sy0dqih","2016","Book","","Caroline Batka
Kimberly Curry Hall","10.7249/PE196-1","https://scispace.com/pdf/more-research-on-veteran-employment-would-show-what-s-good-101sy0dqih.pdf",": RAND hosted two workshops, in May and October 2015, that brought together key stakeholders, including representatives from federal agencies, private-sector companies, and research organizations, to collaborate and share ideas to improve veterans employment opportunities. Through these workshops, we sought to explore solutions to key challenges to veteran employment identified in previous RAND research, Veteran Employment: Lessons from the 100,000 Jobs Mission (www.rand.org/t/RR836). Another goal of the workshops was to build on the existing knowledge base and identify remaining research gaps. The discussions outlined the future research agenda to best support the efficacy of efforts to hire and support veterans in the civilian workforce.","challenging to track. Assessing Veterans' Career Paths over Time: Another shortfall is the inconsistency with which ""veterans"" are defined and tracked. The field needs to decide upon and consistently implement a definition for use in both policy and research. Assessing Veterans' Career Paths over Time:
 Moreover, longitudinal data that capture subpopulations of veterans and their characteristics will allow a comparison of outcomes across different groups, such as transitioning service members, recent veterans, and all veterans, compared with their civilian counterparts. These data would also help identify trends in career paths and veterans' experiences in civilian-sector jobs. In addition, examining employment trends by gender, race/ethnicity, military career field, and other characteristics would allow policymakers to tailor and adjust programs and policies to achieve optimal outcomes. Furthermore, data on veterans' experiences and outcomes by subpopulation should inform efforts to improve job matching and career building. Assessing Veterans' Career Paths over Time:
 This type of research may also allow more accurate comparisons with civilians and specific nonveteran populations, revealing best practices and lessons learned that could be applied in transition assistance and veteran employment programs. To that end, clearly defined veteran subpopulation data should also be collected in a civilian data set to ensure the proper comparison group. Finally, data on the effectiveness of transition assistance programs and veterans' employment experiences over time would offer insights for decisionmaking about investments in programs and the development of policies (Institute of Medicine, 2013). Assessing Veterans' Career Paths over Time:
 Veteran subpopulation data could also explore the connection between veterans' service-connected disability and employability. Assessing Veterans' Career Paths over Time:
 VA, specifically, offers a range of services through the Vocational Rehabilitation and Employment Program aimed at assisting disabled veterans with such rehabilitation. Given the shifting landscape of veteran employment offerings and options and the recent efforts to restructure the VA disability system, more up-to-date research on vocational rehabilitation and designation of employability for veterans is needed to offer insights on how programs are Veterans who have very recently left the military are the primary focus of most veteran employment programs.:
 Veteran status is often applied inconsistently on the basis of duration of service, whether or not the individual deployed, type of discharge from the military, and active-versus reservecomponent service, among other parameters. It is challenging to identify recent veterans because there is no standard length of time since separation from the military to qualify for membership in this group. Clear definitions of veterans and related subpopulations of veterans would allow for clarity and uniformity in veteran-related research. substantiate this belief. (For more on employer perceptions, see  This lack of data may be a result of difficulties establishing appropriate performance measures or connecting personnel records with veteran status. For example, employers do not necessarily track employees' veteran status along with other personnel metrics, and traditional measures of performance-such as sales, productivity, or promotion rates-may not be recorded in the same way across employers. Including employees' veteran status in personnel databases would allow employers to more accurately assess veterans' value to their organizations. Research can support employers in measuring and tracking performance and outcomes. Veterans who have very recently left the military are the primary focus of most veteran employment programs.:
 Such efforts can also help employers identify best-practice measures for veteran employees' performance, encouraging greater standardization across organizations. These employment outcome and career path data would help provide the evidence needed to build the business case for hiring veterans."
"Understanding the Cost and Quality of Military-Related Education Benefit Programs","https://scispace.com/paper/understanding-the-cost-and-quality-of-military-related-4cdjpc19w9","2013","","","Paco Martorell
Peter Bergman","","https://scispace.com/pdf/understanding-the-cost-and-quality-of-military-related-4cdjpc19w9.pdf",": Since the passage of the original GI Bill following World War II (Serviceman's Readjustment Act, 1944), the military has provided veterans with a collection of financial aid benefits designed to help them attend college. While research has shown that these programs have helped many veterans acquire a college education, less is known about the impact of more recent educational benefits for veterans. This is especially true of the Post-9/11 GI Bill, which, in conjunction with a number of other assistance programs, has afforded veterans new educational opportunities. The Post-9/11 GI Bill offers tuition subsidies paid directly to institutions, a housing allowance tied to the cost of living, and a book stipend, which in combination are usually more generous than preceding GI Bills. However, issues such as rising tuition costs; an increasing presence of low-quality, for-profit institutions that target veterans; and a potentially confusing array of benefit options could mitigate the impact of these programs on the recruitment, retention, and human capital development of service members. This report contextualizes these issues and formulates a research agenda to address them. Specifically, the report addresses the following research questions: (1) What are the key features of the military-related education benefit programs, including changes to these programs and historical utilization patterns of some of the key programs?; (2) What has prior research found about the impacts of these programs?; (3) What are the primary challenges policymakers face for improving the evaluation, implementation, and efficiency of the benefit programs?; and (4) How can future research help overcome the challenges policymakers face?","and through their transitions into the labor market • Quantifying how tuition subsidies and other benefits affect recruitment, retention, education, and labor-market outcomes We believe this research will help guide policies that ensure programs to assist veterans provide the maximum benefit given their cost. Introduction:
 Veterans and service members are offered a wide array of benefits to encourage higher education and ease the transition back into the labor force. However, it remains unclear if these assistance programs-individually or in combination-effectively and efficiently serve their intended purposes. The increasing number of service members returning home from conflicts overseas combined with budgetary uncertainties in Congress precipitates the need for research that can shed light on the consequences of these programs and help improve the efficiency of benefit allocations. This report attempts to provide background on the institutional and policy context surrounding veterans' educational benefits, and to highlight the most pressing issues facing policymakers in this area. We also propose a research agenda that could help inform policy. Specifically, we address the following research questions: Introduction:
 1. What are the key features of the military-related education benefit programs, including changes to these programs and historical utilization patterns of some of the key programs? 2. What has been found in prior research on the impacts of these programs? 3. What are the primary challenges policymakers face for improving the evaluation and implementation of the benefit programs? 4. How can future research help overcome the challenges policymakers face? Introduction:
 We believe this research will be of interest to policymakers and members of the public with an interest in educational benefits for service members and veterans. This research will be of particular interest to the Department of Defense (DoD) and the Department of Veterans Affairs (VA). The relevance for DoD stems from the use of military-related education benefits as a recruiting tool. Understanding the extent to which these programs improve the wellbeing of individuals after they leave the military will help DoD devise recruiting strategies. In addition to encouraging enlistment, benefits can also shift the pool of applicants toward academically skilled service members. At the same time, these benefits may have implications for military retention policy, as they may act to improve the desirability of separating from the military. The research we propose here will shed light on the extent to which that is true. Finally, educational benefits for active-duty service members might help develop the human capital of the force. The research we propose below will help quantify these impacts. Introduction:
 For the VA, the relevance of this research lies in the department's longstanding interest in advocating for and fostering the well-being of veterans. Military-related education benefits may significantly improve veterans' quality of life by improving educational attainment, thereby improving employment opportunities. The research we propose here includes tracking service members after separation to measure these outcomes, and studying how policy changes have affected them. Introduction:
 For both the VA and the DoD, we propose strategies to examine the efficiency of military-related education benefits and describe strategies to improve cost-effectiveness. The onset of sequestration, the increasing prevalence of low-quality, for-profit institutions, and potentially difficult benefit decisions for veterans have made efficiency and cost-savings an important priority."
"Ten Frequently Asked Questions About Veterans' Transitions: Results of a Decade of RAND Work on Veteran Life","https://scispace.com/paper/ten-frequently-asked-questions-about-veterans-transitions-170e0e7mzr","2016","Book","","Christopher Guo
Julia Pollak
Melissa Bauman","10.7249/RR1095","https://scispace.com/pdf/ten-frequently-asked-questions-about-veterans-transitions-170e0e7mzr.pdf",": The transition from military service to the civilian world can be very challenging, particularly for young veterans with no prior civilian work experience and those with injuries or disabilities. As part of their duty to care for the men and women who have served the country in uniform-as well as to promote strong member recruitment in the future-the U.S. Department of Defense and the U.S. Department of Veterans Affairs seek to monitor and improve the education and employment opportunities and the health and well-being of military veterans and reservists. Over the past decade, RAND has proactively pursued a program of research addressing veterans' transitions to the civilian labor market. This document compiles RANDs body of work on this topic and highlights the breadth of topics RAND has studied. It distills more than a decades worth of research on many facets of veteran life into a set of ten questions and answers gleaned from this work.","EARN LESS THAN CIVILIANS?: The finding also holds true for reservists. RAND studies find that reserve activations lead to moderate losses in civilian earnings in the year immediately following activation. These losses disappear and turn to earnings gains in subsequent years . Occupational Differences:
 For all occupational categories, military service is associated with sizable long-run earnings gains, but there are some differences across specialties. These differences likely reflect the differing degrees to which skills are transferable to the civilian labor market across military occupations. Veterans who served in health care, communications, or intelligence positions enjoy larger earnings gains than other veterans do. . College Enrollment:
 Broadly speaking, the finding that veterans earn more than nonveterans suggests that they do not have a skills gap or poor productivity. Indeed, the data show that while many service members delay college enrollment to serve in the military, they are as likely as similar nonenlistees to enroll at some point. There is very little difference in patterns of college enrollment and graduation by military occupational specialty except in health care, where education levels are higher. Economic Condition:
 One factor that has a strong influence on a separating member's future earnings is the economic conditions that prevail at the time of separation. When a servicemember exits the military during a period of high unemployment, civilian earnings are substantially lower, and the negative effects last up to seven years . RAND Findings:
 Numerous programs aim to improve veterans' employment opportunities. Although many of the programs do not yet collect and track all the data needed to evaluate their outcomes, RAND has studied several of these programs using a range of quantitative and qualitative methods and has developed a toolkit showing how military skills can apply to civilian jobs. PaYS:
 Under the Army Partnership for Youth Success (PaYS) program, roughly 400 large employers have committed to interview participating soldiers after they separate from the military. An employer is expected to project future openings by military occupational specialty and list those openings in an Army database. Although PaYS is primarily a recruiting tool, it gives troops a foot in the door at a veteran-friendly employer that has identified a need for their skills. The intention is to smooth veterans' transitions and to help them find jobs that align with their skills. PaYS:
 As part of a broader project examining the effect of military service on earnings, RAND researchers investigated the earnings of PaYS participants . They found no evidence that the program had a positive impact on job market outcomes. In fact, participants earned an average of $1,000 to $2,000 less in the first years after separation than comparable nonparticipants. Based on the data available, the study could not rule out the possibility that the program improved participants' nonmonetary job outcomes, such as greater job satisfaction or better working conditions. Despite controlling for observable characteristics, the study also could not rule out the possibility that the earnings gap between participants and nonparticipants reflects differences in unobservable characteristics, rather than a causal effect of the program. 100,000 Jobs Mission:
 The 100,000 Jobs Mission, launched in 2011 by JPMorgan Chase & Co. and ten other businesses, aimed to hire 100,000 veterans by 2020. By June 2015, the program already had 206 member companies that together had hired more than 265,000 veterans. RAND was asked to identify lessons learned from the program ."
"Fighting for Education: Veterans and Financial Aid","https://scispace.com/paper/fighting-for-education-veterans-and-financial-aid-2szwzcfit0","2014","","","Andrew Barr","","https://scispace.com/pdf/fighting-for-education-veterans-and-financial-aid-2szwzcfit0.pdf","The Post-9/11 GI Bill brought about the largest expansion in veteran education benets since the end of World War II, roughly doubling the average benet level. I leverage large changes in nancial aid generated by the benet expansion, including geographic variation in","Title: Fighting for Education: Veterans and Financial Aid Authors: Andrew Barr Introduction:
 The Post-9/11 Veterans Educational Assistance Act of 2008 (Post-9/11 GI Bill) brought about the largest expansion in veteran education benefits since the end of World War II, roughly doubling the average maximum benefit level. Over $40 billion dollars has been spent during the first five years of the program, and more than 1 million individuals have used the benefits. In the last few years, more than 25 percent of all federal grant aid to college students went to veterans. Introduction:
 While the fraction of individuals that join the military has dropped substantially over the last 60 years, it remains an important career path for Americans with over 5 percent (and nearly 9 percent of males) having served in the military before turning thirty. Furthermore, veterans are a potentially vulnerable population. They are frequently from low-income backgrounds and among the first in their families to seriously consider college. Some enter the military as a route to overcome credit constraints that prevent them from enrolling in college immediately following high school graduation (Barr 2014). Enlisted individuals who separate from the military may face obstacles translating skills learned in the military into those valued by the civilian labor market. Young veterans frequently face higher unemployment rates and health issues. Recent evidence suggests that education may play an important role in improving these types of outcomes.  As nearly all first-term enlisted soldiers leave the military without a post-secondary credential, the Post-9/11 GI Bill may be particularly important in helping veterans invest in skills that facilitate their transition to the civilian labor market. As a first step in ongoing work to answer this question, I explore how this increase in financial aid affected veteran educational choices and outcomes. Introduction:
 Summary statistics from the United States Department of Veterans Affairs (VA) indicate that veterans use the new benefits, yet almost nothing is known about veteran success in college or how the Post-9/11 GI Bill has affected veteran educational outcomes. This study provides the first evaluation of the longer run effects of the Post-9/11 GI Bill. Introduction:
 I estimate the effects of additional aid using a unique panel dataset constructed specifically for examining veteran educational outcomes. One of the primary roadblocks to research in this area is the lack of data that track veteran enrollment over time and veteran degree attainment. As no existing dataset contains a sufficient number of veterans to provide even a cursory analysis of veteran degree attainment, I created a new panel combining rich data on the choices of military service members from the Defense Manpower Data Center with postsecondary data from the National Student Clearinghouse (NSC)."
"The Relationship Between Training Program Participation and Gainful Civilian Employment of Gulf War-Era II Veterans","https://scispace.com/paper/the-relationship-between-training-program-participation-and-3q1vqitluq","2019","Journal Article","","Candace Rae Flatt
Delmar Rhodes","10.21061/JVS.V4I2.113","https://scispace.com/pdf/the-relationship-between-training-program-participation-and-3q1vqitluq.pdf","The GI Bill of Rights has helped millions of veterans with their transition into civilian employment through education and training programs. In addition to higher education benefits, the GI Bill provides educational assistance for vocational training, entrepreneurship courses, apprenticeships, on-the-job training, and remedial courses. Compared to previous studies, this study is unique in three aspects. First, this study focuses on training programs completed by veterans rather than higher education. Second, the training categories are constructed based on job-specific versus general properties of human capital theory. Finally, the study captures all training programs completed by veterans regardless of provider or sponsoring organization by using the National Longitudinal Survey of Youth 1997 (NLSY97) . Generalized linear mixed models are used to determine the relationship between the type of training program and gainful employment. Pre-employment training programs were found to be positively related to the gainful employment of Gulf War-Era II veterans.","errors. In other words, the lack of agreement between raters could prevent the ability to detect a relationship that actually exists . Although there is a risk that a single training program is incorrectly categorized, the types of training consist of several different training programs. Limitations and Future Research:
 The lack of long-term evaluation in veteran programs provides ample research opportunities. In particular, the most recent WIOA legislation mandates the development of performance measures and evidence-based practices. The outcomes under evaluation should not be limited to employment and income, but expanded to include other measurements aligned with the specific veteran program. The workforce development needs of Gulf War-Era II veterans are unique due to their demographics and experiences. Studies on the optimal workforce development programs that meet the specific needs of this population are vital for both veterans and employers. Conclusion Until 2009, the NLSY97 asked if each training program was paid for by the military, VA, or other government vocational rehabilitation program. Based on the last year of available information, one-third of the pre-employment training programs in this study were paid through a military or veteran program. Approximately 10% of veterans indicated their school-based or post-employment training programs were funded through a military, VA, or other government vocational rehabilitation program. Over the years, the question (YTRN-3800) has changed, which makes it difficult to use in a longitudinal study. However, at least some of the training programs included in this study were funded by the government through veteran programs. Four implications for public policy emerge from the results of this study. Pre-employment training programs benefit veterans:
 Given the lack of outcome studies in this area, the main contribution of this study is to provide a foundation for future outcome studies on skill development through training programs for veterans. Although the VA does not monitor or measure training programs, this study suggests that preemployment training programs result in the gainful employment of veterans. Pre-employment training programs benefit veterans:
 Currently, veterans primarily learn about the training benefits offered under the GI Bill through word of mouth . The majority of veterans do not hold a bachelor's degree or higher. Training programs are a good way for veterans who are unable to attend an institution of higher education to use benefits provided by the GI Bill. The positive results from this study can be used to publicize and promote underutilized training benefits. The relationship between different types of training programs and gainful employment is different for different populations:
 Under human capital theory, an investment in skills results in a return on investment, with job-specific skills valued higher than general skills. However, this relationship is dependent on the population. Not all types of education or training adhere to human capital theory for all populations. For example, the same type of study on formerly incarcerated individuals found that only postemployment training programs are positively related to gainful employment. The results of the study emphasized the important role of employers in addressing the mass incarceration problem. The training investment for formerly incarcerated individuals by employers acted as a signal of a good employee or stamp of approval . The relationship between different types of training programs and gainful employment is different for different populations:
 In contrast, the non-overlapping veteran population (i.e., never incarcerated veteran population) does not suffer from the same type or level of stigma as formerly incarcerated individuals. The most beneficial type of training for veterans provides pre-employment skills that speed up the transitioning process from a military career to civilian employment."
"Managing The Re-Employment Of Military Veterans Through The Transition Assistance Program (TAP)","https://scispace.com/paper/managing-the-re-employment-of-military-veterans-through-the-4xqo071q1t","2013","Journal Article","Journal of Business & Economics Research","Judson C. Faurer
Apryl Rogers-Brodersen
Paul Bailie","10.19030/JBER.V12I1.8378","https://scispace.com/pdf/managing-the-re-employment-of-military-veterans-through-the-4xqo071q1t.pdf","With the drawdown of troops in Iraq and Afghanistan and a $1.05 trillion dollar cut in the Department of Defense budget over the next ten years, tens of thousands of veterans are flooding the job market at a time when millions of civilians cannot find employment. To fight this high number of unemployed veterans Congress passed the Veterans Employment Bill of President Obama’s Jobs Bill in November 2011. This paper discusses the government sponsored military veteran Transition Assistance Program’s (TAP) effectiveness in reducing the veteran unemployment rate and presents the results of a survey of 350 Army personnel’s perceptions of the utility of the services offered through the TAP.","effects, congress passed the Veterans Employment Bill of President Obama's Jobs Bill in November 2011. This bill will provide tax breaks for businesses that employ unemployed veterans, increase education benefits for job training programs, and create improvements in the transition assistance program. SAMPLE RESULTS: PERCEIVED UTILITY OF THE TAP:
 To garner an insight into the program, a sample of 350 Army personnel available to the researcher who have or could have used the TAP were surveyed. The full survey and responses are presented in Appendix A. Findings from the study found that, of the 227 respondents (65%) who reported they used the services offered by the TAP, 75% were still on active duty when they enrolled; 15% of the participants were already discharged or disabled; and 10% were reservists. Eighty four percent of the participants who used the services found employment as a result of using TAP while only 16% did not. Further, 88% would recommend the TAP program to a fellow veteran. With respect to services used, it is interesting to note that 90% of the participants used the program to assist with writing a resume and cover letters, 75% of the participants worked one-on-one with job counselors to search for employment, 38% found jobs at the program's supported job fairs, 26% completed a certificate exam to obtain a civilian occupational standard certificate for their military skill, 24% participated in the challenge exam to receive civilian educational credits for their military training, and a small percentage participated in the vocational certification programs. Results of the study indicated that the favorable attitude of participants toward the program seemed to correlate with the number of years in the service. A majority of participants that participated in the program had been in the service for at least five but less than 10 years. However, participants that had served in the Army for more than 10-years found the most benefits from the program, and participants that had served less than two years appeared to derive the least benefit or did not participate. SAMPLE RESULTS: PERCEIVED UTILITY OF THE TAP:
 Unrelated to the sample survey discussed above, but of interest, some 3,000 Army, Navy, Marine Corps, and Air Force ex-service members, Army civilians, and spouses of Army ex-service members who made the transition back to civilian life between October 1992 and September 1993 participated in computer-assisted interviews in late 1994. Among the outcome measures were annual earnings and ratings of preparedness for the job market. Multivariate analyses were conducted to assess the relative impact of various personal, military, and transitional-related characteristics on these outcomes. The results indicated that the more job research assistance services individuals received and the more satisfied they were with such services, the more prepared they felt and the greater success they achieved in the civilian labor market (Society of Human Resource Management, 2010)."
"Employment for Veterans: Trends and Programs","https://scispace.com/paper/employment-for-veterans-trends-and-programs-1w61m4fxwu","2012","Book","","Benjamin Collins
Robert Jay Dilger
Cassandria Dortch
Lawrence Kapp
Sean Lowry
Libby Perl","","https://scispace.com/pdf/employment-for-veterans-trends-and-programs-1w61m4fxwu.pdf","This report discusses veterans' employment trends and programs. The first section presents data on veterans' employment outcomes, identifying recent trends, and discussing issues to consider when interpreting veterans' employment data. The following sections present brief discussions of existing programs that provide employment-related services to veterans. These services are divided into (1) general programs that are broadly available to veterans, (2) programs that target veterans with service-connected disabilities, and (3) competitive grant programs that provide additional employment-related services to veterans but may be limited in scope or availability.","Vocational Rehabilitation and Employment program as well specialized versions of some generally available veterans programs; and Current Employment-Related Programs for Veterans: • Competitive grant programs. These programs fund employment-related services for veterans but may be limited in scope or local availability. General Veterans' Employment and Training Programs:
 The programs discussed in this section are available to most veterans of active duty. In the interest of simplicity, this report generally does not present detailed eligibility criteria for each program and benefit, though it does attempt to note eligibility requirements that categorically exclude large numbers of veterans (such as the eligibility window following discharge for GI Bill benefits). This report may omit requirements that would exclude relatively few veterans, such as most programs' exclusion of veterans who were dishonorably discharged.  The specific eligibility criteria for each program will usually be available in the external sources that are referenced in the report section that discusses the program. General Veterans' Employment and Training Programs:
 Transition Programs for Separating Members of the Armed Forces  In 1990, as the post-Cold War drawdown was beginning, Congress authorized a set of benefits and services to assist military personnel in the transition to civilian life. Some of these authorities continued in effect after the drawdown was complete and formed the basis of the Transition Assistance Program (TAP). TAP is currently undergoing substantial modification. A pilot program, Transition Goals Plans Success (Transition GPS), is underway and is expected to completely replace TAP by the end of 2013.  Both programs are described below. Transition Assistance Program (TAP):
 TAP provides pre-separation services and counseling on a number of transition-related topics to separating members of the Armed Forces. In addition to guidance on broader transition issues such as financial management and health care, TAP includes information on the following employment issues as they relate to veterans: Transition Assistance Program (TAP):
 • the correlation between military skills and civilian occupations; Transition Assistance Program (TAP):
 • professional certifications, including licensing and apprenticeships; Transition Assistance Program (TAP):
 • public and community service opportunities, including federal employment opportunities and veterans' hiring preferences (described in a subsequent section of this report); • self-employment and entrepreneurship, including veterans' small business and entrepreneurship programs; and • education and training assistance, including use of veterans' educational benefits and other job training opportunities. Transition Assistance Program (TAP):
 Separating personnel can also elect to participate in a three-day employment workshop, which covers skills such as choosing a career, conducting job searches, interviewing, and writing cover letters and resumes, as well as providing analyses of employment conditions in various occupations and the labor market at large. Separating personnel can also opt to attend a four hour veterans' benefits brief sponsored by the VA. Transition Assistance Program (TAP):
 A Disabled Transition Assistance Program (DTAP) also exists within TAP. In addition to the above mentioned services, DTAP includes individual instruction for disabled service members regarding their job-readiness and special needs they might have as a result of their disability, along with information on the VA's Vocational Rehabilitation and Employment services (described later in this report). Transition Assistance Program (TAP):
 TAP services are provided at many military installations, often found in the military installation's career or family support offices. The Department of Defense (DOD), Department of Labor (DOL), Department of Veterans Affairs (VA), and the Department of Homeland Security (DHS) are each involved in conducting TAP."
"Factors Influencing the Perceived Effectiveness of the Transition Assistance Program among Exiting Military Servicemembers at Military Installations in Louisiana","https://scispace.com/paper/factors-influencing-the-perceived-effectiveness-of-the-35reqay6cv","2016","","","Timothy L Rose","","https://scispace.com/pdf/factors-influencing-the-perceived-effectiveness-of-the-35reqay6cv.pdf","","TAP. Implications: Government reports support the notion that transition produces uncertainty, ultimately producing stress for veterans and their families . Until this study, Job Search Skills/Counseling in the TAP and its perceived effectiveness was unknown among exiting military servicemembers. Recommendations:
 In order for veterans to become ""career ready,"" Job Search Skills/Counseling is probably the most critical component in their career transition because it involves career choice skills. Recommendations:
 Many veterans leave the military with good employment training that will translate to the civilian labor force, but lack the necessary Job Search Skills/Counseling or understanding of how to appropriately communicate these skills in a civilian labor market. This complex struggle for all transitioning populations including college students because of the myriad of factors that influence career choice and career readiness. Recommendations:
 More important is the Job Search Skills/Counseling component that is seamlessly present throughout the TAP, but not programmatically regulated at each check-point. A perception could be that EMS lack the full understanding of the value of Job Search Skills/Counseling. Arguably, with the lack of understanding, each EMS will never know the significance of their employment transition and the many factors that should be considered such as their values, interests, continuing education programs, job settings and occupational change. Furthermore, if the soldier is married, the ability to transition the entire family brings forth additional counseling and support challenges that could make a difference in a soldier's decision making. These beliefs are realized in the literature and every EMS must overcome these challenges as they consider their transition needs. Recommendations:
 First, , leading counseling psychologists on transition, have identified work transition as a major occurrence in life. Not only is a servicemember impacted by his or her job change, but  explain that adults today find themselves charting unfamiliar and unexpected waters while coping with the impact of living with uncertainty for themselves and their families. Second, in chapter II of this study, the researcher mentioned the importance of career choice and provided the Cognitive Information Recommendations:
 Processing theory as a useful model for EMS to understand the values and interests that go into making the appropriate career decisions . According to , the model lends credence to understanding more about the individual in order to make sound career decisions . Every EMS should be pre-assessed prior to the start of their career transition to ensure career choice fundamentals are in place to support the career readiness model. Recommendations:
 Third, the DoD conducts and records the results of pre-testing when a servicemember enters the military to better understand his or her strengths and interests. Finally, the researcher recommends that the DoD establish a federal mandate requiring Job Search Skills/Counseling pre-testing to be included as one of the domains in the new TAP (distinct from the Pre-Separation Counseling). This approach could improve the effectiveness of the TAP, help EMSs accomplish their career transition goals and better understand the aptitudes necessary for making a career choice, and improve the job search skills/counseling domain. The researcher also recommends that additional data be collected from veterans to determine how Job Search Skills/Counseling benefited their career transitions. These recommendations could advance the knowledge of this population toward career readiness and improve the current TAP model for exiting military servicmembers. Conclusion:
 3. Those participants who reported higher income levels tended to have a more positive perception of the effectiveness of the TAP."
"Career Development and Job Satisfaction","https://scispace.com/paper/career-development-and-job-satisfaction-3pxibh7v","2022","Book","","","10.52305/opeh4448","https://scispace.com/pdf/career-development-and-job-satisfaction-3pxibh7v.pdf","","service and post-service access to suitable employment is evaluated, as the concerns facing ex-defence personnel are complex, and impact a multitude of different areas in civilian life (health care, employment, disability), and therefore they require more specialist case-management services . Introduction:
 This chapter discusses these transitional challenges from military to civilian employment, largely based on United States studies. Specific transitional challenges including health, skills recognition and employer stereotyping are identified. Then follows a discussion of the processes and programs that can potentially support the transition and the establishment of a civilian career. What are the challenges associated with transition from military to civilian employment?:
 The processes and experiences of transition for veterans to civilian life and employment are not well understood, and it is often a transition with concomitant challenges related to identity, employment, and lifestyle . Veterans, especially those who have had extended periods of service or lack experience in job search processes, can experience numerous challenges when seeking post-service employment , and may create unrealistic expectations regarding salary and job search time-frames. Some veterans experience financial struggles, while others have relationship problems and/or substance abuse issues. When compounded with the challenges associated with securing post-military employment, these can lead to less overall stability upon return to civilian life . What are the challenges associated with transition from military to civilian employment?:
 The transition process is also often viewed as being difficult due to associated learning or relearning to live outside the highly organised, regimented and controlled way of life experienced during military service. Many veterans may have begun their military careers immediately following high school, so another challenge in this transition process is gaining civilian employment for the first time and becoming familiar with the associated practices of job search . They will need to seek employment in non-military fields and transferring their status can prove stressful . They are not only leaving the military as a job, but also as a way of life. This can also lead to a higher rate of mental health disorders , as there is a mismatch between veterans' expectations and reality. Many veterans will feel they are returning to a ""normal"" way of life, but in reality, due to the nature of military service and the emotional and physical scars veterans endure during their deployment, they can often feel isolated or alienated upon return to civilian life . As such, the nature of the transition is far more complex psychologically than often recognised, and this needs to be considered when discussing the transition process . Potential employer stereotyping that veterans are too regimented, inflexible, and unable to adapt to civilian work situations  further exacerbate their employment-seeking challenges."
"U.S. Military Career Transition: An Exploratory Interview Study of the Learning Experiences of Enlisted Military Personnel Transitioning from Active Duty to the Civilian Workforce","https://scispace.com/paper/u-s-military-career-transition-an-exploratory-interview-3g6geu7ieg","2018","","","Nicole Barbara Morant","10.7916/D8H437ZN","https://scispace.com/pdf/u-s-military-career-transition-an-exploratory-interview-3g6geu7ieg.pdf","U.S. MILITARY CAREER TRANSITION: AN EXPLORATORY INTERVIEW STUDY OF THE LEARNING EXPERIENCES OF ENLISTED MILITARY PERSONNEL TRANSITIONING FROM ACTIVE DUTY TO THE CIVILIAN WORKFORCE Nicole Barbara Morant Increases in the number of enlisted veterans transitioning from active duty to the civilian world have drawn attention to a need for research in terms of unemployment to examine how separated service members experience transition from their perspective. Fifteen separated enlisted veterans from four of the five military branches were selected and interviewed in this study. The focus was to understand better the complexities of reintegrating into the civilian workforce, as experienced by veterans from the enlisted military population. By using qualitative methodologies including exploratory interviews and a focus group, the findings revealed four major themes on how service members described their transition experience: (a) perception that military leadership does not provide adequate support when transitioning and the need to become more self-directed in one’s own learning; (b) belief that the military TAP class is helpful but needs major changes to truly be effective; (c) description of a battle buddy or a family member as a positive influence in helping with the transition process; and (d) experiencing significant challenges with civilian employers when transitioning out of the military. An analysis of the findings led the researcher to conclude that transitioning veterans must become self-directed in their learning in order to transition successfully. Moreover, because they are at varying levels of being self-directed when they transition, additional guidance is needed from military leadership, family, and other veterans for the purpose of their development. The analysis also yielded a principal recommendation for military leadership to advocate for quality training programs that are specified from the separated enlisted population for what resources they need to assist with transition to the civilian sector. Additional recommendations were presented to transitioning service members on the importance of managing their own success and believing in their abilities to be resilient, valuable members of the civilian community.","Accepting the process of change allows them to focus on learning something in every situation, whether it is favorable or not. In managing their own success, the veterans are afforded the ability to have a sense of accomplishment in this and other endeavors in their life. Don't be afraid to ask questions or seek help:
 Every successful person has had some type of mentor or assistance in the pursuit of accomplishing a goal. Transitioning to civilian life can be an arduous journey; however, having the understanding that other service members were able to adapt can give confidence to future veterans. That confidence can be translated into using resources, as outlined in this study, to include battle buddies and family members. Utilize an education services officer at the closest military base/facility as well as guidance counselors, transition assistance program specialists, and career counselors, because most are experienced military educators who are eager to answer questions and serve as constant advisors. Believe in yourself:
 Most transitioning service members have experienced equal or more difficult circumstances in their life. Although different service members have varying levels of stress when they transition, having the belief that they can get through a transition to the civilian sector because this is minimal compared to what they have already been through Believe in yourself:
 provides additional courage to endure any setbacks. Reflecting on how they completed boot camp, endured a long military school, survived deployments, or even fulfilled deadlines that seemed unlikely but were nonetheless met can give insight into just how much mental strength veterans have to be the best version of themselves. Expand the research population:
 By far, the military is one of the most diverse organizations in the world and its brotherhood/sisterhood mentality is unmatched. Essentially, one must trust the person to the left and right with one's life, and the pettiness seen in other businesses is easily overlooked in the military. However, like most organizations, more work still needs to be done. Given that the majority of the participants in this research were African American, Expand the research population:
 we openly spoke about how some of the current systems and structures are not necessarily meant for them to be successful. The researcher was unable to make any connections with transition challenges or successes based on race because this was a classes)? Probe 1: free/affordable; array of fields; time to complete; civilian transferrable? Probe 2: Did it apply to your civilian career in any way? • How would you describe the education opportunities offered by the military? Probe 1: free/affordable; array of fields; time to complete; civilian transferrable? Probe 2: Did it apply to your civilian career in any way? Expand the research population:
 • What kinds of support did you have when you were transitioning from Active Duty to the civilian work sector? Probe 1: command/unit support or family/friends support? Expand the research population:
 • Where there any significant person(s) that assisted with your career transition (family, supervisor, etc)? Probe 1: What did they do or help with exactly? Probe 2: If you had to do everything yourself, take me through the steps or things you had to learn on your own in order to transition? Conclusion: Thank you for your service and for the taking the time to tell me about your experiences with career transition. Expand the research population:
 • Is there anything else you would like to add about military career transitions?"
"Successful Strategies of Small Business Owners to Recruit Veterans","https://scispace.com/paper/successful-strategies-of-small-business-owners-to-recruit-2h5nafmtm3","2018","","","Michelle Duncan","","https://scispace.com/pdf/successful-strategies-of-small-business-owners-to-recruit-2h5nafmtm3.pdf","Successful Strategies of Small Business Owners to Recruit Veterans by Michelle Tiffiney Duncan MBA, Strayer University, 2014 BA, Strayer University, 2013 Doctoral Study Submitted in Partial Fulfillment of the Requirements for the Degree of Doctor of Business Administration Walden University August 2018 Abstract Approximately 300,000 highly skilled veterans leave military service every year, yet some small business owners lack strategies to recruit these skilled workers. The specific business problem addressed in this multiple case study was that some small information technology business leaders lack strategies to recruit military veterans. The research sample included 3 owners of small businesses serving the information technologyApproximately 300,000 highly skilled veterans leave military service every year, yet some small business owners lack strategies to recruit these skilled workers. The specific business problem addressed in this multiple case study was that some small information technology business leaders lack strategies to recruit military veterans. The research sample included 3 owners of small businesses serving the information technology industry in the mid-Atlantic region of the United States who developed and implemented successful strategies for recruiting veterans. Data were collected from interviews and review of documents. Data analysis resulted in the identification of 3 major themes: understanding of veterans as a means to determining organizational, job, and environmental fit; targeting veterans for recruitment and hiring; and retaining veterans as members of the small business civilian workforce. The implications for social change included the potential for a reduction of the unemployment rate among veterans and an increase in veterans’ purchasing power in support of their local communities. Successful Strategies of Small Business Owners to Recruit Veterans by Michelle Tiffiney Duncan MBA, Strayer University, 2014 BA, Strayer University, 2013 Doctoral Study Submitted in Partial Fulfillment of the Requirements for the Degree of Doctor of Business Administration Walden University August 2018 Dedication I dedicate the achievement of my doctoral degree to my Angels, my late grandmother, Mrs. Linnie Cordelia Highwarden Taylor, and my late cousin, Ms. Florence Gabrielia Lewis. Both women instilled in me at an early age that through God’s mercy anything is possible. To my mother, Ms. Lois Kebe, and father, Mr. Gary Hill, thank you for reminding me at my first residency that I had the fortitude and aptitude to complete this journey. To my prayer warrior sister, Mrs. Kanicka Miles, thank you for your unwavering support and many prayers. Lastly, to my niece Miss. Cordelia Hyle, you inspire me every day. Acknowledgments First and foremost, I give thanks to God, the almighty for all he has done for me. I would like to thank my chair, Dr. Peter Anthony, for his untiring direction, generous support, and encouragement. Dr. Anthony, you are my consulting navigator. May the LORD continue to strengthen you and shower you with all of his blessings. Thank you, Dr. Teresa Jepma (second committee member), you encouraged and motivated me to continue to move forward, Dr. Jim Savard (URR), thank you for your inspiration and timely feedback on my study. It was a blessing to have such a collaborative, committed, and inspiring committee. Please accept my very humble “thank you.” I am also grateful and would like to thank Dr. Godfred Adomako, Dr. Darren Cross, Dr. Toye Latimore, and other Walden University facility, doctoral colleagues, and close friends who contributed to the successful completion of this study. Thank you to the small business owners (participants) who took time off their hectic schedule to participate in this study. God bless you!","theoretically make veterans attractive candidates to help fill the needs of business leaders . and added resilience as a skill developed by military personnel that small business leaders may find attractive in their employees. These military skills typically readily transfer well to diverse private sector job settings . Military veterans' employability. Employment is a key component of:
 Veterans demonstrated they are trainable . Soldiers receive training opportunities that are unavailable to the civilian workforce . ,  highlighted the education and training during the military that help veterans qualify for civilian opportunities to contribute positively to the private sector. Veterans typically proved their abilities to learn and apply new knowledge in changing circumstances . Newly hired employees require training to ensure that the individual acquires the knowledge needed to maintain a continuum in leadership, such as familiarity with the firm's culture, and vision, and the grooming required to be effective in their positions . Military veterans' employability. Employment is a key component of:
 Military veterans often have experiences in different countries that leads to sensitivity to culturally diverse people and settings . The nature of the collaborative and leadership-oriented structure of the armed forces enhances the abilities of military personnel to work in teams and demonstrate accountability in diverse workplace settings . Military veterans may offer small business owners skills and abilities developed in the context of the necessary cultural competence, mental agility, ethical climate, and physical requirements necessary to fulfill a military mission, which can transfer to the mission of the business .  explained how the theoretical and practical training and skill development of armed forces personnel (both initially and in-service) affects their jobs, incomes, and the knowledge they take with them when they leave military service. Military veterans' employability. Employment is a key component of:
 That specialized training and education typically pertain to a service person's mission and job requirements in the military, such as the mission and job requirements of working in missile systems . The specialized education and training, available to military personnel that veterans take with them when they exit the armed forces, make them especially useful in technologically-intensive industries, such as in information technology, engineering and manufacturing, and security and intelligence fields (Delbourg-Delphis, 2014). Military veterans' employability. Employment is a key component of:
 Military veterans with suitable education and training may help enhance small business growth and prolong business survival through the successful applications of their particular experiences to fill the needs of the companies and industries to which they contribute (Delbourg-Delphis, 2014).  claimed that, despite the erratic nature of the working life of military personnel, veterans can leverage their vocational assets gained through the military to equal or exceed the occupational potential of nonveterans.  studied the skills and abilities of active duty, compared to workers in the civilian workforce, and noted that many military personnel outperform other members of the civilian workforce, based on physical, cognitive, and intellectual capabilities, strengthened through military experiences that can apply to the private sector."
"Veterans’ civilian employment experiences: Lessons learnt from focus groups","https://scispace.com/paper/veterans-civilian-employment-experiences-lessons-learnt-from-k2q1y6lryf","2019","Journal Article","Journal of Career Development","Mary Keeling
Sara M. Ozuna
Sara Kintzle
Carl A. Castro","10.1177/0894845318776785","https://scispace.com/pdf/veterans-civilian-employment-experiences-lessons-learnt-from-k2q1y6lryf.pdf","Emerging evidence highlights employment as a key factor influencing the success of transition from military to civilian life. Historically, employment programs have focused on improving skills such...","Title: Veterans' civilian employment experiences: Lessons learnt from focus groups Accepted for Publication by Journal of Career Development March 2018 Authors: M Keeling,& Castro Keywords: Veterans, Employment, Military transition, Unemployment"
"Ensuring Success for Veterans with Disabilities in STEM Degree Programs: Recommendations from a Workshop and Case Study of an Evidence-Based Transition Program","https://scispace.com/paper/ensuring-success-for-veterans-with-disabilities-in-stem-171dsi541y","2015","Journal Article","Journal of STEM Education: Innovations and Research","Mary Goldberg
Rory A. Cooper
Maria Milleville
Anne Barry
Michelle L. Schein","","https://scispace.com/pdf/ensuring-success-for-veterans-with-disabilities-in-stem-171dsi541y.pdf","Ensuring Success for Veterans with Disabilities in STEM Degree Programs: Recommendations from a Workshop and Case Study of an Evidence-Based Transition Program","I. Background and Literature Review:
 As of June 2013, over 50,000 have been wounded or injured in Operation Enduring Freedom (OEF) and Operation Iraqi Freedom (OIF) . After incurring injuries or illness, service members in military treatment facilities receive excellent medical care . As service members transition to veteran status and move beyond medical rehabilitation to vocational rehabilitation, through the VA and the state Vocational Rehabilitation services, they could bene t from structured activities that encourage reintegration into civilian community. I. Background and Literature Review:
 The bene t of veterans' interest in pursuing degrees in STEM extends beyond the veterans themselves. Undergraduate engineering education in the United States is reaching a critical shortage with alarmingly low prospective enrollment rates. Currently, only 9% of high school SAT takers express an interested in the discipline . Reports show that active duty service members and veterans returning to school may not follow the same trend. The General Technical scores, which are derived from the Armed Services Vocational Aptitude Battery and are used to assess quali cations for enlistment, reveal that 72% of active-duty enlisted recruits in 2011 scored at or above the median on the Armed Forces Quali cation Test, a test of cognitive aptitude, compared to 51.1% of civilians (O ce of the Under Secretary of Defense, . This high score can be interpreted as an indicator of aptitude in STEM. In addition, as non-traditional students with a unique set of experiences and life perspectives, having more veterans on campus promotes cultural diversity within academia. I. Background and Literature Review:
 Through military service, veterans have learned teamwork, sel ess sacri ce, accomplishing missions, and working through challenges. Thus, military experiences are a strong foundation for veterans wishing to pursue higher education for veterans with academic aspirations. The newest edition of the GI Bill (also known as the Post-9/11 GI Bill) provides 36-month coverage for higher education and is o ering one of the most comprehensive bene ts packages in history, thereby encouraging more active duty For VWDs, transition to an academic environment is lled with barriers. Navigating university bureaucracies, the uncertainty of credit transfer requirements, and understanding the GI Bill bene ts may discourage them from pursuing and/ or completing higher education . Only 22% of colleges with services for veterans (which by de nition include active-duty students) provide transition assistance, de ned as linking together services that would otherwise be o ered independently of each other; only two out of ve provide training opportunities for faculty and sta (using materials such as those provided by Kognito, 2012) to better assist veterans with transitionrelated issues . However, there are many support systems that are suggested to have a positive impact on the retention of VWDs including mentors, involvement with student veteran cohorts, and rehabilitation support, all of which encourage their success as students. There are also strategies to support VWDs' involvement in STEM: among them are building early awareness of careers as engineering technicians, engineering technologists and engineers and the pathways that lead to them; ensuring academic recognition of service members' prior experience; de ning and propagating supportive academic environments; and providing seamless support from government agencies, academic institutions and industry ."
"Military Service and Civilian Labor Market Outcomes: Comparing Employment of Post-9/11 Veterans and Nonveterans","https://scispace.com/paper/military-service-and-civilian-labor-market-outcomes-52gyca0djv","2016","Dissertation","","Matthew Ordway","","https://scispace.com/pdf/military-service-and-civilian-labor-market-outcomes-52gyca0djv.pdf","Veterans struggle to enter the civilian labor market following military service. Since the September 11 terrorist attacks, over 3.2 million Americans have served in the military. Upon returning home, these veterans are twenty percent more likely to be unemployed than nonveterans (7.2% vs 6%, respectively). This study investigates the association between military service and employment outcomes (employment status and weekly earnings) for post-9/11 veterans, a heretofore understudied group. Data was obtained from the Current Population Survey (CPS) Veteran Supplement. Linear probability models and OLS regressions were utilized to compare employment outcomes between veterans and nonveterans of similar age, education and race/ethnicity (“veteran effect”). Findings suggest that the veteran effect on employment is negative while the veteran effect on earnings, given employment, is positive. This is likely because of selection bias; the most productive veterans find employment and therefore command higher wages. Veteran effects differ by race and ethnicity, length of military service and time since service. Policymakers should tailor transition programs to the most vulnerable veterans, such as long-term military personnel.","transition from military service into the civilian labor market. This problem holds true for post-9/11 veterans returning from the Iraq and Ordway 28 Conclusion: Afghanistan wars just as it held true for Korean, Vietnam, and World War II veterans. Conclusion:
 Historically, white veterans face the same or lower employment outcomes as white nonveterans ). On the other hand, black veterans face the same or better employment outcomes than black nonveterans. Military service creates a ""bridging environment"" for minorities in that it provides previously unattainable employment outcomes . In 2014, the unemployment rate of veterans was significantly higher than nonveterans (7.2% vs 6%, respectively). This study served to further analyze the difference in employment status and weekly earnings among veteran and nonveterans. By understanding how the veteran effect changes with length of service, time since service and race and ethnicity, more effective public policy can be developed to combat this problem. Conclusion:
 Through linear probability models and OLS regression, this study analyzed employment outcomes (employment status and log weekly earnings) as a function of veteran status while controlling for other independent variables (age, education, race and ethnicity). Evidence indicated a negative veteran employment status of 5.1 percentage points and a positive veteran earnings status of 5.8 percent. Breaking down the veteran effect by length of service revealed a negative association with employment and a positive association with earnings. Breaking down the veteran effect by time since service revealed a positive association with employment and a negative association with earnings. All three employment veteran effects conformed to expectations, based on previous literature, while the three earnings veteran effects did not conform to expectations ). Finally, analyzing the veteran effect by race produced results that were generally expected. The veteran effect among whites is negative for both earnings and employment. Among blacks, the veteran effect is positive for both earnings and employment. I did not expect Hispanics to have a significant Ordway 29 negative veteran effect for employment and a significant positive veteran effect for earnings. This makes sense as there is a perception that whites that enter the military had no other career opportunities available while minorities enter the military in order to progress their career (and are not expected to have other opportunities available). Further research is needed to understand this disparity. Conclusion:
 Although this analysis has its limitations, it adds value to the general literature on veteran employment outcomes. Overall, post-9/11 veterans are at a disadvantage in the civilian labor market despite government programs. However, veterans that are employed command higher wages suggesting they are more productive or there is a selection bias. Furthermore, the average veteran effect hides important heterogeneity among veterans, notably length of service and time since service, that previous studies do not account for. Further research on the association between military service and employment outcomes should be aimed at understanding why these differences in veteran effects occur. Additional research should study unobserved characteristics, such as ambition, between veterans and nonveterans as well as focus on females."
"Veterans in Transition: A Correlational Investigation of Career Adaptability, Confidence, and Readiness","https://scispace.com/paper/veterans-in-transition-a-correlational-investigation-of-51yuzsxl0r","2015","","","Schleurious LaVan Gaiter","","https://scispace.com/pdf/veterans-in-transition-a-correlational-investigation-of-51yuzsxl0r.pdf","Veterans in Transition: A Correlational Investigation of Career Adaptability, Confidence, and Readiness by Schleurious LaVan Gaiter MS, University of Maryland, University College, 2004 MS, Georgetown University, 1995 MS, University of Florida, 1983 Doctoral Study Submitted in Partial Fulfillment of the Requirements for the Degree of Doctor of Education Walden University April 2015 Abstract Thousands of service persons and veterans may be leaving military service annually without required skills and not receiving timely career counseling and interventions needed to aid in their career transitions. Knowledge about service persons’ career adaptability, confidence, and readiness could enhance the actions of all stakeholders to address the challenges that accompany career transitions and may aid in identifying needed counseling and interventions. Using a survey containing the Career Transitions Inventory and the Career Futures Inventory–Revised, perspectives were obtained from service persons (N = 264) while attending Transition Assistance Program workshops. Two research questions for the study examined associations between individuals’ career adaptability and 2 transition variables: confidence and readiness. Statistical testing was accomplished using Pearson correlation coefficient, t test, and 1-way analysis of variance. Correlations of transition confidence and overall career adaptability scores indicated a low negative correlation (r (262) = -0.4299, p < .01), and correlations of transition readiness and overall career adaptability scores indicated a low positive correlation (r (262) = 0.3988, p < .01). In addition, significant differences were noted when examiningThousands of service persons and veterans may be leaving military service annually without required skills and not receiving timely career counseling and interventions needed to aid in their career transitions. Knowledge about service persons’ career adaptability, confidence, and readiness could enhance the actions of all stakeholders to address the challenges that accompany career transitions and may aid in identifying needed counseling and interventions. Using a survey containing the Career Transitions Inventory and the Career Futures Inventory–Revised, perspectives were obtained from service persons (N = 264) while attending Transition Assistance Program workshops. Two research questions for the study examined associations between individuals’ career adaptability and 2 transition variables: confidence and readiness. Statistical testing was accomplished using Pearson correlation coefficient, t test, and 1-way analysis of variance. Correlations of transition confidence and overall career adaptability scores indicated a low negative correlation (r (262) = -0.4299, p < .01), and correlations of transition readiness and overall career adaptability scores indicated a low positive correlation (r (262) = 0.3988, p < .01). In addition, significant differences were noted when examining survey results based on demographic variables such as race, education, marital status, highest pay-grade achieved, and years of service. This study contributes to social change by demonstrating techniques for assessing personal traits. Implications are discussed for using self-reported data for counseling and interventions for individuals, which could enhance their career transition experiences. Veterans in Transition: A Correlational Investigation of Career Adaptability, Confidence, and Readiness by Schleurious LaVan Gaiter MS, University of Maryland, University College, 2004 MS, Georgetown University, 1995 MS, University of Florida, 1983 Doctoral Study Submitted in Partial Fulfillment of the Requirements for the Degree of Doctor of Education Walden University April 2015 Dedication First, I dedicate this dissertation to my loving wife, Elizabeth Diane CooperGaiter, for without your support, encouragement, and help, completing this doctoral journey would not have been possible. You endured countless hours of my conducting research, making revisions, and enlisting your help in administering my research survey. Second, I dedicate this dissertation to my parents, Doris J. Gaiter and the late John S. Gaiter, Sr. Your love and guidance and the examples you embodied enabled me to achieve this and many other career and educational milestones. Third, I would like to dedicate this dissertation to my daughter, Rachel. Please remain inspired and committed to do your best in your pursuits. Like me, I believe that you will remain a lifelong learner. Fourth, I would like to dedicate this dissertation to my family and friends who have offered words of encouragement and shared special moments to help me become the person that I am. Acknowledgements I am very thankful and grateful for all the blessings I have received and the divine presence that kept me uplifted and focused throughout this doctoral journey. I would like to acknowledge the valuable support and guidance of my Doctoral Committee Chair, Dr. Myron Pope, and my Doctoral Committee Member, Dr. Kim Nisbett. I am grateful for the care and diligence you provided during my doctoral journey. I would also like to acknowledge key individuals that were instrumental in my gaining the approvals needed to conduct my survey research and ultimately gaining access to surprisingly willing U. S. Navy service persons. Thank you Rear Admiral Mark R. Whitney, Dr. Robert L. Fagan, Mr. Alexander Ottaviani, and Ms. Jamie Forrest.","adaptability, confidence, and readiness, of U.S. service persons during the process of their preparations for separating from active military service. Rationale for Choosing the Problem: Annually in Hampton Roads, approximately 16,000 service persons in the U.S. Rationale for Choosing the Problem:
 Navy transition from military service; and, of this number, 3,000 retire and 13,000 sailors separate from service . Added to the 16,000 Navy personnel who transition annually in the local Hampton Roads area are thousands of personnel leaving the Army, Air Force, Marine Corps, Coast Guard, Reserves, and National Guard . Rationale for Choosing the Problem:
 According to the Bureau of Labor Statistics (BLS), the unemployment rate for new veterans was reported as an alarming 10.3% . In a research study involving 1,853 veterans, multiple regression analysis yielded four factors that were indicative of successful transitions: (a) being an officer, (b) understanding one's missions and assignments while serving, (c) being a college graduate, and (d) having religious beliefs for post-9/11 veterans . Also in that study, six factors predicted difficult transitions (i.e., diminished probability of easy transitions): (a) having a traumatic experience while serving, (b) being seriously injured, (c) serving in a combat zone, (d) serving with someone who was killed or injured, (e) serving in the post-9/11 era, and (f) being married while serving in the post-9/11 era. Operational Definitions:
 This section provides descriptions of the special terms utilized in this research study. The special terms include: Operational Definitions:
 Active duty or active military service: Personnel working full time in the U.S. Operational Definitions:
 Armed Forces' service branches that include the Department of Defense's (DoD's) U.S. Operational Definitions:
 Army, Air Force, Navy, and Marine Corps, with the U.S. Coast Guard serving under the Department of Homeland Defense during peacetime and the Navy in times of war . Operational Definitions:
 Benefits (veterans' benefits): An array of entitlements for veterans with roots traced back to 1636. Benefits may include disability compensation; direct medical, hospital care, medical facilities, outpatient clinics, nursing homes, and domiciliaries; GI Bill educational assistance; pensions for veterans, widows, and dependents; veterans homes; insurance for service persons and veterans; vocational rehabilitation for the disabled; and eligibility for internment in the National Cemetery System and marking of graves (U.S. Department of Veterans Affairs, 2014). Operational Definitions:
 Career adaptability: A term initially coined by Super and colleagues to describe the process adults use to make adjustments for meeting the challenges of an evolving workplace. Later the term was described as a psychosocial construct associated with persons' readiness and resources for coping with career, occupational, and traumatic experiences and transitions . Operational Definitions:
 Career transition: A term described by  and  as a situation involving one of three career changes: (a) task change-shifting from a set of tasks to another at the same job or location ; (b) position change-shifting from jobs within the same organization or another with limited changes in job duties; and, (c) occupation change-transitioning from one type of duties to a different job or work setting or different duties to another."
"Strategies to Recruit and Hire Military Veterans","https://scispace.com/paper/strategies-to-recruit-and-hire-military-veterans-2zyyie6xqw","2016","","","Chinyere Asoh","","https://scispace.com/pdf/strategies-to-recruit-and-hire-military-veterans-2zyyie6xqw.pdf","Strategies to Recruit and Hire Military Veterans by Chinyere Asoh MS, Trident University International, 2009 BS, University of Maryland University College, 2007 Doctoral Study Submitted in Partial Fulfillment of the Requirements for the Degree of Doctor of Business Administration Walden University December 2016 Abstract The inability of business owners to hire skilled employees affects the profitability of a small business. Small business owners may attain profitability by understanding the value of military veterans and cultivating strategies for the hiring and recruitment process. The purpose of this qualitative multiple case study was to explore strategies that business owners in Fayetteville, North Carolina used to recruit military veterans as a means to acquire skilled employees to maximize productivity, profitability, and sustainability. The conceptual framework of this study included human capital theory and recruitment theory. The purposive sample consisted of 6 participants who were small business owners. Data from interviews and supporting documents were processed and analyzed using data source triangulation to identify 3 emergent themes. Findings indicated that, for these 6 Fayetteville small business owners, job description and transition workshops, resume review and communication, and accommodations and benefits were key attributes related to the successful recruitment of military veterans as skilled employees. Specifically, streamlined hiring processes, relationship building, and access to resources were predictive of a successful hire. Knowledge barriers regarding hiring processes prevented efficient communication between small business owners and military veterans, but business owners cultivated strategies to help with hiring military veterans. The implications for positive social change include the potential for business owners to capitalize on the skills that military veterans bring to the civilian workforce, which in turn may improve the economy.The inability of business owners to hire skilled employees affects the profitability of a small business. Small business owners may attain profitability by understanding the value of military veterans and cultivating strategies for the hiring and recruitment process. The purpose of this qualitative multiple case study was to explore strategies that business owners in Fayetteville, North Carolina used to recruit military veterans as a means to acquire skilled employees to maximize productivity, profitability, and sustainability. The conceptual framework of this study included human capital theory and recruitment theory. The purposive sample consisted of 6 participants who were small business owners. Data from interviews and supporting documents were processed and analyzed using data source triangulation to identify 3 emergent themes. Findings indicated that, for these 6 Fayetteville small business owners, job description and transition workshops, resume review and communication, and accommodations and benefits were key attributes related to the successful recruitment of military veterans as skilled employees. Specifically, streamlined hiring processes, relationship building, and access to resources were predictive of a successful hire. Knowledge barriers regarding hiring processes prevented efficient communication between small business owners and military veterans, but business owners cultivated strategies to help with hiring military veterans. The implications for positive social change include the potential for business owners to capitalize on the skills that military veterans bring to the civilian workforce, which in turn may improve the economy. Strategies to Recruit and Hire Military Veterans by Chinyere Asoh MS, Trident University International, 2009 BS, University of Maryland University College, 2007 Doctoral Study Submitted in Partial Fulfillment of the Requirements for the Degree of Doctor of Business Administration Walden University December 2016 Dedication I thank God for giving me the grace to start and complete this journey despite numerous challenges. My boys, Micah and Jason provided the right amount of motivation to propel me to the finish line. My friend, Franklin Sturghill supported and continuously encouraged me through the entire program, and the lessons I learned from my mother, Maryrose Asoh regarding hard work led me to this defining moment. Without their love and endurance, I would never have completed this journey. I am truly thankful for my family, and I dedicate this document to them. In addition, I dedicate this work to my late father, Cyprian Emeka Asoh, who loved me dearly. Acknowledgments I am thankful to make it to the end of my doctoral journey. There are many people that contributed to my success. I would like to thank my chair, Dr. Diane Dusick, for her guidance and support. She is meticulous, and extremely goal oriented; both of these qualities helped me complete my doctoral study in a timely manner. Dr. Dusick builds winning teams, and I was grateful to be on her team. I want to thank my second committee member, Dr. Rocky Dwyer, for his constant words of encouragement and for challenging me to achieve the highest level of academia. I also want to acknowledge Dr. Kenneth Gossett (university research reviewer), for supporting me with timely feedback. I would also like to thank Kevra Rose, my sissy for her support, and finally, my friend Tanisha Currie for her prayerful support.","problems with civilian employment. Veterans Training and Development for Civilian Employment: Delbourg-Delphis ( ) supported my research as I tried to explore the positive effects of hiring veterans for business leaders while acknowledging that there are limitations that military veterans may have . Veterans Training and Development for Civilian Employment:
 The limitations of military veteran hire included concerns of (a) posttraumatic stress disorder, (b) traumatic brain injury, and (c) other disability impairments .  surveyed 1,083 human resource professionals in 2010. Veterans Training and Development for Civilian Employment:
 The 33-question survey took approximately 10 minutes to complete. The outcome of the research inferred that the majority of employers felt that military veterans would benefit their companies and perform at the same level as other workers, but some of the respondents felt that hiring military veterans might involve more cost as well as additional manager supervision. Veterans Training and Development for Civilian Employment:
 Contrary to the views of , military veterans are adaptable and can learn and apply new skills with limited to no supervision . Military veterans deployed to different countries and employed the training they had in support of the war, and they emerged successful . Veterans Training and Development for Civilian Employment:
 Military veterans served honorably in foreign countries and as decentralized problem solvers , employed in the civilian workforce challenged these skilled workers to fulfill their duty, not hinder performance. Veterans Training and Development for Civilian Employment:
 As business owners learned about the skills of military veterans, there were also training opportunities available to prepare military veterans for civilian employment. In the military, service members had an opportunity to attend college utilizing the Tuition Assistance (TA) designed to fund Associates through Master's degree programs . TAP was revamped by President Obama to include the SBA, Office of Personnel Management, and the Departments of Veterans Affairs (VA), Labor, and Education, to help prepare military veterans as they prepare for the transition into the civilian workforce (The White . Veterans Training and Development for Civilian Employment:
 TAP helped military veterans with schooling, training, and credentialing (The White . The new program starts as soon as the military member joins the military. There are different tracks that military veterans may decide to pursue as they leave the military like education, technical training, and entrepreneurship (The White . The education track focuses on how to get into the college of choice and afford it . The military veteran is assisted throughout the process until positive contact is made with an education counselor. Veterans Training and Development for Civilian Employment:
 The technical training track will help the military veteran with selecting the technical training school and field of choice . The military veteran receives support until a meeting occurs between the career technical expert and the military veteran. For military veterans interested in opening up their own business, the advantages and disadvantages of entrepreneurship are provided to the military veteran. The military veteran will also complete a business plan and be connected with a successful business mentor to help in the process . Veterans Training and Development for Civilian Employment:
 Delbourg-Delphis (2014) used statistical data from the Department of Labor to illustrate the number of military veterans that were hired in the previous year to show that educated military veterans helped the hiring process. Delbourg-Delphis did not show the statistics regarding the turnover rate of military veterans in small businesses. The findings of Delbourg-Delphis may have practical use among many transitioning military veterans as well as organizations looking to hire military veterans."
"Federal Educational Assistance Programs Available to Service Members: Program Features and Recommendations for Improved Delivery","https://scispace.com/paper/federal-educational-assistance-programs-available-to-service-3vgaxf0v7m","2015","","","Peter Buryk
Thomas E. Trail
Gabriella C. Gonzalez
Laura L. Miller
Esther M. Friedman","","https://scispace.com/pdf/federal-educational-assistance-programs-available-to-service-3vgaxf0v7m.pdf",": Department of Defense (DoD) Office for Military Community and Family Policy asked RAND to review federal military educational assistance programs available to active duty and reserve service members; develop a holistic system overview; identify program outcomes that program managers either currently measure or should be measuring; consider benchmarks of success to compare these programs against; and make recommendations for improving the way educational benefits for military personnel are managed and used, thereby potentially improving cost efficiencies of programs. It was outside the scope of this study to determine the effectiveness of these programs or to develop a comprehensive research design. While we describe a possible framework for a rigorous outcome evaluation, we have not analyzed any service member outcomes (educational, employment, or income) to determine whether those who used educational benefits are better off than if they had not had access to the benefits and/ or better off than those who did not use the benefits. A separate research effort would be required to perform an overall, comprehensive evaluation of educational assistance programs for service members. The research team considered federal education benefits programs available to service members that DoD, the Department of Veterans Affairs (VA) (which manages four programs available to personnel who are still in the military), and the Department of Education (ED) administer. We reviewed publicly available program information and discussed specific characteristics with program managers. We also reviewed academic literature on both civilian and military education benefit programs to identify common characteristics, performance measures, and outcome measures. The literature suggests that the benefits of educational assistance programs may extend well beyond retention, recruitment, loyalty, and worker productivity, both for civilians and military service members.","chances for promotion and be more productive in their assigned duties while still in military service. Supporting a successful transition to postservice civilian life was also a frequently stated goal, especially for VA-administered programs but also among DoDadministered programs. Key Findings:
 In terms of program eligibility and oversight, many of the programs are available simultaneously, especially for those participating in active-duty service. These programs are administered across DoD, VA, and ED, with limited cross-department coordination. Some DoD programs' eligibility extends beyond the end of active service into the veteran or drilling reserve period because reserve component members can access select programs based on service-specific guidelines. Key Findings:
 The continuously overlapping nature of many programs could make choosing the most appropriate one(s) for an individual's needs and eligibility at a given time challenging-the most cost-and time-efficient route to achieving an educational goal is often unclear. In particular, service members must navigate myriad, disparate sources to gather information on the education benefits available to them at various times during their military careers. Key Findings:
 tary Training are two ways to achieve this goal. DoD should consider encouraging service members to attempt DANTES-sponsored examinations whenever possible prior to applying for TA funds. Similarly, emphasizing application for ACE College Credit for Military Training should also be considered. Suggestions for Improved Program Cost Efficiency:
 Programs that generate transferrable academic credit through testing and conversion of work experience are less expensive than the cost of tuition and fees for equivalent credits. Thus, guiding service members to use the former whenever possible could reduce the costs of programs that provide direct funding for education, if this is not already common practice. In fact, the testing and credit programs frame or measure their success in terms of service TA cost avoidance. Additionally, credits obtained through testing and work conversion could reduce the time to degree completion by enabling students to acquire credits more rapidly. We recommend strengthening and expanding working relationships of program managers and leadership across departments to facilitate development of more holistic educational assistance policies to promote moreeffective and -efficient use of military education benefits. For example, DoD, VA, and ED could create a cross-department hierarchy of education benefit use that could guide military personnel toward using the program with the highest potential for return (i.e., cost, credits, time) at a given time first and then leveraging other programs subsequently or to a lesser extent. Suggestions for Improved Program Cost Efficiency:
 Currently, we are not aware of a mechanism for tracking an individual's use of education benefit programs across departments. Development of such a system has potential to help reduce overall costs by identifying possibly redundant program spending. Also, such a system could make tracking benefit use and measuring educational progress more straightforward and provide education counselors with a tool to help service members design a financially efficient education plan. For example, someone using a subsidized ED student loan who is also eligible for the Post-9/11 GI Bill is likely using resources inefficiently and should be discouraged. However, if a service member is eligible for a Pell Grant or employer education funding (e.g., reserve component members who have civilian jobs), it might be better to use these benefits rather than TA funds. Using these benefits would not add to the service member's burden but would reduce DoD and/or VA program costs."
"An Interpretive Phenomenological Analysis of Women Veterans Transitioning Back into Civilian Life","https://scispace.com/paper/an-interpretive-phenomenological-analysis-of-women-veterans-27vuipmyc9","2019","","","Paula Boros","","https://scispace.com/pdf/an-interpretive-phenomenological-analysis-of-women-veterans-27vuipmyc9.pdf","........................................................................................................................... xix CHAPTER I: INTRODUCTION .................................................................................... 1 Personal Interest in the Topic ................................................................................. 2 Military Culture and Identity .................................................................................. 4 Military Total Institution......................................................................................... 6 Features of Military Total Intuitions ........................................................... 8 Feature one: total control. ............................................................... 8 Feature two: no individual identities............................................... 9 Feature three: harsh treatment. ...................................................... 10 Appearance and Physical Requirements ................................................... 11 Rank, Grade, and Type ............................................................................. 12 Military Hypermasculinity .................................................................................... 13 Background of the Problem .................................................................................. 15 The Military Transition Process............................................................................ 19 Statement of the Problem ...................................................................................... 20 Purpose of the Study ............................................................................................. 21 viii Feminism and Feminist Theory ............................................................................ 22 Waves of Feminism .................................................................................. 24 Wave I. .......................................................................................... 25 Wave II.......................................................................................... 26 Wave III. ....................................................................................... 27 Wave IV. ....................................................................................... 29 Wave V. ........................................................................................ 31 Significance of the Study ...................................................................................... 31 Summary ............................................................................................................... 35 CHAPTER II: REVIEW OF THE LITERATURE .................................................... 36 Military Sexual Harassment, Assault, and Violence ............................................ 36 Gender Divide ........................................................................................... 37 Sexual Orientation .................................................................................... 39 Sexual Assault and Domestic Violence .................................................... 40 Gender Equality and Equity .................................................................................. 41 Terminology .............................................................................................. 42 The Social Construction of Gender............................................... 43 Gender equality. ............................................................................ 45 Gender harassment. ....................................................................... 46 Distinguishing Between “Others” ............................................................. 47","maintain their career. Yet, in the civilian world, veterans begin to relearn these skills. This is another example of how a systematic transition works for veterans and how the literature is not focusing on transition-further justifying the need to study transition. Unemployment:
 To further explore unemployment,  found that women veterans with disabilities were less likely to maintain employment across their lifespan in comparison to non-disabled veteran counterparts and the general population. If being a woman automatically reduces the chance of getting employment in comparison to men, then women having disabilities on top of it reduces the employment percentage even more, resulting in higher unemployment rates for women veterans and even higher rates of women veterans with disabilities, especially PTSD .  studied the unemployment, earnings, and college enrollments of veterans in comparison to civilians. The researcher discovered that veterans post 9/11 have a higher rate of unemployment, especially women veterans versus their male veteran counterparts. In comparison to civilians, unemployment was higher for veterans, especially women veterans. In reference to employment after service, the bridging hypothesis can be used to help explain the racial differences between groups and to determine if military service is advantageous or disadvantages for different groups . Through this bridging hypothesis, employers make the determination if military service helps or hinders the hiring organization, with the employer's perceptions of military status being taken into consideration.  found that women veterans returning to civilian jobs in rural areas have a much more difficult time finding employment compared to veterans working in the urban areas, significantly reducing the employment rate for these women in these areas, while increasing the risk for homelessness. Under federal law, veterans who served in a certain military campaign during active duty or whom have disabilities meet the criteria for preferential treatment over non-veterans when it comes to hiring (see  for criteria list) ). Yet there is no evidence that shows the effectiveness of these laws and programs . Unemployment:
 One possible reason veterans have a harder time obtaining and or maintaining employment is due to the cost associated with hiring employees that have health conditions and disabilities.  found that health conditions and disabilities resulted in higher percentages of absences, thus reducing the productivity of the individual while increasing productivity costs for the business. As previously mentioned, veterans suffer from a variety of conditions both physical and mental, when transitioning. These conditions might end up costing the employer on average anywhere from $327 to $392 for each employee per condition . It is not a far reach to understand that if veterans have some sort of health or disability concern that reduces productivity, employers may not want to take on the additional cost to their company in order to support veterans obtaining employment. Educational Development:
 Once separated from the military, veterans are usually seeking employment and/or education. Veterans ""experience some disorientation upon re-entering the civilian workforce and classroom"" ). Ainspan and Smith-Osborne (2016) linked education and employment together, stating that veterans are under undue amounts of psychological stress as they look for employment or search for educational programs and as they adjust to leaving the military to work for the civilian work place or educational environments. Some jobs might require education along with job experience in a particular field."
"Success Factors of Veteran-Owned Small Businesses","https://scispace.com/paper/success-factors-of-veteran-owned-small-businesses-3j5b3qkhfy","2015","","","Kenneth Joseph Chamberland","","https://scispace.com/pdf/success-factors-of-veteran-owned-small-businesses-3j5b3qkhfy.pdf","Success Factors of Veteran-Owned Small Businesses by Kenneth J. Chamberland, Sr. MBA, Embry-Riddle Aeronautical University, 2011 MSTM, Embry-Riddle Aeronautical University, 2010 BSTM, Embry-Riddle Aeronautical University, 2007 Doctoral Study Submitted in Partial Fulfillment of the Requirements for the Degree of Doctor of Business Administration Walden University June 2015 Abstract Small business failure rates equate to 30% within 2 years and 50% after 5 years. The purpose of this multiple case study was to explore the strategies that veteran-owned small businesses used to sustain a business beyond 5 years in central Florida. Using a purposeful sampling technique, 13 central Florida veteran small business owners consented to interviews about their operating processes. Analysis of the veteran-owner managerial practices revealed common nodes and themes regarding small business longevity factors. Based on constant comparison coding, 4 small business themes emerged: business operating practices, market research, business adversities, and external small business assistance avenues. The experiences of veteran small business owners emulated the general systems theory and the triple-loop learning theory in identifying, organizing, and initiating process changes for small business operational permanence. This study has social change implications for aspiring veteran small business owners: Successful veteran entrepreneurship can promote positive social values, stakeholder satisfaction, and employment opportunities by exploring small business operating strategies, conducting market analysis, overcoming adversities, and petitioning external small business veteran programs.Small business failure rates equate to 30% within 2 years and 50% after 5 years. The purpose of this multiple case study was to explore the strategies that veteran-owned small businesses used to sustain a business beyond 5 years in central Florida. Using a purposeful sampling technique, 13 central Florida veteran small business owners consented to interviews about their operating processes. Analysis of the veteran-owner managerial practices revealed common nodes and themes regarding small business longevity factors. Based on constant comparison coding, 4 small business themes emerged: business operating practices, market research, business adversities, and external small business assistance avenues. The experiences of veteran small business owners emulated the general systems theory and the triple-loop learning theory in identifying, organizing, and initiating process changes for small business operational permanence. This study has social change implications for aspiring veteran small business owners: Successful veteran entrepreneurship can promote positive social values, stakeholder satisfaction, and employment opportunities by exploring small business operating strategies, conducting market analysis, overcoming adversities, and petitioning external small business veteran programs. Success Factors of Veteran-Owned Small Businesses by Kenneth J. Chamberland Sr. MBA, Embry-Riddle Aeronautical University, 2011 MSTM, Embry-Riddle Aeronautical University, 2010 BSTM, Embry-Riddle Aeronautical University, 2007 Doctoral Study Submitted in Partial Fulfillment of the Requirements for the Degree of Doctor of Business Administration Walden University June 2015 Dedication This study is dedicated to my wife, Elizabeth. Thank you for your continued prayers and support in assisting me through this educational journey. I could not have done it without you. Yo te Amo! Acknowledgments I would like to give God all the glory and honor for helping me along this doctoral journey. Thank you goes out to Dr. Freda Turner, Dr. Romuel Nafarrete, Dr. Patricia Fusch, Dr. Arnold Witchel, the Walden DBA faculty, and associated students for their continued guidance, support, and motivation throughout this educational experience. I would also like to acknowledge the men and women of the United States military for their unwavering support and dedication around the globe. I would not have this educational freedom today without our military service.","Bootcamp for Veterans with Disabilities) focused on helping disabled military veterans. Veterans enrolled in the program learn business planning, accounting, human resource development, marketing, and legal processes . Program librarians aid veteran enrollments with instructional, research, and counseling assistance . Veteran Assistance:
 In applying the general systems theory (von , veteran small business owners may seek government support in providing guidelines and assistance to operate and maintain a small business. Governmental bureaucracies  impact veteran small business creations. Veterans' rights assistance , avenues , and transition assistance  aided in establishing a small business venture. Veteran Transitions:
 The U.S. economy may wane considering the influx of service members leaving the military for civilian opportunities . Veteran-owned small businesses may confront and overcome similar transitional effects in operating the venture . For this reason, transitioning veteran choices on whether to start a small business venture, enter the workforce, return to academia, or simply retire may be a daunting endeavor. Veteran Transitions:
 Veteran employability. Veteran small business owners may need to reflect on employee attributes for a prolonged business existence. Small businesses account for approximately 99% of all businesses in the U.S. while military service members transitioning from active duty back into a civilian lifestyle are confronted with a 21% overall unemployment rate . A veterans' employability then becomes an employment factor with respect to workplace satisfaction and career success . In researching how worker perceptions of success changed over the course of time,  revealed that the worker employability depends on the expertise, capabilities, and abilities of an individual in adapting to new workplace complexities.  stated that veterans choose to enter into self-employed small businesses, to include service-disabled veteran owners. From these,  found veteran-owned ventures accounted for 13% of servicedisabled veteran ventures accounting for 8.3% of all small businesses.  examined the perception of subjective and objective career success in discovering that from the 47,000 workers polled on meaningful employment, 27% were involved, 58% were uninvolved, and 15% were detached from work.  noted that from the 27% responding as engaged, 92% expressed gratification and significance with work.  conducted a quantitative study of veteranowned business demographics, ethnicity, gender, and military reservist impacts. From the 397 respondents,  posited veteran-owned businesses as positively affected by ethnicity, gender, and education level but were not with age or military status. Veteran Transitions:
 Based on this study,  noted that veteran officers were less likely to start up a small business venture potentially due to seeking executive employment positions derived from possessing a higher education and found that 32% of the veteranowned small businesses centered on professional, scientific, and technical services markets.  reported on military veterans with more than 20 years of service were more likely to be self-employed, married, and had at least a high school education.  found that worker engagement promoted positive talent increases and performance levels.  noted that earlier worker career incentives centered on pay and benefits while later worker career considerations focus on increased learning, flexibility, and independence.  concluded that potential employers need a broader view of worker career goals and worker employability in seeking candidates for employment."
"Integration of Racially and Ethnically Diverse Modern Day Military Veterans in American Higher Education","https://scispace.com/paper/integration-of-racially-and-ethnically-diverse-modern-day-28w92n4yoo","2011","","","Cedric Mandell Kenner","","https://scispace.com/pdf/integration-of-racially-and-ethnically-diverse-modern-day-28w92n4yoo.pdf","This study focused on examining the integration and transition challenges of racially and ethnically diverse modern day military veterans at a predominantly white research university. Modern day racially and ethnically diverse veterans who have been retained at the institution past their freshman year were invited to participate in the study. Tinto’s (1975) Student Integration Model (SIM) served as the theoretical framework for the study which focused on retention and academic support strategies that could be appropriate for racially and ethnically diverse modern day military veterans in American higher education. The methodology utilized in this study was phenomenology which utilized interviews as the primary method of qualitative inquiry. Eight primary themes emerged through the study including college aspirations, college transition, networking opportunities, campus involvement, campus support services, race and ethnicity issues, personal discipline, and nontraditional student status. These themes represent the experiences among modern day racially and ethnically diverse veterans as they have transitioned to college following their military careers as well as what has affected their continued enrollment at the institution.","stereotype . Transition Assistance Program.: The research has shown one of the major incentives for joining the military was the educational benefit offered to service members. Unfortunately, enlisted members were often recruited from lower socioeconomic areas and had low academic aspirations prior to enlisting. Transition Assistance Program.:
 For this reason, many do not choose to utilize their educational benefits after they separate from active duty . Likewise, veterans from underserved areas in general, became less likely to understand how to calculate expected cost and navigate through financial aid programs offered through the military. The socioeconomic status and educational success of a veteran prior to enlisting in the military greatly impacts their educational aspirations. Lowincome soldiers tended to view college as expensive and selective. Two-year colleges had started to become a viable option for veterans who wanted to attend college, but they were unsure of the educational commitment and financial obligations. Many of the veterans that have attended twoyear colleges had more opportunity to gain confidence in their educational abilities focusing on core curriculum courses. Unfortunately, veterans ""make college enrollment choices based on their life experiences, and their exposure to college"" . Transition Assistance Program.:
 Military culture required a rank structure, or chain of command, and enculturation forces veterans to submit to a hierarchy of authority figures. Intrinsically, this style of structure was founded on a scaffold of violence, which is prohibited by civilian law. The military rewards violent behavior with ceremony. Imprinting people with a warrior mentality has been proven to have an adverse effect on many veterans' resocialization back into civilian culture. This cultural divide between military and civilian life will continue to hamper many veterans as they transition to an educational environment. Due to the lack of adequate information exploring this transition process, educational institutions and counselors are ill-equipped to handle veterans as these transitional issues occur .  offers recommendations on how to overcome barriers associated with postsecondary educational participation of veterans: Transition Assistance Program.:
 • Advise and assist soldiers in using nontraditional methods when specific or formal course offerings are not available. Transition Assistance Program.:
 • Establish procedures to monitor soldiers' progress toward nontraditional educational, vocational, and career goals. • Assist soldiers in finding alternate funding sources such as grants and scholarships when tuition assistance is unavailable. Veterans who were considered underserved prior to enlisting in the military generally had a higher rate of not succeeding in higher education. Underserved veterans include minorities (culturally and ethnically), academically unprepared, socially unprepared, low socioeconomic status, first generation, and nontraditional students . A large number of underserved students have enrolled in postsecondary education via four-year private and public institutions, but an even larger number have enrolled in two-year institutions. Transition Assistance Program.:
 Although some four-year institutions have traditionally served this population, community colleges have been predominantly expected to provide postsecondary education to underserved populations ."
"A Phenomenological Study On The Perceptions Of The Veterans Transition Into The Civilian Workforce","https://scispace.com/paper/a-phenomenological-study-on-the-perceptions-of-the-veterans-d4ahlis8jo","2019","","","Tiffany M Allen
Tiffany Allen-Hampton","","https://scispace.com/pdf/a-phenomenological-study-on-the-perceptions-of-the-veterans-d4ahlis8jo.pdf","","themselves; gender, socioeconomic status, ego development, physiological resources, etc., all play a role. Social stigmas associated with being a female veteran may also provide additional challenges in how they perceive themselves (Springer, 2017). Study 1: Discussion:
 Researchers have concluded that the adaptability and recovery of a veteran is more likely to occur if they have multiple coping strategies . Members who obtained their education post-secondarily and who took advantage of supportive services prior to separation were expected to yield more positive findings than those that did not. The methods in which a veteran chooses to prepare for their transition is important to understand when attempting to provide further assistance in the process. Those who take advantage of these resources are seen to be more prepared for the obstacles that lie ahead as opposed to those who felt as if no assistance was needed. Study 1: Discussion:
 Challenging dynamics impact the transition from military to civilian employment. Past studies have brought awareness to the encountered obstacles. The difficulties veterans face postseparation have often been linked to mental health challenges and the subsequent inability to obtain or retain employment. Those who do not seek support after separation have been found to have more trouble in obtaining employment. These same members have a low level of certainty in terms of their strengths, skills, and satisfaction with the transition process, thus causing them to encounter difficulties in obtaining any employment, but in particular, employment that is believed to meet their skill set. Study 1: Discussion:
 When veterans work in positions misaligned with the skills acquired while in service, a negative impact on confidence can occur and further challenge employment levels. As displayed in Table ), female and male veterans who struggled more with hopelessness (I tried not to get discouraged, p= .002), or defeatism, (I had to settle for a less qualifying position, p= .023), held a higher level of unemployment than those that did not share that as a struggle. Military transition is a challenging event that requires deep understandings of military separation and reintegration of the workforce. Given the barriers to integration, veterans can easily face overwhelming feelings of hopelessness when returning home to look for employment. Study 1: Discussion:
 There are many support services, conveniently and proximately located near military installations that can be accessed at any time and help with the transition process. According to the United States Government Office 2014 Report, there are 99 national programs identified by the Department of Defense to assist with the transition of military veterans. These programs offer an array of services throughout the country with just 18% identified as employment assistance programs. Additionally, 46% were related to mental and physical health services, 13% to education assistance, and 23% related to counseling and case management services. The employment programs have been charged with assisting service members in professional abilities such as resume writing, interview skills, and job search techniques that will help them prepare for reintegration . Study 1: Discussion:
 The improved targeting and strengthening of employment counseling services, both how to apply for jobs and how to succeed in them if offered both pre-and post-separation, could be the key to improving the hopelessness or defeated positions of some military veterans. It is worthwhile to return to Schlossberg's transition theory, Nicholas' work transition theory, and Burke's identity control theory as potential tools to assist in understanding not only the obtaining of employment but of employment fit or satisfaction."
"Exploring Critical Success Factors of the Redesigned Military Transitioning Program","https://scispace.com/paper/exploring-critical-success-factors-of-the-redesigned-1kl1ufckjf","2015","","","Gloria Jean Edwards","","https://scispace.com/pdf/exploring-critical-success-factors-of-the-redesigned-1kl1ufckjf.pdf","Exploring Critical Success Factors of the Redesigned Military Transitioning Program by Gloria Jean Edwards MS, Troy State University, 1993 BS, Benedict College, 1986 Dissertation Submitted in Partial Fulfillment of the Requirements for the Degree of Doctor of Philosophy","transition) used as a framework in this study provided a unique way to examine veterans in transition. The sponsors and facilitators of the MTP benefit from this research, which includes the participants' insights regarding the critical success factors of the redesigned MTP. Significance to Theory:
 Additionally, research related to the theories of this study contributes to the social, behavioral, and organizational literature related to military transition. Military officers are an understudied population, and providing data from their viewpoint on the established problem contributed to existing research . Further, the study also contributes to the scholarly literature related to transition, identity, and workrole transition theories in the management field. Significance to Social Change:
 The implications for positive social change include providing an awareness of perceived critical success factors and military officers' experiences regarding assistance from MTPs in their transition. Sharing the challenges and successes of transitioning as experienced by the participants under study provides information to aid the thousands of military veterans' still unemployed and seeking employment postretirement. Limited research exists in this area since the restructure of the MTP . Significance to Social Change:
 The results of this study include information to assist veterans in their successful transition to the civilian sector, thereby narrowing the gap between military organizations and corporate organizations. Problems with skills translation, negative stereotypes of veterans associated with the effects of combat stress, or acclimation are some of the challenges associated with veterans gaining civilian employment . Veterans who are aware of strategies such as transitioning to military-friendly companies, networking, preretirement planning, and take advantage of all available resources and support provided by the MTP are generally successful in their postretirement transition . Significance to Social Change:
 As a result of this study, senior leaders of the DoD, DoL, and DVA responsible for MTPs could use the findings to refine processes, expand services, and improve programs that benefit retired veterans seeking civilian employment. For example, DoD should provide more on-base access for private sector recruiting on base, encourage veterans to register early in the Veterans Employment Center (VEC) so they can dialogue with potential employers, and expand training and internship programs, which allows service members to participate in employment training in a civilian work environment . Future researchers might use the findings as a foundation from which to examine identified trends in further detail. The findings of this research contribute information that is valuable to the population of veterans who transition to society in general."
"Effects of Military Service on Earnings and Education, Revisited: Variation by Service Duration, Occupation, and Civilian Unemployment","https://scispace.com/paper/effects-of-military-service-on-earnings-and-education-27xvndiw52","2014","Book","","Paco Martorell
Trey Miller
Lindsay Daugherty
Mark Borgschulte","","https://scispace.com/pdf/effects-of-military-service-on-earnings-and-education-27xvndiw52.pdf","This report examines how military service affects earnings, especially how these effects differ by the number of years of service and military occupational specialties and how external factors and policies affect these impacts. The authors also examined how economic conditions in the civilian labor market when individuals exit active duty affect postservice earnings.","application record contains the information used to screen recruits, it might be that these controls are sufficient for eliminating differences between applicants who do and do not enlist that are relevant for later-life earnings (although some differences based on unobservable factors might very well remain). Abbreviations:
 Although Angrist (1998) found little effect of military service on earnings for whites and only moderate effects for nonwhites, subsequent research (Loughran, Martorell, Miller, and  Klerman, 2011 [henceforth LMMK]) showed that, when a more comprehensive measure of earnings was used (that included earnings paid by the military not subject to Federal Insurance Contributions Act [FICA] tax), there were substantial average gains of military service across a broad range of applicant subgroups. LMMK also examined the effect of military service on postsecondary schooling and found modest effects on whether veterans received college degrees (although these effects were too small to explain much of the earnings effects). Abbreviations:
 One issue that arose in LMMK is that, although service members generally experience an earnings premium relative to otherwise-similar nonveteran applicants for military service, there is a substantial dip in this earnings premium as service members separate from military service. The project described in this report builds on LMMK by attempting to better understand the ways in which military service affects earnings. After describing the data we use for the analyses in Chapter Two, we examine the extent to which the average effects of enlistment varied with the nature of an enlistee's military experience. In particular, we are especially interested in understanding how these effects differ by how long service members served (years of service, or YOS) and their military occupational specialties (MOS) while serving. Thus, in Chapters Three and Four, we address these questions by estimating effects of military enlistment on earnings and postsecondary schooling separately by length of time in the military and by MOS. Abbreviations:
 We also seek to understand how external factors and policies influence these effects because this knowledge might be useful for making the returns to military service larger. To do this, we examine how economic conditions in the civilian labor market that exist at the time individuals exit active duty affect postservice earnings. Relative to the cohorts studied in our analysis, service members exiting from service today face considerably worse economic conditions. To assess the impact of this change, in Chapter Five, we examine the extent to which economic conditions at the time of separation from the military affect long-run earnings. Abbreviations:
 Finally, recognizing the challenges faced by service members transitioning to civilian life, the military has developed programs aimed at smoothing this difficult transition. In Chapter Six, we examine the effect of participation in one such program, a recruiting program established by the Army called the Army Partnership for Youth Success (PaYS) program."
"Veterans' Employment and Training: Better Targeting, Coordinating, and Reporting Needed to Enhance Program Effectiveness","https://scispace.com/paper/veterans-employment-and-training-better-targeting-1vkc2mxxz6","2012","","","Andrew Sherrill
Patrick Dibattista
Sheranda Campbell
Maria Gaona
Dana Hopings","","https://scispace.com/pdf/veterans-employment-and-training-better-targeting-1vkc2mxxz6.pdf",": In fiscal year 2011, the federal government spent an estimated $12 billion on six veterans employment and training programs, serving about 880,000 participants Labor administers five of these programs and VA administers one Despite these efforts, the unemployment rate for veterans who have recently separated from the military is higher than that for the civilian population The number of service members transitioning to the civilian workforce is expected to increase In response to a request, this report examines (1) the extent to which federal veterans employment and training programs vary in services they deliver and veterans who receive them; (2) the extent to which federal agencies coordinate programs; and (3) what is known about the performance of these programs To address these objectives, GAO reviewed agency data, policy documents, and relevant federal laws and regulations, reports, and studies, and interviewed federal and regional officials and state officials in six states selected to achieve geographic and demographic diversity In examining coordination, GAO included in its review employment assistance DOD provides to Guard and Reserve members GAO is making four recommendations aimed at improving the guidance provided to staff in the coordination handbook, integrating DOD into the interagency coordination framework, improving agency reporting on achievement of program performance goals, and assessing program effectiveness Labor, VA, and DOD generally agreed with our recommendations","you wish to reproduce this material separately. United States Government Accountability Office Washington, DC 20548: The Over the last 20 years, we have periodically reported on individual employment and training programs as well as on specific populations of veterans who use them. United States Government Accountability Office Washington, DC 20548:
 to improve employment opportunities for veterans. While the overall unemployment rate for veterans is comparable to that of non-veterans, the unemployment rate for veterans who have more recently separated from the military is higher than that of civilians and other veterans. Moreover, more than 1 million service members are projected to separate from the military and transition to civilian life from 2011 to 2016. In addition, the number of veterans with service-connected disabilities is on the rise. For this report, we focus in more detail on the six programs identified in our January 2011 report and examine (1) the extent to which federal veterans' employment and training programs vary in terms of the services they deliver and the veterans who receive them; (2) the extent to which federal agencies coordinate these programs; and (3) what is known about the performance of these programs. United States Government Accountability Office Washington, DC 20548:
 More specifically, our report identified services, eligibility requirements, and outcome measures that these programs had in common. United States Government Accountability Office Washington, DC 20548:
 To address our first objective, we analyzed Labor and VA data on services provided and veteran participants, as well as agency annual reports, budget justifications, guidance, and relevant federal laws and regulations for the six programs listed above. To address our second objective, we reviewed key agency agreements and guidance, and interviewed agency officials and associations representing the interests of veterans. In responding to this objective, we included not only the six programs indicated above but also three Labor programs available to the 4 GAO, Multiple Employment and Training Programs: Providing Information on Colocating Services and Consolidating Administrative Structures Could Promote Efficiencies, GAO-11-92 (Washington, D.C.: Jan. 13, 2011). We defined an employment and training program as one specifically designed to enhance the specific job skills of individuals in order to increase their employability, identify job opportunities, or help job seekers obtain employment.  L. No. 112-56, tit. II, 125 Stat. 711, 712. Through that program, veterans receive training leading to an associate's degree or similar certificate in a high-demand occupation from a community college or technical school. VA administers this program. We did not include this program in our review because it had not been fully implemented."
"Assessing the Career-Development Needs of Student Veterans: A Proposal for Career Interventions.","https://scispace.com/paper/assessing-the-career-development-needs-of-student-veterans-a-4jbtzoix3u","2014","Journal Article","The Professional Counselor","Seth C. W. Hayden
Kathy Ledwith
Shengli Dong
Mary Buzzetta","10.15241/SH.4.2.129","https://scispace.com/pdf/assessing-the-career-development-needs-of-student-veterans-a-4jbtzoix3u.pdf","In 2013, there were 21.4 million male and female veterans aged 18 and older in the civilian noninstitutional population (U.S. Bureau of Labor Statistics, 2014a). The post-9/11 GI Bill, authorized by Congress in 2008, has contributed to a large number of veterans seeking postsecondary degrees (Sander, 2012). Since 2008, more than 817,000 military veterans have used the bill to attend U.S. colleges (Sander, 2013). Student veterans face many challenges on college campuses, including transition issues, relational challenges, feelings of isolation, and lingering effects of combat-related injuries (Green & Hayden, 2013).","concerns. Survey results could also be useful for marketing career services to student veterans. In addition, career centers or university libraries could acquire career resources such as books and print materials on topics that survey respondents considered desirable, especially those specifically tailored for veterans. Implications for Practice and Research:
 At the larger university level, major data on their students' career-development concerns would be valuable information for college and department academic advisors and other university stakeholders. Career center staff members focus on various academic units as part of their career outreach, but further research regarding the unique career concerns of student veterans in specific majors could allow career center liaisons to impact veterans more effectively in their designated areas. As previously stated, since the survey was conducted at one higher education institution, duplicating the needs survey across a larger sample of colleges and universities would provide additional data sets for analysis, as well as broader application possibilities. Survey data could also be applied outside the institution to identify the most optimal partnerships in order to meet the comprehensive needs of student veterans. For example, career counselors might collaborate with mental health professionals, school counselors, and rehabilitation professionals to identify challenges and provide resources in order to maximize development for student veterans. Implications for Practice and Research:
 The results of this survey also support future research on the efficacy and suitability of online careerdevelopment options. There are many online programs designed to provide veterans the opportunity to pursue their education while in active duty. While the convenience of remote educational options for a mobile population is understood, ensuring that universities also provide career-development resources to distance learners is an important consideration in addressing the needs of veterans. Career-development opportunities such as webinars and online workshops offer the flexibility of distance learning. For example, online formats could provide veterans an opportunity to participate in such workshops collaboratively. Possible areas of research would include effective use of distance learning for veterans and comparative benefits and costs of inperson versus distance formats. Implications for Practice and Research:
 Based on the information collected, in future needs surveys, adjusting the survey items to detail reasons for certain item selections could allow greater understanding of both the responses and student veterans' career thinking in general. Resulting career interventions would provide additional opportunities for further research to investigate aspects of career decision making and CIP theory, including relationships between student veterans' self-knowledge, options knowledge, decision-making skills and metacognitions. Conclusion:
 While veterans' needs receive significant attention, programs are often created based on anecdotal and intuitive information. Developing needs assessments to solicit veterans' perceptions of career development can inform interventions. Specifically regarding career development, utilizing a theoretically based, researched approach offers a framework to guide practice and research. Ongoing assessment of needs and services that utilizes established approaches will ensure quality services for those who have sacrificed greatly in service of their country."
"Military and Veterans' Benefits: Observations on the Transition Assistance Program","https://scispace.com/paper/military-and-veterans-benefits-observations-on-the-2a08go4tmm","2002","","","Cynthia A. Bascetta","","https://scispace.com/pdf/military-and-veterans-benefits-observations-on-the-2a08go4tmm.pdf",": When the Congress established the transition assistance program in 1990, significant reductions in military force levels were expected. The law noted that many of these service personnel specialized in critical skills, such as combat arms, which would not transfer to the civilian workforce. Transition assistance, including employment and job training services, was established to help such service members make suitable educational and career choices as they readjusted to civilian life. The law directed DOL, DOD, and VA to jointly administer the program. To do so, the agencies entered into a Memorandum of Understanding (MOU), which spelled out each agency's role in the provision of services to members of the Army, Navy, Air Force and Marines. When the Coast Guard started to operate the transition assistance program in 1994, DOT entered into a similar agreement with VA and DOL. Each branch of the military is required to provide pre-separation counseling to all military personnel no later than 90 days prior to their separation from the military. Pre-separation counseling, according to the law, shall include information about education and vocational rehabilitation benefits, selective reserve options, job counseling and job search and placement information, relocation assistance services, medical and dental benefits, counseling on the effects of career change, and financial planning. The military branches are to provide space for the provision of transition services at locations with more than 500 active duty personnel. Separating service members must complete a pre-separation counseling checklist indicating that they have been informed of the services available to them and, on this checklist, they are to indicate the services they wish to receive, including if they wish to participate in the transition assistance workshop.","impact of transition assistance on employment. An early DOL evaluation required by the Congress assessed 10 U.S. Department of Labor/Veterans ' Employment and Training, TAP Focus Group Evaluation Final Report (Washington, D.C.: 2000). Studies Provide Limited Information on the Effectiveness of the Transition Assistance Program:
 Studies Indicate Participant Satisfaction with Services, but Less Is Known about Effectiveness the impact of the pilot transition assistance program on service members who transitioned to civilian life in  This study compared a sample of those who had attended a transition assistance workshop with those who had not to analyze whether transition assistance had any effect on post military job search and employment. Although both groups were found to have similar aspirations for jobs, careers and salaries, the results indicated little difference between the employability of those who had taken the workshop and those who had not. However, the study noted that service members who received transition assistance found jobs 3 to 7 weeks earlier than those who had not. Studies Provide Limited Information on the Effectiveness of the Transition Assistance Program:
 The Army sponsored an evaluation of its Job Assistance Centers to determine whether services provided at these centers affect soldiers' employment outcomes. A group of ex-service members who separated between October 1, 1992, and September 30, 1993 were interviewed to determine whether the job assistance services they received affected their post-transition earnings, receipt of unemployment compensation, and ratings of preparedness for the job market. The study reported that individuals who said they had received more job search assistance services, and those who indicated a greater degree of satisfaction with the services, were more likely to feel prepared for the civilian labor market and were also more likely to have some increase in earnings. However, because this study did not verify the self reported information, the conclusions cannot be validated. Studies Provide Limited Information on the Effectiveness of the Transition Assistance Program:
 Currently at least two branches of the military, the Army and Navy, track the amount of unemployment compensation paid to separating service members as an indicator of program effectiveness. For example, the Army reports that the amount of unemployment compensation benefits paid to soldiers separating in fiscal year 2001 was about half that paid out in fiscal year 1994. However, Army officials concede that it would be difficult to attribute these changes to transition assistance services alone. Service members also seek assistance with furthering their education or obtaining vocational rehabilitation in addition to employment-related transition assistance. For example, some service members enlisted with the specific intention of returning to school at the completion of their military service rather than working right away. Moreover, the military's personnel needs have changed from downsizing to recruiting and retaining service members. The Transition Commission reported, for example, that retention was positively affected by transition assistance because it offers a realistic view of civilian job market prospects. This may lead some service members to conclude that they need more preparation to reenter the civilian workforce and to postpone separation to gain additional skills, education, or income."
"After the Cold War: Living with Lower Defense Spending","https://scispace.com/paper/after-the-cold-war-living-with-lower-defense-spending-uof6yjjfea","1992","Report","","Elizabeth Sheley","10.21236/ADA251692","https://scispace.com/pdf/after-the-cold-war-living-with-lower-defense-spending-uof6yjjfea.pdf","","men. Because they are currently not allowed to fill combat positions, women in the services are more heavily concentrated in service, administrative, and health care positions. These may not necessarily be high skill jobs but should be reasonably transferable to the civilian economy. Other Differential Effects:
 Finally, it seems unlikely that any particular kind of military job will be singled out for elimination. It is difficult to cut disproportionately any particular types of activities in the highly structured military; all are related in more or less fixed ratios. A certain number of combat troops requires a certain number of supply and support troops. Each fighter plane requires a pilot and a given number of technicians. The military may try to get by with fewer support personnel for each combat or technical soldier, but in the main military jobs seem likely to be cut in proportion to the overall reduction. VETERANS IN THE CIVILIAN ECONOMY:
 Reports on veterans' civilian labor market experiences have focused on the degree to which military service affects civilian earnings. Many analyses of World War II veterans showed that they earned considerably more than non-veterans, even when factoring in demographic characteristics; however, some recent studies of veterans of that era refute these findings. Studies of Korea and Vietnam veterans showed either no difference or lower earnings for veterans. Considering that those wartime forces tended to have shorter terms of training and service than peacetime forces and were composed more of draftees rather than of volunteers, the relevance of the earlier studies to current conditions may be limited. VETERANS IN THE CIVILIAN ECONOMY:
 Few studies of the outcome of the All Volunteer Force (AVF) veteran transition have been undertaken. One study, which showed no benefit from military service, is not very relevant because it was based on veterans who had been recruited into the military when their AFQT scores were inflated through miscalculation. 46 The conclusion of that report was not that military training has no civilian reward but rather that the lot of people with low aptitude is not improved through military service. The experience of the service men and women facing layoff in the near future should be different. The few studies that used a more representative sample of AVF service men and women found positive earnings differentials for veterans. 47   Several factors may account for earnings differences-positive and negative--between veterans and nonveterans. 48 Factors leading to higher earnings include: occupational training provided by military service; education assistance; greater mo-45Grant Willis, ""Some Fear Drawdovtq Opportunity Won't Mix, "" Army Times,  Mofica Grib&q Effects ofMilitaryExpen""ence on the Post-Serviceh""ves ofhw-AptittieRec~its: project 100,000 and ASVAB Misnorm""ng Box 5-A-Replacing the Opprtunity of Military Service: Is a Civilian Service the Solution?:
 Besides displacing some current members of the armed forces, the military drawdown will also deny the economic opportunity provided by military service and training to some 290,000 people from 1990 to 1995. Roughly 120,000 (41 perent) of those will probably be African Americans."
"Into the college classroom, another tour of duty: a guide for instructors of veteran students in higher education","https://scispace.com/paper/into-the-college-classroom-another-tour-of-duty-a-guide-for-3l47cceluj","2021","","","Steven deWalden","","https://scispace.com/pdf/into-the-college-classroom-another-tour-of-duty-a-guide-for-3l47cceluj.pdf","","not classified as dishonorable . For this project the term ""student"" will refer to people who are enrolled in higher education in pursuit of a certificate or degree. Collectively then, a veteran student is a person who fits into both aforementioned categories. Veteran College Students:
 The experiences of each veteran are unique. Veterans may share some commonalities such as: duty station, occupation, deployments, and leadership experience. In this context, leadership experience represents not only the leadership that a veteran was exposed to by others, but also leadership roles that the veteran did or did not have. The one thing every veteran has in common is the fact that their time in service will come to an end. For the fortunate ones, that means they can transition back to the civilian life they left behind. With the introduction of the Post 9/11 Veterans Educational Assistance Act of 2008 (Post 9/11 GI Bill), which provides increased benefits for veterans to attend higher education, the immediate financial decision for veterans to pursue a college education is more enticing than ever before. In fact, with the wars in Iraq and Afghanistan coming to an end, U.S. colleges are seeing a rise in student veteran populations that have not been seen since World War II . In 2017, there were already more than 5-million veterans who earned a college degree by utilizing the Post 9/11 GI Bill . Importantly, as veterans begin transitioning back to civilian life, the decision to either find employment or further their education will both bring its own set of challenges. Some of the challenges that are faced by veterans who enter higher education range from: physical and mental health , financial challenges, identity, depression, social reintegration, employment , environmental, social, differences in superior-subordinate relationship perceptions which are psychological and physiological in nature, and even educational decisions, which can be overwhelming for some . Other research highlights the difficulties experienced by veterans returning to civilian life in general , but these complications are often unintentionally overlooked by society. Although efforts have improved in the development of programs that focus on assisting veterans in the transition phase from active duty, the efforts have mostly failed to consider the individual veteran in the classroom of a higher education institution. Some resources designed to assist veterans in a successful transition range from smaller level organizational initiatives to larger federal level ones. For example, the Marine Corps has developed a resource program specifically designed for successful transition from the military. The training course is mandated by Marine Corps Order (MCO) 1700.31, and requires every separating Service Member to attend a Transition Readiness Seminar no later than six months before separating from the military . Attendees of the seminar receive information about employment opportunities, Veterans Affairs benefits, and other personal and professional development prior to their exit. The Post 9/11 GI Bill, which was passed in 2008, increased and expanded education benefits to all eligible veterans. These benefits include; providing equality and ensured comprehensiveness of benefits; meeting recruiting goals; and improved retention of Service Members through a transferability (to specific family members) aspect of the new education bill . The new Post 9/11 GI Bill helps to cover tuition, books, and fees. It also allows a veteran to receive a monthly stipend. This benefit is responsible for more than 800,000 veterans attending higher education in 2018, which does not include veterans in school under other education programs . Once a veteran begins using the education benefits, the institution of choice becomes the unofficial surrogate for veteran education assistance resources."
"Assessing The Impact Of Meaningful Employment On The Self-Esteem Of Male Veterans","https://scispace.com/paper/assessing-the-impact-of-meaningful-employment-on-the-self-4jk65y0tkw","2018","","","Gary Grimes","","https://scispace.com/pdf/assessing-the-impact-of-meaningful-employment-on-the-self-4jk65y0tkw.pdf","This dissertation examined the relationship between meaningful employment and self-esteem in male veterans. Meaningful employment is an important element of reintegration, the process all veterans go through to transition from active duty military service back into society. Reintegration involves three major areas: physical and mental health, employment, and family and friend relationships. A sample of 30 male veterans were interviewed. After the interviews, two instruments were used to further examine the variables (meaningful employment and self-esteem). The instruments were administered to measure the individual's perception regarding meaningful employment and level of self-esteem. The interviews were the primary focus, with the instruments providing additional evidence to support the information gathered in the interviews. 
This mixed-methods study involved analyzing the interviews for consistent themes related to answering the research questions and, through systematic coding, identifying and categorizing the connectivity of concepts and trends. The two instruments were analyzed using cross-tabulations to triangulate information gathered in the interviews. A significant correlation was found between meaningful employment and self-esteem in male veterans. The study also identifies traits male veterans consider necessary for employment to be meaningful. Future studies should examine the relationship between meaningful employment and veteran suicides.","program, but just as we see in so many government program evaluations, it did not really determine whether the program was having a positive impact on veteran reintegration or selfesteem. Additionally, most of the findings were probably not a surprise to the VA leadership. Studies of Government Programs That Integrate Employment Into Veteran Reintegration:
 The real challenge is how the leaders enact policies to overcome these barriers and recognize the importance of meaningful employment on the psychological well-being and self-esteem of veterans. Studies of Government Programs That Integrate Employment Into Veteran Reintegration:
 The Transition Assistance Program (TAP) Studies of Government Programs That Integrate Employment Into Veteran Reintegration:
 Another government program that focuses on the value of employment to the veteran is the Transition Assistance Program (TAP). Many individuals join the military for the educational benefits and with hopes of learning a skill that will enable them to be successful when returning to civilian life . Unfortunately, however, many returning service members have difficulty finding employment . Despite the goal of learning transferable skills, too many service members are unsuccessful in that goal. Skills acquired by service members while serving tend to transfer into civilian employment to a much lower degree than those acquired from non-military schools and educational resources. Further, even when a service member has received training targeted to relevant fields, he often finds that the training received does not enable him to use his skills outside a military setting or to show sufficient proficiency for employment in civilian settings . Overall, unemployment rates for veterans are typically higher than those for non-veterans   . The service members are still in the military service when they go through TAP, so they are not veterans at that time. Studies of Government Programs That Integrate Employment Into Veteran Reintegration:
 Silva ( ) conducted a quantitative study that evaluated TAP data collected in August of 2007 via telephone or in-person interviews from veterans from all 50 states in some 57,000 Studies of Government Programs That Integrate Employment Into Veteran Reintegration:
 households. A Veteran's Supplement Questionnaire (a self-report instrument) was sent to each veteran. In the end 1,477 questionnaires were received from veterans who separated from the military after 1991. From the program's start until the year 2000, attendance in the TAP program increased, then declined. Studies of Government Programs That Integrate Employment Into Veteran Reintegration:
 The longer a person served in the military, the more likely he would attend a TAP workshop. Further, it was noted that disabled veterans had a high level of attendance while those who had not been in combat zones had a low attendance. In the end the study could not find any statistical significance to the TAP program. The TAP workshops did not demonstrate any contribution to employment success . Unfortunately, the purpose of the study (once again) was not to determine its effectiveness but instead to provide career counselors with information. The study attempted to determine whether there is a positive correlation between the life satisfaction of veterans who became teachers and ""five career transition factors (readiness, confidence, control, perceived support, and decision independence)"" (p. 28). It did not address self-esteem. The study did not compare veterans who participated in the program with veterans who did not. It is unfortunate the government did not contract an independent study to determine the effectiveness of the Troops to Studies of Government Programs That Integrate Employment Into Veteran Reintegration:
 Teachers program or its impact on the self-esteem of veterans."
"Employment Policies for Post 9/11 Veterans: Lessons Learned and a Vision for the Future","https://scispace.com/paper/employment-policies-for-post-9-11-veterans-lessons-learned-4z1t5u0mnh","2016","","","Simeon John-Armando Switzer","","https://scispace.com/pdf/employment-policies-for-post-9-11-veterans-lessons-learned-4z1t5u0mnh.pdf","The purpose of this research is to examine the positive aspects of governmental employment policies for veterans, with a specific focus on veterans that have deployed overseas since September 11, 2001. This research draws upon mostly statistics from the Bureau of Labor and Statistics and from the outcomes of the different governmental employment programs for veterans throughout history. The major findings of this research shows that the unemployment gap between veterans and non-veterans is significant. The analysis revealed that a community-based approach to veteran employment was most effective in aiding veterans’ employment searches and positive outcomes. This research will provide valuable guidelines in developing a vision for future governmental employment policies for veterans.","employment, money management, and health education"" . The unique benefit of this program is that it helps veterans after their initial transitional period. Currently, the program is tailored to National Guard and Reserve soldiers who have returned home after a deployment to Iraq or Afghanistan. Federal Veteran Employment Policies:
 On November 21, 2011, President Barack Obama signed legislation called the VOW to Hire Heroes Act of 2011, with the mission to end veteran unemployment. This legislation has many provisions. Firstly, it mandated that servicemembers participate in TAP and expanded the types of sessions the program provides. Secondly, it expanded education and training for unemployed veterans through additional GI Bill and Vocational Rehabilitation eligibility. Thirdly, it allowed servicemembers to obtain federal veteran preferences before their discharge date. Lastly, it created two different veterans tax credits for all veterans and disabled veterans. ""The Returning Heroes Tax Credit provides businesses that hire unemployed veterans with a credit of up to $5,600 per veteran, and the Wounded Warriors Tax Credit offers a credit of $9,600 per veteran for businesses that hire veterans with service-connected disabilities"" . The tax credits initially expired at the close of 2013 but were extended to the close of 2014. Federal Veteran Employment Policies:
 Federal education programs have also given Post 9/11 veterans a boost in the labor market. On June 30, 2008, Congress passed the Post 9/11 Veterans Educational Assistance Act of 2008, which went into effect August 1, 2009. This is commonly referred to as the Post 9/11 GI Bill. This three-year educational program offers 100% tuition assistance, as well as a living and book stipend for veterans who have served more than 36 months of active duty service after September 10, 2001. ""Over one million veterans received Veterans Affairs Educational Benefits in 2013 through the Post 9/11 GI Bill and with the increasing volume of service members separating from the military, the number of educational beneficiaries is expected to reach two million before 2020"" . Veteran Challenges to Employment:
 Despite the many federal employment policies for veterans, Post 9/11 veterans are still facing employment challenges once they transition out of the military. One primary challenge is the lack of transferrable skills. When an individual joins the military, recruiters communicate to them that their military experience will set them up for success in the civilian world upon their discharge. While some veterans gain transferrable skills, such as military intelligence, mechanics, etc., many do not acquire these attributes. One employer stated: Veteran Challenges to Employment:
 In the military there's areas of highest unemployment like 11Bravo, which is infantry. Those don't match at all with the job openings we have…We have the IT-related jobs here, and there are a lot of IT in the military, but that's still a small piece of the pie, and the IT people leaving the military, for this group unemployment is low, whereas you look at combat arms, that is where the unemployment is. ) Secondary to the missions in Iraq and Afghanistan, combat military operation specialties (MOS) make up a large percentage of the servicemembers that are attempting to enter the labor force. While their accomplishments are not to be diminished, the tangible military skills they have gained are not highly demanded in the civilian world."
"An Empirical Investigation of the Acquisition of Leadership KSAs in the U.S. Army: Implications for Veterans’ Career Transitions","https://scispace.com/paper/an-empirical-investigation-of-the-acquisition-of-leadership-2rwfs24vj4","2019","Journal Article","","Michael J. Kirchner
Mesut Akdere","10.21061/JVS.V4I1.85","https://scispace.com/pdf/an-empirical-investigation-of-the-acquisition-of-leadership-2rwfs24vj4.pdf","The U.S. Army incorporates an extensive leader development program as part of its everyday training. Servicemembers obtain a set of knowledge, skills, and abilities (KSAs) during their enlistment and maintain the attributes upon transitioning into the non-military workforce. Although employers in the U.S. argue the number one reason they choose to hire veterans is for their leadership skills, scholars have not examined the KSAs veterans believe they have acquired during their service. This manuscript presents findings from a qualitative study of ten Post-9/11 Army veterans who spoke about their leadership KSAs acquired while serving and their preparation for transitioning into the non-military workforce. Three themes: (1) difficulty articulating leadership KSAs, (2) impactful leadership behaviors, and (3) inadequate transition support were revealed through data analysis. The paper explores the linkages between U.S. Army leader development and career transitions, offers implications from the findings for organization management, and proposes directions for research in the area of veterans studies.","2015; Department of the Army, 2017), specifically outline expected leadership attributes of soldiers. Career development programs, whether in military or non-military organizations, may be enhanced by adding discussions about leadership KSAs and how they are applicable to civilian employment. Implications:
 Career transitions from the military to non-military organizations can be supported through skills alignment resources, such as the O*Net. In the U.S., the O*Net is the most extensive resource for civilian occupations and provides information about hundreds of jobs for prospective employees . Users can browse occupations by clusters, economy sector, industry, zone, outlook, and STEM (O*Net . Jobs are continuously evaluated through employee surveys to ensure accuracy in the system . For each position, the site offers extensive information including required tasks, skills, knowledge, abilities, and work activities (O*Net . Servicemembers transitioning out may consider using this resource as an aid to identify jobs that enable application of previously acquired leadership KSAs. Limitations:
 Limitations in this study should be considered with the findings. First, as this was a phenomenological study exploring shared experiences, the findings should not be considered generalizable across all Army veterans who transition from the military. Instead, the findings offer insights into how the participants viewed their training experience and corresponding leadership KSAs acquired which can help guide future empirical studies. Furthermore, this research involved exclusively veterans who never completed one of the Army's leader development courses, thus potentially limiting participants' understanding of their leadership KSAs. Limitations:
 In addition, the consistent feedback about ACAP and SFL-TAP should not be used to suggest the training itself is entirely ineffective and does not contribute toward veteran career transitions. Participants were insistent about their displeasure for SFL-TAP; however, the program continues to undergo changes and the CSP has resulted in better than 90% job placement rates for veterans who completed the program . As such, early findings from the CSP suggest an overwhelmingly positive impact on veteran career transitions. A final, particularly important limitation to this study, is that although the participants struggled to articulate their leadership KSAs, a host of factors contribute toward veteran career transition issues . As outlined, culture change, lost sense of purpose, underemployment, lack of technical skills/misalignment of skills, and other elements also play a role in the challenges faced by veterans upon transitioning out; thus, a clearer understanding of the KSAs they possess is only one component of improving veteran career transitions ."
"A Proper Transition: Success After the Military","https://scispace.com/paper/a-proper-transition-success-after-the-military-4qsv7gx6n0","2021","","","Jonathan Dain Martensen","","https://scispace.com/pdf/a-proper-transition-success-after-the-military-4qsv7gx6n0.pdf","","Title: A Proper Transition: Success After the Military Authors: Jonathan Martensen Keywords: Military Service, Transition, Transition Assistance Problem Statement:
 Postmilitary employment challenges are a particular concern for transitioning service members . Historically, unemployment has been a common issue, but in the past few years, the rate has favorably shifted for veterans . While lower rates of unemployment among veterans is encouraging, the percentages should not suggest veteran employment problems are obsolete. The current issue becomes connecting veterans with viable employment that allows the service member to utilize their military experience and contribute to society. While veteran unemployment rates have lowered in the past 5 years, there is still a 56% percentage of service members that are unable to find stable employment commiserative their military earnings (U.S. Government Accountability Office, 2019). The problem addressed in this study is the ability for former servicemembers to find stable and adequate employment after their military service. Purpose of the Study:
 The purpose of this nonexperimental qualitative research study is to understand the key factors both internal and external that allow service members to successfully transition from the military to the civilian employment sector. The researcher interviewed ten purposefully selected individuals who have exited the military and were able to successfully transition into civilian employment. The researcher explored these results in more depth by use of semi-structured interviews of the participants, and triangulation of the data with existing literature of veterans being successful after the military. In this research study, the qualitative research questions addressed what classes and services the veteran received prior to exiting the military, and how those classes and services helped them prepare for civilian employment. Significance of the Study:
 This study provided a deeper understanding of how servicemembers successfully transition to the civilian employment sector following their military service. Significance of the Study:
 Approximately 200,000 service members transition from military service to civilian life each year according to the Department of Defense (DOD) which is about 8.31% of the total force . During their service, all members of the military are employed and receive regular paychecks; medical care; and other benefits, such as housing allowances. Once they leave the military and become veterans, they must learn to become a civilian again. They are responsible for finding a job, going back to school, obtaining health insurance, childcare, and finding a place to live, among other life activities. Significance of the Study:
 If veterans are also recovering from their war experiences, it can compound the difficulty they experience in successfully completing their readjustment. Existing research shows that the three greatest risks to veterans transitioning out of the military are unemployment, legal problems, and substance abuse. These three risks are compounded when the transition is unexpected, or the service member is not prepared for the transition. The significance of this study lies in isolating the risk factor of unemployment and being able to identify the key factors that allow for a successful transition into the civilian work force. Definitions and Terms:
 Air Force Specialty Code (AFSC) is similar to a MOS code, it is an alpha numeric code identifying a specific military profession held by members of the United States Force. Definitions and Terms:
 Expiration-Term of Service (ETS) is a date on which a service member's current contract ends and the service member is free to leave the military or sign another contract. Definitions and Terms:
 Military Occupation Specialty (MOS) code is the alphanumeric code identifying a specific military profession held by members of the United States Army and United States Marine Corps."
"Army Medics With College Degrees Who Transitioned to Civilian Life","https://scispace.com/paper/army-medics-with-college-degrees-who-transitioned-to-2uvchtb50a","2015","","","Alex Giberson","","https://scispace.com/pdf/army-medics-with-college-degrees-who-transitioned-to-2uvchtb50a.pdf","Army Medics With College Degrees Who Transitioned to Civilian Life by Alex Giberson MPA, Kaplan University, 2012 BS, Kaplan University, 2011 Dissertation Submitted in Partial Fulfillment of the Requirements for the Degree of Doctor of Philosophy Public Policy and Administration Walden University November 2015 Abstract Few colleges and universities have adopted the practice to provide credits for the majority of undergraduate coursework for military career training. Easing the transition from military to civilian life has become a priority for the Department of Defense, yet there is a significant gap in empirical knowledge regarding the potential benefits of a college degree on soldiers exiting the military. The purpose of this study was to understand the lived experiences of Army Medics who have transitioned back into civilian life after graduating from a college degree program that grants significant credit for military training. This phenomenological study used a conceptual framework derived from Schlossberg’s adult transition theory. Data were collected from a focus group, semistructured interviews, and interviewer notes. Seven participants were identified through purposive sampling. Interview transcripts and interviewer notes were analyzed using the Van Kaam method and yielded 4 pre-transition and 6 transitional themes. Findings indicated that the participants’ initial fears of the transition were replaced with higher perceptions of self-worth and confidence, which benefitted them as they assimilated back into civilian society. The implications for positive social change include informing the Department of Defense and policymakers who are supporting soldiers transitioning to civilian life about study participants’ increased feelings of self-worth and confidence upon degree completion.Few colleges and universities have adopted the practice to provide credits for the majority of undergraduate coursework for military career training. Easing the transition from military to civilian life has become a priority for the Department of Defense, yet there is a significant gap in empirical knowledge regarding the potential benefits of a college degree on soldiers exiting the military. The purpose of this study was to understand the lived experiences of Army Medics who have transitioned back into civilian life after graduating from a college degree program that grants significant credit for military training. This phenomenological study used a conceptual framework derived from Schlossberg’s adult transition theory. Data were collected from a focus group, semistructured interviews, and interviewer notes. Seven participants were identified through purposive sampling. Interview transcripts and interviewer notes were analyzed using the Van Kaam method and yielded 4 pre-transition and 6 transitional themes. Findings indicated that the participants’ initial fears of the transition were replaced with higher perceptions of self-worth and confidence, which benefitted them as they assimilated back into civilian society. The implications for positive social change include informing the Department of Defense and policymakers who are supporting soldiers transitioning to civilian life about study participants’ increased feelings of self-worth and confidence upon degree completion. Army Medics With College Degrees Who Transitioned to Civilian Life by Alex Giberson MPA, Kaplan University, 2012 BS, Kaplan University, 2011 Dissertation Submitted in Partial Fulfillment of the Requirements for the Degree of Doctor of Philosophy Public Policy and Administration Walden University November 2015 Dedication I dedicate this work to my wife Pia and my daughter Sidney, whose support over the last three years has been unwavering. While the journey seemed long, their efforts to see me through to the end are the reason I’ve arrived at this point. Acknowledgments While there are many instrumental people who influenced my journey, I would like to recognize those who challenged me the most; the educators. They did so by challenging my thoughts and beliefs, and by making me look for answers even though I believed I knew them already. You will forever be remembered by your students as teaching the hard classes, but your impact lasts a lifetime. Your rewards are few, but know that your efforts resonate in the scholar-practitioners that your students become. I would also like to thank Dr. Ross Alexander, my Chair, and Dr. Mark Stallo, my committee member, for their guidance, expertise, and support. Your efforts to keep me on track were greatly appreciated. I also wish to thank Dr. Ernesto Escobedo for his tireless efforts to ensure quality of work. I’m honored to have worked with you all. Finally, I am compelled to thank my friend Lee Newton for his constant support over the last three years. This journey is long and at times seemingly unattainable, but your friendship helped keep me on track and moving forward.","and social perspective of the transition have become a great concern . Estimates put the number of soldiers -primarily from the enlisted ranks -that will make the transition from military service to civilian life will top two million between 2010 and 2020 . Implications Social Change:
 This study concentrated on determining what changes in feelings associated with the transition from military to civilian life, self-worth, and equality when compared to civilian counterparts, occurs in Army Medics who have graduated from a specialized college degree program built from their military training. Addressing the changes in feelings and perceptions by exploring their source -the veteran soldier -helped to identify the attitudes that they carry with them into civilian life. While locally transferable, the results open the door to gaining a better understanding of the fears associated with the transition from those sharing the lived experience. This knowledge can then be utilized to create positive social change that is designed to facilitate a more seamless reintegration into civilian society. Shift From Emphasis on Postservice Education to Education While on Active Duty:
 The research leads one to ultimately question the current emphasis that the DOD places on assisting soldiers to gain an education after their service has been concluded. Shift From Emphasis on Postservice Education to Education While on Active Duty:
 The implementation and evolution of the GI Bill represents the primary benefit used after one's service has concluded. However, as the results of this study indicate for the sample studied, placing the emphasis on education after service concludes perpetuates the greatest fear of soldiers making the transition military to civilian society; finding civilian employment. Shift From Emphasis on Postservice Education to Education While on Active Duty:
 Prudential (2012) allowed finding a job to be noted as the area of most concern among veterans in participating in the study. The fact that nearly 86% of unemployed veterans claimed to have experienced great difficulty during the transition back into civilian life (Prudential, 2012) raises concerns that the current educational emphasis of concentrating the bulk of financial resources on postservice college education is misaligned with the needs of the service member. The findings of this study, while transferable only to a small sample, may point to a needed paradigm shift in the positioning of college education benefits to future soldiers. Dissemination of Findings:
 The results of this study would benefit a wide variety of groups and organizations. Dissemination of Findings:
 I intend to distribute it to the Department of Defense and attempt to publish an article in peer related postsecondary educational journals. Speaking engagements will also be sought at local veteran's organizations, community colleges, and universities. Researcher's Critical Reflection:
 Army Medics, MOS 68W, are a tight-knit group, both on active duty and as veterans. I greatly enjoyed speaking with the seven participants and traveling in the direction that their responses led me. Being a veteran, I understood the language that they spoke, and in the course of bracketing out my own experiences, could easily see the difficulty that someone who has not served would have in arriving at the real essence of the life experience highlighted in my study. As I concluded the data analysis it became apparent that this study represents only the tip of the proverbial iceberg of work that needs to be done."
"Education as a Pathway to Help Job Searching Military Veterans’ Transition to Civilian Life","https://scispace.com/paper/education-as-a-pathway-to-help-job-searching-military-14q7ldq2cx","2021","Journal Article","","Gary Blau
Glen Miller","10.20849/JED.V5I1.822","https://scispace.com/pdf/education-as-a-pathway-to-help-job-searching-military-14q7ldq2cx.pdf","The transition from military to civilian life can be a difficult process. Two distinct samples of working United States military veterans were studied: combat (n = 56) and non-combat (n=43). The goal of this study was to investigate the specific role of furthering one’s education as a pathway to help job-searching military veterans in their transition to civilian life. Across both samples, veterans who were actively job searching had higher burnout and general exhaustion than veterans not actively searching. There was partial support for finding veterans who were actively job searching to be currently furthering their education, and for those currently furthering their education to perceive higher occupational alternatives. High percentages in both samples were currently going to school to further their education. The importance of education as a pathway to support military veterans making a successful transition to civilian life is discussed.","job lined up when they left the military. Although we don't know the departing rank or civilian work history of the veterans studied here, the results did show that those with higher perceived burnout and general exhaustion were more likely to be actively job searching. Discussion:
 Providing resources to all US veterans, e.g., resume building, interviewing, and technological search skills, regardless of rank, is important as they prepare to transition to civilian life. Anecdotal evidence from employers and veterans suggest that many veterans have significant leadership and teamwork skills that may not be understood by employers without a military work history. To help overcome this veteran skill -employer need gap, the Department of Labor (2019) challenged organizations to create a job-matching software tool to eventually be added to the Employment Workshop curriculum for all transitioning service members. Providing such a tool with stronger skill/need matching should hopefully enable veterans to not only find an initially satisfying civilian job placement, but to change jobs more easily as needed. Discussion:
 Prior research has found university-related educational experiences to be helpful to transitioning veterans . The results of this study support going back to school to further one's education as one specific pathway to help the active job search process and increase the perception of occupational alternatives. This study found high percentages of both samples were currently going back to school to further their education. Although we don't know the level of degree being sought, inspection of the highest education level reported shows that some veterans had still not attained a four-year degree, and those that had their baccalaureate were perhaps seeking a higher-level degree. The United States Department of Veterans Affairs (2016) estimated that by 2021, there will be about 5.1 million veterans who were on active duty after September 10, 2001 (Post-9/11 Veterans). Discussion:
 Of those Post-9/11 Veterans, it was further estimated that only 32% will have a bachelor's degree or higher. Prior studies of veterans returning to college have typically focused on student transition concerns, much of which were related to policies that complicated re-enrollment, such as lapses in student insurance, cancellation of financial aid, or being off-sequence for infrequently offered courses (e.g., . Other studies have argued the need for increased support for returning-to-college veterans, such as having access to student veterans' organizations, additional mentoring, or veterans' resource centers (e.g., . Discussion:
 These results suggest that furthering one's education can be a useful track to support veterans transitioning to civilian life. To the authors' knowledge, such a measure of furthering one's education has not been tested before."
"Training Ukrainian military in job creation and job taking","https://scispace.com/paper/training-ukrainian-military-in-job-creation-and-job-taking-59ea2z2cz8","2020","Journal Article","European Journal of Training and Development","Lars Kolvereid
Olga Iermolenko","10.1108/EJTD-09-2019-0169","https://scispace.com/pdf/training-ukrainian-military-in-job-creation-and-job-taking-59ea2z2cz8.pdf","The purpose of this study is to examine the effectiveness of courses offered to Ukrainian military personnel and their families to facilitate transfer to the civilian society, and to investigate the extent to which transfer to the civilian sector is associated with increased quality of life.,Data were collected from 1,077 former course participants by handing out a structured questionnaire at different locations in Ukraine.,Among the 40 courses arranged, 15 proved to be effective with regard to the odds of obtaining a civilian job, and 10 with regard to the odds of becoming a business owner. Business owners and civilian employees scored higher than military employees with regard to different indicators of quality of life. Individuals who are unemployed or not members of the workforce score lower on quality of life than any other group.,This study evaluates the courses offered in a large educational program where the Norwegian and Ukrainian government cooperate to facilitate transfer of military veterans in Ukraine to the civilian sector.","Four of the courses appear to be effective with regard to both job taking and job creation, but only two of these courses have more than 30 respondents to our survey. The multivariate analysis essentially confirms the results from the bivariate cross-tabulation. DISCUSSION:
 With regard to the second research question concerning the quality of life, military personnel is likely to increase their quality of life if they are able to find civilian jobs or become business owners. On the other hand, military veterans who become unemployed or unemployable are likely to suffer a decline in life satisfaction and other indicators of their quality of life. DISCUSSION:
 Most studies of the training of military veterans have focused on the transition from military to civilian employment. Much of the literature covers issues regarding problems associated with this transition process. Scholars have argued that successful training of military veterans should emphasize the psychological process associated with adaptation to the civilian society . In order to facilitate this psychological process,  recommend that veterans' family members should be included in training programs. Many researchers have devoted their attention to the competences and skills needed for successful transition to a new civilian career . DISCUSSION:
 Research on training of military veterans in entrepreneurship is scarce even though former military experience is positively associated with the propensity to become selfemployed . Among participants in an entrepreneurship course in USA,  found that military participants' entrepreneurial passion and the number of actual business launches one year after the course were higher than for civilian participants. Moreover, franchisors often actively recruit veterans as franchisees . Training in entrepreneurship should therefore be particularly relevant for military veterans. DISCUSSION:
 Studies that evaluate training of veterans for transfer to the civilian society generally concern an entire training program, such as the Transitions Assistance Program in USA , or single courses . We have not come across any prior study that has evaluated all the coursed included in a training program for military veterans. The present study shows that courses in a training program can have varying degrees of effectiveness, highlighting the need for continued evaluation of courses and renewal of the course portfolio. DISCUSSION:
 In the present study we find that the outcomes or adaptation results from becoming a business owner is more positive for course participants who become business owners that for those who become paid employees. We do not believe that these findings are generalizable across nations since the adaptation results from job creation and job taking courses will vary depending on the attractiveness of organizational employment and self-employment in the country. Such differences in employment status attractiveness can explain why self-employed score higher than payed employees on life satisfaction in some countries, while the opposite is found in studies from other countries . Further, it is possible that the benefits for the society are higher for courses resulting in business start-ups and selfemployment than for courses leading to organizational employment. After all, many business owners do not only create a job for themselves, but for many others, and many businesses create wealth and pay a considerable amount of taxes. DISCUSSION:
 This study has implications for career adaptability theory . We argue that the adaptation results from job taking and job creation courses will vary between countries depending on the attractiveness of organizational employment and self-employment. We also suggest that the outcomes for the society can be greater for job creating courses than for job taking courses because new businesses can provide many employment opportunities and because profitable businesses contribute to the society by paying taxes."
"Challenges of African American Female Veterans Enrolled in Higher Education","https://scispace.com/paper/challenges-of-african-american-female-veterans-enrolled-in-3nq71h61tt","2018","","","Latrice Jones Tollerson","","https://scispace.com/pdf/challenges-of-african-american-female-veterans-enrolled-in-3nq71h61tt.pdf","Challenges of African American Female Veterans Enrolled in Higher Education by Latrice Jones Tollerson MEdAS, Virginia State University, 1989 BA, Virginia State University, 1979 Dissertation Submitted in Partial Fulfillment of the Requirements for the Degree of Doctor of Philosophy Education – Leadership, Policy, and Change Walden University November 2018 Abstract African American women represent 19% of the 2.1 million living female veterans. They are the largest minority group among veteran women; however, little is known about the challenges that they face when they transition to a postsecondary learning environment. The purpose of this qualitative study was to understand better how this cohort of veterans who served in the U.S. Army during military campaigns in the Middle East overcame transitional challenges to higher education. This study utilized Schlossberg’s adult transition theory and identity formation as described in Josselson’s theory of identity development in women. The focus of this study was on how female veterans constructed meaning as they overcame transitional challenges and coped with change. The research questions focused on understanding the perceived social, emotional, and financial needs and discerning to what extent faculty and staff helped or hindered their academic success. Purposeful sampling strategies were used to select 12 veteran African American females who attend higher education to participate in semistructured interviews. Thematic analysis of the data indicated that being a better role model and provider; facing financial difficulties; and balancing home, school, and career were among the key findings. These findings on challenges of African American female veterans’ experiences can be used to inform university administrators, state employment agencies, the Army’s Soldier for Life Transition Program, and the U.S. Department of Veterans Affairs. This study contributes to positive social change by providing understanding to institutions of higher education regarding the transitional experiences of African American female veterans and the need to implement programs to assist them better.African American women represent 19% of the 2.1 million living female veterans. They are the largest minority group among veteran women; however, little is known about the challenges that they face when they transition to a postsecondary learning environment. The purpose of this qualitative study was to understand better how this cohort of veterans who served in the U.S. Army during military campaigns in the Middle East overcame transitional challenges to higher education. This study utilized Schlossberg’s adult transition theory and identity formation as described in Josselson’s theory of identity development in women. The focus of this study was on how female veterans constructed meaning as they overcame transitional challenges and coped with change. The research questions focused on understanding the perceived social, emotional, and financial needs and discerning to what extent faculty and staff helped or hindered their academic success. Purposeful sampling strategies were used to select 12 veteran African American females who attend higher education to participate in semistructured interviews. Thematic analysis of the data indicated that being a better role model and provider; facing financial difficulties; and balancing home, school, and career were among the key findings. These findings on challenges of African American female veterans’ experiences can be used to inform university administrators, state employment agencies, the Army’s Soldier for Life Transition Program, and the U.S. Department of Veterans Affairs. This study contributes to positive social change by providing understanding to institutions of higher education regarding the transitional experiences of African American female veterans and the need to implement programs to assist them better. Challenges of African American Female Veterans Enrolled in Higher Education by Latrice Jones Tollerson MEdAS, Virginia State University, 1989 BA, Virginia State University, 1979 Dissertation Submitted in Partial Fulfillment of the Requirements for the Degree of Doctor of Philosophy Education – Leadership, Policy, and Change Walden University November 2018 Dedication This dissertation is dedicated to my two daughters, Katrina Latrice Brantley, Esq. and Kiila Nicole Johnson, MD who have provided me with inspiration and purpose. Without your devotion and loving support, this endeavor would not have been possible. I would also like to thank my mother, Marilyn B. Jones, a life-long educator in Lunenburg County, Virginia for being the bedrock of our family and for establishing the importance of education during my developmental years. To my dearly departed brother and sister, Andre Jerome Jones and Patrice Jones Harris, who left this world far too soon, I miss you more than words can ever express. This study is meant to serve as a tribute to female veterans, past and present, who have paved the way, and who made my career success possible. I especially give thanks to the women who served with me in the U.S. Army for 30 years as we endured the hardships, challenges, and sacrifices of military service. We did so with honor, integrity, and grace. Your courage, dedication, and stories are the inspiration for this study. Acknowledgments I am indebted and grateful to several individuals who provided me with love, mentorship, advice, and encouragement during this unbelievable time in my life. I especially give thanks and acknowledge the following: Dr. Peter Lownds, my chair and mentor. Your continuous encouragement and support were invaluable to me especially during the lonely periods when I questioned even myself. Your devotion and constant praise will never be forgotten, as this dream would not have been possible without you. Dr. Cheryl Keen, my methodologist. Your dedication, technical expertise, and quiet resolve enabled me to stay on track. You took my hand and guided me along the way toward degree completion. I am forever in your debt. Dr. Alice Eichholz, my university research reviewer. Thank you for the difficult task of ensuring that my capstone paper meets the quality, rigor, and integrity of a Ph.D. dissertation. I will always be grateful for your support. Academic advising, library staff, and institutional research, thank you for answering my questions and for providing support when needed. Your professionalism made this journey a little easier. To the women who shared their stories of sacrifice, struggle, and accomplishment, this dream would have not been possible without your support. Thank you from the bottom of my heart. Marilyn B. Jones, my mother, a retired educator and the first in her family to earn a college degree. You always demonstrated to my siblings and me the importance of having an education. You struggled so that we may have. You are my beacon and guiding light. Katrina Latrice, Kiila Nicole, Bryce Anthony, Bryan Curtis, Brayden Alexander, and Blair Corinne my children and grandchildren. Your loving supported gave me the courage to stay the course and to see this dream to an end. You all are my greatest accomplishment.","heightened sense of initiative, leadership, professionalism, and achievement. reported that they are missiondriven, goal-oriented, and emotionally mature. However, despite the strengths that veteran can and do bring to campus, many struggles with the challenges of transition . Relationships involve issues of intimacy and belonging with family and friends.:
 As a part of a broader study, Blaauw-Hara (2016) explored how veterans perceived themselves and how their military service helped to shape that perception. The study took place in 2013 at a small rural community college with an enrollment of 3,000 students. Of that population, 109 students received veteran's benefits, 84 men, and 25 women. None of the 25 female veterans participated in the study. Although small, the school was considered veteran friendly. The research focused on the skills that veterans developed while serving in the military and whether they believed those skills helped them adjust to college life. Blaauw-Hara concluded that while veterans bring experience and strength to academic institutions, their limitations often overshadow their talents . Military Support Services:
 Faurer (2014) conducted a study of 350 military personnel to discern the effectiveness of the Veteran Transition Assistance Program (TAP) in reducing the unemployment rate among former soldiers. Although Congress implemented the program in the 1990s to provide job training and career and educational assistance for solders leaving the military for civilian society, its overall effectiveness has been limited, as unemployment among military veterans remains high . Military Support Services:
 Of the 350 military personnel who participated in the survey, 227 reported taking advantage of veteran transition services. Seventy-five percent were still on active duty, while 15% had already left active service, the remainder included members of the Army Reserve. The findings revealed that 84% reported finding employment after using transitional services, while 16% indicated that they did not find meaningful employment. Military Support Services:
 The author discovered that the majority of services provided were in the areas of résumé preparation and writing skills . Campus Support Services:
 Colleges and universities around the country have marketed themselves as military-friendly institutions with the ultimate goal of increasing student enrollment."
"Post-9/11 Military Veterans and Higher Education: Factors Associated with College Enrollment and Choice","https://scispace.com/paper/post-9-11-military-veterans-and-higher-education-factors-2g293tqxvr","2015","","","Dani Molina","","https://scispace.com/pdf/post-9-11-military-veterans-and-higher-education-factors-2g293tqxvr.pdf","Author(s): Molina, Dani | Advisor(s): Chang, Mitchell J | Abstract: Even though post-9/11 veterans now have access to college funding that increases their purchasing power and postsecondary access through the Post-9/11 GI Bill, it is unclear what factors will lead them to pursue a higher education. Historically a majority of veterans will not use their VA education benefits. The U.S. Department of Veterans Affairs' National Survey of Veterans show that on average only 39 percent of all veterans in the U.S. will use their earned postsecondary benefits after leaving the military (U.S. Department of Veterans Affairs, 2001, 2010). This is troubling given that earning money for college is one of the primary reasons cited for enlisting in the military (Eighmey, 2006; Woodruff, Kelty, a Segal, 2006; Zinger a Cohen, 2010) and the financial resources are available through various VA education programs.This study examined key factors that led post-9/11 veterans to enroll in higher education. A central focus of this study was to identify key factors that explain why a majority of veterans enter two-year and for-profit institutions instead of four-year institutions after leaving active duty. This study used data from the Education Longitudinal Study (ELS) of 2002, which is publicly available through the U.S. Department of Education's National Center for Education Statistics (NCES). First presented was a descriptive portrait of veterans who did and did not enter college, as well as a description of veterans at two-year, for-profit, and four-year institutions. Second, a logistic regression analysis was used to answer the first research question, which sought to examine factors related to veterans' college enrollment. Finally, a multinomial logistic regression was employed to respond to the second research question, which explored key factors that predict veterans' attendance at two-year and for-profit institutions compared to four-year institutions. The final logistic regression results showed that veterans' educational expectations and the number of friends who planned to enter four-year institutions during high school (peer plans) were the most significant predictors of college enrollment among veterans, even after accounting for gender, race/ethnicity, socioeconomic status (SES), highest math taken in high school, and high school urbanicity. The multinomial logistic regression found that, once veterans' demographic characteristics, high school context, and other factors are controlled for, the highest math taken and educational expectations are the best predictors of enrollment into two-year colleges. Moreover, the multinomial logistic regression results shows that veterans' enrollment into for-profit colleges compared to four-year institutions is also best explained by the highest math courses taken in high school, even after accounting for gender, race/ethnicity, socioeconomic status (SES), educational expectations, peer plans, and high school urbanicity. These findings have implications for policy development and practice at various levels. Given the lack of empirical research on student veterans, this area also needs further research.","example, MOOCs would allow active duty personnel to take courses while in the service, particularly courses in math, at their own pace and could theoretically increase their chances of enrolling in a four-year institution after active duty without having to truly start college. Veterans:
 Additionally, military education centers typically house staff from local community colleges and universities that offer coursework in math. These institutions, although not free (typically paid with military Tuition Assistance), is another alternative that active duty personnel can use to increase their level of math taking while in the service and before truly starting their higher education. Taking math courses in-person through a local college or university could be a better option for some veterans while in the military given that, although online courses can be taken at a student's own pace, sometimes learners who are left to study by themselves get frustrated and discouraged, thereby choosing to quit before making it through a competency. Veterans:
 Learning in-person offers the chance for veterans to get tutored and brought up-to-speed should they find math coursework challenging. Ultimately, it is recommended that veterans take courses in math while on active dutyif at all possible given their commitment to full-time serviceto increase their level of math skills given that this is a significant predictor of where a veteran chooses to pursue higher education. Veterans:
 Redesign TAP for college readiness. Fourth, findings from the current study show that having low college expectations during high school, such as expecting to earn an associate's degree or less, decreases the likelihood of entering higher education by 60 percent compared to veterans who expected to earn a bachelor's degree or higher. Therefore, this study highlights the importance of supporting, developing, and enhancing effective military Transition Assistance Programs (TAP) and advisors that raise educational expectations among transitioning service members (i.e., active duty, reserve, or National Guard personnel). As discussed in the literature review of this study, each military branch offers the TAP to discharging military personnel, a program focused on providing them with employment, educational, and VA benefit information . Although the TAP has largely focused on providing service members support with resume building and immediate employment after service, the TAP can be used to provide transitioning personnel with information about the benefits of a postsecondary education given the need to increase economic growth and likelihood of earning higher incomes . Discussing the need to earn a postsecondary education with transitioning military personnel provides an opportunity to increase their educational expectations and helps to address the U.S. need to increase its number of baccalaureate degree holders. For this to happen, military education centers will need to provide advisors who are competent in future labor market needs, particularly in STEM, and the need to increase U.S. education levels that align with those workforce needs. The VUB could help close veterans' math skillset gaps, particularly among those who took lower levels of math during high school, and ultimately increase the percentage of veterans who enter higher education. Policies should be developed at the federal, state, local, and institutional levels to both increase the number of locations and participants in VUB programs."
"Student Veteran Perceptions of College-to-Career Transition.","https://scispace.com/paper/student-veteran-perceptions-of-college-to-career-transition-1t0rzpv44u","2020","Journal Article","The College Student Affairs Journal","Heather C. Robertson
Robert K. Eschenauer","10.1353/CSJ.2020.0003","https://scispace.com/pdf/student-veteran-perceptions-of-college-to-career-transition-1t0rzpv44u.pdf","","advising, and faculty interaction, as well as personal obstacles of not wanting to ask for help . Despite research on the military-to-college transition, few resources are available for the student affairs professional assisting the student veteran with their college-to-career transition. Implications for Career Development Practitioners:
 It is important to examine the student veteran's confidence to pursue a new career beyond the military. The positive skills and attributes they gained from service, including work ethic, discipline, teamwork, leadership, mental toughness, and the ability to adapt  should be highlighted in their college-to-career transition process. These attributes increase student veterans' confidence as they prepare to transition from college-to-career. Prior experiences with supervisors, interviews, and advancement may impact their transition experience, as may disability . Assist student veterans by engaging in activities which help develop confidence in relation to career goals. These activities include internships, mentoring, job shadowing, or informational interviewing. Implications for Career Development Practitioners:
 Consider exploring the student veteran's readiness and motivation to pursue a civil-ian career. For example, in a survey of more than 8,500 service members (active-duty, reserves, National Guard, veterans, and families) respondents' motivation to pursue higher education included career or job opportunities (86%), self-improvement or personal growth (71%), improving economic status (69%), professional advancement (56%), using their earned benefits (51%), desire to help people/society (43%), and to enhance their technical skills (31%) . Explore how the military student's career transition fits with their overall life mission , keeping in mind that disability and discharge status may have been a factor in their decision to pursue a new career. External factors, such as time to complete a degree , may impact student veterans' readiness for transition to the civilian sector. Implications for Career Development Practitioners:
 Examine the student veteran's support system -including family, friends, university, military command, and other external supports, which provide financial and emotional support. Assess the level of support the student veteran has while undergoing career transition. More than half of the respondents in this survey reported being married (52%) or living with a significant other (8%). These students may have support from others, yet may also feel obligated to support significant others or family member, which may influence their outlook toward career transition. Nontraditional students, particularly women, experience interrole conflict between their role as student, partner, parent, and worker . Exploring student veterans' roles, identitifying potential barriers, and making plans to overcome those barriers can assist nontraditional students, such as student veterans, to persist toward their college-to-career aspirations . Implications for Career Development Practitioners:
 Discuss how much control the student had in leaving the military. Negative separation experiences can adversely impact one's confidence and motivation to pursue a new career. Type of discharge and length of time served may impact a student veteran's ability to access resources and benefits. Specialized staff and collaborative efforts with off-campus resources, such as the VA or Veterans Service Offices, help to address these concerns. Coordinated efforts on college campus are essential in meeting the needs of student veterans , not only as they transition to the college campus, but also as they transition out of college and in to the civilian workforce."
"African American Veterans Career Transition Using the Transition Goals, Plans, Success (GPS) Program as a Model for Success","https://scispace.com/paper/african-american-veterans-career-transition-using-the-5ch69w0rgl","2019","Journal Article","","Robert L. Bartee
Larry M. Dooley","10.21061/JVS.V5I1.122","https://scispace.com/pdf/african-american-veterans-career-transition-using-the-5ch69w0rgl.pdf","Increased deployments to combat operation areas have resulted in veterans transitioning from the military in more significant numbers. Likewise, African American veterans are also leaving the military in higher numbers. Transition assistance training is necessary to prepare these veterans for higher education and civilian employment since these are the most likely destinations for the successful transition of this population of veterans. Transition Goals, Plans, Success Program (Transition GPS) prepares military personnel for the transition back to civilian life. Transition GPS focuses on helping military personnel to become career-ready through mandatory curriculum-based training in a classroom setting before departing the military for civilian life. This study aims to understand better the transition experiences of African American veterans, their participation in the Transition GPS program, and the challenges they face obtaining employment and higher education after military service. Moreover, higher education is vital for the self-improvement and economic stability of African American veterans. The participants for this study were six African American veterans who served in the United States Army, Navy, Air Force, and Army National Guard. Each participant served in their respective branch of the military for 20 years or more. Veterans in this study highlighted the challenges they faced during their transition from the military to civilian life and acknowledged the importance of higher education. The themes that emerged are representative of the participants’ life experiences, military transition experiences, and demonstrates higher education’s role in a successful transition. The participants expressed the importance of family during their transitions, but they need help to better understand civilian careers and employment before leaving the military. Furthermore, African American veterans need career counseling to help them understand their transition experiences and help to prepare an adequate resume that translates their military skills into a civilian job match.","transition. These theories include the Super's Developmental Theory and Happenstance Learning theory. Preventing Homelessness Homeless veterans need transition assistance and should be researched to discuss ways that can help these veterans. Minority veterans may face higher odds of being homeless. Career Counseling:
 Female Veterans Transition Female veterans face more significant challenges than male veterans. African American female veterans may face more significant challenges than their White counterparts. African American female veterans' transition assistance is necessary to help them improve their transition to civilian life. Training and Development:
 Training and development programs are necessary to help veterans understand their transition experiences and to help African American veterans make better decisions during their Transition GPS program briefing. Training and Development:
 Table : Implications for Practice -Resume Writing. Focus Implication for Practice -Resume Writing:
 Professional Coach Give veterans the choice to seek professional coaching and writing assistance with their resume. Transferable Skills:
 Veterans need to develop skills to help them translate their military occupational specialty and duties into articulated skills employers understand. Practitioners can also play a role in helping African American veterans translate their skills. Discussion:
 Findings from this study offer a theoretical framework aimed at helping to understand the transition experiences of African American veterans. The methodology, data collection, and data analysis were discussed in-depth to provide the reader with a better understanding of how the study was conducted. The broader interpretations of the findings and the contributions to the literature are presented. Furit articulates how this study addresses literature gaps as well as discusses implications for HRD research and practice. This study concludes with recommendations for future research and reflections on this study. The study aims to explore the transition experiences of African American veterans, their participation in the Transition Goals, Plans, Success Program, and the challenges they faced after military service. The research data and findings are the results of the lived experiences of African American male and female career veterans. Discussion:
 Participants in this study highlighted the challenges they faced during their transition from the military to civilian life and higher education's impact on meaningful employment. Hermeneutic phenomenology guided this study to help understand the lived experience of the participants. The participants were career veterans retired from the military with over 20 years of service to the country. The participants overwhelmingly cited their families' influence and the desire to take control of their lives for the decision to leave the military. Participants acknowledged the importance of higher education and most completed their college degree before they left the military. The participants believed earning a college degree before leaving the military improved their possibility to gain employment. Although they experienced several setbacks assimilating into the organizational culture, participants acknowledged their fears as they transitioned and understood the need to develop coping strategies to handle their fears. Discussion:
 This study also aimed to contribute to the sparse research on African American veterans' transition to civilian life and employment by examining their lived experiences and feelings about the world through semi-structured interviews. Analyzing the participant's transition experiences as they left the military for civilian life and employment also contributed to the limited research in human resource development of this population."
"Serving those who served us Resources for active duty soldiers and veterans","https://scispace.com/paper/serving-those-who-served-us-resources-for-active-duty-2cjh0lf1el","2012","Journal Article","College & Research Libraries News","Karen Evans","10.5860/CRLN.73.8.8812","https://scispace.com/pdf/serving-those-who-served-us-resources-for-active-duty-2cjh0lf1el.pdf","","youth, and children. This is a source geared toward the family and ensuring families have a successful and productive military life. Access: http://www. cnic.navy.mil/CNIC_HQ_Site/WhoWeAre /index.htm. Deployment, homecoming, and family life:
 • National Military Family Association: Deployment. Deployment is the theme of this Web site. Links including preparing and managing for a successful deployment, legal and financial issues, talking with kids, child care, and coping with emergencies. Return issues are covered with links to Reunion and Back Home. The Reunion page includes links to resources for particular military divisions. Additional resources include mental health care, spouse education, and supporting children during deployment. Links to military and civilian support groups are also listed. Access: http://www.militaryfamily.org /get-info/deployment/. Education:
 • VA: Welcome to the G.I. Bill. The site provides information resources available through the G.I. Bill, applying for benefits, the Post G.I. Bill and other programs, benefit and education resources, counseling for vocational and educational issues, FAQ's, and contact information for assistance. A section on Choosing a School provides information on things to consider before making career or educational decisions. Videos tell the story of veterans from different branches of service. Access: http://gibill.va.gov/. Education:
 • Real Warriors: Five Resources for Returning to School. Provides five steps for those considering higher education. Among the five steps is Tips from Student Veterans, including a link to a Military to College Guide. The guide provides information on transitioning to a college or university, educational and employment resources, VA forms, and a veterans' information checklist to make the transition easier. Access: http:// www.realwarriors.net/veterans/treatment /studentveterans.php. Education:
 • United States Department of Education: Military Families and Veterans. One of the best sections of this site is the Resources section, containing a multitude of links for users. Information is available on Readmission Requirements for Service Members, school liaison programs with the Army, Marines, and Navy, and Support for Military Families. Other areas include Funding, Policy, and Research information. Access: http:// www.ed.gov/veterans-and-military-families Employment:
 • U.S. Department of Labor: Veterans' Employment and Training Service (VETS). The VETS program has a collection of sources to assist veterans, active duty military, and employers in locating and matching military personnel with employment. Divisions are clearly labeled for Service Members, Family and Veterans, Employers, Service Providers, and Updates. Information is provided on grants for job training, hiring fairs, grants for homeless vets, and a compensation and benefits handbook for ill, wounded, and injured service members. Access: http://www. dol.gov/vets/. Employment:
 • U.S. Small Business Administration: Office of Veterans Business Development. SBA has a diverse assortment of programs available to assist veterans, reserve members of the military, family, and survivors with small businesses. The SBA provides information on starting a business, competing for grants, and hiring employees. A list of programs (Operation Boots to Business, Women Veterans Igniting the Spirit of Entrepreneurship, and Operation Endure and Grow) is available. Resources include a Balancing Business and Deployment Guide and Getting Veterans Back to Business. Access: http:// www.sba.gov/about-offices-content/1/2985."
"Veteran as leader: The lived experience with Army leader development","https://scispace.com/paper/veteran-as-leader-the-lived-experience-with-army-leader-oej2eblnlh","2018","Journal Article","Human Resource Development Quarterly","Michael J. Kirchner","10.1002/HRDQ.21302","https://scispace.com/pdf/veteran-as-leader-the-lived-experience-with-army-leader-oej2eblnlh.pdf","Each year at least $50 billion is spent globally on leadership development—more than any other training and development program. Managers are concerned about the leadership shortage faced by their organizations and have been aggressive in their attempts to address the issue. These same organization leaders argue that the leadership and teamwork skills possessed by U.S. military veterans are highly desirable. This article presents findings from a phenomenological study that examined how U.S. Army veterans experienced leader development during their term of service. A purposive sample of 10 lower enlisted Army veterans completed a pre–military leadership autobiography and a face-to-face interview. Four primary themes emerged: (a) consistent first Army experiences, (b) observed leadership, (c) performing is essential, and (d) we are all leaders despite not understanding the process. This article contributes to the field of human resource development by discussing the Army leader development program as experienced by veterans and offering nonmilitary organizations a progressive leadership development methodology based on Army training.","hiring decisions. This study initiates the education process and offers executives and human resource leader's support in their construction of leadership development programming, which may lead to increased productivity and output of non-veteran employees while at the same time supporting veterans. Mutual Benefit for Employers and Veterans:
 The U.S. Army is widely regarded as one of the most powerful and well-trained organizations in the world yet few civilians know anything about military service . While employers acknowledge hiring veterans is the right thing to do, most will only do so when it directly benefits the business .  adds that many employers feel a moral obligation to take care of veterans but argue that hiring veterans is not always a simple task. Military service is rarely a job qualification and establishes a barrier between veteran and employer, before the application is submitted. Without knowledge about the leader development experience of service members, employers will continue to question veterans' capabilities when considering the former service members for positions within their organizations. As it stands, veterans struggle with their transition between workforces while having been trained to possess an assortment of skills and knowledge already valued in the traditional employment arena. Mutual Benefit for Employers and Veterans:
 Since 2001, more than 2.5 million service members from all branches have deployed to Mutual Benefit for Employers and Veterans:
 Iraq and Afghanistan . The Army has provided more than half that number-1.5 million  with more than 70% of all active-duty soldiers having at least one readily welcomed into the workforce is prevalent. For some companies, the hiring of veterans may be more public relations-oriented as opposed to the genuine interest in employing those with military service because of their training and skills . The key to closing the knowledge gap between the military and civilian sectors begins with examining the training veterans receive and identification of the beneficial qualities retained after transitioning out of the service (National Coalition for Homeless Veterans, n.d.). Future Research:
 Findings from the research serve as a platform for future studies. Post 9/11 enlisted Army veterans participated in this study though interviews with former officers and warrant officers would further contribute towards a holistic understanding of Army leader development. In addition, the leader development of other enlisted personnel across service branches is necessary. Future Research:
 This study examined enlisted Army veterans; however, employers do not distinguish service members of various branches when hiring-this includes members of the National Guard and Future Research:
 Reserves. Participants from this study were not surprised by the consistency in the findings, regardless of active duty time or deployment. They attributed their interactions with military leaders and opportunities to perform as impactful and did not anticipate a change if members of the Reserves or National Guard were interviewed. In sum, even with the hundreds of jobs available spanning the five branches, employers are not identifying a particular subgroup as more-effective leaders; a belief corroborated with the study's participants. Future Research:
 The overgeneralization may simply be a knowledge gap-an additional research opportunity. Between the many stereotypes and stigmas that exist around veterans, it seems likely employers know little about the training provided to soldiers, seamen, and airmen. While employers make claims about why they do and do not hire veterans, they have not been asked The veterans who participated in this study were unable to describe the Army's process for developing soldiers into leaders, even while claiming they were leaders after having served."
"Improving Veteran Transitions to Civilian Cybersecurity Roles: Workshop Report","https://scispace.com/paper/improving-veteran-transitions-to-civilian-cybersecurity-3l9gcevk2x","2020","Report","","Marian Merritt","10.6028/NIST.SP.1500-16","https://scispace.com/pdf/improving-veteran-transitions-to-civilian-cybersecurity-3l9gcevk2x.pdf","","Keywords: career, civilian, cybersecurity, defense, military, training, transition, veteran, workforce"
"The Post-9/11 GI Bill and its Role in For-Profit University Enrollment","https://scispace.com/paper/the-post-9-11-gi-bill-and-its-role-in-for-profit-university-3k8f2wzvqq","2019","","","Irma Paul","","https://scispace.com/pdf/the-post-9-11-gi-bill-and-its-role-in-for-profit-university-3k8f2wzvqq.pdf","The Post-9/11 GI Bill and its Role in For-Profit University Enrollment by Irma Paul MBA, University of Phoenix, 2009 BA, Florida Atlantic University, 2006 Dissertation Submitted in Partial Fulfillment of the Requirements for the Degree of Doctor of Philosophy PPA – Public Management and Leadership Walden University February 2019 Abstract There is limited research on the Post-9/11 Veterans Educational Assistance Act of 2008, known as the 9/11 GI Bill, which provides educational benefits to veterans who have served in the United States military on active duty for 90 days. While outcomes for public and nonprofit universities are well known, less is known about whether proprietary universities are successful in recruitment and enrollment of veterans under the 9/11 GIThere is limited research on the Post-9/11 Veterans Educational Assistance Act of 2008, known as the 9/11 GI Bill, which provides educational benefits to veterans who have served in the United States military on active duty for 90 days. While outcomes for public and nonprofit universities are well known, less is known about whether proprietary universities are successful in recruitment and enrollment of veterans under the 9/11 GI Bill. The purpose of this phenomenological study was to examine the experiences that veterans who were Post 9/11 Bill beneficiaries had with recruitment strategies and institutional public policy practices from for-profit institutions. Ten veterans who participated in this study received Post-9/11 GI Bill educational benefits and enrolled in a for-profit institution based in Florida. Data was collected using the transcripts of the responses from the face-to-face interviews. These data were inductively coded and analyzed using a modified Van Kaam analysis procedure. The findings indicated that for-profit institutions used excessive recruitment strategies and aggressive targeting to attract veterans who received Post-9/11 GI Bill educational benefits. The findings also suggested that for-profit universities appear to need institutional policy changes and programs to assist veterans in transitioning from academic to civilian life. Recommendations to Veterans’ Affairs Offices, legislators, and leaders of proprietary institutions that support positive social change include mandatory reporting of federal funds, development of civilian transition programs, and adopting of key collaborations within departments. These recommendations may promote successful educational outcomes and sustainable employment for veterans. The Post-9/11 GI Bill and its Role in For-Profit University Enrollment by Irma Paul MBA, University of Phoenix, 2009 BA, Florida Atlantic University, 2006 Dissertation Submitted in Partial Fulfillment of the Requirements for the Degree of Doctor of Philosophy PPA – Public Management and Leadership Walden University February 2019 Dedication I dedicate this doctoral degree to the one and only “granny” or better known to me and my siblings as “Nenen” – my mother! For me, my mom, Isaline Theresa Paul, has always stood tall; though in physical terms she is rather short. A single parent of nine children, my mom’s dedication, sacrifice, generosity, love, and support has been the anchor and glue which kept me from giving up on this journey of obtaining my Ph.D. It is her hard work and temperament that allowed me to aspire for greatness in this world as an expert researcher. Mom, you are and always will be my queen, my rock, and my prayer warrior. Thank you supporting me, not just through this journey, but through so many difficulties. I know that you have made sacrifices for me, especially when you have put my needs ahead of your own, my goals above yours, and especially when you put your education on hold so that I could pursue mine. Thank you for making my dreams come true. Thank you most of all for being my mom and believing in me. I love you! Acknowledgments First, I give honor and glory to my Lord and Savior Jesus Christ for taking me through this academic journey. I also wish to acknowledge Walden University Family: Faculty, Staff, and fellow Colleagues. Susie, we met at the Paris Residency in 2015, and we are still very close. Thanks for letting me rest my head in your room in Paris before my room was ready. I owe such gratitude to Walden University for accepting me into their Ph.D. program back in 2013. I do not take lightly this path that you afforded me; I am honored to have been selected. Most importantly, I want to acknowledge my current Chair, Dr. Michael Brewer. Although you came in the middle of my dissertation process at the IRB stage, it seems like we have known each other forever. Dr. Brewer, thank you for embracing my topic from the beginning and assuring me that I can do this! But most importantly thank you for your military service. To my former Chair Dr. John Hutcheson, without your guidance this moment would not have been possible. It was you who sparked my interest in this topic. It was your advice that led me to write about our veterans. Dr. Gloria Billinsley thank you for being with me on this journey and for challenging me always. To Dr. Nicole Strange-Martin thank you for all your support. To the participants (Veterans Service Members) who jumped and were willing to take part in this study. I ‘take my hat off’ to all of you for taking the time to interview with me; but I am especially grateful for your bravery and for allowing me to share your lived experiences. You protected our nation and you deserve our highest honor and respect for your selfless military services. My hope is that this study will pave the way for new student veterans to find more appreciation for their service and less attention for their academic benefits as they transition to for-profit institutions. To TJM, my research liaison, thank you for your list of contacts, without you this study would not be possible. As well, I hope that new institutional public policies will foster adequate positive social change in federal disbursement to for-profit institutions and other institutions. Finally, to my family especially my siblings Jennifer, Juliet, Cymbert, Christiana, Maudrina, Charles, Rupert, and Stewart and all my nieces and nephews; thank you family for your love and support throughout this journey. Miracson, you came into my life when I most needed you. Your love, your calmness, your patience, and your passion for learning is what kept me going. Thank you, my love!","how these aspects may create challenges for veterans in higher education. Fourth, the 2 focus groups identified referral resources on campus and within the community that were available to student veterans. Finally, the focus group identified questions and comments that student veterans find offensive . Training and Transition Programs for Veterans:
 The Veterans Ally Training focused on inspiring participants to be conscious of their perceptions of veterans and military culture . This was a key step in understanding the need for modifications to policies in higher education and to develop transition programs .  used a qualitative analysis of interviews with eleven student veterans to describe their transitional experiences from the United States military to civilian life. It was found the two entities (military and college) were drastically different. As a result, veterans had conflicts concerning the transition to student veteran life. The research indicated five themes which affected veterans' transition. These themes were task cohesion, military structure, military responsibilities and release anxiety, combat experience, and social cohesion in combat units . Training and Transition Programs for Veterans:
 In short, military service-members leave their military life of familiarity and exchange their previous life with one that is new and different. Veterans suffer from an inordinate amount of emotional devastation as they enter the civilian life . Given the nature of this transition, there must be more policy implications for student services implemented that were previously discussed in the policy and procedure sections for universities .  documented the struggles for veterans who received the Post-9/11 GI Bill education benefits to transition into the civilian world. The veterans provided feedback on their experiences with the Transition Assistance Program (TAP). TAP was designed to assist veterans with the transition to civilian life and to help them overcome any external factors affecting them from moving on after active duty. For example, one veteran for the United States Marine Corps, found himself at a standstill. This servicemember had no academic experience and it was difficult to select a college because no one in his family had attended college. Questions concerning accreditation, campus, cost, and veteran-friendly institutions were not obvious to this veteran. This is a widespread problem for most veterans who do not have the academic and institutional pedigree of higher education. Unfortunately, a myriad of veterans relied on internet searches to guide their academic careers and pursuits.  said that it is vital for institutions to establish and implement programs specifically designated for veterans to alleviate the stressors linked with transitioning to a higher education environment. Many schools must begin to provide resources to aid veterans in understanding the differences between military culture and civilian culture . In addition, universities must provide veterans with additional supports such as mentoring, advising, and developing peer relationships ."
"Review of the Provision of Job Placement Assistance and Related Employment Services to Members of the Reserve Components","https://scispace.com/paper/review-of-the-provision-of-job-placement-assistance-and-50803rft4h","2016","Book","","Agnes Gereben Schaefer
Neil Brian Carey
Lindsay Daugherty
Ian P. Cook
Spencer R. Case","","https://scispace.com/pdf/review-of-the-provision-of-job-placement-assistance-and-50803rft4h.pdf",": The Office of the Secretary of Defense asked RAND to conduct a congressionally mandated study, which, in Section 583 of the 2015 National Defense Authorization Act, requires that the Secretary of Defense . . . conduct a review of the feasibility of improving the efforts of the Department of Defense to provide job placement assistance and related employment services directly to members in the National Guard and Reserves. The aim of this study was to identify the current universe of federal employment programs and resources available to reserve component members, assess the gaps and overlaps in those programs and resources, and develop recommendations for how the U.S. Department of Defense (DoD) and the federal government as a whole can improve efforts to provide job placement assistance and related employment assistance to reserve component members. This study consisted of three tasks:(1) review the literature on federal job placement assistance and related employment services for reserve component members, (2) conduct informational discussions with managers of federal programs designed to provide job placement assistance and related employment services to reserve component members, and (3) assess the feasibility of improving DoD efforts to provide job placement assistance and related employment services to reserve component members. The study was carried out over the course of 11 weeks, from March 11, 2015, to May 27, 2015.This research should be of interest to federal policymakers, managers of federal employment programs, and others concerned with how to improve employment assistance to members of the reserve components.","website, the resources for current employees explain that ""VA for Vets o ers resources and support so that you can continue your VA career, while serving in the National Guard or Reserve,"" indicating that the program does intend to serve members of the reserve components. VA for Vets:
 Services: e program's website provides a range of informational resources, including fact sheets, frequently asked questions, videos, and links to other employment program resources. Among the materials provided on the site, the resources for prospective employees provide information about rules and regulations around VA employment (e.g., veterans' preference, OPM regulations) and guidance about the hiring process and activities after applying. Resources for current employees provide information about mentorship opportunities, supervisor guidelines, and general employment issues. e materials for human resource professionals and supervisors cover similar topics. In addition to the online resources, the program provides access to regional veteran employment coordinators through a call line. ese individuals are available to provide more information to veterans and transitioning service members about the opportunities at the VA, as well as o ering to facilitate the hiring process through one-onone assistance to human resource professionals with open positions. Veterans Employment Center:
 Purpose: e VEC is the federal government's main online portal for connecting transitioning service members, veterans, and their families to public-and private-sector career opportunities. Veterans Employment Center:
 Oversight: e VEC is overseen by the VA. Veterans Employment Center:
 Population: e eBene ts website on the VEC was designed to serve transitioning service members, such as veterans (including wounded warriors), service members, their family members, and their authorized caregivers. All of the resources provided by the VEC are available to reserve component members, though the VEC was not designed to exclusively target the reserve components. Veterans Employment Center:
 Services: e VEC provides information and services on bene ts across all areas, including health, education, and employment. e VEC focuses on providing access through the website to tools and informational resources that can assist individuals with job searches and assist employers with hiring. e primary tool o ered through the VEC is a job board that connects individuals looking for jobs to employers that are committed to hiring veterans, service members, and their families. Other tools provided by the VEC include a skill translator to identify civilian skills that correspond with those gained through military experience, as well as a pro le and résumé-builder that assists individuals in developing their résumés and posting them for employers to access. In addition to these tools, the VEC provides links to descriptions of other programs and resources, including resources in the areas of employment, education, training programs, and disability. Employers are able to access resources that provide information about the military experience and o er advice about supporting veterans, service members, and their families in the workplace. e VEC also provides information about job fairs for individuals and employers. 39 Veterans Opportunity to Work:
 Purpose: e Veterans Opportunity to Work (VOW) program was designed to provide an extension of the vocational rehabilitation services provided by the Vocational Rehabilitation and Employment (VR&E) program. Veterans Opportunity to Work:
 Oversight: e program is administered by the VA's Veterans Bene ts Administration."
"Impact of the Post-9/11 G.I. Bill: An examination of retention of first year students studying in the Hampton Roads area","https://scispace.com/paper/impact-of-the-post-9-11-g-i-bill-an-examination-of-retention-tuqyzadht4","2014","","","Kim Bullington Sibson","10.25777/ZGQF-WN34","https://scispace.com/pdf/impact-of-the-post-9-11-g-i-bill-an-examination-of-retention-tuqyzadht4.pdf","IMPACT OF THE POST-9/11 G.I. BILL: AN EXAMINATION OF THE RETENTION OF FIRST YEAR STUDENTS STUDYING IN THE HAMPTON","benefits that were inclusive, rather than exclusive. indicates that in the South, around 90% of black veterans who attended college persisted and earned their degrees; this, according to the author, is attributed to segregation and a lack of jobs and opportunities. Overview of Benefits (1944-1984).:
 Veterans as College Students.  found that retention of Vietnam veterans in higher education was not as high as their civilian counterparts.  indicated that military transition students, those moving from a career in the military to another field, tend to feel most comfortable with each other. They are used to relying on each other and working in teams, and tend to have more self-confidence and maturity than their traditionally college-aged peers ; higher education officials should be cognizant of this.  indicates that colleges and universities should provide experiences and opportunities for servicemembers, veterans, and their dependents to come together. Providing mentoring programs with mentors who have been in similar situations as the students will enrich the student's experience on campus. Creating communities for students and having venues Overview of Benefits (1944-1984).:
 where students can become involved in, on, and around campus leads to retention and persistence, especially in the first year of college or university .  indicate that the CIRP Freshman Survey included a question about veteran status, of which 595 students responded. For veterans, 11.5% reported high school grades of A or A+, for nonveterans, 23.1% reported that same grade scale. For C+ averages or lower, 19.8% of veterans reported grades at that level, whereas their nonveteran counterparts reported 4.6%. Overview of Benefits (1944-1984).:
 Veterans also rated themselves higher than nonveterans with regard to leadership ability and social self-concept, but lower in academic self-concept. Veterans also indicated that they would become involved in clubs or groups (34.6%) and discuss course content with other students outside of the classroom (37.1%), both of which were lower than nonveterans (45.9% and 46.1%, respectively) . This research strongly conveys that veterans who were average in high school choose the military over college, which may have allowed them time to mature and develop different goals before attempting higher education. Overview of Benefits (1944-1984).:
 Cook and  found that higher education is meeting the needs of military students in several areas, including acknowledging veterans and servicemembers in strategic plans, offering programs and services for veterans, recognition of military experience as transfer credit, assisting veterans with services, such as counseling and refunds for deployments, and helping veterans access their G.I. Bill benefits. However, they also found that higher education institutions were not adequately assisting veterans with their transition to college life. Administrators and faculty were not adequately trained to understand the transitional needs of veterans and administrative procedures Overview of Benefits (1944-1984).:
 were not streamlined to make the (re-)enrollment processes easy and accessible. Finally, they found that colleges and universities failed to provide enough opportunities for veterans to socialize with each other through student organizations , which can increase retention in college."
"Student Veteran Success: A Grounded Theory Study","https://scispace.com/paper/student-veteran-success-a-grounded-theory-study-uht6uylglz","2016","","","Peter W Granger","","https://scispace.com/pdf/student-veteran-success-a-grounded-theory-study-uht6uylglz.pdf","Student veterans in undergraduate post-secondary education face many challenges. Current research addresses these unique challenges and offers recommendations for further research, as well as strategies for college administrators and faculty seeking to assist student veterans. However, the research does not address the strategies student veterans use to succeed. The purpose of this grounded theory study is to start this conversation. The objective of this study is to present a theory that predicts and explains student veterans’ success, using grounded theory methodology to examine student veteran strategies to succeed in college. Thirteen student veterans from two different colleges participated in the study via semi-structured interviews and theoretical sampling. The data from the interviews and sampling sessions were coded using in-vivo and axial coding techniques until theoretical categories emerged. Study results showed that student veterans succeeded because they were adaptable and empathetic, and could prioritize their efforts based on goal setting, both on and off campus. Successful student veterans put more effort into their life outside of college, and tended to be internally motivated to succeed. Academic excellence and college degrees were secondary motivators, and fell behind broader-based life goals. The theory developed in this study offers guidance for future research on student veteran success. It also provides valuable insight that will allow post-secondary faculty, administration, and staff who work with student veterans in post-secondary education, to replicate this study’s strategies for success. Lastly, it shows that, to student veterans and their supporters, life after the military is about more than college. Document Type Dissertation Degree Name Doctor of Education (EdD) Department Executive Leadership First Supervisor Guillermo Montes Subject Categories Education This dissertation is available at Fisher Digital Publications: https://fisherpub.sjfc.edu/education_etd/271 Student Veteran Success: A Grounded Theory Study","many of whom were undergraduates at 4-year public or private universities (National Center for Veterans . This made up nearly 5% of the entire student population at colleges and universities across the country (Chronicle of Higher Education, 2014). Statement of Purpose:
 The purpose of this study is to develop a substantive grounded theory    . This study aims to address these elements of theory as they apply to the Post 9/11 student veteran and his or her success during their upper classman college years. Research Question:
 The guiding question in this study addresses are based on the process of succeeding as a student veteran. The question is in response to the problem statement above, that there is a focus in current research on student veterans' problems, with scant attention paid to other areas of their lives and personal development.  . Research Question:
 According to the Department of Labor, the average annual salary of a worker with a bachelor's degree is higher than one with just a high school diploma. This is also true for a worker with some college, or an associate's degree.  . Improving the outcomes of these programs benefits student veterans, participating colleges and universities, and society as a whole.  showed that, across all demographics, use of VA education benefits have a positive net impact on lifetime earnings, even with the monetary cost and opportunity cost of college attendence. Research Question:
 This conclusion is based on data from a 1987 survey of veterans, and factors in use of the Montgomery GI Bill and Veterans Education Assistance Program (VEAP). The impact on veterans' earnings is a positive net of 6% per year over the lifetime of the veteran, compared to those that did not use their education benefits . Research Question:
 Veterans are oftened stereotyped in the workforce . Research Question:
 Research on student veterans does not address stereotypes, per se, yet current literature is centered on the same issues that  addressed in their study on factors that affected hiring decisions for veterans. Negative strereotypical attributes are more likely to lower employer generated job expectations for prospective veteran hirees, as opposed to positve ones . Having a college degree, on the other hand, is one way to increase job expectations for veterans who seek employment . Research Question:
 The economic impact successful student veterans can have on society is only one issue affecting student veterans in higher education. The nation also has a moral obligation to take care of its service members after they leave the military. Since World War II, the federal government has provided education benefits for its military members upon separation . Today, as support continues and evolves, President Bill Clinton's words, at the 50th anniversary of the GI Bill in 1995, are as relevant today as they were then: ""[The GI Bill] gave generations of veterans a chance to get an education, to build strong families and good lives, and to build the nation's strongest economy ever, to change the face of America"" . To demonstrate the methods college's use to assess students with military experience, Diramio and Jarvis (2011) adapted  transition model; they also modified  hierarchy of needs  longitudinal model of institutional attrition to student veteran-specific tools . Although these studies discuss specific areas like transitions, needs, and retention among student veterans, they are developed from reviews and do not use empirical data; most importantly, the studies do not involve any participation by or data gathered from the student veterans themselves."
"Perceptions of Community College of the Air Force Graduates Regarding the Degree's Influence on Employability: A Case Study","https://scispace.com/paper/perceptions-of-community-college-of-the-air-force-graduates-20bdqycpvy","2018","","","Kimberly Castillo","","https://scispace.com/pdf/perceptions-of-community-college-of-the-air-force-graduates-20bdqycpvy.pdf","The purpose of this single embedded case study was to answer the central question: How do CCAF graduates perceive the impact of their degree in enhancing their employability for the civilian workforce? Because veterans have historically suffered from high unemployment (Kleykamp, 2013), veteran employment is a highly politicized problem considering the large number who have discharged (Burnett-Zeigler, Valenstein, Ilgen, Blow, Gorman, & Zivin, 2011; Humensky, Jordan, Stroupe, & Hynes, 2013; Kleykamp, 2013; Loughran, 2014). This study used a theoretical framework of the transition theory to better understand the issues airmen faced when leaving the Air Force as well as hope theory to understand their motivations to complete their degree. Participants included currently serving enlisted airmen who were within a year of transitioning out of the Air Force and airmen who have separated/retired within the last two years. At the time of separation or retirement, the airmen had completed a CCAF degree. Data were gathered using field notes, interviews, a survey, and focus groups. The two groups of airmen were used for a cross-case synthesis in order to compare the changes in perceptions between the groups. Data analysis resulted in four directly related themes and three indirectly related ones. The former included the followings: a. The CCAF degree provides an impetus for further education; b. A college degree and certifications along with experience and skills are crucial to being viewed as employable; c. Preparing early and often, including attaining a degree and/or certification, is vital for a successful transition to the civilian workforce; and, d. Currently serving airmen valued the CCAF degree differently than those who had already separated/retired.","civilian employment after over a decade of war. Background: Finding employment for thousands of servicemembers discharged every year-over 186,00 in 2016 (Military One Source, 2016)-within a short period of time is nothing new. Background:
 Often after wars, the Service components draw down their forces and release thousands of their members back into civilian life . The challenge is how to absorb these new job seekers into an economy that is just beginning to recover from years of recession and high unemployment . In addition to economic concerns, servicemembers must overcome the prejudices civilian employers may have about the ability of veterans to adjust to civilian employment . Servicemembers also may not have the skills or education needed to join the civilian workforce due to having careers focused on combat arms. In addition, servicemembers themselves may have preconceived ideas about their ability and readiness to enter civilian employment. Background:
 There is a slowly growing body of research on veteran unemployment including discussions on higher veteran unemployment rates  and the challenges facing veterans seeking civilian employment during a recession . The issue of veteran unemployment is further exacerbated by the fact that the military is experiencing a significant drawdown . Background:
 However, there is a dearth of research on the causes of veteran unemployment despite the various programs established to assist veterans in finding jobs. One aspect that has received almost no attention is the role higher education that is gained during servicemembers' military careers has in helping them attain civilian employment postservice. All the Services provide robust academic programs to help their members attain higher education. There is little research to indicate how these programs aid in veterans' postservice transition to civilian life and, specifically, in getting a job. Background:
 In addition, many servicemembers take advantage of these academic programs but not all. For those that do, this study uses hope theory (e.g.  and transition theory (e.g.  to better understand the motivations for pursuing higher education and how that can ease the transition to civilian life. This study will add to the research by providing a possible link between a specific academic program (the Community College of the Air Force (CCAF)) offered by the Air Force and its influence on veteran employment. No such links have been made in current research, yet it is important to helping airmen maximize their resources to make a successful transition."
"The impact of military experience on the higher education experiences of veterans","https://scispace.com/paper/the-impact-of-military-experience-on-the-higher-education-1aykvbinhs","2015","Dissertation","","Jeffrey S. Dougherty","10.30707/ETD2015.DOUGHERTY.J","https://scispace.com/pdf/the-impact-of-military-experience-on-the-higher-education-1aykvbinhs.pdf","","working with others, meeting deadlines, and group collaboration. On the other hand, social integration was more challenging because of the fact that the veterans were moving from one culture to a very different one, making it difficult to forge close ties with fellow students. Recommendations:
 This study focused on how veterans perceived their military experience affected their higher education experience. Four important recommendations for practice emerged from the findings. Recommendations:
 Recommendation 1. The military and higher education institutions should assist in the military-to-college transition process. The military can offer transition assistance for veterans choosing to go to college after discharge rather than to find civilian employment. Higher education can also offer transition assistance in a format that mirrors the military Transition Assistance Program (TAP), which veterans will be very familiar with. This can be offered formally for veterans once they begin their college experience. Transition assistance can also be offered informally on an as-needed, walkin, or appointment basis for those who seek occasional assistance. Recommendations:
 As noted in the previous chapter, some of the interviewees in this study mentioned the TAP's program but felt it was more helpful to those transitioning to the civilian workforce. Military transition assistance for veterans, if not already being offered, could be modified to offer transition assistance geared toward those who plan on attending college in lieu of returning to the workforce. Recommendations:
 Colleges and universities could also offer addition transition assistance such as one-on-one academic advisement from the first semester through degree completion, a scavenger hunt to discover available college resources on campus, workshops on how to adapt veterans to the less-structured college environment, group discussions on the expectations of college as compared to the military, and simulations of classroom experiences. Colleges and universities could offer these transition services in workshop formats that are similar to those provided by the military TAP program. One veteran suggested: ""maybe we should have something like that whereas a couple weeks. . . the veterans get together and take a class together . . . like another TAP's."" Recommendations:
 Recommendation 2. Veterans welcome some form of college orientation specifically targeted towards them. These orientations could run in tandem with the transition services noted above and should be targeted towards all veterans regardless of the conditions in which they served. Recommendations:
 Veterans were supportive of college orientation. An orientation could help veterans adjust to the college culture, learn about available services, and provide an opportunity for networking. This orientation can be relatively brief and offered either as a workshop or college course. In veteran parlance, this ""basic training"" can range anywhere from a workshop that lasts from one to three days to a transferrable collegelevel orientation course that specifically targets veteran students to help them understand the college culture and other issues first-time college students face. This course would also serve a networking and support function, allowing veterans to share experiences and gain confidence in their ability to complete a transferable, college-level course. A veteran offered suggestions for an orientation. She suggested: Recommendations:
 An orientation . . . where to find the rules, any kind of teaching setting, you get inundated with so much, you're not going to retain everything. You're going to forget something, so you need not only to have that information available to you and given to you from the get-go, but also a resource in which to find that information if you don't remember it."
"A Phenomenological Study of the Transition of Veterans into the Civilian Workforce","https://scispace.com/paper/a-phenomenological-study-of-the-transition-of-veterans-into-36b4ww7u4q","2019","","","Brian Keith Ward","","https://scispace.com/pdf/a-phenomenological-study-of-the-transition-of-veterans-into-36b4ww7u4q.pdf","","Unemployment Rates for the Military Veterans: According to , the most important reason for the difficulty in the transition into the civilian workforce by the military veteran is the mismatch in the skills. Only individuals with the skills and experienced are needed in the corporate world. Unemployment Rates for the Military Veterans:
 Even as these veterans are deployed from the active military service, they need to own the appropriate skills and expertise to understand how the corporate world works and use these skills to be productive in this field . As a national and strong economy, it is important for the government to understand how best to treat the menace that these long service military men and women are facing. In response to this menace, the non-profit organizations, the government, and the corporate sector has started instituting assistance programs that tries to unveil both the problems and the benefits that are linked to the recruitment of the military veterans . This move is with a vision to help these member of the society fit best in these jobs in the civilian service. The Government's Efforts on Veterans' Transition:
 According to the line of thought of the government, the most fundamental way of ensuring viability of these veterans into the civilian workforce is the transition assistance. The Government's Efforts on Veterans' Transition:
 The health of these ex-military depends partially on the perception of the public from the veterans benefits from their service while in active duty and should be appreciated . Additionally, it is based on the fact that the civilian employers in the corporate world would appreciate and respect their expertise and sacrifice. From the perspective of the companies, they feel they honor the country and respect the duty of these veterans of quality service . However, looking at this issue in the business sense, the act of hiring the ex-military is deemed not to be a charity work per se, neither is it a course for being patriotic as a company. The employers, therefore, look into various issues at hand before employing these potential employees. According to , being an American War veteran does not guarantee that you are a good employee and this does not guarantee that they are fit for the managerial role in the civilian world. It is important to understand, therefore, that title of being a veteran in the civilian context does not hold much water in terms of addressing the notion of being suitable for a job . Other qualifications such as the need to have a good managerial and public relation skills is essential for one to qualify in this area."
"Women's Work after War","https://scispace.com/paper/women-s-work-after-war-3s72ghcfnq","2010","Report","Research Papers in Economics","Meredith Kleykamp","10.17848/WP10-169","https://scispace.com/pdf/women-s-work-after-war-3s72ghcfnq.pdf","In the more than 30 years following the all-volunteer force (AVF), the proportion of women serving in the military has increased from 18 percent just before the AVF to 142 percent in 2008 The majority of women do not stay in the military for a 20-year or longer career; like men, most women only serve a few years before transitioning to the civilian workforce Although the fraction of the military who are women has risen, as has the fraction of veterans who are women, little research informs how female veterans of the AVF fare economically after leaving service, or whether military service benefits minority women who serve in such disproportionate numbers This paper investigates the civilian employment experiences of female veterans of the AVF using two sources of data First, population-based data from the American Community Survey are used to evaluate the employment experiences of female veterans Second, data from an audit study of civilian hiring practices provides additional insight into the experiences of women veterans transitioning from military to civilian work We find little evidence of a veteran labor market disadvantage, either for white or black women Both groups exhibit strong patterns of labor force attachment Only white women show slightly lower rates of employment (among those in the labor force), while black women veterans show consistently advantageous employment profiles These positive employment outcomes among female veterans at least partly derive from employer preference for hiring veterans over equally qualified nonveteran women","2005-2007 American Community Survey and follow with a brief description of our experimental procedures. Finally we present the results of the observational and experimental data analyses and discuss the implications of our findings for further research connecting military service and work over the lifecourse. MILITARY SERVICE AND CIVILIAN LABOR MARKET OUTCOMES:
 A relatively large body of research has examined the labor market consequences of military service among men. This work has spanned generations, studying veterans of several eras (World War II, the Korean War, the Vietnam War, the Cold War, and the AVF). Much of this work focuses on the earnings of veterans compared with nonveterans, treating earnings as the key indicator of labor market success. This study instead sees employment as the primary indicator of labor market success. Finding the first postmilitary job is perhaps the single largest hurdle facing new veterans and the first postservice civilian job plays a key role in establishing postservice wage levels and future wage trajectories. MILITARY SERVICE AND CIVILIAN LABOR MARKET OUTCOMES:
 Prior research on employment among male veterans suggests they have higher employment rates than their civilian peers and that the veteran advantage is especially high among African Americans.  used Social Security data linked with military administrative records to study the impact of veteran status on employment and earnings among men. A simple comparison of means suggests veterans had higher employment and earnings, and that most of the documented veteran wage premium stemmed from these employment differences. He employed multiple statistical techniques to control for the selectivity of veterans including regression, matching (of military applicants who did and did not eventually enlist), and an instrumental variables model that capitalized on the misnorming of the military entrance test from 1976. In the years when most men were transitioning between military service and civilian employment, white veterans experienced anywhere from 1 percent lower to 5 percent higher employment rates (depending on the statistical model), while black veterans experienced 5-9 percent higher employment rates over their civilian peers. Thus, black veterans had higher employment rates, net of a host of controls for demographic characteristics and selectivity of military service, while white veterans experienced virtually no difference. Because differences in employment may drive wage differences between veterans and nonveterans, our current research focuses attention on employment and more specifically on the initial job transition between military and civilian employment. MILITARY SERVICE AND CIVILIAN LABOR MARKET OUTCOMES:
 In studying the role of school enrollment and military enlistment on the increase in employment with age,  find military veterans faced high rates of joblessness in moving from military service to the civilian labor market. Using probit models predicting the probability of employment among out-of-school men, they find a negative effect of veteran status on employment probability, but that the veteran penalty diminished with age. They also find that the veteran employment penalty is similar to the employment challenges facing recent school leavers. Their results suggest that in both the school and military transitions to the labor force, there may be a substantial job search before applicants find work. In this project, we focus on how employers evaluate applicants making the transition from military to work compared to a recent college graduate."
"Moving On Up? U.S. Military Service, Education and Labor Market Mobility among Children of Immigrants","https://scispace.com/paper/moving-on-up-u-s-military-service-education-and-labor-market-3z95w1suk6","2013","","","Catherine N. Barry","","https://scispace.com/pdf/moving-on-up-u-s-military-service-education-and-labor-market-3z95w1suk6.pdf","This dissertation examines U.S. military service enlistment intentions and post-military education and labor market outcomes among young adult children of immigrants in the United States in the early 21st century. I assert that the military is perceived as an alternative pathway to incorporation among disadvantaged children of immigrants. Rather than relying on ethnic social ties and networks to get ahead as segmented assimilation asserts is necessary for success among disadvantaged children of immigrants, they actively avoid downward mobility by choosing military service as a pathway to mobility. I argue that disadvantaged children of immigrants who aspire to upward mobility are pushed toward military service by structural disadvantages but only those who perceive the military as best option to get ahead make the decision to enlist.An empirical investigation of post-military educational and labor market outcomes reveal that military service does not uniformly benefit veteran children of immigrants as they may have hoped. Analyses of nationally representative data, the National Longitudinal Survey of Adolescent Youth (ADD Health) and the Current Population Surveys (CPS) reveal that veteran children of immigrants are less likely to acquire bachelor's degrees and are less likely to be enrolled in post-secondary school than non-veterans by the ages of 24 to 32 but unemployment and earnings are similar between veteran and non-veteran children of immigrants. However, these findings hide the variation underlying these outcomes that are revealed by in-depth interviews with thirty-three veteran children of immigrants. While some individuals seamlessly transition from military service to stable, middle-income occupations in the civilian labor market, others face unemployment, underemployment and obstacles to post-secondary degrees because of non-transferable military job skills and the challenges of transitioning from military to civilian life. Members of a third group were pursuing four-year degrees at the time of their interviews and post-college trajectories have yet to be determined.","Capitalizing on Transferable Job Skills: Smooth job transitioners benefitted in the labor market from their time in service because they applied the skills and knowledge they learned from military service to civilian jobs and/or earned a bachelor's degree during their service tenure. Social Networks:
 Apart from, and at times in tandem with applying military experience or skill-sets to civilian jobs, smooth job transitioners also benefitted from their social networks. Military service-related and veterans' networks were helpful. Veterans' networks can take many forms. Formal institutions such as the Veterans Administration (VA) provide career-related services such as career planning, resume building and job search boards. Veterans' clubs such as Veterans of Foreign Wars (VFW) are social organizations that veterans can use to build networks that may benefit the job search. Veterans' clubs often bring together veterans who did not serve together because veterans often return to their hometowns but they did not serve with others from their hometowns. I also define a veteran network as a connection between veterans that is created on the basis of that credential. For example, a veteran who applies for a job may be interviewed by another veteran who they do not know and have never met, and that may serve as a veteran network if the individuals involved build common ground based on their military experiences; this is reported as useful in the job search as Rolando, the child of Latin American immigrants describes: Social Networks:
 I: Being a veteran, or any of your military or ROTC experience -do you think that affected you getting [your first post-military] job in any way? R: I'm not 100% sure, but I know bonding, especially at [company name], there's so many ex-military there. I was interviewed by ex-military people, and I think we bond automatically when we start talking about the military experience. And I think they appreciate somebody that's been in the military because they have the discipline, or they've been somewhat disciplined, or broken down I guess, they've been put in stressful situations and stuff like that, so definitely in [my company], we definitely bonded right away when we found out we were in the military. Social Networks:
 Rolando perceived his veteran status as a positive building block that facilitated getting his first post-military job with a private organization. Members in military communications and technology occupations stationed in the Washington, DC metro area, a key hub for these occupations, often had contact with nonmilitary businesses and contractors which were hired by the government to supplement work done in these fields, sometimes by providing expertise that individuals with military training lacked. In general, these jobs relied on the respondent's past security clearance and required specialized military-related experience instead of college degrees."
"Perceptions and Practices of Military Friendly Organizations","https://scispace.com/paper/perceptions-and-practices-of-military-friendly-organizations-51i70ehd31","2021","Journal Article","","Michael J. Kirchner
Faith Stull
Katie Holloway","10.21061/JVS.V7I1.224","https://scispace.com/pdf/perceptions-and-practices-of-military-friendly-organizations-51i70ehd31.pdf","","veteran recruitment in place, despite this steadfast inclination to attract, hire, and retain veterans . These findings suggest businesses have significant interest in hiring veterans, even without maintaining a systematic recruitment policy. As such, the reported recruitment challenges should be somewhat expected. DISCUSSION:
 Disparity regarding military friendly programming was also revealed when survey results were contrasted with interview transcripts. Whereas more than a third of employers recognized as being military friendly reported having no formalized programs in place, another survey respondent shared seven different established initiatives. Related, multiple employees from the same two companies completed the survey, with each reporting different programs. Similarly, interview responses often did not coincide with programming reported in the military friendly survey, and in fact highlighted fewer programs in place. This discrepancy may suggest employees are unaware of the existing military friendly programming. DISCUSSION:
 Additionally, participants outlined they had not previously considered the meaning of military friendly, beyond acknowledging the importance of supporting military veterans. Although the research questions did not intentionally seek to address interest in improving military friendly programming, responses from the interviews alerted attention to a training need faced by organizations today. Still, this knowledge gap-whether regarding military service or military friendly-did not deter participants from maintaining their desire to employ veterans. The finding supports prior research about the general public's overall favorable perceptions about the military and veterans, and demonstrates that with additional training, both veterans and organizations may benefit from a greater understanding of the term . IMPLICATIONS:
 This study revealed four themes-conflicting perceptions, lack of structure, recruitment, and stimulated interestrelated to organizations' military friendly perceptions and practices. The themes offer insight into how existing transition issues, retention challenges, and the militarycivilian knowledge gap may correlate with underdeveloped criteria regarding what makes an organization military friendly. Implications for each theme are relevant for organizations, human resource professionals, veterans, and society to consider. DEVELOPING CONSISTENT MILITARY FRIENDLY PROGRAMMING:
 The research conducted encourages organizations to create consistent and formalized military friendly programs and to evaluate their impact. Organizations lose military veteran employees because of inadequate human resource services and a lack of military-tailored programs and initiatives . To lessen high turnover rates, military friendly practices such as recruiting and screening policies, mentorships, and career development programs are a few examples to be considered for inclusion by organization leaders. Moreover, increased consideration to the incorporation of socialization experiences, such as the onboarding and mentoring of veteran employees, stand to contribute to perceived organizational support and subsequently ""bind"" employees to their organizations . Organizations that consider veterans' unique backgrounds and experiences will be more prepared to translate and leverage their skills, experiences, and knowledge in the non-military workplace. Accordingly, workplace diversity can result in increased employee commitment, satisfaction, improved performance, and leveraged potential . Thus, when organizations acquire a more-complete understanding of military friendly, they may be able to improve organization outcomes by tailoring programs to fit the needs of the organization and its organizational members."
"Will Military Reductions Create Shortages of Trained Personnel and Harm the Career Prospects of American Youth? EQW Working Papers WP26.","https://scispace.com/paper/will-military-reductions-create-shortages-of-trained-54p7wbgo1v","1994","","","Stephen R. Barley","","https://scispace.com/pdf/will-military-reductions-create-shortages-of-trained-54p7wbgo1v.pdf","Although returns to military service may have been positive prior to Vietnam, since Vietnam the average veteran has neither benefited nor suffered economically from military service. Educational attainment is the primary reason veterans have earned more than nonveterans. Because the population as a whole has become more educated, military service does not seem to carry much of an economic advantage for the average veteran. This generalization must be tempered for three groups of veterans. The military functions as a highly effective jobs and scholarship program for minorities. Evidence consistently shows veterans with less than a high school degree do better than dropouts who do not enlise. Veterans trained in technical specialties comprise a third group that-benefits from military service because their skills transfer readily to the civilian econsmy. Military reductions may exacerbate shortages of trained technicians and craftspersons. 'olicy makers should consider placing the burden of reductions in force on nontechnical occupational specialties. Since the military functions effectively as a jobs and scholarship program for minorities and the poor, another policy issue is how to ensure educational benefits to those who would be unable to acquire further education with military service. In addition, policies ought to be fashioned to create alternative forms of employment. (Appendixes include 4 ndnotes and 32 references.) (YLB) *********************************************************************** * Reproductions supplied by EDRS are the best that can be made * * from the original document. * ***********************************************************************","unemployment is already high. Finally, if military training does prepare individuals for civilian jobs, then reductions in force may constrict the availability of trained personnel just as firms have begun to realize that they require a workforce more skilled than in the recent past . WORK ING:
 Reductions in military force are not new. As Figure  indicates, the size of the American military declined steadily from the height of the Vietnam  the military slowly added 124,000 more troops. Since then, however, the 5 P A PER S  military has again been steadily shrinking. Nevertheless, the armed services still recruit and discharge a sizable number of young people annually. In 1992, 186,000 individuals joined the military and 105,776 were discharged (Department of Defense 1992, 103). The latter figure is equivalent to 17 percent of all students who graduated in 1991 from all training programs of less than four years' duration in American institutes of higher education.' Three questions must be answered before one can determine how to offset the potential loss of training opportunities for young people and the consequent WORKING shortage of skilled personnel that may be caused by military reductions. Of initial concern is whether veterans actually fare better in the civilian economy than they would have had they not served and, if so, why? Veterans may fare better than non-veterans for several reasons. Most obvious is that veterans acquire technical skills relevant for civilian jobs while serving in the military. The military may also inculcate social skills that employers value: for instance, punctuality, obedience, reliability, and other attributes glossed by the term ""comportment."" Alternately, veterans may fare better in the labor market not because of skills they 6 PAPERS acquire, but because employers use military service as a credential for screening job applicants. All else being equal, employers may prefer veterans over non-veterans because they view military service as a sign that an individual has passed a test of character. Finally, military service may benefit veterans and the economy as a whole simply because it keeps late adolescents out of the civilian labor market until they have matured sufficiently to hold a responsible job, a function also served by colleges and universities. The formulation of adequate policy in the face of military reductions depends on which forces operate. WORK ING:
 If evidence supports the claim that veterans enjoy economic returns to military service, one must then ask: which veterans benefit most? Conceivably, all veterans may enjoy returns fro'n military service, although this seems unlikety since no other form of education confers benefits equally. A more plausible scenario is that some veterans benefit more than others. At issue, then, is the identity of the groups that benefit and their relative numbers. Only after policy makers have verified th.e existence of returns to military service, understood the causes of such returns, and identified the groups that benefit, can they formulate reasonable strategies fer ad.hessing the deleterious consequences of military cutbacks on the labor force. WORK ING:
 This paper seeks to inform the debate on military reductions by examining the evidence for returns to military service in the civilian economy. The objective is to identify the dynamics that enable veterans to do better in the civilian economy and the groups of veterans that benefit most. The paper concludes by considering policy options that are consistent with the evidence on the civilian effects of military service."
"Women Student Veterans' Experiences in a College Setting: A Phenomenological Case Study.","https://scispace.com/paper/women-student-veterans-experiences-in-a-college-setting-a-qw54x3p9xh","2019","","","Rebecca Atkinson","","https://scispace.com/pdf/women-student-veterans-experiences-in-a-college-setting-a-qw54x3p9xh.pdf","","dependent (child) (Post-9/11 Educational Assistance, 2012). Statistics: The VA educational benefits changed access to higher education for many service members and has certainly been utilized by women service members. Veterans benefits are critically important to women veterans. Trends of Educational Benefit Usage:
 The 1944 Servicemen's Readjustment Act had a significant impact to higher education enrollment trends in the late 1940s through the 1970s.  cited enrollment trends increasing by approximately 50% with 2.2 million servicemen attending college under the 1944 Act. Following the Korean War, it was estimated 2.5 million service members utilized their educational benefits to access higher education . The most significant impact of veterans accessing higher education, however, has been through the more recent legislations of the Veteran educational benefits are critically important to women veterans. Trends of Educational Benefit Usage:
 Researchers cited 82% of women veterans who joined the services Post 9/11 stated they joined the military specifically to gain access to educational benefits . Trends of Educational Benefit Usage:
 Further,  found military occupation specialties (jobs) introduced women to their future educational studies and subsequently careers in engineering powered by the educational benefits afforded to them through federal veteran educational benefits. Trends of Educational Benefit Usage:
 There is a significant investment by the federal government to see the academic success and college completion of beneficiaries . Academic success and college completion are preceded by the transition from military service to college. Student Veterans' College Transitions:
 Student veterans oftentimes experience simultaneous transitions: one from military service to civilian status and transition into the college setting . Both types of transition affect student veterans' academic success and completion, which is ultimately the desired outcome of enrollment. A majority of student veteran literature has been centered around transition and how they navigate transition to a higher education setting . Student Veterans' College Transitions:
 Student veteran transitional experiences have been researched through the lens of role change of military servicemember to civilian; challenge of academic rigor; adjustments of sense of belonging on campus; and affordability of college . Role change.:
 Several researchers have noted the role change of full-time military service member to full-time student has caused challenges for transitioning student veterans .  discussed identity re-negotiation where the veteran is learning the new normal from their military identity to a civilian identity or even a student identity. Previous findings suggested the salient identity to recognize for this population is student veteran  Their findings concluded gender, racial and disabilities identities came second or third to the veteran identity . Among student veterans in engineering, similar results were identified suggesting student veterans were more likely to identify their veteran status or branch engagement as their primary identity . Role change.:
 Student veterans had an expanded world-view gained through their military service. Thus, returning to the classroom with peers who have had a limited worldview has posed a challenge for student veterans in transition . Further, student veterans come from a highly structured organizational system with many formalities and directed orders to implement. The civilian environment of a college campus, however, can leave the student veteran feeling lost and unstructured ."
"Are Current Military Education Benefits Efficient and Effective for the Services","https://scispace.com/paper/are-current-military-education-benefits-efficient-and-27d1z2m7p9","2017","Book","","Jennie W. Wenger
Trey Miller
Matthew D. Baird
Peter Buryk
Lindsay Daugherty
Marlon Graf
Simon Hollands
Salar Jahedi
Douglas Yeung","","https://scispace.com/pdf/are-current-military-education-benefits-efficient-and-27d1z2m7p9.pdf","A primary purpose of military education benefits is to assist service members' transitions back to civilian life, but the benefits likely have implications for recruiting and retention as well. This research takes a mixed-methods approach to examine the effects of education benefit programs on recruiting and retention–related outcomes, and to assess how the two largest education benefits may work together.","for using the bene ts may be more likely to respond to speci c bene t changes in decisionmaking about enlistment. Next, we present information on the perspectives of military and veteran student o ces, learned through a small number of targeted interviews. Perspectives of College Military and Veteran Student Of ces on Military Education Bene ts:
 To develop clear and well-informed hypotheses about the likely impact of PGIB passage on enlistment and retention, it is important to understand the role of military education bene ts on service member decisionmaking, including the impact that these bene ts have on people's decisions to serve in the military and the ways in which bene ts are used in practice. It is useful to learn about the decisionmaking process when service members initially join the military, as well as their decisions to reenlist and to use their education bene ts while enlisted or after separating from the military. While the focus group discussions with new recruits were useful in assessing the impact of military education bene ts on recruiting decisions, we also conducted interviews with advisors at a small number of college military and veteran student o ces to examine later-stage knowledge and decisionmaking. Speci cally, we wanted to learn more about service members' and veterans' knowledge of their military education bene ts, how these bene ts are used, and how they might impact decisionmaking around education and military enlistment. Due to the small number of interviews, these results should be interpreted with caution. is chapter details ndings from these interviews with advisors at college military and veteran o ces. Methodology:
 We conducted eight semistructured phone interviews with student advisors in military and veteran student o ces at colleges across the United States. Colleges were selected based on their high share of military students, and interviewees at each school were identi ed based on a web-based search of military student resources and contacts available on campus. We chose a range of di erent types of colleges to ensure that our discussions were not limited to certain student populations and accounted for a range of di erent users of military education bene ts. Table .1 provides some information on the colleges. e institutions we sampled included two-year and four-year institutions and institutions with di erent funding models. e location of institutions varied, and some institutions were primarily online programs, while others o er on-site and online opportunities. In some cases we identi ed colleges for interviews based on high levels of GI Bill and TA bene t use according to available data to ensure that the veteran o ces were among those most familiar with military education bene t users. erefore, although we spoke to a small number of advisors, they had interacted with many military-connected students."
"Comparing Ex-Servicemember and Civilian Use of Unemployment Insurance","https://scispace.com/paper/comparing-ex-servicemember-and-civilian-use-of-unemployment-xxw34xhg2t","2018","Book","","Paul Heaton
Diana Catherine Lavery
David Powell
Jeffrey B. Wenger","","https://scispace.com/pdf/comparing-ex-servicemember-and-civilian-use-of-unemployment-xxw34xhg2t.pdf","Drawing from a unique administrative data set with audited unemployment compensation for ex–service members (UCX) and unemployment insurance (UI) claims from 2002 to 2012, this report provides a first portrait of the job search process of ex–service members relative to that for civilians. Overall, the claim data offer a portrait of a job search process that appears to be working for ex–service members in many ways.","with traditional UI claims: • Given that ex-service members already use job search services at higher rates than comparable civilians, improve the content of these services (e.g., by introducing military-specific elements) rather than engaging in outreach to increase awareness and use. Introduction:
 Improving the health and well-being of current military service members and veterans remains a key U.S. public policy goal. Since the onset of the Great Recession in 2007, policymakers have devoted particular attention to the issue of ex-service member unemployment, with a number of federal agencies enacting new policies or programs designed to facilitate the transition of service members to civilian employment when they finish their period of service. Such programs arise from both an altruistic desire to ensure that those who have served through military service are appropriately supported and from a pragmatic recognition that reducing unemployment can improve the fiscal position of the federal government by lowering outlays for unemployment compensation (as well as other public assistance programs) and increasing tax revenues. Although all ex-service member employment programs recognize the need to tailor program offerings to the unique backgrounds, experiences, and needs of ex-service members and their families, developing such tailored approaches has been complicated by a paucity of systematic data on ex-service member job search. One reason for this information gap is that while the U.S. Department of Defense (DoD) maintains rich data on the career experiences of individuals in the military, it has much more limited ability to collect data once individuals leave the military. Thus, DoD employment programs like the redesigned Transition Assistance Program (TAP) 1 lack data on primary outcomes, such as the speed and quality of job transitions, because these outcomes occur outside the window of military service. Because many data sets are collected for the general population, federal agencies such as the Social Security Administration, Internal Revenue Service, DoL, and Census Bureau maintain administrative data sets that contain information useful for understanding job transitions; however, employing these data to develop insights on the ex-service member population more specifically has remained elusive."
"A Phenomenological Study of the Process of Transitioning Out of the Military and Into Civilian Life from the Acculturation Perspective","https://scispace.com/paper/a-phenomenological-study-of-the-process-of-transitioning-out-n7chpf8kng","2017","","","Wilisha C. Daniels","10.34917/11889683","https://scispace.com/pdf/a-phenomenological-study-of-the-process-of-transitioning-out-n7chpf8kng.pdf","................................................................................................................................. iii ACKNOWLEDGMENTS ........................................................................................................... iv TABLE OF CONTENTS ............................................................................................................ vi LIST OF FIGURES ................................................................................................................... viii CHAPTER 1: INTRODUCTION ................................................................................................ 1 Statement of the Problem ....................................................................................................................... 2 Context and Background ....................................................................................................................... 5 Purpose of the Study ............................................................................................................................... 7 Conceptual Underpinnings of the Study: An Acculturation Perspective .......................................... 8 Research Questions ............................................................................................................................... 13 Significance of the Study ...................................................................................................................... 14 The Transition Process and the Plight of the Veteran ...................................................................... 15 Transitioning from Military Life to Civilian Life: A Multifaceted Process ...................................... 15 Transitioning from Military Life to Civilian Life: What’s Still Needed ............................................ 17 The Plight of the Veteran ................................................................................................................... 18 Limitations ............................................................................................................................................ 20 Delimitations ......................................................................................................................................... 21 Dissertation Overview .......................................................................................................................... 22 CHAPTER 2: LITERATURE REVIEW .................................................................................. 23 Overview of the Military ...................................................................................................................... 23 Military Culture .................................................................................................................................... 25 Entry into the Military ........................................................................................................................ 27 During Military Service ..................................................................................................................... 28 Exiting the Military ............................................................................................................................ 30 Impacts of Serving in the OIF/OEF Wars: Social and Personal Development .............................. 31 Two Largest American Veterans impacted War ................................................................................ 31 Post-Traumatic Stress Disorder and Traumatic Brain Injury ............................................................. 31 Depression After the War ................................................................................................................... 33 Family and Social Support ................................................................................................................... 33 Theoretical Framework: Acculturation ............................................................................................. 35 Acculturation Model and the Military ................................................................................................ 39 Chapter 2 Summary ............................................................................................................................. 41 CHAPTER 3: METHODOLOGY ............................................................................................. 42 Qualitative Approaches to Inquiry ..................................................................................................... 42 Rationale for Qualitative Design ......................................................................................................... 43 Qualitative Process for Phenomenology Research ............................................................................ 43 Research Participants ........................................................................................................................... 45 Data Collection Procedures ................................................................................................................. 45 Interview Questions .............................................................................................................................. 46 Demographical questions ................................................................................................................... 46 Transitional Questions (Acculturation perspective) ........................................................................... 46 Data Analysis ......................................................................................................................................... 47 Reliability .............................................................................................................................................. 47 Ethical Considerations ......................................................................................................................... 47","adopted as its mission and carries forth today: ""To care for him who shall have borne the battle and for his widow, and his orphan."" This promise is fulfilled by serving and honoring the men and women who fought and currently fight for this country . CHAPTER 1: INTRODUCTION:
 In recent years, the number of transition programs available for military personnel has increased (GAO, 2014) commensurate with numbers of transitioning service members. The ongoing wars in Iraq and Afghanistan, which were implemented in an effort to eradicate global terrorism, have jointly proven to be the longest running conflicts/campaigns in the history of the United States . The U.S. military's all-volunteer force has continued to protect our nation following the 9/11 attacks on America and throughout the resultant ""War on Terror"" . To this end, since 2001 over 2 million service members (full-time and reservist) were deployed overseas to serve in support of war at least once, and some service members served multiple terms . CHAPTER 1: INTRODUCTION:
 According to a report by the U.S. Government Accountability Office , more than one million service members are expected to return to civilian life in the next five years. CHAPTER 1: INTRODUCTION:
 Though many veterans who served in the military after September 11, 2001 have separated from active duty and successfully transitioned back to civilian life without substantial difficulty within their first few years of being discharged, others have experienced significant obstacles . Not surprisingly, veterans who return from combat or extended deployment face a variety of challenges in transitioning back into the daily routines of the civilian world, their families, and communities . For veterans returning with physical or psychological disabilities or moral injuries sustained during war, these challenges are further compounded . To offset these impacts and provide veterans with the best chance for a productive post-military life, which includes successful employment, effective transitional programs are critical . Various shortcomings have been reported concerning existing programs according to the GAO 2014 report. A particular work-seeking disadvantage some veterans have encountered, as  argued, is that civilian employers often ignore the knowledge and training that veterans have obtained during their military service.  explains that current transitional programs fail to acknowledge, value, or translate veteran's specialized skills into strengths that could be well utilized within the civilian workforce. Statement of the Problem:
 In the near future, nearly one million service members in their prime working years are projected to exit from the military, and prepare to transition back into civilian life and workforce . In 2014, a decrease in the U.S. military to its smallest size in decades was anticipated with President Obama's order for full troop withdrawal from Afghanistan . In the same year, 5.3 percent of veterans (573,000 individuals) were unemployed . Although the 2014 order could not be fully executed, taking into account the current state of the economy and still-projected cuts to the military . Over the next six years, there could be an influx of approximately one million veterans into the existing civilian employment market. Even with the help of assistance programs offered by the government, a troubling percentage will remain unemployed . According to the VA's veteran population projection model, the total population of all living U.S. veterans has been approaching 22 million . Statement of the Problem:
 Veterans return home facing an array of psychological, social, and physical issues that have not been properly addressed pre-separation from the military ."
"An Exploration of Transition Experiences Shaping Student Veteran Life Flow","https://scispace.com/paper/an-exploration-of-transition-experiences-shaping-student-3oazr8etwa","2017","Journal Article","American Journal of Occupational Therapy","Brian T. Gregg","10.5014/AJOT.2017.71S1-PO3072","https://scispace.com/pdf/an-exploration-of-transition-experiences-shaping-student-3oazr8etwa.pdf","OF DISSERTATION AN EXPLORATION OF TRANSITION EXPERIENCES SHAPING STUDENT VETERAN LIFE FLOW Educational institutions offer transformative opportunities for veterans transitioning from military service. Veteran-specific cultural supports in educational environments offer participation in occupations and development of skills needed to complete educational goals. However, veterans experience complex life circumstances atypical from traditional student culture which influences use of available environmental supports. Currently, the student veteran population is growing following fifteen years of combat and with systematic downsizing of the military. Therefore, rehabilitation professionals and educators must understand the unique experiences which shape veteran life flow during the transition process. This dissertation contains three studies investigating veteran experiences transitioning to postsecondary education. The first study surveyed the attitudes and beliefs of veterans coping with the transition to postsecondary education. Results identified veterans’ preference to using skills learned in the military for solving problems in the transition and reported limited use of university supports made available. A second study examined lived experiences of veterans transitioning and their interactions with traditional students and university supports. Results identified veterans emerge in college culture following a transactive process of sorting through military experiences, building on military skills, and developing new relationships for civilian identity. The final constructivist grounded theory study investigated the individual and collective constructions of veteran transitioning experiences in relation to culture and context. Twelve veterans were theoretically sampled and developed Kawa (River) metaphorical diagrams of their transition experiences. Intensive interviews discussed the meaning ascribed to veterans’ diagrams. Interview data was analyzed with the constant comparison technique until theoretical saturation was achieved. The emergent theory explained student veteran life flow by two major theoretical concepts: seeking understanding and gaining stability to shape life flow in transition from military to student culture. Veterans shared understanding in each cultural environment by socially interacting with others perceived to be reaching out and connecting with veterans. Veterans also performed autonomous actions of gaining stability by using their skills, pinpointing useful resources, and cultivating the growth and expression of personal skills. Both theoretical processes simultaneously, enhanced veteran’s transition to postsecondary education and promoted harmony within veteran life flow over time.","often fail to graduate or take longer to graduate as attrition rates range between 46-88% . Feelings of poor preparation stem from a perceived loss of time spent in the military , while also reporting relational or social interaction challenges with typical students . Veteran Transitions into Postsecondary Education:
 Limited investigation has been performed for student veterans of OEF/OIF  with only two available studies performed from an occupational therapy perspective . These studies all identify specific challenges associated with transitioning in a novel sociocultural environment, thus evoking changes to veterans' identities, daily habits, roles, and routines. Veteran Transitions into Postsecondary Education:
 DiRamio,  developed the first grounded theory study to explain the challenges student veterans experience as they transition into postsecondary education. DiRamio et al. applied the ""Moving In, Moving Through, Moving Out"" model for adult transition by  to explain how student veterans cope with transitions into the military, through deployments, out of the military and entering education. Similar to other student veteran studies, their results suggested issues of ""blending in, connecting with peers, establishing a new identity, and obtaining financial and disability benefits"" ). Veteran Transitions into Postsecondary Education:
 An additional finding identified by DiRamio et al. included negative commentary by faculty and peers perceived as ""anti-military"" by student veterans. The researchers suggested these experiences served as barriers to connecting with the university and compelled veterans to suppress their military identity. This finding suggests the need to assess campuses for cultural awareness and sensitivity towards student veterans as faculty attitudes and behaviors can impact students' decisions in leaving college . Though little is known about faculty members' perceptions of student veterans (Banard-Brak, Bagby, , other studies have been performed to identify institutional perceived supports available for wounded warriors .  performed a cross-sectional study to identify the role of disability service offices in supporting wounded warriors at educational institutions across the U.S. and found that psychological, mobility, and learning disabilities comprised 90% of the disabilities veterans experienced in the sample surveyed.  screened for psychological problems in their predictive study of 124 veterans transitioning to postsecondary education. Their study provided credence to Vance and Miller's as more exposure to combat demonstrated an increase in PTSD symptoms and the perceived emotion of alienation by veterans on campus. Veteran Transitions into Postsecondary Education:
 Psychological problems associated combat service were further confirmed in a national sample of over 600 student veterans surveyed with 24% experiencing severe depression, 35% severe anxiety, and 46% endorsing PTSD symptoms .  performed the seminal qualitative narrative study in student veterans transitioning to postsecondary education. Veteran Transitions into Postsecondary Education:
 Twenty-five student veterans transitioning back into college life following deployments to OIF/OEF were interviewed and acknowledged key challenges to the transition. Veteran Transitions into Postsecondary Education:
 Veterans reported working through the VA bureaucracy was not easy as it prolonged receipt of educational and medical benefits. Students resorted to out-of-pocket expenses for tuition and fees until educational benefits were received. This became an unexpected financial burden that other authors have echoed in the provision of financial assistance via institutional loan payment processes and/or individualized money management education for veterans ."
"Successful Strategies for Recruitment and Hiring of Veterans","https://scispace.com/paper/successful-strategies-for-recruitment-and-hiring-of-veterans-1rvrbhl31y","2017","","","Paul Gamble","","https://scispace.com/pdf/successful-strategies-for-recruitment-and-hiring-of-veterans-1rvrbhl31y.pdf","Successful Strategies for Recruitment and Hiring of Veterans by Paul C. Gamble MBA, Touro University, 2008 BA, American Military University, 2006 Doctoral Study Submitted in Partial Fulfillment of the Requirements for the Degree of Doctor of Business Administration Walden University October 2017 Abstract Transitioning from military service to the civilian workforce is both a daunting experience and a formidable challenge for many highly skilled veterans. The purpose of this multiple case study was to explore the successful strategies of Fortune 500 business leaders for the recruitment and hiring of veterans. Person-organization fit theory formed the conceptual framework for this study. The targeted population consisted of 3 businessTransitioning from military service to the civilian workforce is both a daunting experience and a formidable challenge for many highly skilled veterans. The purpose of this multiple case study was to explore the successful strategies of Fortune 500 business leaders for the recruitment and hiring of veterans. Person-organization fit theory formed the conceptual framework for this study. The targeted population consisted of 3 business leaders from 3 separate Fortune 500 businesses in the Washington, D.C. metropolitan area with successful strategies for recruiting and hiring veterans. Data collected from interviews and supporting documents were coded and analyzed using a mind-mapping technique, and 3 themes emerged: veteran awareness and edification, business leader awareness and edification, and working with strategic partners. The study findings may provide business leaders who lack veteran recruitment and hiring strategies opportunities to access skilled veterans seeking employment. The social implications of this study revolves around potential enhancements to business leaders’ understanding of what highly skilled veterans may bring to their organizations’ operational portfolio. Additionally, this study may contribute to veteran job seekers’ awareness of the importance of preparing themselves for the career transition between military service and the civilian workforce. Successful Strategies for Recruitment and Hiring of Veterans by Paul C. Gamble MBA, Touro University, 2008 BA, American Military University, 2006 Doctoral Study Submitted in Partial Fulfillment of the Requirements for the Degree of Doctor of Business Administration Walden University October 2017 Dedication I dedicate this to my biggest fan and sole reason why I took this journey—my wife, Cheryl. She saw something in me back in 1987 that I failed to see in myself: a capacity for more. Because of you I strive each day to be a better person, so thank you for consistently bringing out the best version of me. I would also like to thank my children, Caitlin, Emilia, and Lillian, for being strong, loving, and compassionate women. With you, I share life’s ultimate bumper sticker—Work hard, be kind, and dream big! And finally, I would like to salute my fellow brothers and sisters of the U.S. Armed Services. You are the very best of America, so to you I raise my glass and say, To those and those like us, damn few left! “We few, we happy few, we band of brothers; For he to-day that sheds his blood with me Shall be my brother.” —William Shakespeare, Henry V Acknowledgments A sage professor once told me that the best doctoral study was one that was done. With that note in mind, I present the best doctoral study to academia. I would like to give a big thank you to my chair, Dr. Peter Anthony, for his guidance, support, and lightningfast turnaround times. Normally, Army and Navy do not mix very well, but admittedly Dr. Pete was exactly what I needed to bring my doctoral journey to a close. So, this Soldier would like to say thank you to that Submariner (and Go Army, Beat Navy!). I would also like to say thank you to my second committee member, Dr. Greg Washington, for his words of encouragement and timely responses. I also would like to acknowledge Dr. Neil Mathur (URR) for his feedback and completely vanquishing my anthropomorphisms.","flexibility, leadership, etc.) are commonly attributed to service members misconstrued by people without a military background or experience. The military teaches its service members how to be flexible and how best to be prepared for any situation, rather than aggressive and reckless . Veterans' Capability Portfolio:
 Part of the modern military equation is the application of technology into the knowledge portfolio of today's service members, and both technical and tactical improvements have enhanced battlefield tactics and operations . Since September 11, 2001, more than 2.8 million veterans served in the military, and currently they represent a skilled workforce for employers here in the United States and around the globe . Though veterans build upon their comprehensive knowledge and experience portfolio throughout their military careers, they are most known for their leadership skills and teamwork skills and are considered major assets to businesses based upon the discipline required of them during their military service . Veterans' Capability Portfolio:
 Regardless of whether service members spend 3 years in uniform or 30, all receive some level of rudimentary skills training required to serve in the military. Veterans' Capability Portfolio:
 However, throughout the entirety of their military careers, service members receive extensive training in both their technical specialty (e.g., infantry, military police, etc.), but also in nontechnical training, such as discipline, leadership, endurance, decisiveness, and communication . More advanced training is offered later in the careers of service members, and topics like critical-thinking, decision-making under pressure, and managing and team building in dynamic situations are introduced to enhance their overall skills portfolio . Veterans' Capability Portfolio:
 Research by labor economists on how military service affects the civilian job prospects of veterans is important to those who are considering military service, policy makers, and veterans themselves . The consequences of military service and the service members' employability before the post-9/11 era have been extensively researched, and according to , though there is a relatively small amount of research from past eras, the results differed greatly during each period. As technologies and opportunities became readily available throughout the generational gaps, the level of military experience and training received by soldiers changed too . As service members prepare for the transition from military service to the civilian sector, though their knowledge capacity is formidable based upon the number of years of service, they face several stressors during the transition process as they tend to look for comparable work in terms of the transferability of their particular military skillset . Military separation brings feelings of uncertainty and fear to separating service members who are seeking employment, so recognizing and responding to their expected adjustment concerns is important to ease the transition . One of the greatest challenges facing veterans during their transition is finding employment and explaining to prospective employers the transferability of their military skills to the civilian workforce . To maintain its lethality and ability to stay ahead of the threat, the military routinely trains its service member new skills, so an advantage veterans seeking civilian employment have, is their capacity for continuous learning . Though veterans may not be fully prepared for the employment transition, they do enter the job market with a fully burdened knowledge-base filled with significant educational credentialing and unique experiences to offer to business leaders."
"Military Veterans' Midlife Career Transition and Life Satisfaction.","https://scispace.com/paper/military-veterans-midlife-career-transition-and-life-42sn61418l","2014","Journal Article","The Professional Counselor","Heather C. Robertson
Pamelia E. Brott","10.15241/HCR.4.2.139","https://scispace.com/pdf/military-veterans-midlife-career-transition-and-life-42sn61418l.pdf","Military members typically experience transitions at some point during their military career, whether to a new duty station, a change of command or a deployment overseas. Another significant transition that military members often face is their return to civilian employment. While formal military programs are established to provide assistance with planning and overall logistics of such transitions (Wolpert, 2000), research suggests that veterans feel emotionally underprepared to manage the transition to civilian employment (Baruch & Quick, 2009; Business and Professional Women’s [BPW] Foundation, 2007). Researchers have examined retirement satisfaction and adjustment (Spiegel & Shultz, 2003), career adaptability and adjustment (Ebberwin, Krieshok, Ulven, & Prosser, 2004), as well as adjustment after transition (DiRamio, Ackerman, & Mitchell, 2008); however, few studies have examined the overall life satisfaction of veterans experiencing career transitions, specifically examining these experiences. This study examined career transition variables of military members, as well as the relationship of these variables to the military member’s overall life satisfaction.","by the BPW Foundation ( ) examined female veterans transitioning to civilian employment and emphasized the importance of both practical and psychological supports during and after the transition. These studies demonstrate that the variables examined by the CTI are being examined in other military transition research. Challenges with Post-Transition Respondents:
 It was predicted that distribution among respondents' participant groups (pre-, mid-, and post-transition) would be somewhat balanced; however, the results were not as anticipated. Yet the findings yield valuable results in understanding veterans and the career transition process. T-tests also yielded no significant differences between mentors (primarily post-transition) and members (pre-, mid-and post-transition). Future Research Opportunities:
 Future research opportunities exist to replicate the present research with populations that exhibit greater diversity, including veterans in various stages of transition and veterans from various demographic backgrounds. A random sample survey would provide results that are less likely to be influenced by personal factors. Longitudinal studies, following service members from their time in the military, through their transition, to their postservice employment, perhaps via interviewing and qualitative research, would provide personal experiences and insights on service members' transitions. Opportunities exist to diversify the careers being studied . For example, many universities offer ""career changer"" programs for individuals transitioning to teaching, who are not necessarily military members. Another option would be to utilize post-service military organizations (e.g., U.S. Department of Veterans Affairs, Veterans of Foreign Wars, or Iraq and Afghanistan Veterans of America) to examine the transition experience of military members to other careers besides teaching. University career centers may have access to data examining student veteran career transition information. Further, life satisfaction scores could be compared to other populations beyond those studied here, thus illuminating whether these results were a condition of military experience, teaching careers, or other factors pertaining to the career transition experience. Summary:
 This research provides insight into life satisfaction and career transition, specifically for military members pursing teaching careers. Military members indicated that their control and confidence throughout the transition process was slightly correlated with life satisfaction. Results indicated that their control and readiness during the transition process may explain a small portion of their life satisfaction. However, previous literature indicates that relationships exist , which were not found in the present study. For example, previous researchers have indicated that family support impacts the career transition process ; however, family support was not one of the variables considered in this study. One reason for these differences may be the limited sample size and distribution; yet it is also possible that military experiences are not well examined through traditional assessments. The main limitation of the study was an uneven distribution of the data, including a large number from those post-transition, males, whites and those who were married. Generalizing results to other areas and populations should be discouraged . Counselors who have the opportunity to work with military members transitioning to the civilian workforce, or those who have already transitioned, may wish to address how confidence, control and readiness contribute to the life satisfaction of the transitioning military member."
"The School/Work Nexus: Transition of Youth from School to Work","https://scispace.com/paper/the-school-work-nexus-transition-of-youth-from-school-to-3em0tohieo","1980","Book","","Eli Ginzberg","","https://scispace.com/pdf/the-school-work-nexus-transition-of-youth-from-school-to-3em0tohieo.pdf","","other subjects. While it would be difficult to reach an objective assessment of the value of these educational experiences to the employability of the young men exposed to them, they probably add to the enlistees' general knowledge, which may have a career benefit. The Military as a Developmental Experience:
 The more directly relevant experiences related to employability are the occupational training in military schools and on assignments. In 1978 the occupational distribution of active duty, enlisted, male personnel were distributed among the following principal areas: Of the approximately 1.700,000 enlisted personnel with an occupational specialty, approximately half am in a field of work that is closely related to the civilian economy. Only about one-third pursue duties, as military specialists or in functional support activities, that have little if any transferability. The Military as a Developmental Experience:
 The Military as a Developmental Experience Several observations are pertinent. First, a significant number of all enlisteesthose who are assigned to combat units as well as the many who serve in supply and clerical positionsare likely to leave the service with few job-specific skills that will help them in their search for civilian employment. On the other hand, those who have acquired a level of skill in electronics, equipment repair, and other technical areas will be in a better position. In sum, the military does not provide every enlistee with a skill that is in demand in the civilian economy, but a significant number of all who spend three years on active duty do acquire a useful skill. The Military as a Developmental Experience:
 Most servicemen with an acceptable record have the opportunity to reenlist, and a steadily increasing percentage of first-timers are doing so. In 1977 more than 41% of DoD per- sonnel had over four years of service compared to only 27% in the late 1960s. At a minimum, then, the career prospeets of those who opt to remain on active duty and are permitted to reenlist have been improved. Those who want to leave the service or are forced out at the end of their first term are in better positions to find jobs because many employers place considerable weight on the applicant's having completed his tour of duty and having received an honorable discharge. The Military as a Developmental Experience:
 In other ways military service has helped to advance the career development of servicemen who return to civilian life. The Military as a Developmental Experience:
 Until legislation that eliminated educational benefits to veterans went into effect in December 1977, a significant number of the new veterans took advantage of the opportunity to have some part of the costs of their further education or occupational training paid for by the Veterans Administration. In addition, the opportunities that many had while in the service to spend time in different locations within the United States as well as in some foreign countries broadened their knowledge of various labor markets and alternative living and working environments. Enlistment in the All Volunteer Armed Forces also represents a career opportunity for blacks. In 1977 total black officer strength in the DoD numbered around 11,000, more than double the number in 1964. The number of blacks increased from under 2% to approximately 4% of total officer strength during this period. Most revealing is the fact that from 1972 to 1977 the percentage of black officers increased from 1.6% to 5.4%."
"Military Families In Transition: Stress, Resilience, And Well-Being","https://scispace.com/paper/military-families-in-transition-stress-resilience-and-well-11drtixmui","2014","","","Robert J. Ursano
Frances H. Gabbay
Carol S. Fullerton","","https://scispace.com/pdf/military-families-in-transition-stress-resilience-and-well-11drtixmui.pdf",": The health and well-being of military families is a key part of sustaining the health and readiness of our military forces. The Forum on Health and National Security, sponsored by the Center for the Study of Traumatic Stress, addressed interventions to mitigate the effects of stressors confronted by military families and strategies to enhance the resilience and well-being of these families, as wartime transitions to peace, garrison, and small group deployments. Participants represented military and civilian leaders, and health care and family services educators, researchers, planners, and providers. The goal of the Forum was to share knowledge across disciplinary boundaries, and to develop new perspectives and vantage points, in order to better understand the needs of military families. Participants considered the challenges as well as potential solutions at different levels, from the individual to the family to the larger systems in which soldiers and families are embedded, including both military and civilian communities. In the coming years, additional transitions, and new challenges, will confront military families. Fewer resources will be available to mitigate the effects of the challenges, requiring even greater consideration of cost-effective solutions. To facilitate difficult decisions by leadership in a challenging transitional time, the group developed a set of recommendations addressing: (1) leadership; (2) training and education; (3) programs and interventions; and (4) research.","begin until they are actually in the process of transitioning. We believe that the transition of veterans and families post service is a national security issue. We wrote about this in our national veteran strategy policy document, which was published in February, 2013. DR. JOHNSON::
 How veterans transition will impact the future of the all-volunteer force. Their experience in the military will impact their post-service life course. This includes the things that they have learned, their education and training, their experience with multiple cultures and with deployments, the experiences that they have with their family and spouses, careers, their dependents' education, and special education for students with special needs. DR. JOHNSON::
 The experiences that people have during transition, and nding out whether military service bene tted them and their families, is a key to whether or not future generations of their family will serve. We were actually quite concerned that we might be losing generations of families because of the experience that military children have had with multiple deployments, for instance. We are working with many spouse networks, including the Military Of cers Association of American (MOAA), the Military Spouse JD Network, and others. These organizations have brought many issues to our attention. In fact, we just launched a survey with MOAA to better understand the experiences of spouses as they transition from one place to another and as their spouses transition out of military service. This transition really begins long before separation and includes family even if they are not consciously thinking about it. They are beginning to gather the skills, education, and training that will serve them in their post-service life courses. There are many policy and practice issues that can impact that transition and favorably impact national security by increasing the likelihood that people will serve in the all-volunteer force. DR. JOHNSON::
 Transition stressors include employment, education, housing, healthcare, nancial literacy, and issues for spouses and dependents, particularly issues pertaining to education of dependents, including special education. Often families are uncertain as to what they are going to nd in their post-service life-for example, what services are available for military families and for veterans in states where they are settling. We do not do a very good job at this point of helping our veterans understand what their post service life opportunities will be. DR. JOHNSON::
 Although we have an excellent transition assistance program, when it is fully taken advantage of, and when people opt for many of the optional segments, the reality is we do not yet educate veterans and their families on what their real options are. For example, where are the geographic opportunities for their employment? What education bene ts are available state by state? What are the opportunities for their spouses to take their licensure and certi cation across state lines. DR. JOHNSON::
 Many of these initiatives now are happening around the country, thanks in part to initiatives like Joining Forces and FOCUS, and spouse certi cation and credentialing. In some states it is happening around certi cation and licensure of military members based on their experience. For instance, in New York you can get a commercial driver's license now if you have been an operator of heavy equipment or a truck driver during your military service. That is going to help people who want to remain in those positions."
"Employer Partnership Program Analysis of Alternatives","https://scispace.com/paper/employer-partnership-program-analysis-of-alternatives-4kor0wbwu9","2013","Book","","Ellen M Pint
Amy Richardson
Bryan W. Hallmark
Scott Epstein
Albert L Benson","","https://scispace.com/pdf/employer-partnership-program-analysis-of-alternatives-4kor0wbwu9.pdf",": This document reports the results of a study entitled Employer Partnership Initiative Analysis of Alternatives. The purpose of this study was to examine opportunities for the U.S. Army Reserve and Army National Guard to strengthen their relationships with employers and citizen soldiers through the Employer Partnership Program. In this document we describe the Army reserve components experience with the program through September 2010 and recommend improvements, based on interviews with program stakeholders, analysis of data collected from the Employer Partnership Program s job search website, and case studies of job opportunities for soldiers in Army Reserve units located in four metropolitan areas across the United States. Since the Employer Partnership Program launched a new version of its job search website in November 2010, some of our analysis is no longer directly applicable to the program. However, these findings should be of interest to reserve component policymakers and staff concerned with recruiting, retention, and training of reserve component service members and with maintaining strong relationships with civilian employers and can help inform efforts in the Departments of Defense, Veterans Affairs, and Labor to assist veterans seeking civilian employment.","private sector seeking qualified candidates. Upon separating from the military, the transitioning service member receives assistance in coordinating job applications, interviews, and site visits with that company. PaYS focuses on the period of time when a soldier is transitioning from active-duty service. Other Career and Employment Services for Soldiers:
 Army Credentialing Opportunities Online (COOL). Army COOL helps active and reserve component soldiers identify civilian certification and license requirements related to their military occupational specialties and locate education and training programs that can help them obtain civilian job credentials. It also provides information on civilian jobs that are related to military occupations or use similar skills, and resources that can be used to obtain training or to pay for licensing examinations, such as the Army Tuition Assistance Program, Army e-Learning, and the GI Bill. Other Career and Employment Services for Soldiers:
 Employer Support of the Guard and Reserve (ESGR). ESGR is a DoD agency that develops and promotes employer support for all branches of Guard and Reserve service by advocating relevant initiatives, recognizing outstanding support, increasing awareness of applicable laws, and resolving conflict between employers and service members through mediation. It has worked to educate Guard and Reserve service members and employers on the Uniformed Services Employment and Reemployment Rights Act of 1994, 38 U.S.C. 4301-4334 (USERRA), which establishes certain rights and benefits for service member employees and in the areas of employment, reemployment, and retention in employment, when employees serve or have served in the uniformed services. Unlike the EPP, ESGR focuses primarily on supporting continued civilian employment and not on helping soldiers and families identify new job opportunities. Other Career and Employment Services for Soldiers:
 Other military programs include the Warrior Gateway Program, Army Reserve Ambassadors, Army Spouse Employment Partnership, and Reserve Officers Training Corps. Other Career and Employment Services for Soldiers:
 Civilian employment of soldiers leaving active duty is also supported by other federal government resources. Other Career and Employment Services for Soldiers:
 U.S. Office of Personnel Management's Veterans Employment Website. Established as a result of Executive Order 13518, Employment of Veterans in the Federal Government, this website offers information about how to obtain jobs in the federal government to veterans, transitioning service members, and their families. It also provides information to federal agencies about special hiring programs for veterans. Individuals searching for jobs are directed to USAJOBS.gov, the official jobsite for the U.S. federal government. In addition, the website provides links to job listings and employment resources at the Departments of Defense, Labor, Veterans Affairs, and Homeland Security. Other Career and Employment Services for Soldiers:
 Department of Labor's Veterans' Employment and Training Service (VETS). VETS is a small government agency within the Department of Labor that helps veterans prepare for, find, and keep good civilian jobs. VETS oversees the Transition Assistance Program (TAP), a 2.5day workshop designed to help veterans prepare for the civilian job search, and has developed the Veterans' Hiring Toolkit, which is part of the Department of Labor's ""America's Heroes at Work"" initiative designed to guide employers through the process for hiring veterans. VETS also awards grants for veterans' job training and employment and provides funding for Disabled Veterans' Outreach Program positions and Local Veterans' Employment Representatives to assist veterans at state employment offices."
"Through a Veteran's Eyes: The Transition of the Army Leader into the Civilian Workforce","https://scispace.com/paper/through-a-veteran-s-eyes-the-transition-of-the-army-leader-2x7f8t21sz","2013","","","Maria Carolina González-Prats","","https://scispace.com/pdf/through-a-veteran-s-eyes-the-transition-of-the-army-leader-2x7f8t21sz.pdf","The primary focus of this study is to examine what enables and challenges leaders transitioning from the Army. The secondary focus is the impact this transition has on both the military and civilian communities, to include recommended courses of action to raise awareness, initiate dialogue, promote collaboration and bridge the gap between both communities. INTRODUCTION TO STUDY As an Army Veteran, I experienced firsthand the unique challenges service members face upon transitioning to the civilian workforce. Such challenges are heightened for those who have served combat tours in support of Operation Enduring Freedom and Operation Iraqi Freedom, as I did. It’s been over three and a half years since I left the Army as a Supply and Logistics Officer and moved onto the next chapter of my life, as both a Veteran and a civilian. Although leaving the Army was a big step outside my comfort zone and into another “unknown,” I felt empowered by the highly dynamic and diverse training and experience that I had as both a soldier and a leader. Leading a platoon of soldiers (about thirty people) during Operation Enduring and Operation Iraqi Freedom, as well as a company of both American and Korean soldiers (about 155 people) in South Korea only strengthened my resolve and self-confidence in my value to the civilian workforce, regardless of the industry. Additionally, the message The Transition of the Army Leader into the Civilian Workforce Page 2 of 37 conveyed to me during my entire Army career was that my dynamic leadership, logistical and operational skills were tangible and transferable to the civilian workforce. What awaited me in the civilian workforce after I got out was a shock, even after completing the Military Transitioning Program and having three years of work experience outside the Army “under my belt.” The challenges of my transition continued through the tenure of my first job and the follow-on employment with other companies in the last three and a half years since my departure from the Army. At first, my “transition” seemed successful as my first post-military job was a senior management position, commensurate with my Army pay and experience. It is worth noting, however, that my hiring manager was a Marine who clearly understood my military experiences, a luxury not always available to “transitioning” officers. He not only became my direct supervisor but my mentor as well, helping me navigate through the stormy waters of corporate culture and the reintegration into a civilian environment, as he had done ten years before That first job after the Army was especially significant in my transition not just because of the lessons I learned, but as the validation that my operational and managerial skills were indeed transferable, even in an industry where I had no prior knowledge or training. I felt like I had “made it” and was looking forward to growing with the company. However, eighteen months into my tenure, I found it difficult to cope with increasing disagreements and tension with my peers and supervisors, so I made the decision to leave the company and further my education. I began the graduate Organization Development Program (OD) at Sonoma State University (SSU) in the fall of 2006. The Transition of the Army Leader into the Civilian Workforce Page 3 of 37 While attending the OD program, I had a series of part-time jobs, none of them lasting more than one year or even a couple of months at a time. As I struggled to stay afloat financially, I leveraged my Veteran Education Benefits and eventually depleted my savings and retirement accounts for tuition, medical insurance and living expenses. I continued to look for full-time employment, with the intention of finding a company that would value both my diverse work experience and graduate education in Organization Development. My employment search continued via company websites, on-line postings and military “headhunters,” to no avail. This past fall, seven months from graduating and six weeks into my newest parttime job, what I know now as Post Traumatic Stress Disorder (PTSD) fully surfaced and pulled the rug out from under me. It impacted every part of my life, personal, academic and professional, making it virtually impossible to get out of bed, much less function on a day to day basis. I withdrew from everyone and everything I cared about, sank into a deep depression and was headed towards an extremely self-destructive path. I skipped classes, backed out of several ongoing internships, stopped running and quit my part-time job midyear. It took me several weeks of self-recrimination and denial before I could even take the first step and seek treatment and support from a Veterans Affairs (VA) Clinic. In my quest to augment my support emotionally, I reached out to my family and friends, the majority of which were out-of-state and out of the country, as well as my classmates and faculty members from the OD program. However, identifying resources to support myself financially was an exhausting endeavor due to the bureaucratic dead-ends and Catch 22 limitations. In my attempt to access Public Assistance/Food Stamps, Unemployment, Social Security, State and VA disability compensation, I found myself The Transition of the Army Leader into the Civilian Workforce Page 4 of 37 overwhelmed, incapable and unwilling to “pick myself up and dust myself off” anymore. This was a far cry from the woman who ran marathons, enlisted in the Army, and volunteered for paratrooper training “just to see if she could.” From my robust leadership experiences to a seemingly successful “transition” into the civilian work and academic environment, the downward spiral of my inability to handle a part-time job four hours a day has been one of the most disorienting, frightening, and disempowering experiences of my life. Ironically it was through these dark days that I have been able to achieve incredible clarity and purpose. It also validated the question I have been asking myself for the last three and half years. “If I’m continuing to have this much difficulty (transitioning) with the solid base of support from friends and family combined with my extensive work experience and education ....what about my fellow service members who may not even have a fraction of the support or resources that I have?” This question has stayed with me throughout my departure from the Army in 2004 and has fueled my passion of working with the veteran community, specifically their transition to the civilian workforce. It only seemed natural that I chose this topic to explore further in my culminating paper. CONTRIBUTION TO THE FIELD OF ORGANIZATION DEVELOPMENT As I’m writing now, not just as a veteran, but also as an OD practitioner, I will be specifically exploring two areas of the Army’s leader transition into the civilian workforce: the existing systems and processes put in place by the Army, Department of Defense, and The Transition of the Army Leader into the Civilian Workforce Page 5 of 37 the VA in support of the soldier’s readjustment and reintegration into the civilian community. I am also looking forward to sharing insight into an organizational culture that is often misunderstood, overlooked or unconsidered. A tremendous opportunity exists not only to build and sustain a candid dialogue between the military and civilian communities, but to forge partnerships in education, business and trade, so as to support returning veterans and their families, and to strengthen communities. The following are some conventions I will use throughout the body of this paper. Although many of the transitioning experiences are universal throughout the Armed Forces, I will narrow my focus on the military service I am most familiar with: the activeduty component of the Army. I will also use the term “leader” interchangeably with “soldier” and “veteran”, as well as “military” with “Army.” For the reader’s benefit, I have also included in Appendix E a glossary of military terms that expands on certain terms mentioned throughout this paper. The following sections of this paper include Literature Review, Assumptions, Biases, Data Presentation, Data Analysis and Discussion, and finally Implications and Conclusions.","1) The limited scope of my thesis forced me to narrow my research to a specific demographic within a branch of service, so I chose the Army -Two years out for those retiring (20 or more years of service) -One year before separation -they were given ample time by their supervisors to solely focus on transitioning 2) Support Network (family/friends=especially other military service members who have already made the transition) and 4:
 The last two go hand in hand...the leaders that did their own research outside of the transitioning program and got an idea of the job market (transferability of skills, salary expectations, etc.) felt more prepared when they got out of the military 1) We mentioned the congressional mandate before of the 1 year and 2 year availability to transition…the reality is that 90 days is the most common timeline (which is the bare minimum) that transitioning servicemembers get. and 4:
 40% of the participants were transitioning under 90 days (to include one of the leaders who was retiring after 20 years) and 4:
 2) Real and perceived quality of TAP services=not useful 3) Where they separate/retire from may add to difficulty, especially if they are stationed overseas (Germany, Korea) 4) Fork in the road: Do I continue with the occupation trained me for (ex Military police=continue with law enforcement, Supply/Logistics=Work retail supply chain) or do I go after a career I have always been interested in (going to culinary school, education, computer programming) 5) The participants reported receiving conflicting information about the benefits they were entitled to and resources available (those separating showed more confusion in this regard than the retirees as their briefing was more thorough) 6) Difficult to explain to employers (even with civilian friendly resume in hand) their dynamic skill set and abilities. What to leave on resume/interview what to leave off…sometimes downplaying military service alltogether 1) No uniform transitioning/compliance policies amongst branches of service, even in the same service (Army) Mission accomplishment the top priority often to detriment to focus on transitioning. This is especially the case with those in leadership positions. and 4:
 2) It is estimated that less than 1% of the population serves in the military, contrasted with 8% during World War II.  The ""Greatest Generation"" were likely to be received in the workforce by either someone who served or an immediate family member or neighbor. This commonality of service carried over to the service and experiences veteran being valued as assets in the workforce and education (G.I. Bill) Stats to consider as we look to ways to engage and support our veterans…veteran workforce transition goes beyond a veteran getting a job…there are additional challenges for veterans that impact their lives 1) Current Vet unemployment rate is 10.9% (vs. 7.9% civilian counterparts) 2) Currently VA Backlog of service-connected claims from 165 to 683 days (OR avg 315 days, Nat'l Average 279)"
"Perceived Academic Needs of Military Veterans Within a For-Profit","https://scispace.com/paper/perceived-academic-needs-of-military-veterans-within-a-for-3ox0qlx5xy","2015","","","Yvonne Rose Ross","","https://scispace.com/pdf/perceived-academic-needs-of-military-veterans-within-a-for-3ox0qlx5xy.pdf","Perceived Academic Needs of Military Veterans Within a For-Profit Postsecondary Institution by Yvonne Rose Ross Doctoral Study Submitted in Partial Fulfillment of the Requirements for the Degree of Doctor of Education","Authors: Yvonne Rose Ross,Eric Riedel Keywords: Review Committee Dr. Mary Batiuk, Committee Chairperson, Education Faculty Dr. Kathleen McKee, Committee Member, Education Faculty Dr. David Bail, University Reviewer, Education Faculty experiences and academic needs of recent military veterans as they transition from the military to academic life at a for-profit, proprietary college. In addition, this study identified differences in the problems faced by male and female veterans and explored whether veterans understood the resources available to them as they enrolled in higher education. Schlossberg's transitional theory was the conceptual framework used in this ethnographic case study. Eight female and 8 male military veterans of the Iraq or Afghanistan war were selected for focused interviews through purposeful sampling. The results of the study indicated that regardless of gender, military veteran students at the local college needed time management skills, help with medical and social issues, and career development. While the college was perceived as student centered, another emergent theme was ineffective classroom management. A 3-day professional development program was designed for faculty and staff in order to increase their knowledge of the challenges faced by veterans in transition and to help military veteran students achieve academic success. Future research could expand the numbers of colleges and students represented in the study. This study promotes positive social change by providing higher education faculty members the results of the study so that they can apply the findings in amending current teaching strategies in an effort to provide a comprehensive learning environment for military veteran student. Dedication I dedicate this to all military veterans with the hope that it will help them achieve academic success. I personally want to thank you for your service. I also dedicate this study to all higher educational personnel with a desire to help military veterans become academically successful. Introduction:
 In June 2008, the Veterans Educational Assistance Act of 2008 was enacted (U.S. . This bill, called the Post 9-11 GI Bill, was one of the most significant changes affecting the education benefits provided for U.S. military personnel (U.S. Senate Committee on Health, Education, Labor and Pensions, 2010). Introduction:
 The Post 9-11 GI Bill has provided military veterans with opportunities to attend higher educational institutions and achieve academic degrees using educational benefits. The Post 9-11 GI Bill offered an increase in veterans' benefits relative to previous GI Bills, including additional benefits to cover educational expenses such and housing and textbook costs, as well as the ability to reallocate unused educational assistance to immediate family members (U.S. Department of Veterans Affairs, 2013). Introduction:
 The number of veterans using Post 9-11 GI benefits grew almost 85% over the last 4 years from 2008 to 2012 (Association of Private Sector Colleges and Universities Introduction:
 [APSCU], 2013). From 2000 to 2009, military veterans also achieved increased success in obtaining undergraduate college degrees, with the percentage of veterans graduating with a bachelor's degree increasing from approximately 14% to approximately 18% (U.S. Department of Veterans Affairs, 2011). While graduation rates increased for military veterans, nonveterans' graduation rate was 36% during the same period ."
"Strategies for Gaining Insight to the Employment Challenges of Veterans with Disabilities: Final Report to the Bob Woodruff Foundation","https://scispace.com/paper/strategies-for-gaining-insight-to-the-employment-challenges-2hyhjb8msx","2016","","","Kathleen Lee
Sara VanLooy
Judy Young
Lisa Stern","","https://scispace.com/pdf/strategies-for-gaining-insight-to-the-employment-challenges-2hyhjb8msx.pdf","","include more than the spouse and/or children), and employers was requested by a number of respondents. Finally, consistent with the findings from the employer and veteran groups was the notion that clear messaging and honesty was needed, both for the veteran and family members. Advice from Families for Families and Service Organizations:
 All respondents described a roller-coaster of emotions as they continue to manage the transition process and experience. It was clear that those (few) family members whose veterans found meaningful employment expressed belief that they were the ""lucky"" ones. The wide range of reactions received can likely be best summed up by the following quote from one survey respondent: Advice from Families for Families and Service Organizations:
 ""My veteran has done everything from pointing a loaded weapon at his head to drinking excessively to trying to kick me out of his life to crying uncontrollably in the transition process. There's not much ""positive"" experience in the initial transition out of the military when a veteran finds out he is no longer fit for duty…The positive comes down the road, maybe even a few years later, when you and your veteran start getting on the same page in acceptance of the way injury has changed your lives."" Recommendations & Next Steps:
 Transition is a process that takes time, patience, and (for some) careful monitoring. There was a commonly-held belief that each and every transition is unique, and that regardless of branch of service, experience, injury, or disability, the primary focus needed to be on a ""one veteran at a time"" mentality. Veterans described how the lack of clear expectations in the civilian workforce added to the intense complexity of transition. Most simply wanted to have someone tell them the truth about expectations for employment and type of services offered by services providers. There was also a consensus around the belief that there was a lack of resources at a local and state level, and many indicated they did not know where to find information. In this regard, none of the veterans mentioned receiving any education to help them understand disability, workplace accommodations, and the rights and responsibilities of an employee with a disability before and during their transition process. Those who subsequently learned about employment laws and the concept of self-identification of both disability and veteran status noted a fear of disclosure due to stigma and misinformation which continue to impose barriers to employment. Recommendations & Next Steps:
 The search for meaning/meaningfulness while suffering the loss of a military identity was overwhelming and observably debilitating for many. Veterans described ineffective communication from service agencies (both generic community-based and veteran-serving organizations) leading to a lack of trust and confusion with available services and resources. Recommendations & Next Steps:
 Lastly, a cultural divide between military and civilian life was perceived. This division was seen as contributing to the significant lack of understanding of how military roles and experiences apply to many work environments and was seen as creating a continuing need for help translating and matching skill sets. In addition, there was a call for purposeful mentoring (both veteran-to-veteran and civilian-to-veteran), career monitoring, and assistance learning how to market (or brand) themselves and their skills to employers."
"I Never Played the 'Girl Card': Experiences and Identity Intersections of Women Student Veterans in Engineering","https://scispace.com/paper/i-never-played-the-girl-card-experiences-and-identity-4h9fkcdkvc","2018","","","Rebecca C. Atkinson
Catherine Mobley
Catherine E. Brawner
Susan M. Lord
Michelle M. Camacho
Joyce B. Main","","https://scispace.com/pdf/i-never-played-the-girl-card-experiences-and-identity-4h9fkcdkvc.pdf","To improve opportunities for women student veterans in engineering (WSVE), our qualitative study contributes to the body of knowledge about women SVEs and female gender identity in engineering. Our exploratory research presents information about WSVEs’ pathways into engineering and begins to unpack the factors related to WSVEs’ gender, military and engineering identities. The research was guided by three main questions: 1. Why do WSVEs pursue a Bachelor’s degree in engineering? 2. How do military experiences shape WSVEs’ educational experiences? 3. To what extent are the WSVEs’ current engineering education experiences shaped by their gender, veteran, and engineering identities? We interviewed seven WSVEs about their transition out of the military and into engineering programs at four institutions. Participants also completed an identity exercise articulating the extent to which various components of their identity were most central to their core self (e.g., woman, engineering student, socioeconomic status, veteran or military status, etc.). The analysis of the participants’ narratives reveals several themes: (1) there is often a connection between WSVEs’ military occupational specialty (MOS) and their decision to pursue an engineering degree program; (2) the participants’ military experiences served to support their academic experiences in engineering; (3) the participants do not directly indicate that gender identity is particularly salient to their military experience or in engineering; however, their narratives illuminate how they conceptualize engineering identity as central to their experiences; and (4) although participants did not indicate that gender was central to their identities and experiences, nearly all of them discussed relational elements, including the significance of relationships and caregiving to their educational experiences. That is, family roles (e.g., daughter, wife, sister) were central to their identity, even if the women did not say that gender, per se, was salient. Our initial results offer insights into the unique experiences of women who served in the military and who then chose to advance their careers and education in engineering. Policies and programs for WSVEs should account for previous military experience related to engineering, the similar male-dominated cultures both the military and engineering fields possess, and the importance of familyand relationship-oriented responsibilities to WSVEs.",". College-related transition challenges include adjusting to post-secondary education and campus life , , ; adjusting back to a civilian identity from their military identity ; and dealing with financial hardships, even though tuition, fees, and books are mostly covered through GI Bill benefits . Student Veteran Transitions:
 The literature also documents several positive factors associated with successful transitions, including the availability of institutional support; drawing on academic support mechanisms ; drawing on parallels between military and academic experiences ; and social support from family and friends, including current veteran friends . In the context of our study, women demonstrate stronger help-seeking behaviors compared to male students among the general college population . Among student veterans, however, women demonstrate the same helpseeking behaviors as men suggesting their military background influences their attitudes towards asking for help . Researchers have pointed to campus climate, institutional structures and policies, support programs and staff as ways to increase help-seeking behaviors and ultimately successful transitions into higher education , , , . Student Veteran Transitions:
 In terms of career development, Gravely  found that student veterans had stronger confidence in their career decision and their major when the major was aligned to their military occupation. Further, women student veterans have a stronger intention to persist when their major or field of study was aligned with their military duties . However, enlisted women are less likely to get promotions or desired assignments to advance their military careers . Further, enlisted women experienced lower self-confidence in their ability to enter a successful career after the military . Low self-confidence, combined with the challenge of translating military skills into the civilian sector, can be overwhelming . On a positive note, however, when a woman veteran transitions from the male-dominated military environment to a maledominated career field, such as engineering, she may find her survival and coping abilities to be an asset in the civilian workforce . Student Veterans in Engineering:
 Recent research suggests that they may be well-suited to pursue degrees in engineering . Student Veterans in Engineering:
 Veteran students are more mature and motivated than the average first-year college student, with unique experiences that are highly relevant engineering education. Student veterans often recognize a connection between their military training and STEM career fields . For example, Zoli et al.  reported that two-thirds of respondents to their survey felt that their MOS nurtured their interest in STEM careers. However, our prior research indicates that engineering education is not structurally presented by the military as complementary to their active-duty skills  or perhaps veterans do not perceive it to be a good match. Student Veterans in Engineering:
 Nonetheless, a large number of military veterans are interested in pursuing an engineering degree. For example, for students using their Post 9/11 GI Bill between August 2009 and December 2013, slightly more than 18,000 earned engineering or engineering-related degrees . Many student veterans attracted to engineering majors describe their technical training in the military as the impetus for furthering their studies through higher education. Veterans possess unique skill sets that help them succeed in engineering, including practical experience with electronics, maturity, and teamwork, gained while in the military. Their leadership experiences intersect well with engineering curriculum, and the teamwork required for successful project completion. The National Science Foundation continues to recognize the importance of the military pipeline for diversifying the STEM pathway [39], and many grassroots organizations, such as Student Veterans of America, offer support for veterans pursuing these careers through higher education. In November 2017, leaders in the US government introduced legislation specifically designed to encourage veterans to consider STEM careers ."
"Experiences Of Military-Trained Educational Leaders: Transference Of Military Leadership Skills To Public School Administration In Texas","https://scispace.com/paper/experiences-of-military-trained-educational-leaders-dpq31eudc3","2018","","","Kristopher David Johnson","","https://scispace.com/pdf/experiences-of-military-trained-educational-leaders-dpq31eudc3.pdf","","successful in their transition from the classroom to leadership positions? What tools can be used to improve the success of transitioning military service members from the classroom into school leadership positions?  What supports have been provided to bolster the success in their roles as administrators? Research questions:
 By answering these questions, I added awareness to the issues facilitated more successful transitions for those who choose to follow this path in the future. These leaders shared their stories and gave valuable input on their personal experiences as they transitioned from the classroom to school administration. Significance of the study:
 In this research, I describe the experiences and views of the transition of military-trained educational leaders. As more of these ex-service members enter administrative positions, it becomes essential to understand the leadership qualities and the skill sets they bring or adopt as they move from one leadership level to the next. Understanding transferable skills from the military to education becomes more critical as more military service members choose education as a second-career . There has also been a movement by media and lawmakers to embrace veterans due to their perceived leadership qualities and the belief that this structured type of leadership will benefit students by introducing greater structure and more rules . Media and lawmakers target former military service members who would benefit from a second career as educators and help government agencies understand the importance of programs that support these transitions of veterans into K-12 education. Significance of the study:
 Soldiers returning from the current Iraq/Afghanistan War and pursuing higher education could benefit from a career in education.  interviewed 25 returning combat veterans and found that there is a need for this unique population of students to receive academic, health care, and financial support at their institutions. Thus, there is a valuable opportunity to explore shared experiences of military-trained educational leaders as they become school leaders to understand the similarities and differences in their experiences that led to leadership. This opportunity allows researchers to understand the challenges that military-trained educational leaders face as they transition from teaching to school leadership positions. The transition for me from military to administration was a long and strenuous path. My story:
 There was no support other than my immediate family, and the only reason I was successful was my ability to stay motivated to succeed. Moving away from family, deploying to combat zones and being away from your spouse has a large impact on who you are as an individual. This has made me realize the plight of educators who have had military experiences and returned to the United States after deployment with no idea of what the future holds. There was what I deem, only superficial support from the military. However, there was a need to contribute or give back to society. Despite good intentions, educators with former military experience who undertake careers that are service driven, such as education, may need to learn how to adapt and understand that not all their military leadership experiences will benefit them."
"Comprehensive Services Tailored for the Transitional Success of Veterans in Higher Education.","https://scispace.com/paper/comprehensive-services-tailored-for-the-transitional-success-5axkcqbyrk","2015","Journal Article","The Journal of Postsecondary Education and Disability","Dustin D. Lange
Susann Heft Sears
Nicholas J. Osborne","","https://scispace.com/pdf/comprehensive-services-tailored-for-the-transitional-success-5axkcqbyrk.pdf","It is estimated that in the next decade, over two million veterans and dependents will utilize the Post-9/11 GI Bill for postsecondary education. Most colleges already possess the resources that veterans need to successfully transition and persist, though this subpopulation of learners also require services that are tailored to their nontraditional and unique backgrounds. Drawing on case study examples, this article offers a student-centric conceptual model that was developed at a major public university in the Midwest where approximately 400 student veterans are enrolled. The model offers a holistic approach for blending academic, career, family, and disability services for veterans along with recommended practices for student service offices and administrative leaders.","Veteran Service Organizations (e.g., American Legion, Disabled American Veterans, and Veterans of Foreign Wars). These groups offer effective resources for helping new veterans acclimate to the community and they are often engaged in various philanthropic work that benefit military populations. Services Beneficial for All Student Veterans:
 Financial assistance and advisement. Many veterans are entitled to multiple types of benefits and selecting the best one can be confusing. For veterans who have a service-connected disability, the Vocational Rehabilitation and Employment program (www.benefits.va.gov/vocrehab) provided through the VA offers individualized career and education counseling, including benefits selection. Additionally, ongoing advisement from a financial aid officer who is knowledgeable of the GI Bill and various state grants and scholarships is another critical area to ensure is in place. Services Beneficial for All Student Veterans:
 Academic related supports. Student veterans may require additional supports for their academic demands in higher education. Services such as tutoring or test-taking strategies may be needed to further ensure they are performing optimally. Additionally, academic coaching services can further support executive functioning skills management with the goal of advising students on techniques for successful self-management of their coursework. Services Beneficial for All Student Veterans:
 Psychological counseling. Counseling centers and mental health staff should be made available to student veterans to help them process the academic and cultural adjustments they experience while transitioning to higher education. Attention should also be directed toward providing counseling staff with training on military culture in addition to specialized training related to military sexual trauma and PTSD. The Center for Deployment Psychology (http://deploymentpsych.org) is a helpful resource for receiving specialized training related to military populations. Services Beneficial for All Student Veterans:
 Career counseling. The employment focus of student veterans make career services one of the most sought after resources on campus. Workshops and services that build on skills acquired in the military offer a great starting point for working with student veterans. Services Beneficial for All Student Veterans:
 • Translating military experience to civilian employment: learning more about how their prior work-related and combat experiences translate into skills and assets for the employment setting in the civilian world. Services Beneficial for All Student Veterans:
 • Information on existing careers: information on careers that is compatible with one's interests and aptitude. Implications and Portability:
 The process of student veteran support services will vary across institutions. The listed recommendations provide guidance for initiating a course of action toward establishing or improving service provision to student veterans. The primary objective is to provide information that is both practical and useful for a wide variety of higher education institutions. The critical elements essential for creating positive impact include the establishment and sustainment of professional relationships with other campus units and the effective management and usage of resources. The following recommendations address student veteran's needs at the individual and campus level. Individual Level:
 • Create web-based surveys for student veterans and dependents to assist in determining needs for service provision. The goal of this practice brief was to create awareness of a conceptual model that incorporates multiple services that are critical for supporting the transition and integration of student veterans. It should be noted that regardless of the size and philosophy of an institution, the infrastructure necessary to best serve student veterans is often times pre-existing; in other words, the services that are currently available and that benefit traditional students are likely to also benefit student veterans. However, the infusion and tailoring of a ""veteran's lens"" into these existing services is required."
"Some Major Contributions of the Military to the Field of Adult and Continuing Education in the United States (A Work in Progress)","https://scispace.com/paper/some-major-contributions-of-the-military-to-the-field-of-238fq7nhtl","1996","","","Clinton L. Anderson
Steve F. Kime","","https://scispace.com/pdf/some-major-contributions-of-the-military-to-the-field-of-238fq7nhtl.pdf","","Education, *Military Personnel, *Military Training, Networks, *Partnerships in Education, Prior Learning, Program Effectiveness, Program Evaluation, Standardized Tests, Student Financial Aid, Systems Approach, Tuition Grants, Veterans Education, Work Experience Programs Introduction:
 The United States military forces have made many significant contributions to this nation. Among these contributions are several in the realm of education. The military has often been on the leading edge of fundamental change in education in the United States, especially in the last half century. Some practices that have become ingrained in the educational fabric of this country, even internationally, had their genesis with the military. In fact, two major revolutions-the democratization of higher education and the emergence of what is commonly referred to as adult and continuing education--owe much to the nation's servicemembers and veterans. Introduction:
 It is also important to recognize that the military has profited immensely from higher education in this country. One only has to see the extent to which military organizations have borrowed the processes and even the vocabulary inherent to the education community to grasp the fact that military training springs from, extends, and emulates education. In some key places, for example the military service academies and the various ""war colleges,"" the higher education model has given more to the military than the military has contributed to civil education. The military relies heavily on the Reserve Officer Training Corps (ROTC) programs at American colleges and universities to furnish the largest cohort of young officers needed to fill the military force structure. Introduction:
 This paper, however, is limited to the contributions generated largely from military initiatives that now have significant implications for all adult and continuing education and the society that it serves. In the process of cataloging these contributions, two themes emerge: First, military innovations in education seem consistently to involve the workplace and the worker. Strengthening the tie between the enlisted servicemember and his/her vocation with the college and his/her degree program(s) through the recognition of workplace learning is part of this theme. So is the articulation of workplace literacy skills and education programs that ensure servicemembers have, indeed, mastered those relevant skills. The second theme is the matter of access to educational opportunities. What emerges here is that servicemember-workers have achieved greater access to high quality educational programs and services thereby helping raise their employability and upward mobility not only in the military but more importantly in the civilian sector. The military has long been recognized as one of the great engines of American social mobility. The military's education initiatives have played play major roles in these developments. This paper will address just a few of these notable contributions. I. GI Bill:
 Just over fifty years ago, millions of veterans came home from World War II and entered college using what was called the ""GI Bill and it transformed a nation."" James Brady in the Sunday August 4, 1996 edition of Parade continues: I. GI Bill:
 With help from the original GI Bill of Rights, more than 7.5 million veterans went to college or other schools or received job training, according to the Department of Veterans Affairs. In the bill's peak year, 1947, vets accounted for nearly 50 percent of college enrollment. Overall, the breakdown was as follows: I. GI Bill:
 2.2 million in college or a university 3.5 million in other schools 1.4 million in on-the-job training 690,000 in farm training"
"Entering the Engineering Pathway: Student Veterans’ Decision to Major in Engineering","https://scispace.com/paper/entering-the-engineering-pathway-student-veterans-decision-59y2znmrxw","2017","","","Catherine Mobley
Catherine E. Brawner
Joyce B. Main
Susan M. Lord
Michelle M. Camacho","","https://scispace.com/pdf/entering-the-engineering-pathway-student-veterans-decision-59y2znmrxw.pdf","As the engineering community seeks to widen the pathways toward engineering education, hundreds of thousands of military veterans are initiating their college studies at universities across the U.S. Given this trend, it is essential to better understand the factors that lead student veterans to choose to major in engineering. We are conducting a comparative case study at four institutions enrolling undergraduate student veterans in engineering (SVEs). In this paper, we draw upon in-depth interviews conducted with SVEs at two of these institutions to: (1) better understand the factors that shape SVEs’ decisions to major in engineering and, (2) determine whether and how the military influences student veterans’ decisions to major in engineering. Our work provides insights into the timing of the decision as well as the extent to which military training and experiences provide a direct, or indirect, pathway into engineering. We highlight student experiences to advance knowledge about SVEs’ educational pathways on several fronts. Methodologically, our in-depth analysis allows us to capture the nuanced nature of SVE narratives that often remains hidden when using other approaches to studying engineering education. Theoretically, we draw from Cognitive Information Processing theory to more accurately reflect SVE decision making about majoring in engineering. Practically, the results can inform military transition assistance programs and improve university efforts to ensure that student veterans experience a successful transition from their military career to higher education and engineering studies.","about higher education opportunities. As reported here and in a previous study, given the link between a desire for financial security and choosing the engineering pathway, perhaps this session could include explicit information about salary and long-term career opportunities in engineering fields, among others. Discussion:
 Universities can also assist in this process. Zoli et al.'s study found that 84% of veterans felt that the skills they learned in the military would contribute to an educational setting; however, just over half (53%) also indicated that the institutions of higher education they either hoped to attend or actually attended did not recognize the value of their military-related experiences.  Thus, as campuses across the nation strive to become ""military friendly,"" greater efforts could be made to connect student veterans to specific career paths. Engineering departments, in particular, could proactively recruit student veterans to their majors, emphasizing the parallels between military training and engineering education and drawing attention to how engineering education can benefit from their leadership abilities and discipline gained while in the military. Also, groups like Student Veterans of America (SVA) can also assist in making the engineering pathway more explicit. As a boundary-spanning organization, with influence in both the military and in higher education, the SVA is in a unique position to promote a variety of career paths, including engineering, to student veterans. The organization's existing career resources provide a solid foundation for doing so. 41 Limitations and Future Research:
 Our work did not uncover the specific challenges (e.g., battling stereotypes and adjusting to civilian culture) faced by SVE's in higher education that have been identified in previous research.  This could be the result of our focus on those students who have remained in engineering and those who were willing to be interviewed. Indeed research shows that identifying a career can provide life meaning to student veterans and encourage them to stay in school; this is especially the case for jobs that are related to military experiences.  Our study does not include those who dropped out of engineering or who may be facing challenges that would dissuade them from participating in our study; we also recognize that some of the participants may yet change their major away from engineering as they continue their educational journeys. Limitations and Future Research:
 Future analyses will allow us to more fully address how the transition to engineering education may vary by military branch or by type of connection to the military (e.g., National Guard, Reservist, regular active duty, etc.).  We will also explore the possibility that time since discharge and combat experience influences engineering identity development  and the extent to which identity transitions shape career decisions and progression through fields of study.  And, we will investigate differences related to first-generation status, considering the relatively prominent theme in the current study about selecting engineering because of the belief by student veterans from low socioeconomic backgrounds that an engineering career offers financial stability. Conclusion:
 Our study on key decision points for entering the engineering pathway begins to break new ground about student veterans in the disciplines. There are few in-depth case studies that advance understanding of the finer details of SVEs' career decisions that otherwise may not surface through quantitative methods of research. While this paper highlights preliminary results from 15 of our interviews, our data analysis is ongoing and includes 62 SVE interviews across four study institutions."
"The Military: Purveyor of Fine Skills and Comportment for a Few Good Men. EQW Working Papers WP25.","https://scispace.com/paper/the-military-purveyor-of-fine-skills-and-comportment-for-a-4x258m2s10","1994","","","Janice H. Laurence","","https://scispace.com/pdf/the-military-purveyor-of-fine-skills-and-comportment-for-a-4x258m2s10.pdf","DOCUMENT RESUME","of Army service are not precise measures, a majority of those who have served feel that they gained from such an experience. Overall, there is much convergent evidence that the military is indeed a purveyor of fine skills and comportment. .!9 WORKING PAPERS:
 What will happen as the military scales back? According to projections from the Defense Manpower Data Center, over the course of FY 1994 alone approximately 315,000 military enlisted members will return to civilian life equipped with many fine skills, credentials, attitudes, and values. About 13 percent of those exiting will possess at least a college degree. Another 3 percent will have some college credits, and almost all will have a high school diploma. About 200,000 will have served as enlistees for one term and will be in their early to mid-twenties. Another 75,000 will have served longer than one term, and about 40,000 will have completed at least 20 years. Over 30 percent of those leaving will be minority group membersat least 20 percent of this number will be black. Those involved in the exodus come from job categories such as electronics, equipment repair, computer programming, communications, health care, accounting and finance, and heavy equipment operations, among others. Many will have received training as health care technicians and more than 10,000 will be skilled metalworkers, welders, machinists, or have experience in the building trades. They will have hands-on experience as workgroup leaders and supervisors. WORKING PAPERS:
 There is good news and bad news evident in these statistics. Aside from the fact that, theoretically, a shrinking military is supposed to reflect a safer world order; employers will find at least in the short-run a WORKING supply of able and valuable people to hire. Because recent veterans were selected from the best of their cohort and because the military provides training, educational opportunities, and an environment that fosters sought-after traits such as self-confidence, dependability, team spirit, discipline and punctuality, the picture for employers claiming they can't find good workers and workers who are seeking quality jobs that make use of their abilities should be rosy. Unfortunately this picture may not reflect reality entirely. WORKING PAPERS:
 Academic assessment of the human capital gains attributable to the military have focused on comparing the earnings of veterans with ""comparable"" non-veterans. The findings are mixed and hopelessly confounded with numerous studies from different eras predicting a good, bad, or indifferent transition for varying subgroups of veterans. Regardless of the confusion created by conflicting conclusions, it is difficult to argue against the value of educational upgrading, of skills training to the tune of approximately $5 billion annually , and of the job experience provided by the military. Although the great majority of military jobs have civilian counterparts, lateral entry into a job commensurate with one's military training and experience is far from assured. For those one-term Army veterans mentioned above, only 56 percent who had full-time jobs claimed that they were easy or very easy to land. White Army veterans found it easier to get civilian jobs (with 63 percent indicating that it was at least easy) than did black (43 percent) or Hispanic (44 percent) veterans. Only about one-third claimed a fair or good degree of similarity between their Army-developed skills and their civilianjob skills (U.S. Army Research Institute 1986)."
"Educating the United States Army.","https://scispace.com/paper/educating-the-united-states-army-3tvvns8qtp","1989","Book Chapter","","Clinton L. Anderson","10.1007/978-1-349-09251-2_3","https://scispace.com/pdf/educating-the-united-states-army-3tvvns8qtp.pdf","The United States Army has the constant mission of maintaining that nation’s ability to use land components of the United States military power throughout the world in co-ordination with other military services and allied forces and in consonance with national goals and interests. In order to accomplish this mission, Army education and training encompasses the Active Component (that is, deployed and continental US-based (CONUS) active forces), the Reserve Component (that is, the National Guard, the Selective Reserve Units, the Mobilization Designees (MOBDES), and the Individual Ready Reserve [IRR]), and the Civilian Component (for instance, civilians employed by the Department of the Army and Department of Defense, defence contractors, and the like).","EDUCATION AND TRAINING: ACES program thrusts are outlined: First, ACES's primary programmatic endeavor appears to be in providing high quality continuing vocational skills and adult academic opportunities to meet the expectations of enlisted soldiers who are high school diploma graduates with 20:
 above average mental capabilities as measured by the ASVAB. In-service college programs, vocational skills training, and testing which can result in the award of college credit and/or certification-are designed to follow through on Army education and training promises made during soldier recruitment and subsequent reenlistment processes. By being provided viable in-service educational oppottunities, high caliber soldiers are assured that their educational aspirations can be achieved while as they pursue a military career. They can use their veterans educational benefits such as those provided through the ""Army College Fund"", the Veterans Education Assistance Program, and the G-I Bill . either by reenlisting in the active force or by enlisting in one of the Reserve Component units. ACES assists the soldier in understanding educational. benefits and entitlements through nondirective counselling. This nounselling is conducted periodically throughout a soldier's active military service to include a counselling session shortly prior to transition from active duty to civilian life. Networking of associate and bachelor degree programs, as done through the auspices of the Servicemembers Opportunity Colleges (SOC), assists the soldier-student by limiting college residency requirements, easing the acceptance of transfer credits among member institutions, and recognizing experiential learning accomplished through the military and by other nonacademic means in terms of college credits that may be applied toward a degree program. (Over 600 U.S.civilian colleges and universities have voluntarily.subscribed to the principles and criteria of SOC and are designated as SOC institutions.) These counselling and program networking efforts seem to have helped forge a positive connection among in-service education opportunities, the use of veterans' education benefits and continued military service within a total Army concept. In order to be effective, academic credits and.degrees, vocational skills training and certification resulting from in-service education must interface closely with veterans' continuing educational achievements and with veterans' ability to compete in the civilian job market once transitional from military service."
"Fighting for a Job: The Reality of Veteran Unemployment in Virginia","https://scispace.com/paper/fighting-for-a-job-the-reality-of-veteran-unemployment-in-15ul24szqx","2015","","","Christopher Flurry","","https://scispace.com/pdf/fighting-for-a-job-the-reality-of-veteran-unemployment-in-15ul24szqx.pdf","Unemployment is a reality for many veterans, especially those who served in Iraq and Afghanistan, due to a subpar military transition program, lack of effort by the veterans themselves, and the inability of businesses to recognize the value veterans may bring. According to the Pentagon (2015), the current veteran transition program fails on many fronts to equip veterans with the communication and networking skills required to find gainful employment. Additionally, Veterans Affairs statistics (2015) suggest that whether through a sense of entitlement or simply an inability to understand the complexity of the civilian labor market, are poorly positioned to compete with non-veterans for jobs. On the other hand, Gudmundsson (2015) argues that there is no veteran unemployment issue, with the topic being little more than a political bargaining chip. However, according to other sources, businesses are insufficiently informed of the unique skills that veterans often possess, and often choose to hire non-veterans who may have higher education credentials, but lack the leadership and other real world experience of veterans. The issue of veteran unemployment can be turned through proactive measures by each of these groups to expand the job-seeking and professional networking skills, ensuring gainful employment for veterans and high skilled employees for businesses.","veteran employment . In an analysis of unemployed veterans, the team was able to link difficulty finding a job with negative thoughts (p. 178). Providing positive career specialized counseling could help to improve veteran unemployment, according to the Southern Mississippi team (p. 179).:
 It is worth noting, though, that even when these programs exist, veterans do not always use them . As an example of a potentially beneficial program that is underutilized by veterans, the Department of Veterans Affairs' Vocational Rehabilitation and Employment program provides veterans an array of career-finding support from resume writing to job training, according to the Veterans Affairs Economic Opportunity Report . The program is split into two categories, one that offers basic assistance for military members transitioning to civilian life, and a separate program, VetSuccess, for disabled veterans and others requiring more significant support (p. 21). Of the 121,236 enrollees in 2012 in the . That is a completion rate of about 8 percent. When veterans fail to use the programs in place to help them, then they at least share in the responsibility of the veteran unemployment issue. ""Most often, there's a disconnect between the employer and the veteran, . ""A misunderstanding on the veteran's side about how they can best market their knowledge, skills and experience, but also a disconnect on the employer's side about how skilled today's military really is, and how those skills translate directly to the civilian labor market."" For some veterans, learning to effectively communicate how their military service has prepared them for civilian employment could mean the difference between finding a good job and going unemployed. 179).:
 Veteran unemployment is a national issue, and with the nation's fastest growing veteran population, should be especially important to Virginians. Despite the challenges, it seems Virginia is doing something right. ""According to the Bureau of Labor Statistics, Virginia's veteran labor force has increased by 80,000 veterans since 2010, . ""This is more than all other states combined!"" he added. While Virginia has shown that proactive steps by businesses can reduce veteran unemployment, there is vast opportunity for continued improvement if the program continues to grow. However, the biggest gains for improving veteran employment lie in better preparing service men and women for civilian jobs earlier in their military careers. Finally, it is imperative that the veterans themselves are actively seeking ways to better communicate their value to businesses and grow their professional networks. ""It's not about who you know, it's about who knows you,"" said . While a period of adjustment should be expected for those leaving military service, the best time for military men and women facing transition to improve their resume writing, communication and networking skills is the moment the thought occurs to them, and that is likely already too late. Veterans in need must take advantage of programs designed to help them. After all, the intangible traits like leadership are what businesses seek when they hire veterans, and a central tenet of leadership is the capability to know oneself and know when to seek self-improvement. Veterans know leadership. Veterans should know when to ask for help."
"A phenomenological study of junior enlisted marine corps veterans’ career transition and organizational attachment: from the military to civilian work environment","https://scispace.com/paper/a-phenomenological-study-of-junior-enlisted-marine-corps-411d55otu4","2018","","","Kevin R. Sanford","","https://scispace.com/pdf/a-phenomenological-study-of-junior-enlisted-marine-corps-411d55otu4.pdf","","reintegrating into civilian areas . The economy has failed to provide veterans with equitable employment opportunities compared to their civilian counterparts . The lack of adequate employment opportunities has been particularly challenging for those who have not had previous experience beyond the jobs performed while in the military . Transitioning Out of the Military:
 The Bureau of Labor Statistics (2017) reported that the veteran unemployment rate has dropped. However, looking at a specific time frame, the civilian counterparts show lower levels of unemployment . The unemployment rate of young military veterans (18 -24 years old) is disproportionately high; however, these types of statistical totals may not accurately describe the overall employment picture of veterans . A number of other factors could affect the results of the employment status of veterans and may prevent employment, such as education, training, or medical issues . Transitioning Out of the Military:
 Another challenge that veterans experience is related to their job tasks. The jobs that the veterans performed in the military are titled MOSs (Military Occupational Specialties) and are only sometimes transferable to civilian jobs. Some of the more familiar tasks related to the medical field, public relations, or culinary area are transferable to the civilian workplace; however, this is not always the case for more specialized military positions . Transitioning Out of the Military:
 Young veterans constitute the majority of veterans entering the civilian workforce . Junior enlisted military members are the lowest rank in the armed services and also the lowest paid (Department of Defense, 2017). Federal research shows that military veterans consistently experience higher rates of unemployment and underemployment than their civilian counterparts (Bureau of Labor Statistics, 2017). Transitioning Out of the Military:
 Research has also shown that the leading stress factor among junior enlisted service members is a lack of income and resulting financial problems . Junior enlisted service members are more likely to have financial hardships, and these young military members are more likely to report problems paying bills than their civilian peers . These experiences often lead to problems on the job and at home .  noted that organizations have an obligation to consider the well-being of their members upon separation from the organization. Transitioning Out of the Military:
 Despite the challenges faced by veterans in the civilian workforce, there are many benefits associated with hiring former military members. A study examined different United States companies and found that many of the companies claimed there were economic and professional benefits derived from the hiring of veterans. While there were some challenges mentioned, there was still value to be found when hiring veterans, including public relations, and marketing skills, military skills and training, and equipment operation and safety skills . Social issues.:
 When considering military veterans' transition to the civilian workplace, social factors must be taken into consideration as well, such as the concerns and self-identity of veterans (Loughran, 2014). For example, nearly 85% of service members are male . There also exists a growing number of lesbian, gay, bisexual, and transgender (LGBT) military veterans . Also, contrary to a common misconception, all veterans separating from the military are not U.S. citizens, including some members of the military who are undocumented minorities . The diversity and social issues of the members of the military must be considered to gain a more accurate reflection of the variety of reasons for veteran unemployment (Loughran, 2014)."
"Education in the Workplace: The Military Experience. A Report on the Conference on the Role of Education in Restructuring Defense and Other Industries ( Washington, D.C., May 16, 1991).","https://scispace.com/paper/education-in-the-workplace-the-military-experience-a-report-rx5n8pf4iq","1991","","","Martha V. Gottron","","https://scispace.com/pdf/education-in-the-workplace-the-military-experience-a-report-rx5n8pf4iq.pdf","","unqualified displace on the job ladder those with even less education and few, if any, job skills. Many of these are likely to be teenagers or young adults who have dropped out of high school and who are already on the margins of American society. Effects on Job Opportunities:
 The picture is much brighter for the newly released who take with them the training and education benefits they received while in the militaiy. Effects on Job Opportunities:
 For many the training will have been extensive. After a few weeks of boot camp, recruits are given school training in particular military occupational skills This training can last from one month to more than a year, depending on how specialized the occupation is. Recruits are then assigned to units for on-the-job training, where they acquire about half of their skill proficiency. This training is reinforced throughout their career and can be supplemented with courses on advanced equipment, supervision, and other subjects. Effects on Job Opportunities:
 Service members are also encouraged to continue their education while on active duty through tuition assistance for study at accredited postsecondary institutions. (Education opportunities for those who stay in the military, box, p. 11) The services also assist personnel enrolled in nontraditional education programs to obtain college credit for service school courses and training Service members who sign up for veterans benefits may use those benefits either while they are still in the service or once they leave to help pay tuition and support at colleges or certified training schools. Effects on Job Opportunities:
 In fiscal 1989, service members used tuition assistance to enroll in 513,397 undergraduate and 55,460 graduate courses. Some 100,000 credit examinations were administered, and military personnel earned some 400,000 semester hours of credit that may be transferable to college programs. Effects on Job Opportunities:
 Many service members leaving the military will directly enter the civilian labor market. Many of them will be well prepared. At least one-fourth to one-half of au military skills have direct civilian counter. parts; some researchers put that percentage even higher. As one conference participant noted, ""Even for those skills where no civilian counterparts exist, completion of military training can have a 'credentialing' effect and provide evidence of characteristics desirable to civilian employees."" Effects on Job Opportunities:
 Other newly released service members may opt to combine school with work or to go to &tool full-time. Veterans benefits can be used for vocational and technical education, college study, work-study, on-the-job training, and correspondence courses, although most benefits are used at two-and four-year schools. Data collected in the 1980s showed that veterans concentrated their studies on construction, engineering technologies, and mechanical repair. Effects on Job Opportunities:
 In 1990, 204,000 active and reserve service personnel and veterans used education benefits to help pay for schooling. Although fewer than 25,000 of these were active-duty personnel using benefits under the Montgomery GI Bill, more than 1 million service members about three-fourths of the total had already signed up to participate in the program. How many veterans will take advantage of their benAfits is unknown, although the Department of Veterans Affairs estimates that 400,000 vets could be using their benefits by 1995."
"VA Education Benefits: VA Should Strengthen Its Efforts to Help Veterans Make Informed Education Choices. Report to Congressional Requesters. GAO-14-324.","https://scispace.com/paper/va-education-benefits-va-should-strengthen-its-efforts-to-39lk5qpqlw","2014","","","Melissa Emrey-Arras","","https://scispace.com/pdf/va-education-benefits-va-should-strengthen-its-efforts-to-39lk5qpqlw.pdf","In fiscal year 2013, VA provided over $12 billion in benefits for veterans’ postsecondary education; however, questions have been raised as to whether some schools are receiving these funds as a result of inappropriate recruiting practices. GAO was asked to examine issues related to schools’ recruitment of veterans. This report examines (1) how selected schools recruit veterans, (2) veterans’ school search and recruiting experiences, and (3) VA’s actions to help veterans make informed decisions and to identify inappropriate recruiting practices.","prominently featured the tool on its GI Bill website and expanded veterans' access to it. VA officials said that CareerScope and the Comparison Tool are intended to allow veterans at different stages of their decision-making process to more easily access the information they need. Outreach:
 VA has taken some steps to increase awareness of its educational and vocational counseling services, which have not been widely used. Veterans who are eligible for VA education benefits are also eligible to apply for free education counseling. This service offers one-on-one, objective advice from knowledgeable counselors and can help veterans formulate their career and educational goals and plans. Less than 2 percent of eligible veterans, however, have applied for this service in the last few years.  Servicemembers learn about VA's educational counseling services as one of many VA-offered benefits and services when they are transitioning out of the military. 57 However, about half of student veterans we surveyed said that they did not start thinking about schools until after leaving the military. 58 56 Based on numbers of applicants of VA's counseling services and total beneficiaries receiving VA education benefits in fiscal years 2011, 2012, and 2013. Outreach:
 As a result, many veterans may not know about educational counseling services or may not remember them when they decide to return to school, according to several veteran groups and schools we interviewed. To improve awareness of these services among veterans, VA officials told us that VA has encouraged schools participating in its VetSuccess on Campus program to remind 57 Department of Defense's Transition Assistance Program provides services and information to help departing servicemembers transition from the military to civilian life, including information on federal veteran benefits. For more information on this program, see GAO, Transitioning Veterans: Improved Oversight Needed to Enhance Implementation of Transition Assistance Program, GAO-14-144 (Washington, D.C.: Mar. 5, 2014). 58:
 Veterans may decide much later that they want to return to school, as Post-9/11 GI Bill benefits are available for use up to 15 years after a servicemember is discharged. 38 U.S.C. § 3321(a). The 50 percent estimate for veterans who made the decision to start looking for schools after being released from military service has a 95 percent confidence interval that ranges from 42 to 58 percent. 58:
 Educational Counseling veterans on their campuses of these services.  Although some of VA's promotion efforts, such as the GI Bill website and social media, are aimed at both current and prospective students, VA has not taken sufficient steps to promote counseling as a service for prospective student veterans. For instance, VA does not mention counseling in its recently updated guide on choosing a school (or its corresponding web version) or on the web page that lists resources for helping veterans make school decisions."
"Serving Those Who Serve: Outreach and Instruction for Student Cadets and Veterans","https://scispace.com/paper/serving-those-who-serve-outreach-and-instruction-for-student-2iv19owx1q","2013","","","Nancy E. Fawley
Nikki Kyrsak","","https://scispace.com/pdf/serving-those-who-serve-outreach-and-instruction-for-student-2iv19owx1q.pdf","Introduction The transition to university can be difficult for anyone, particularly for student cadets and veterans. The abrupt switch from civilian to Corps life for new students at a military university is life-changing. Likewise, veterans transitioning from military life to civilian life as students face another set of challenges. Both cadets and veterans new to college have unique academic needs and libraries are in a position to support these students directly and by outreach to campus partners. Military colleges have taken a more outcomesbased educational approach to ensure that cadets meet the competencies for learning and development. With integrated leadership training and self-discipline, cadets are developing lifelong methods for success in a global workforce. The emotional demand to meet the lifestyle, academic, and leadership standards at a military college is nothing short of a balancing act. Furthermore, the generous education benefits of the Post-9/11 Educational Assistance Program (or Post9/11 GI Bill) have encouraged many veterans to seek a college education. In turn, colleges and universities are preparing for an increase in the enrollment of veteran students and are working to establish programs that meet the unique needs of these students and support their academic experience. As a result of their military education and service, both cadets and veterans are self-directed and goal oriented. These characteristics create opportunities for libraries and their campus partners to support them academically. The development of military principles, whether on the field or in an academic setting, enable vets and cadets to excel in the classroom and graduate better prepared to commission or to enter the civilian workforce. As such, these students must","to enter the civilian workforce. As such, these students must ACRL 2013 Introduction: show the same level of initiative toward information evaluation and critical thinking both inside and outside of the classroom in order to successfully compete in the twenty-first century workplace. Veteran Students: The Post-9/11 GI Bill provides veterans of the Global War on Terror with educational benefits to attend college or university. Academic institutions are just now starting to see an influx of student veterans as military operations downsize and many retire from active duty. Veterans of the recent wars in Iraq and Afghanistan make up ten percent of the veteran population and unemployment rates for this group are higher than other veteran groups and non-veterans. Instead, many young veterans, up to twenty-five percent of the 18 to 24 age group, enroll in college after leaving the Armed Forces. In 2011, over a half million veterans were receiving education benefits through the Post 9-11 GI Bill, an increase of thirtyfour percent from the previous year. Ninety percent of these veterans are former enlisted members rather than officers; their decision to attend college is more likely to be intentional unlike some of their non-veteran colleagues. This sudden increase in the number of veterans attending college has caught some institutions unprepared to support the unique needs of these students. A 2012 survey by the American Council of Education found that sixty-two percent of the 690 colleges and universities questioned provided programs and services specifically for military service members and veterans. This number should increase as veterans continue to take advantage of the educational benefits and the unique services provided to them. In these early stages there are no national statistics on the retention and graduation rates of student veterans, but as more money is distributed there will be an expectation to show accountability for the funds being spent. Both the Student Veterans of America and the Department of Veteran Affairs are beginning to collect this data. Academic institutions, however, are cautioned in how they brand their services to student veterans. ""Most veterans have experienced environments that are truly hostile, so pursuing labels of 'veteran friendliness' may not be important to veterans. It is more important to identify potential obstacles to student success and focus policy and service energy there. "" The literature on veterans' transition from military to college points to key areas where academic institutions can provide services and support to increase chances for student success. ""Contemporary student veterans come from a professional, all-volunteer standing military, seasoned by the highest-quality training, equipment, standards and expectations, and by modern combat and deployments around the world. "" 8 Veterans are transitioning from the military's highly structured and interdependent environment to an academic experience where individuality and inquisitiveness are encouraged and expected. In the military, the hierarchical structure is established and inflexible. By contrast, the organizational structure of a traditional university can be more difficult to interpret and navigate. Veterans accustomed to a clear chain of command can find the bureaucracy of academia to be frustrating. DiRamio, Ackerman and Mitchell 10 and Wheeler both used Schlossberg's Theory of Adult Transition as a framework to perceive how veterans manage the transition to college, including their academic experiences and personal relations. The first study found that the main challenges were learning study skills, making connections with peers, and dealing with financial issues. The latter studied veterans transitioning to community college and found similar themes of transition in their academic experiences, personal relationships and the navigation of their GI benefits. It is especially important to consider female veterans. Many are less likely to be involved with campus programs and services for veterans, even though engaging with other female veterans can be the key to a successful transition to college. DiRamio, Ackerman and Mitchell found two themes in their interviews"
"A Phenomenological Study of Military Veteran Student Attrition at Western Virginia Community Colleges.","https://scispace.com/paper/a-phenomenological-study-of-military-veteran-student-tovoy4nrui","2017","","","Gordon F. Cavendish","","https://scispace.com/pdf/a-phenomenological-study-of-military-veteran-student-tovoy4nrui.pdf","The purpose of this phenomenological study was to describe the experience of “discontinued enrollment” for military veteran students at western Virginia community colleges. The theory guiding this study was Schlossberg’s (1981) transition theory, as the military veteran students were in transition from the military to the community college. The research questions were, how did military veterans describe their experiences at the community college, and what factors did military veterans identify as influencing their decision to discontinue enrollment? The methodology chosen was transcendental phenomenology which followed a focused structure and data collection methods including interviews, a questionnaire, member checks, and collection of related documents. The study purposefully selected United States military veterans with at least 12 consecutive months of active-duty service, who were in transition after September 11, 2001. These military veteran students subsequently enrolled full-time at a western Virginia community college and discontinued enrollment. Data analysis was structured but emergent, beginning with theme development and followed by coding to develop and describe the “essence” of the participants’ experience and their influences at western Virginia community colleges. The research found discontinued enrollment was a result of peripheral v. primary goal disagreement, insufficient preparedness for community college, and a lack of social connectedness.","goals. Aside from these issues, less frequent issues such as having health or child care problems, taking a break, or lacking transportation were noted . For the student veteran, lack of academic preparation and social connections were arguably the most significant reasons for attrition. Summary:
 Military veterans are transitioning from military service to community college life and are bringing with them risk factors as well as unique needs that are not being addressed. The result is a significant number of veterans discontinue enrollment in the community college system, failing to complete their educational goals. The following review of the literature on the topic of veterans, their culture, motivations and outcomes, under a theoretical framework of transition was explored before proceeding. Influenced by situation, self, support and strategies as modeled by  in her work on transition provides a well-studied theoretical framework for military veterans as they adapt to transition from military service to community college student. A transition that brings with it benefits, such as medical disability and later educational, that predate the republic. After World War II benefits would be re-assessed, expanded, and offered to men and women alike who would serve their country. As a result, a need to determine eligibility for benefits, among other functional needs, would result in a variety of definitions of the term veteran. Similarly, this study would need to identify and define veterans in transition from the military to the community college for dependability. As such military service of at least 12 consecutive months was indicated to ensure the veteran was in transition. Followed by a review of the various recent military benefit programs offered to assist those transitioning into an educational setting as well as the risk factors resulting from their nontraditional status were then investigated. Next, a review of military culture, simply defined as the veterans' learned collective behaviors were identified and discussed to better understand them and their perspective. Although veterans are long viewed as ""combat masculine warriors"" Summary:
 change is necessary, indeed ongoing, despite appearances of cultural group endurance. Summary:
 Connecting with this culture group in a meaningful way through motivation was discussed as a central tenet of student success and further examined through select theories of constructivist, cognitive, and humanistic. Rounded out with a discussion of values and one's generational influences as an impact on motivation, particular attention was paid to the Millennials and the best suited instructional methodologies for this group. Last, the topic of attrition or the student's inability to continue from semester to semester until graduation, was discussed with a focus on outcomes. With success being measured as completion of a degree program the almost 80 percent of all community college students who do not graduate nationally is significant. Indeed, through the lens of transition, community colleges can do more to improve the success of veterans, and this study intended to fill the gap by exploring military veteran experiences, thereby providing them a voice, not yet heard, in hope of improving their experiences and guiding administrators toward improved achievement for this significant marginalized group. Overview:
 The purpose of this study was to understand the experience of military veterans who have attended community college and subsequently ""discontinued enrollment"" without graduating."
"A Study to Determine the Reasons Why Old Dominion University Military Career Transition Program Students Selected Certification to Teach Technology Education as a Second Career","https://scispace.com/paper/a-study-to-determine-the-reasons-why-old-dominion-university-1be8cat8pl","1997","","","Michael G. Owen","","https://scispace.com/pdf/a-study-to-determine-the-reasons-why-old-dominion-university-1be8cat8pl.pdf","","this study. To ensure the proper interpretation of the terms, refer to the following definitions: Military Career Transition Program -A teacher training program: designed for senior enlisted and officer personnel that are transitioning from the military as a result of retirement or early separation. 2.:
 Technology Education -The school discipline for the study of the application of knowledge and resources to solve problems and extend human potential with the content consisting of past, present and future technological advancements (The Technology Education Curriculum K-12, 1992, Virginia Council on Technology Education for the 21st Century, p. 6). 3.:
 Technology-Human innovation in action that involves the generation of knowledge and processes to develop systems that solve problems an extend human capabilities (Technology for All Americans: Executive Summary (p. 1) 4.:
 Second Career -Job held by a person after successful completion of a military career. REVIEW OF LITERATURE:
 The literature reviewed for this chapter comes from the current and relevant literature on education. This chapter will discuss: 1) The Military Career Transition REVIEW OF LITERATURE:
 Program as an alternative teacher certification program, 2) Psychological type preference and learning styles in reference to career selection and 3) Summary. Alternative Teacher Certification Program:
 The Military Career Transition Program is an alternative teacher certification program established in 1989 at Old Dominion University . It is one of many alternative teacher certification programs that evolved as a result of projected teacher studies completed in the 1980's by the National Center for Education Alternative Teacher Certification Program:
 • Elementary and then secondary school enrollment would increase Alternative Teacher Certification Program:
 • Attrition rates for teachers would rise Alternative Teacher Certification Program:
 • No more teachers would study to be teachers than did in the decade of the 80's Alternative Teacher Certification Program:
 • A substantial number of teachers would soon reach retirement age."
"Let's Connect: Diversity, Inclusion and Career Development of Veterans within the Civilian Workforce.","https://scispace.com/paper/let-s-connect-diversity-inclusion-and-career-development-of-gsbvua6la6","2021","","","Yvonne Hunter-Johnson
Ahmed Al-Asfour","","https://scispace.com/pdf/let-s-connect-diversity-inclusion-and-career-development-of-gsbvua6la6.pdf","","behaviors, it is paramount that HRD professionals provide adequate training and development of leaders at all levels. There should be provisions for feedback and/or evaluation of leadership in this regard on a continuous basis. Additionally, institutional policies and practices should reflect diversity and inclusion. Strategies for Promoting Career Development of Veterans:
 Career development is a distinct concept that refers to the process in which employees and employers work together to develop certain goals to help employees develop their skills . Specifically, regarding the career development of veterans, there is a paucity of research aimed at helping veterans' career development needs . Veterans have unique and rich experiences, that if utilized and tailored according to the needs of organizations, can have a positive impact. While veterans often are thanked for their service, remembered for the sacrifices they made, and regarded as heroes, organizations must develop strategies to accommodate this segment within the population. This is especially for organizations that want to classify as military-friendly organizations . It is also critical for organizations that promote social responsibilities to do their part and provide the tools needed to help veterans. Some of the initiatives that organizations can include can be veterans' preferences for hiring, training, development for new skillsets, and working hours that meet their needs. Career development practitioners working with veterans need to be provided with the tools to help this population of the workforce to achieve career development goals. Strategies for Promoting Career Development of Veterans:
 Training and development initiatives. Organizations need to encourage potential veteran employees to self-identify and define the skills that they wish to possess as part of the hiring process if they wish to develop themselves within an organization. Once the skills are identified, then organizations can provide training which can be part of their career development plan. Employees can then match the veterans' skills with potential job opportunities to provide the training and development skills to these veterans. The alignment with the skills needed by the organization and veterans is critical for both. The theory of work adjustment has several assumptions; among them,  explain employees and employers need to work together to meet each other's needs. Meeting each other's needs builds good rapport and help present the organization as a military-friendly and socially responsible organization. Mentor program.:
 A mentor can help veterans bridge the gap between their skillsets and the organizational skills needed (Hunter-Johnson, 2020). Also, it can assist veterans to understand organizational culture, which can be vastly different. A mentoring program can contribute to the career development of veterans. This can be accomplished by conducting a self-assessment of the skills that a veteran has and the needed skills by an organization to align a mentor who can best guide for career development. A mentoring program also provides networking opportunities for veteran employees. The benefit of a mentoring program can be vast, which includes easing transiting into a new career, enhancing skills, finding new ways to complete certain tasks, reducing turnover, and other benefits . Within the organizational mentoring program, organizations can use previously hired veterans to mentor new employees as they are well-informed from their past experiences of the challenges and hurdles that new veterans face. Taking this into consideration, organizations can develop a team of veterans that can help create strategies to address the needs and career development of themselves and newly hired veterans. This can allow career development plans to grow organically from within the organizations."
"Post-Career Military as an Alternative Pool of Teacher Candidates.","https://scispace.com/paper/post-career-military-as-an-alternative-pool-of-teacher-3rdldtirsd","1993","","","Herb McCree","","https://scispace.com/pdf/post-career-military-as-an-alternative-pool-of-teacher-3rdldtirsd.pdf","A shortage of teachers exists in many areas, and the severe under-representation of minorities in teacher preparation programs has exacerbated the problem of supplying urban schools with needed personnel. Post career military personnel represent a prospective pool of alternative teacher recruits to redress existing urban teacher shortages. Career enlisted military personnel are highly trained in skills that are directly transferable to the civilian sector such as personnel management, resource allocation, high level technologies, counseling, and training skills. Participation in postsecondary educational opportunities for enlisted service members has reached an all time high. Considered as a group, post-career military personnel possess characteristics such as the belief that all can learn, the ability to function under stressful conditions, a strong sense of dedication to community, pride and self-confidence, and a desire to excel. Because of these factors and a concern for military veterans, the formulation of a national teacher certification policy applied to veterans could prove beneficial. There has been interest in such a policy on the part of government agencies, in the public domain, and in professional circles. kt the same time, there have been concerns regarding certification. Some studies have indicated that military personnel are interested in teaching as a second career. Studies have also indicated that military retirees who are second career teachers have overall satisfactory performance, experience no special problems, and possess adequate administrative and pedagogical skills. (Contains 16 references.) (a) *********************************************************************** * Reproductions supplied by EDRS are the best that can be made from the original document. ********************************************k************************** Post-Career Military as an Alternative Pool of Teacher Candidates","preparation requirements will prevent many veterans from entering the teaching field. EDUCATIONAL ATTAINMENT. AND VETERANS AS LEARNER: While there is a generally accepted feeling that military veterans would provide an alternative source of teacher candidates; has there been any EDUCATIONAL ATTAINMENT. AND VETERANS AS LEARNER:
 Post-career Military Teacher Candidates 8 official governmental or public recognition of the fact? Although there appears to be a shortage of writing specifically addressing the topic, there have been some very pointed discussions. A move toward utilizing post-career military members was initiated in 1986 by William Bennett,   then Secretary of Education, and Casper Weinberger, then Secretary of Defense, who signed a formal agreement intended to encourage military veterans to enter teaching as a second career. Bennett said: ""Many men and women who served in uniform have developed excellent leadership and teaching skills. If they will consider turning some of their experience and knowledge to teaching, it would be a good thing for our schools, our children and our nation ."" There continues to be public interest in the development of military retirees and veterans as educators. The editors of the New Republic address the use and employment of the 250,000 service personnel that will retire in the next twelve years. In an editorial entitled Back to School , the need for successful male role models in our schools, particularly inner-city schools is addressed by suggesting military veterans fill those roles. ""If a large fraction of these people were to go into teaching in the public schools, they could bring a sense of order and achievement to the young victims of decayed family life (New Republic, Ed., Sept 28, 1992)"". PREVIOUS RESEARCH AND PROGRAM DEVELOPMENT:
 An important question to ask would be: are military veterans interested in teaching?  found in a study of the attitudes military personnel have toward teaching as a career, that strong positive attitudes toward teaching were present. This also suggests that teacher Post-career Military Teacher Candidates 10 CONCLUSION There is no suggestion or attempt to dilute the quality of the teaching force. It is acknowledged that not all veterans would be suitable teachers. Every effort to screen candidates should be used to maintain quality. Since the veteran's behavior, both personal and professional, is well documented, that documentation should facilitate the selection of the best candidates. Many veterans win have undergraduate degrees but most will not be in education. Veterans without degrees could follow a ferent track to licensure. The military retiree will be used to certification requirements and understand the need for continuing education. PREVIOUS RESEARCH AND PROGRAM DEVELOPMENT:
 Alternative and probationary licensure programs that carry college course work as a requirement will not dissuade the motivated veteran. Research Implications:
 To date it appears that no systematic study has been done on the quantity, quality, or scope of formal training that a career enlisted servicemember will have received by the end of 20 years of active duty or the cumulative effects of thousands of hours of informal education. The American Council on Education (ACE) has compiled an extensive listing of formal military training courses (commonly referred to as the ACE Manual) and offers recommendations for the amount of higher education credit that should be offered for successful completion of selected military courses. This does not encompass the less formal and"
"Veteran Employment: Lessons from the 100,000 Jobs Mission","https://scispace.com/paper/veteran-employment-lessons-from-the-100-000-jobs-mission-50lrtd4j4f","2014","Book","","Kimberly Curry Hall
Margaret C. Harrell
Barbara Bicksler
Robert Stewart
Michael P. Fisher","","https://scispace.com/pdf/veteran-employment-lessons-from-the-100-000-jobs-mission-50lrtd4j4f.pdf","Eleven companies cofounded the 100,000 Jobs Mission in 2011 to promote veteran employment. The coalition has grown to more than 175 member companies, representing almost every U.S. industry. These companies have hired more than 190,000 veterans as of September 2014, already far exceeding the original goal. RAND interviewed member companies to capture lessons and experiences and to identify further improvements to veteran employment opportunities.","patriotism and social responsibility are likely less concerned about the return on investment of their veteran employment programs. As companies turn to focus on the business benefit of veteran employment, however, recruitment and other veteran employment metrics, as discussed later, will become increasingly important. Challenges:
 Coalition members are committed to recruiting veterans, although the process is not without challenge. The types of challenges the companies interviewed cited most often include reaching veterans, skill translation, branding and name recognition, educating managers, education and experience requirements, and noise in the veteran employment space. Reaching Veterans:
 Some companies observed that it is difficult for veterans to know where to go to connect with companies that have relevant jobs. Similarly, many companies struggle to connect with veterans with the skill sets that match their employment demands: I think one of the biggest challenges is [knowing]:
 where to connect with veterans and where they're going to connect with employers. I think one of the biggest challenges is [knowing]:
 VEC now offers a resource for employers and veterans to engage one another effectively. Companies also mentioned that they would like earlier access to transitioning service members. One company specifically talked about DoD's SkillBridge program as a mechanism to engage transitioning service members earlier in the process.  SkillBridge allows service members who are six months from military service separation to participate in employment training or internships in the civilian workplace, at little or no cost to the service member. To date, nearly 1,000 service members have participated in this program: I think one of the biggest challenges is [knowing]:
 [SkillBridge permits service members] to complete an internship while still on active duty. The program is in its infancy . . . , but we're looking at engaging the program. For example, our cyber security new hires have to undergo two months of training when they start; it'd be good if they could hit the ground running, having already been trained. Skill Translation:
 Skill translation is still difficult for many recruiters. Many companies have their own military skill translator tool, and others are using third-party translators. But the degree of satisfaction with the skill translators varies, and companies generally recognize the importance of an informed recruiter. Furthermore, veterans do not always present themselves and their skills and abilities in the most effective way-they do not consistently portray themselves as customer-service experts and do not portray the level of their past responsibilities or the value of the equipment they managed, for example. Skill Translation:
 In some cases, companies urge their recruiters without military experience to understand the experience of individual candidates more deeply: We encourage them to pick up the phone and call [the veteran] and say, ""what did you do, what did you accomplish,"" and really get a better understanding so that we don't pass someone up because [the recruiter] does not understand what they did.:
 Skill translation is likely a big challenge for companies outside the coalition as well. The companies who participate in the 100,000 Jobs Mission have taken proactive measures to translate veteran skills into the skill sets desired for hire. However, the difficulties that these companies cite, despite their active focus, indicate that this likely remains a challenge to veteran employment in other companies."
"Engaging Military Friendly in Organizations: An Empirical-based Definition","https://scispace.com/paper/engaging-military-friendly-in-organizations-an-empirical-2hszta3pgf","2018","Journal Article","","Michael J. Kirchner
Sarah E. Minnis","10.21061/JVS.V3I2.49","https://scispace.com/pdf/engaging-military-friendly-in-organizations-an-empirical-2hszta3pgf.pdf","Employers interested in hiring military veterans are increasingly using the “military friendly” or “veteran-friendly” labels to promote their organizations to job-seeking veterans. The terms, while inviting to veterans, lack definition and consistency across organizations, leading to ambiguity about what it means to be military or veteran friendly. This research sought to understand how the labels are being supported through corresponding initiatives and, more generally, identify commonalities across employers. A thematic analysis of programs and services used by 31 employers—recognized as being military or veteran friendly by an external agency—revealed four themes. The themes suggested an emphasis on early career transitions for veterans entering the job market. Combined, these findings offer a starting point for understanding how organizations demonstrate their friendliness toward military veterans. Employers interested in formalizing or advancing their support of veteran hires can look to the study’s findings as a reference for currently-recognized military friendly organizations. This paper offers an introduction into veteran transition issues, explores foundational descriptions of military friendly, outlines the study’s methodology and findings, and provides a series of implications. Additionally, based on the findings, the authors provide a model and working definition of military friendly organizations.","opportunities, lack of career development opportunities, and quality of work were the top three reasons veterans leave their employer (2017). The reasons identified appear to suggest a disconnect between military friendly initiatives (see Figure ) and the priorities outlined by veterans. Practice:
 Business organizations may benefit from engaging military veterans in developing and defining a military friendly culture. As  noted, ""identities emerge and evolve according to their position in networks of social ties and cultural domains embedded in business organizations"" (p. 284), suggesting employees play a vital role in the development of organizational culture. At present, business organizations remain free to create their own military friendly programming without the benefit of external guidance. The lack of guidelines, either internal or external, leaves organizations with limited resources to establish best practices, while simultaneously empowering employees to create initiatives that make a lasting impact. By involving militaryaffiliated employees in the development process, organizations may yield a positive return on investment-particularly on retention of veterans. Research:
 This initial study offers an opportunity to further the research and understanding of how military friendly is applied by business organizations. As scholars seek to understand how organizations are best serving military veterans by identifying impactful strategies, it is important that recommendations are based on empirical findings. Studies identifying ways military veterans can be better served has the potential to impact long-term organizational success, veteran employee retention, and veteran unemployment and underemployment. The authors recommend further studies on the impact identification as a military friendly organization has on employees with prior military service-particularly employee satisfaction and retention when compared with veteran employees in other businesses. A more clearly articulated definition of what it means to be military friendly may improve the quality of military friendly programming offered within organizations and reduce turnover of military-affiliated employees. Researchers may benefit from interviewing HR personnel and senior organization leaders about their understanding of the terms and how the programs are assessed. Limitations:
 Several limitations influenced this study. The methodology of military friendly employer lists is often both obscure and inconsistent. As such, a military friendly employer in one industry or region may not be perceived as being equally friendly in another. A universal definition of military friendly may also not be practical in all business organizations. In addition, data was gathered exclusively from the websites of Fortune 500 companies, who were recognized as being military friendly in recent years. Though unlikely organizations would falsely report information on their website, there may be programs that are overstated, underutilized, or perceived as less important to report. For example, veteran employee resource groups (ERG) were not extensively discussed on company websites, though many business organizations have invested and supported their development. Further, information about family support, as well as long-term support for veteran employees, may be offered but was under-represented in the data. A final limitation is the military friendly lists themselves. Some business organizations may promote their friendliness more than others, while others may use influence, i.e. capital and personal networks, to increase the likelihood of being recognized. Thus, the limitations outlined should be considered and findings used as a guide toward advancing dialogue on military friendly business organizations."
"Shifting personal agency during transition from military to civilian workforce","https://scispace.com/paper/shifting-personal-agency-during-transition-from-military-to-5ebkvv8z5a","2018","","","Sara B. McNamara","","https://scispace.com/pdf/shifting-personal-agency-during-transition-from-military-to-5ebkvv8z5a.pdf","..... ...................................................................................................................... iii List of Tables .................................................................................................................... vii","3.1, SD = 5.8). Ninety percent of the respondents were working full time when they took the survey. Demographics were not available for the 80 individuals who posted public comments in response to questions posted on the researcher's LinkedIn page. Participant Demographics:
 Ten individuals completed an interview (see Table ). More than half had served in the Marine Corps. Tenure of service was 20-30 years (M = 22.3, SD = 3.47), and time since end of active duty was 9-14 years (M = 11.1, SD = 3.48). All were working fulltime when they were interviewed. Transition Experiences:
 Participants were asked to discuss their experiences transitioning from the military to the civilian workforce. Three key themes emerged in the interview and survey data concerning the impact of participants' military service on their civilian career (see ). A total of 14 participants expressed that through their military service, they built transferable skills that benefited civilian career. One participant explained, ""I felt Impact:
 Interviews N = 10 Built transferable skills that benefited civilian career 5 9 Helped define civilian career 5 9 Hindered civilian career progression 2 8 N = 52 Another 14 participants stated that their service helped define their civilian careers. One participant commented, ""It is AMAZING, I am back to where I was before the military but armed with so much more focus and direction. I know what I want to do and where I want to be."" Another participant explained, ""Yes, the focus I learned in the service provided opportunity I didn't know about."" Impact:
 A final impact, cited by 10 participants, was that their military service hindered their civilian career progression. One participant shared, ""I realize that the military is far behind in the ways of the current civilian workforce."" Another noted, ""In my experience, there is a disconnect between military experience and real world logical progression."" Impact:
 Analysis of the data also resulted in the identification of several themes related to their transition experience (see Table ). Participants offered their perceptions related to their transition experience, the civilian workforce, and success factors for making a successful transition. Twelve survey and interview participants emphasized that transition is ongoing and difficult, and that it will take time. One participant expressed: ""The task of working in a corporate world and taking all the 'no's' takes dedication, research, preparation, and moral conviction."" Another reflected, ""Stereotypes can be a barrier to personal agency and require time and energy to overcome."" A third participant shared the ongoing struggle he experienced: ""Transition continues and may take 2-3 years before stabilizing."" Impact:
 The programs that are offered to active duty personnel regarding finding employment post-service do not offer civilian experience or exposure to the culture. They address issues such as knowledge and gaining certifications but do little to help veterans bridge the gap to successfully enter and integrate into the civilian culture. Moreover, the stress and fear veterans feel about the need to find a job and earn an income can override any attempts at agency or finding a job they like. Instead, several participants described feeling pressure to take the first position because they need an income to fulfill their basic needs."
"Motivating and Enabling Factors for Military Service Members Earning a Post-Secondary Degree","https://scispace.com/paper/motivating-and-enabling-factors-for-military-service-members-2v3q4ddxgb","2018","","","Rossie Dean Johnson","10.25777/TWMP-7G38","https://scispace.com/pdf/motivating-and-enabling-factors-for-military-service-members-2v3q4ddxgb.pdf","MOTIVATING AND ENABLING FACTORS FOR MILITARY SERVICE MEMBERS EARNING A POST-SECONDARY DEGREE Rossie Dean Johnson Old Dominion University, 2018 Director: Dr. Philip A. Reed The purpose of this study was to investigate what motivated and enabled military service members to earn a post-secondary degree. This problem was investigated to better inform institutions of higher education regarding how to recruit and retain military-affiliated members and how to provide career-enhancing information to service members at institutions of higher education. Education for military service members was a process that facilitated the growth, learning, and maturity of individuals in an effort to achieve their goals while simultaneously achieving the collective goals of the organization. This study sought to identify the enabling and motivating factors that empowered service members to surpass the obstacles that impeded their processes in obtaining degrees from institutions of higher education. Motivating factors pertained to those enhancements and experiences that supported service members’ awareness, knowledge, continuous improvement, and perseverance in a consolidated effort to promote educational success and well-being (Preston & Claypool, 2013). Enablers were identified as the attitudes, behaviors, and factors that provide the opportunities for service members to become associated with the academic environment and to advance intellectually from the instruction (DiPerna, 2004). The study utilized an electronic survey that included closed-form Likert-type items with a 5-item response scale, open-form questions, and demographic questions to obtain data on","members earning post-secondary degrees (State Council of Higher Education for Virginia, 2016). It is critical that the individual states across the U.S., especially those that have military installations within their territories, impose legislation that supports degree completion for service members. Recommendations:
 It is recommended that institutions of higher education upgrade the manner which students gain access to information; this is critical if those institutions want to attract and maintain service members. Institutional upgrades should specifically be those that pertain to technology which include web-based infrastructure advancements. Service members have demanding professions which in many cases, make it cumbersome for them take higher education courses. When service members have to go onto the campus of their ""brick and mortar"" institutions for academic purposes, this affects their levels of motivation towards earning their post-secondary degrees. Traveling to campus include those manners where service members have to conduct personal business with institutional staff personnel. Examples of oncampus interactions include the following: applying for admission, registering for courses, and paying tuition. Service members seek to attend colleges and universities that provide alternative methods of conducting business from remote locations. This provides convenience which is a desirable service member enabler. Service members are also attracted to colleges and universities that allow them to continue their studies while they are stationed away from campus either in the continental U.S. or locations worldwide . Service members admire having the option of conducting their studies using a distance education medium if they desire. This gives service members the flexibility of knowing they have the choice of going to campus to attend classes or accomplishing their studies in an asynchronous or synchronous online environment. Institutions of higher education that invest in technological upgrades have better chances of attracting and retaining service members. These advances demonstrate the institutions' efforts to provide enablers which assist in increasing service members' motivation for earning their post-secondary degrees. Recommendations:
 It is recommended that follow-on research be conducted on the educationally preparedness of service members entering the civilian workforce upon military separation. Recommendations:
 Findings from this study indicated that service members were motivated to earn post-secondary degrees to assist in changing a career path. Service members transition into and out of the military on a continuous basis; they are either  entering the military as an enlisted person or a commissioned officer, ( ) separating from the military as a discharged service member or,  transitioning out of the military through the retirement process . Many service members that leave the military start follow-on careers in the civilian sector. The civilian workforce industry understands the value of hiring veterans and has placed greater emphasis in attaining discharged service members for their organizations . However, many service members realize soon after they depart the military they either do not have the credentials or education needed for the type of civilian employment they desire. Once becoming aware they lack the credentials and education for employment, many service members begin to seek various options to obtain the additional education needed to secure higher paying employment; in many cases, they select fast-paced education curriculums which may not always yield the best results. Recommendations:
 Further studies are needed in the areas pertaining to service members' post-military careers. Recommendations:
 This information would assist service members in becoming better prepared prior to departing from the military; this information could enable them with the knowledge needed to attain the education required to gain civilian employment. Additional studies in this area would, also, benefit institutions of higher education to determine the best courses to provide transitioning service members and veteran organizations that assist discharged veterans find employment."
"Exploring the Experiences of Female Student Veterans with Disabilities Entering Higher Education during Reintegration: A Phenomenological Study.","https://scispace.com/paper/exploring-the-experiences-of-female-student-veterans-with-2drumooac6","2016","","","Beverly Tillery Williams","","https://scispace.com/pdf/exploring-the-experiences-of-female-student-veterans-with-2drumooac6.pdf","The purpose of this qualitative transcendental phenomenological study was to explore and describe the lived experiences of female student veterans with disabilities entering higher education during reintegration in order to improve programs, services, and support available to female student veterans with disabilities. A screening questionnaire, interviews, a focus group, and journals were used to collect data. Participants consisted of 11 female student veterans with disabilities who were purposively selected using criterion, snowball, and maximum variation sampling. The central research question was: What are the transition experiences of female student veterans with disabilities entering college during reintegration into society? Four subquestions were also addressed. Data analyses were conducted using Moustakas’ (1994) recommendations of a transcendental phenomenological study, and five themes were identified. Textural and structural descriptions were written and integrated into the composite description to reveal the essence of participants’ experiences. Findings served to inform post-secondary institutions of the diverse needs of female student veterans with disabilities so they can better serve them, increase student veterans’ perseverance and academic success, and provide a smoother reintegration for all student veterans with disabilities.","compared to nonveteran females; a larger percentage of female veterans had a bachelor's degree than male veterans; and overall, the number of veterans having a bachelor's degree was lower than that of nonveterans from 2000 to (DVA, 2011).:
 One should be able to comprehend why there has been such a vast increase in the college enrollment of veterans. While the different GI BILLs have undergone many changes with varying educational benefits, the current Post-9/11 GI BILL which became effective in 2009, offers the greatest educational entitlements ever. It pays up to  annually for tuition and fees, up to $1,000 annually for books and supplies, and a housing allowance based upon the zip code of the respective college, if enrolled at least half time . This sophisticated historical account of different educational benefits involved numerous programs offering specific benefits that helped to increase socio-economic success . Many individuals enlisted into different branches of the Armed Forces to receive educational benefits for college.  highlighted some key incentives offered to individuals that enlisted into the Armed Forces to include vocational and technical training, education benefits to attend college, college credits for military training completed, military scholarships, and opportunities to complete college credits while on active duty. Educational benefits provided by the Post-9/11 GI BILL have drawn an influx of service members and veterans to the collegiate environment in pursuit of college degrees and has greatly impacted institutions of higher education. Benefits of Higher Education:
 The benefits of pursuing a higher education make it crucial to have adequate access to resources and programs for students, specifically student veterans with disabilities. While a college education is not a guarantee of a perfect, successful life, evidence has shown that a college education is necessary to have a financially, economically, and socially stable and secure life, despite the transitioning challenges that may be endured . With no college degree, ""those born into the lower economic rungs are likely to stay there"" . Earning a degree in higher education substantially improves employment and earnings potential, provides the means to help individuals to eat and live healthier and more fulfilled lives, actively engage in society, and to nurture and build opportunities for their family members. A college degree increases the possibility that individuals will remain gainfully employed and have greater socioeconomic success. Research has shown that over a 40-year span of full-time employment, the average earnings of individuals with a four-year degree are 65% higher than average earnings compared to a high school graduate, and average earnings of those with an associate's degree and those with some college but with no degree are 27% and 13% higher than the average earnings of high school graduates . Benefits of Higher Education:
 A college education may have different meanings to different individuals based upon their age and life circumstances when they enroll in college, the college enrolled in, subjects they will study, college status, and their attitude and behavior toward college and other interests. Benefits of Higher Education:
 ""The knowledge, fulfillment, self-awareness, and broadening of horizons associated with education can transform the lives of students and of those with whom they live and work"" . This is not to imply that every student veteran must earn a four-year degree or that their success is defined by their level of education because an individual's motivation, needs, abilities, personal preferences, and goals are different. Addressing Learning Needs of Students:
 Obtaining a college education can empower individuals to include those with disabilities."
"Building Bridges Over Troubled Waters: A Phenomenological Study of Post-9/11 Guard and Reserve Military Veterans Transitioning to the Civilian Workplace","https://scispace.com/paper/building-bridges-over-troubled-waters-a-phenomenological-5300b6nzrd","2017","","","Jean Marie Pyzyk","","https://scispace.com/pdf/building-bridges-over-troubled-waters-a-phenomenological-5300b6nzrd.pdf","","civilian employers upon returning from serving overseas for other reasons, not because their employer did not support them during their post-9/11 deployment. For those that attended a DoD transition workshop, they provided insights to their experiences along with constructive feedback. Implications for Transition Workshops:
 An important aspect of this study was that it included perspectives and insights from National Guard members and reservists who attended transition workshops upon being The findings from this study illuminate the need to provide additional assistance geared toward National Guard members and reservists who transition back and forth between active duty service and the civilian workforce, often multiple times. By understanding the needs and challenges of all transitioning military, the U.S. Armed Forces can better address the needs of all its members more efficiently to include members of the National Guard and Reserves. To that end, I offer the participants' insights and recommendations. Recommendations: Building Curriculum around Adult Learning Theories:
 Human Resource Management -Based on studies on cognitive psychology, pedagogy and sociocultural studies, the theory of social constructivism suggests that the role of adult education is to facilitate personal and professional growth among individuals in a collaborative Department of Defense -Despite efforts to prepare military members transitioning to the civilian workforce through facilitator led Transition GPS workshops, many veterans struggle with presenting their skills and experience obtained during their military service while making application for civilian jobs. A recommendation would be to offer a blended-learning approach where military veterans could access on-line training courses dedicated to resources designed to ensure military veterans translate their Military Occupational Specialties (MOS) to fit civilian job vacancies. These same on-line resources would also provide guidance in how to properly document their military experience on an application or resume, and prepare them for the interviewing process. Recommendations: Building Curriculum around Adult Learning Theories:
 A recommendation would be to have the Department of Defense and civilian organizations collaborate and provide on-line, live chat rooms for military veterans to ask specific questions when completing an application or building their resume. Through these collaborative efforts individuals with a military background could also offer continuing education to assist Human Resource personnel struggling to translate specific details of military service. In turn, human resource specialists could also provide continuing education to Department of Defense personnel responsible for facilitating transition workshops, providing insights to the hiring and screening process used by civilian organizations. Recommendations: Building Curriculum around Adult Learning Theories:
 Continuing and Adult Education -According to , ""For many kinds of learning, the richest resources for learning reside in the adult learners themselves"" (p. 64:
 ). The military veteran as an adult learner oftentimes, put their personal and professional goals on hold as they dedicate a portion of their adult lives to serving our nation. As a benefit for their military service, the U.S. government provides continuing and adult education benefits to them. 64:
 For example, the GI Bill is the single-most important resource for military veterans looking to line skills translator tools provided by various agencies. For example, skills translators such as O'Net's Miltiary-Civilian Crosswalk, Military.com's translator, or Career One Stop, are tools veterans can utilize to translate their military experience into civilian terms."
"The Transition Experience Of U.S. Veterans From Military Life To Higher Education","https://scispace.com/paper/the-transition-experience-of-u-s-veterans-from-military-life-4v414ss4b2","2017","","","Mark Anthony McKinney","","https://scispace.com/pdf/the-transition-experience-of-u-s-veterans-from-military-life-4v414ss4b2.pdf","Transitioning from military service always has been an inevitable part of serving in the United States military. With the recent end of military operations in the wars in Afghanistan and Iraq, transitioning from military service and entering higher education has become commonplace. However, the lived experiences of United States military veterans transitioning from military service to higher education within the past five years are not clearly understood. Consequently, higher education institutions may not possess information necessary to assist U.S. Iraq and Afghanistan military veterans who transitioned from military service within the specified timeframe. The purpose of this qualitative research study was to investigate the lived experiences of a select sample of U.S. Iraq and Afghanistan military veterans transitioning from military service to higher education. The application of social constructivism to Schlossberg’s Adult Transition Theory and Schlossberg’s 4 S Model (Amineh & Davatgari, 2015; Goodman, Schlossberg, & Anderson, 2006), for the theoretical framework, with an online survey and interviews (Creswell, 2015) as the methods of data collection, four themes expressed participants’ experiences transitioning from military service to higher education: planning for transition, awareness of the transition, support during the transition, and transitional situation awareness. The findings of this study may be utilized to inform higher education faculty, staff, and administrators about what U.S. Iraq and Afghanistan military veterans experience while","education, common needs involved academic resources and educational services counseling . As U.S. Iraq and Afghanistan military veterans transition, ""identifying their eligibility for various resources and programs and managing the unique factors that contributed to their difficult transitions was important to their success"" . U.S. Iraq and Afghanistan Military Veterans & Higher Education:
 Whenever there was American involvement in warfare, there were soldiers returning from warfare. Once these military veterans left the military, they often the needed something to fill the void of being in military service . When there was not a battlefield, these warriors needed to become involved in other activities when they transitioned from the military to civilian life . For nearly 2.6 million U.S. Iraq and Afghanistan military veterans, transitioning from military service to higher education provided an opportunity to improve their chances of employment in their choice occupation or to enhance their military skills to defend the nation . Transitional assistance for U.S. Iraq and Afghanistan military veterans entering higher education was of great importance ; conversely, it was different for U.S. Iraq and Afghanistan military veterans to acclimate to the higher education climate than it was for civilians . U.S. Iraq and Afghanistan Military Veterans & Higher Education:
 U.S. Iraq and Afghanistan military veterans, transitioning to higher education, were challenged by recalling military-or combat-related events . For some U.S. Iraq and Afghanistan military veterans who were prepared to transition to higher education, some transitional assistance was still needed to support their endeavors . Therefore, higher education institutions ensured they were prepared to provide transitional assistance to the approximate 2.6 million U.S. Iraq and Afghanistan military veterans from the OIF/OEF era . Hence, in order to provide support for this student demographic, ""it is necessary for higher education to continue to study this emerging special populations more closely"" ; and also to support mechanisms on campus to aide in the military veteran experience . Through institutions providing support in and outside of the classroom, military students were provided with the opportunity to complete their studies successfully . For many U.S. Iraq and Afghanistan military veterans, education and civilian growth was the next mission; Schaefer, 2014; hence, as U.S. Iraq and Afghanistan military veterans transition to the civilian sector to obtain their education, ""they needed to learn how to navigate institutional structures"" ) to obtain success. Iraq and Afghanistan Veterans:
 For the newest generation of war veterans from Iraq and Afghanistan, earning a college degree was more achievable than previous generations . Past military veterans had limited options to higher education; however, U.S. Iraq and Afghanistan military veterans were able to attend college through online or traditional methods . According to , ""the three most common alternative delivery formats, regardless of the size of the military population, were online education, evening/night courses, and weekend courses"" (p. 13). Iraq and Afghanistan Veterans:
 Improved technology provided institutions with an opportunity to address the needs of the military veteran population through the development of alternative methods of course delivery, including online and hybrid courses ."
"""Conditions for Postservice Success Are Set Well Before the Uniform Comes Off"": Proceedings from a Roundtable on How Military Service Affects Veterans' Posttransition Outcomes","https://scispace.com/paper/conditions-for-postservice-success-are-set-well-before-the-37h2ham6","2023","Book Chapter","","","10.7249/cfa1363-2","https://scispace.com/pdf/conditions-for-postservice-success-are-set-well-before-the-37h2ham6.pdf","How smoothly a service member transitions to becoming a veteran can significantly affect their life trajectory. The RAND Epstein Family Veterans Policy Research Institute hosted subject-matter experts for the first of four scheduled roundtable discussions on issues and potential solutions for a variety of topics across the service member and veteran lifespan, focusing on how military experience shapes veterans' transitions to civilian life. ","and have graduated high school. On the other hand, participants pointed to evidence that, compared with civilian peers, military recruits have more adverse childhood experiences that are associated with numerous negative outcomes in adulthood, including those that could be exacerbated during a stressful transition. Pre-Enlistment Factors Affect Transitions:
 The discussion evolved as participants considered not only who joins the military but their reasons for doing so. Participants agreed that patriotism was losing salience as a key motivation for enlistment, and heads nodded in agreement when a panelist mentioned that educational benefits are the primary driving force for many to join the military today. One participant further commented that patriotism may be declining as a motivating factor because the Pentagon itself is searching for a ""mission statement"" in the wake of the end of the war in Afghanistan: ""There was a clear military mission during World War II, the Cold War, and even during U.S. engagement in Afghanistan, but not so much now."" Participants agreed that a clearer sense of mission would motivate ""regular citizens"" to have a voice in helping shape military funding and policy, in addition to providing new recruits with patriotic motivations to serve. One panelist wondered whether future service members would be less likely than previous service members to experience a loss of a ""sense of purpose"" on leaving the military, especially if their ""personal missions"" were not closely tied to those of the military. Military Experiences Affect Transitions:
 Roundtable participants also discussed how experiences a service member has while serving, such as their career fields, advancement, and where they have been stationed, affect their subsequent transition to civilian life. Military Occupational Specialty:
 The panel discussed how military recruits select into their military job and how certain jobs might affect both military and postservice success. For example, one participant mentioned RAND research indicating that a service member's military occupational specialty (MOS) is a strong predictor of their postservice earnings. However, participants also stated that most recruits are ill prepared to consider potential lifetime earning implications when selecting a military job and that they have little guidance on what different military career paths may offer. Participants noted that new recruits are not advised on the types of military jobs that maximize postservice career opportunities, what can be written into a military contract, the training requirements various jobs have, or how aptitude scores affect which military jobs are offered to potential recruits. To this point, one participant questioned whether long-term inequities are baked in from the start via aptitude scores on entrance examinations. Military Occupational Specialty:
 Panelists generally agreed that a ""preoccupation with MOS"" might not be sufficient for improving postservice transition. Participants acknowledged that the military system, as well as individual recruiters, must focus on filling military requirements to fight and win battles, such as infantry jobs: ""The purpose is not corporate job training."" Participants did note that military needs may change in coming decades, which could change the skills taught to service members and thus their civilian career opportunities. Participants also noted that many military jobs are not directly relevant to future civilian opportunities, except for those with explicit linkages to high-paying civilian professions, such as physicians. For this reason, ""soft skills"" (e.g., interpersonal skills, communication skills) were identified as critically important to develop and be able to articulate to future employers; panelists emphasized that veterans need to be able to ""break down what you did, what skills you brought, etc., to recognize your individual value and sell yourself to an employer."""
"An Evaluation of Military Education Assistance Programs From Participants' Perspectives","https://scispace.com/paper/an-evaluation-of-military-education-assistance-programs-from-l7ebv942yj","2015","","","Ella Bolling-Harris","","https://scispace.com/pdf/an-evaluation-of-military-education-assistance-programs-from-l7ebv942yj.pdf","An Evaluation of Military Education Assistance Programs From Participants’ Perspectives by Ella Bolling-Harris MS, Capella University, 2008 MS, Capella University, 2004 BS, Park University, 2000 Doctoral Study Submitted in Partial Fulfillment of the Requirements for the Degree of Doctor of Education Walden University August 2015 Abstract Military education programs exist to assist military members in completing their college education prior to exiting the military. At a southwestern United States Army Installation, members have expressed dissatisfaction with the education programs. The purpose of this case study was to examine the education programs from the participants’ perspectives. Mezirow’s transformative learning theory was used as the framework for the study. The research questions elicited program participants’ perceptions of various aspects of the programs, the potential for conversion of a basic skills program to a 2-year degree program, and suggestions for leaders for implementation of programs. The sample of participants included 15 military members stationed at the Army Installation who were enrolled in college and exiting the military within 12-24 months, were serving on active duty at the Installation, had been on repeated deployments, were 18 years or older, and had been in the military 4 or more years. Data were collected through interviews and responses were coded and analyzed for common themes. Results from emergent themes were used to develop a project that included strategies for military leaders to assist military members in their degree completion. Recommendations included a timeline for leaders to implement strategies to assist military members desiring an education, converting the current Basic Skills Education Program to a 2-year general studies degree program, implementing adjustments for deployment, and creating an education buddy team for military members enrolled in college. Implications for social change include improving military education assistance programs to allow more military members to complete their education in order to assist them in entering the civilian workforce in their own communities or others after their military obligation has expired.Military education programs exist to assist military members in completing their college education prior to exiting the military. At a southwestern United States Army Installation, members have expressed dissatisfaction with the education programs. The purpose of this case study was to examine the education programs from the participants’ perspectives. Mezirow’s transformative learning theory was used as the framework for the study. The research questions elicited program participants’ perceptions of various aspects of the programs, the potential for conversion of a basic skills program to a 2-year degree program, and suggestions for leaders for implementation of programs. The sample of participants included 15 military members stationed at the Army Installation who were enrolled in college and exiting the military within 12-24 months, were serving on active duty at the Installation, had been on repeated deployments, were 18 years or older, and had been in the military 4 or more years. Data were collected through interviews and responses were coded and analyzed for common themes. Results from emergent themes were used to develop a project that included strategies for military leaders to assist military members in their degree completion. Recommendations included a timeline for leaders to implement strategies to assist military members desiring an education, converting the current Basic Skills Education Program to a 2-year general studies degree program, implementing adjustments for deployment, and creating an education buddy team for military members enrolled in college. Implications for social change include improving military education assistance programs to allow more military members to complete their education in order to assist them in entering the civilian workforce in their own communities or others after their military obligation has expired. An Evaluation of Military Education Assistance Programs From Participants’ Perspectives by Ella Bolling-Harris MS, Capella University, 2008 MS, Capella University, 2004 BS, Park University, 2000 Doctoral Study Submitted in Partial Fulfillment of the Requirements for the Degree of Doctor of Education Walden University August 2015 Dedication Dedicated to my husband who served in the United States Army for 22 years...Dedicated to all those military members who have placed their lives on the line to protect America and the rest of the world.... Dedicated to military members in the Army, Air Force, Coast Guard, Navy, and the Marine Corps.... Dedicated to those who have served in the past and present, and to those who will serve in the future. I too have served and I thank you all. Acknowledgments “In All Ways Acknowledge Him, and He Shall Direct Your Paths” Proverbs 3:6. Thank you, Lord, for your grace and mercy. There are so many people who have played an important role in my doctoral journey. It would be impossible to acknowledge everyone. If I forget to mention anyone by name, please charge it to my head and not to my heart. I pray that our interactions have allowed you to understand how important you are in my life. I appreciate you all for whatever role you have played. First, I would like to acknowledge those members military who agreed to participate in this study. Thank you all for your willingness to share your experiences to complete this study. Thank you for your time and patience; without you, this project could never have been possible. Also, thank you for your military service. I am so honored to have served in those same ranks. To my husband, Myron, thank you for your love and support throughout the years. Thank you for supporting whatever I needed to do and helping me to accomplish this dream. I could never express what your unconditional support has meant. To my children, April, Joicemonique, and Junious, thank you all for your love and understanding. I would like to thank my mother, Nellie, who told me as a child that I could do anything that I wanted to do and that there are no limits. To my grandmother, Ella, thank you for your love, care, concern, and for paving the way for me to make this journey. I know that I am standing on your shoulders. To my sisters, Terry, Shirley, and April, thank you all for encouraging me and allowing me to complain about this process when I needed to. I would like to thank my friends, Allen, Birda, Clara, Gail, Jodi, and Love: you ladies have been so instrumental in this process. I do not know what I would have done without you all. Thank you very much. To Kim, you have been my cheerleader for a very long time and one of my biggest supporters. Your friendship has meant the world to me, and I have cherished the past 20 years that I have called you my friend and sister. To Daniel, thank you for the information you provided throughout this process. Our talks at work really made a difference and made this process a bit easier. To Valerie Dowell, one of my former classmates at Walden University, thank you for those words of encouragement sent to me in an email that I hung in my office. When I was at the end of my rope, those words gave me the courage to keep pushing forward. Dr. Calhoun, thank you for your input on almost everything, being such a good friend, and for being my walking book of knowledge. I would like to thank my instructors and committee members who provided information to complete this journey. Thank you all for your dedication and willingness to serve as my instructors and committee members. Dr. Palloff, thank you for your instruction, Dr. Bullock, thank you for the comments that I did not always agree with, but I knew you were right and only had my best interest in mind. Dr. Bailey, I enjoyed your teachings and missed you when you were no longer available. Thank you for all the positive words of encouragement you provided. Dr. Hurt, thank you for working to assist me in completing this long hard expensive journey. Finally, to all my classmates, I hope that in some way I helped your journey to be a little easier as we all went through this process. Your courage and determination truly inspired me and kept me going. Thank you all so much and I wish you all the very best in all your endeavors. I just have to say this: thank you Fort Hood Family Advocacy Program!","to receive credit (http:clep.collegeboard.org/military/veterans). This is a good program for some military members, but for those who may not test well, taking a class in a traditional classroom may work better for them. Definition of the Problem:
 The Vet Success program offered by the University of Maryland assists military members enrolled in college. The purpose of the program is to ensure military students receive the education support they need (http:umuc.edu/active-dutymilitary/about/vetsuccess-on-campus/cfm). The program assists family members of military members as well. For example, resources are available to help military members find employment after the completion of their degrees. Moreover, counselors are readily available to answer questions about benefits offered to military members by the Department of Veteran Affairs. The programs are flexible, and military members can transfer college credits, which reduces tuition cost. Rationale:
 The purpose of this study was to determine what could be done to assist military members stationed at Fort Hood Army Installation to complete their bachelor's degrees prior to exiting the military. To meet this purpose, it was necessary to address issues associated with military members not completing their education prior to exiting the military. Creating possible solutions can improve present and future opportunities for those pursuing an education while on active duty. Receiving an education on active duty can be very beneficial once military members leave the military. Policies have also been established to assist those military members interested in completing their education. Rationale:
 Additionally, federal policies mandate that full education benefits be provided to military members on active duty as well as to veterans. Rationale:
 Research is needed to help inform Congress of the educational needs of military members as they work to make changes to the Post 9/11 Education Act created in 2008, ensuring that military members and veterans will be able to easily receive education benefits. Congress should also work to support the Veterans Administration and the Department of Defense to collect data on enrollment, retention, and the number of military members and veterans who graduate from college. A state policy pertaining to educating military members recommends that every state support programs to help military members complete their college degrees. The American Association of State Colleges and Universities has made public statements in support of military students having a right to an education (http.aascu.org/policy). Rationale:
 Funding for education is not an issue; however, time constraints associated with military obligations are a main reason many military members are not obtaining their degrees prior to leaving the military. Policies are in place to educate military members; however, more support is needed from military leaders to ensure these policies are enforced. Army Regulation 621-5 states that: Each installation is responsible for providing educational services to active duty soldiers either assigned to or supported by that installation under provisions of intra-service or inter-service support agreements. Each installation is also responsible for providing educational services to members of other services assigned for duty at the installation. The Department of the Army will provide tuition assistance for its own members.  Over 65% of veterans start using their GI Bill benefits, but less than 10% utilize all of the benefits awarded to them for their military service . Therefore, it is important for military members to complete their education while serving on active duty. Completing a degree while on active duty can eliminate many obstacles associated with finding employment after leaving the military and can help with transiting from the military to the civilian workforce."
"Exploring Ways that Women Veterans Describe Their Experience of Transition into the Civilian World of Work","https://scispace.com/paper/exploring-ways-that-women-veterans-describe-their-experience-1pa7qooxil","2020","","","Meghan Reppert","","https://scispace.com/pdf/exploring-ways-that-women-veterans-describe-their-experience-1pa7qooxil.pdf","","Keywords: women veterans, transition, career"
"The Welfare State within the Military","https://scispace.com/paper/the-welfare-state-within-the-military-4umyl6ohls","1977","Journal Article","Journal of Sociology and Social Welfare","Charles Maynard
Ann Blalock","","https://scispace.com/pdf/the-welfare-state-within-the-military-4umyl6ohls.pdf","s of the U.S., Department of Defense, Military Personnel on Active Duty (1950--1975). 24. Goldman (1973, p. 892). 25. Moskos, op.cit. 26. Goldman, op.cit., pp. 893-900. 27. Ibid., pp. 892-910. 28. S-e-United Nations report, The Development of National Service Programmes (New York, United Nations Social Commission), 1959, p. 6. 29. Nelson (1976, p. 81). 30. O'Keefe (1966, pp. 605-630). 31. Wiest and Devis (1971, p. 327). 32. Ibid. 33. Ibid. 34. Caldwell (1967, pp. 1605-1612). 35. Jones and Johnson (1975, pp. 49-66). 36. For example, during the most intense Tet offensive fighting between 1965 and 1966, only 12 patients were hospitalized or excused from duty out of every 1000 soldiers. The highest rates in Vietnam were approximately 1/10 of the highest rates in WWII, less than 1/3 those of the Korean War. See Blalock (1973, p. 9). Eric Gunderson (1976, pp. 68-69) states that during the Vietnam War the psychiatric incidence rate for Navy enlisted men remained stable at 1000 per 100,000 strength per year, and varied widely by rank (higher for enlisted men than officers), by sex (higher for female enlisted personnel than male), by age (higher for age 17-18 than for 21-35 enlisted personnel), and technical specialty (higher for those in nontechnical jobs, higher for those among hospital ship crews and medical staffs than combat ship crews). The rate for the Marine Corps enlisted personnel more than doubled between 1966 and 1969 from 1000 per 100,000 per year, to 2,100 per 100,000, during the peak of intense and sustained fighting with heavy casualities. These rates, Gunderson says, are still considerably lower than WWII and Korea. 37. Borus (1976, pp. 28-29). 38. Maslow (1968). 39. Blalock, * cit. 40. Savage and Gabriel (1976, p. 344). 41. Blalock, op.cit. 42. Shatan (1973) and Lifton (1973). 43. Jones and Johnson, op.cit. 44. Bourne (1969, 1970). 45. Bey and Zecchinelli (1970, pp. 448-450). 46. Roffman (1970, pp. 6438-6440). 47. Saunders (1973, p. 65). 48. Department of Defense figures and those of the Special Action Office on Drug Abuse Prevention (1970) were both significantly lower than many other estimates, though DOD data were slow to be released. Ladinsky, in reviewing conclusions from Lee Robbins' The Vietnam Drug User Returns (the report of a retrospective study undertaken by the SA ODAP in May, 1974) reports that 27% of those who served in Vietnam were regular narcotics users while in Vietnam. Fourteen percent of these regular narcotics users had been introduced to opiates first","1973, still with a lower rate for disadvantaged veterans. The consistent opposition of the Veterans Administration to increasing educational benefits, and providing veterans services on campuses, illustrates the subservience of the military welfare state to the organizational priorities of the larger military establishment. Minority and Low-income Military Personnel:
 A huge, heavily financed bureaucracy, whose budget is one of the largest of any federal agency, the VA is officially committed to the delivery of the military welfare state's social benefits to a substantial segment of the ex-military population, yet its lack of responsiveness to Vietnam-era veterans--in particular minorities--indicates the relative unimportance of service delivery once personnel are no longer necessary to the functioning of the military. This disinterest of the VA in the special educational readjustment problems on campuses basically hostile to war participants, and non-nurturing toward the coping problems of minority veterans little prepared for the culture shock of movement into the higher educational system, has increased the problems of this group of GI Bill users.  Therefore, although income and occupational maintenance benefits appear nominally superior to those of civilian society, and even extend beyond the time of service, for minority and low income military personnel there are obvious contradictions in their application. Certain efforts have been made to redress this inequity. Project Transition, a six-month predischarge training program initiated in 1967 to ease re-entry, though an excellent concept, failed to provide the services promised. The Department of Labor's manpower training programs, which utilized veterans' preference and minority preference guidelines, tended to involve veterans in dead-end low-skilled jobs. State employment systems yielded little help for the sizeable number of combat veterans with few technical skills, those who had been in a holding operation in low-skilled military jobs, and for disabled veterans. The National Alliance of Businessmen's job program, specifically for veterans, provided longer-term jobs with greater opportunities for upgrading, but placed only a small proportion of those veterans unemployed.  The major difficulty could not easily be resolved: the specialized occupational needs of the military are responsive first to running an effective war machine, not to enhancing industrial growth or achieving full employment in the civilian sector. Though supporting defense-related industrial growth is of vital concern to the military, and a significant portion of the gross national product is consumed by the military establishment, industrialization concerns and labor market conditions are not considered within the military's area of responsibility. Consequently, easing the transfer of ex-military personnel to civilian industry, or increasing the utility of their skills to civilian industry and business is not an instrumental goal."
"Mixed methods study examining work reintegration experiences from perspectives of Veterans with mental health disorders.","https://scispace.com/paper/mixed-methods-study-examining-work-reintegration-experiences-wdy7brcdiu","2015","Journal Article","Journal of Rehabilitation Research and Development","Marina Kukla
Nicholas A. Rattray
Michelle P. Salyers","10.1682/JRRD.2014.11.0289","https://scispace.com/pdf/mixed-methods-study-examining-work-reintegration-experiences-wdy7brcdiu.pdf","Recent findings have demonstrated that reintegration for Veterans is often challenging. One difficult aspect of reintegration—transitioning into the civilian workplace—has not been fully explored in the literature. To address this gap and examine work reintegration, this mixed methods study examined the perspectives of Veterans with mental health disorders receiving Department of Veterans Affairs healthcare. Forty Veterans rated factors that affect work success; participants also provided narratives on their most and least successful work experiences. We used t-tests and qualitative analysis to compare participants who did and did not serve in combat. Several themes relevant to work reintegration emerged in the narratives, particularly for Veterans who served in combat. An array of work difficulties were reported in the months following military discharge. In addition, Veterans who served in combat reported significantly more work barriers than Veterans who did not serve in combat, particularly health-related barriers. In conclusion, Veterans with mental health disorders who served in combat experienced more work reintegration difficulty than their counterparts who did not serve in combat. The role of being a Veteran affected how combat Veterans formed their self-concept, which also shaped their work success and community reintegration, especially during the early transition period.","from the military or were exacerbated soon thereafter; these problems were often described as ""undiagnosed"" and/or ""untreated"" for a period of time, which made finding a job and working in the community very difficult during the transition and beyond. Transition Domain:
 Narratives of early transition after separation from the military or return from deployment were frequently provided by Veterans who served in combat; they described an uncertain time during which they journeyed through the process of navigating back into their interpersonal world with friends, family, and significant others, as well as movement into the civilian employment sector. Veterans offered vivid metaphors that described the challenge of learning to be a civilian again. Further, some participants emphasized the confusion during this time and uncertainty regarding how to proceed; participant 18 stated, ""I didn't know when you get kicked out of the service, when I got kicked out…it was just like, well, here you go. You, it just basically seemed like I was walking out of jail….And there was no training besides the training I learned from combat and how to be a leader and, but I mean, not civilian skills."" This quote is also consistent with the theme that many Veterans expressed negative reactions toward being discharged prematurely or without adequate preparation. In addition, Veterans expressed the dissonance between expectations of work reintegration upon discharge and actual experiences; participant 39 shared his experience, ""I was kind of cocky about it when I got out, thinking all the experience I have, I have a good chance at getting a good job and this really back-fired on me."" Participant 15 likewise noted, ""Throughout my discharge from the Marines [it] has been hard for me to, to actually keep a job…at least during this time. I was thinking that it would be easy, but it wasn't easy. It was actually harder for me as a Veteran for some reason during this time to find a job, and it seemed like my only place was in the blue collar field…most jobs were tempo-raries….So I honestly believe during this time it was a factor of just me having a high school diploma wasn't good enough and me serving for my country didn't help any."" Veterans expressed disappointment when their expectations for postdeployment work diverged from actual experiences. Transition Domain:
 In contrast, other stories of early transition centered on the benefits of military experience to the sense of self; many described this as increased self-confidence, selfesteem, and important life skills that translated into everyday life. Participant 20 discussed the factors that facilitated success in his career as a crisis counselor stating, ""just the ability of what I learned in the military, how to relate to people, how to talk to people, how to be able to go into a hostile situation and assess it and, and being able to protect people that's involved with it…in the military, you go into combat zones and things like that and you know what your job is. You know what the object is."
"Recruitment Strategies, Matrices, and Techniques Used in Hiring Veterans","https://scispace.com/paper/recruitment-strategies-matrices-and-techniques-used-in-4xlr7kr9wc","2017","Journal Article","International Journal of Human Resource Studies","Christine Paula Agard","10.5296/IJHRS.V7I2.10960","https://scispace.com/pdf/recruitment-strategies-matrices-and-techniques-used-in-4xlr7kr9wc.pdf","Successful transition to civilian employment is a challenge for veterans. The purpose of this single case study was to explore critical aspects of hiring managers’ decision-making process and to understand how these strategies and techniques affect the hiring of veterans. Tajfel and Turner’s social identity theory and Lewin’s organizational change model formed the conceptual framework for the study. The participants for this study were 8 hiring managers from a midsized company in the Upper Hudson Valley Region, New York. Data were collected using semistructured interviews. The data were analyzed and coded and 4 themes emerged: strategies used to fill open positions, specific recruitment and interview protocols, veterans’ skills from military training, and lack of experience with hiring veterans. The study results may contribute to veteran’s awareness of the skills that employers are seeking that veterans may be able to fulfill. The results of the study could create an opportunity for hiring managers to recognize that veterans represent a trained, ready-made talent pool. The social impact of the study could help hiring managers identify and design the required job description criteria to include the transferable skills of veterans.","that during the draft era there was a 25% to 30% transferability rate of skills learned in the military to civilian employment. After the 1973 draft era, the transferability percentage increased to 45% to 50% . Military Credentialing:
 As the number of military occupational specialty skills increased, a higher likelihood of veterans finding employment after the military existed .  examined several articles to find out the application of theory in large organizations with specific interest to the DoD.  on the theory of military organizations and leadership training and transitioning the acquired skills to civilian employment. Furthermore,  revealed how hiring a veteran is an advantage due to the decision-making, theories taught, and the applications to organizations within the DoD.  further described that military experience provides veterans with valuable skills, experience, and qualifications that include teamwork and leadership, ability to work under pressure and to meet deadline, a high standard of quality, and strong work ethics.  Castro highlighted these core principles, decision-making, learning leadership execution through educational means, leadership in the military, and the use in the transition to civilian organizations.  investigated the military drawdown in the 1990s and its effect on employment rates and college enrollment. During a 5-year period, there were approximately 500,000 military jobs lost because of this drawdown . Military Credentialing:
 Kleykamp revealed, while the drawdown had little effect on employment rates, the drawdown had a significant impact on college enrollment. Kleykamp noted veterans who left the military because of the drawdown may have gained training and skills, transferable to the civilian sector, and could increase employment rates in general.  presented the cognitive information processing theory to help veterans transitioning into the civilian workforce when making new career choices. Military Credentialing:
 Bangerter et al. noted the cognitive information processing approach allowed career counselors to address clients' current career problems simultaneously as well as teach veterans skills to make career decisions across their life spans. Military Credentialing:
 Members of The White House Office of the Press Secretary (2011) discussed a plan to assist veterans converting from military service to the civilian workforce. The plan to help veterans transition to the civilian workforce included hiring tax credits, private sector commitments, and government reforms.  discussed work opportunity tax credit (WOTC), which is a federal tax credit incentive enacted by Congress for employers who hire unemployed veterans. In addition to WOTC, Congress enacted the Returning Heroes Tax Credit, and the Wounded Warriors Tax Credit . The enactment of these federal tax incentives supports the doctoral study on the problem of unemployment among veterans.  surveyed veterans transitioning into civilian employment associative with their interest patterns, barriers to employments, level of negative thinking about a career, and general personality structure to understand career concerns from a veteran's point of view. Bullock et al. revealed that while veterans had a negative career concern comparable to nonveterans, there were more negative factors found associated with veterans' career concerns.  certain opportunities for intervention to aid career counselors when interacting with veterans.  examined the job profiles of 21 business and finance occupations in the DoL's ONet database to discover if the skills and work activities associated with these jobs demanded an information-literate worker. Klusek and Bornstein found information literacy skills valuable in the workplace and an integral part of the work activities demanded by business and finance occupations."