title,url,markdown,author,description,date,image,favicon
States of Incarceration: The Global Context 2024 | Prison Policy Initiative,https://www.prisonpolicy.org/global/2024.html,"- [Home](https://www.prisonpolicy.org/)
- [About](https://www.prisonpolicy.org/about.html)
- [Publications](https://www.prisonpolicy.org/reports.html)  - [Reports](https://www.prisonpolicy.org/reports.html)
  - [Briefings](https://www.prisonpolicy.org/briefings/)
  - [Visuals](https://www.prisonpolicy.org/graphs/)
  - [State Profiles](https://www.prisonpolicy.org/profiles/)
  - [Advocacy Toolkit](https://www.prisonpolicy.org/trainings/)
  - [Fact Sheets](https://www.prisonpolicy.org/factsheets.html)
  - [Journalist Toolkit](https://www.prisonpolicy.org/trainings/journalist.html)
- [Issues](https://www.prisonpolicy.org/expertise.html)
- [Data](https://www.prisonpolicy.org/data/)
- [Blog](https://www.prisonpolicy.org/blog/)
- [Trump Tracker](https://www.prisonpolicy.org/federaltracker.html)
- [Contact](https://www.prisonpolicy.org/contact.html)
- [Careers](https://www.prisonpolicy.org/jobs.html)
- [Donate](https://www.prisonpolicy.org/donate.html)

- [Menu](https://www.prisonpolicy.org/global/2024.html#)
- [Home](https://www.prisonpolicy.org/)
- [About](https://www.prisonpolicy.org/about.html)
- [Publications](https://www.prisonpolicy.org/reports.html)


  - [Reports](https://www.prisonpolicy.org/reports.html)
  - [Briefings](https://www.prisonpolicy.org/briefings/)
  - [Visuals](https://www.prisonpolicy.org/graphs/)
  - [State Profiles](https://www.prisonpolicy.org/profiles/)
  - [Advocacy Toolkit](https://www.prisonpolicy.org/trainings/)
  - [Fact Sheets](https://www.prisonpolicy.org/factsheets.html)
  - [Journalist Toolkit](https://www.prisonpolicy.org/trainings/journalist.html)

- [Issues](https://www.prisonpolicy.org/expertise.html)
- [Data](https://www.prisonpolicy.org/data/)
- [Blog](https://www.prisonpolicy.org/blog/)
- [Trump Tracker](https://www.prisonpolicy.org/federaltracker.html)
- [Contact](https://www.prisonpolicy.org/contact.html)
- [Careers](https://www.prisonpolicy.org/jobs.html)
- [Donate](https://www.prisonpolicy.org/donate.html)

[Home Page](https://www.prisonpolicy.org/) \> [Publications](https://www.prisonpolicy.org/reports.html) \> States of Incarceration: The Global Context 2024


# States of Incarceration: The Global Context 2024

by [Emily Widra](https://www.prisonpolicy.org/staff.html#widra) [Tweet this](https://www.twitter.com/intent/tweet?text=Pretty%20embarrassing%20to%20learn%20that%20my%20state%20is%20a%20global%20leader%20in%20%23MassIncarceration.&url=https://www.prisonpolicy.org/global/2024.html&via=prisonpolicy)

June 2024

The U.S. has the highest incarceration rate of any independent democracy on earth — worse, _every single state_ incarcerates more people per capita than most nations. In the global context, even “progressive” U.S. states like New York and Massachusetts appear as extreme as Louisiana and Mississippi in their use of prisons and jails.

World Incarceration Rates If Every U.S. State Were A Country

1,0861,0671,0209129058988898818178127947857587517447217207137107056796746486476376216156146106065915895765605595565505395354994944944754334243963903773733673663663453433323263233183173143002812782772762722712702702692622582542542482452442432412362362352342332282282192172172172092072031991991981971971961951911851851841831831811791791771741731721671661661651621621611581561501461451441421411381381371351321291291251251241231231171161161161131111091071071061061051051041041031031031011019999999998979795939190888685838279797976737169696767656360595958585757555554545251505046464645454441404040393836353534333122El SalvadorLouisianaMississippiArkansasOklahomaAlabamaKentuckyGeorgia (State)TennesseeSouth DakotaCubaWyomingMontanaTexasAlaskaIndianaIdahoMissouriArizonaFloridaVirginiaWest VirginiaKansasNew MexicoRwandaOhioWisconsinUnited States of AmericaNevadaSouth CarolinaNebraskaPennsylvaniaTurkmenistanNorth DakotaNorth CarolinaColoradoIowaDelawareMichiganPanamaOregonCaliforniaMarylandIllinoisUruguayUtahBrazilThailandWashingtonHawaiiCape Verde (Cabo Verde)TurkeyBelarusCosta RicaNicaraguaConnecticutMinnesotaNamibiaNew YorkMaldivesRussian FederationChileNew HampshirePeruTrinidad & TobagoMaineGuyanaNew JerseyMoroccoLibyaGeorgia (nation)South AfricaArgentinaRhode IslandFijiVermontAzerbaijanEswatiniMassachusettsTaiwanMoldova (Republic of)Dominican RepublicBahrainParaguayGabonIranCambodiaMalaysiaIsraelAlgeriaBoliviaSaudi ArabiaHungaryPolandVenezuelaColombiaMacau (China)MauritiusTunisiaAlbaniaHondurasSurinameJordanKazakhstanMongoliaMyanmar (Burma)Czech RepublicIraqSlovakiaLithuaniaMexicoNew ZealandLatviaEcuadorMontenegroLaosChinaSerbiaPhilippinesBotswanaAustraliaSingaporeUgandaUK: England & WalesBhutanUK: ScotlandSri LankaTajikistanZimbabweNorth MacedoniaReunion (France)VietnamMaltaLebanonEstoniaJamaicaZambiaRomaniaUkraineGuatemalaKyrgyzstanCameroonEgyptPortugalSpainBeninFranceLuxembourgKenyaCroatiaHong Kong (China)BurundiItalyLesothoUnited Arab EmiratesKuwaitCyprus (Republic of)Republic of (South) KoreaGreeceBulgariaKosovo/KosovaHaitiEthiopiaAustriaMadagascarUK: Northern IrelandBelgiumCote d'IvoireIndonesiaIreland, Republic ofNepalCanadaSloveniaUzbekistanFed. of Bosnia & Herz.SwedenAngolaArmeniaSolomon IslandsMalawiSwitzerlandDjiboutiDenmarkSenegalGermanyMozambiqueNetherlandsEquatorial GuineaSyriaTogoChadQatarSouth SudanMauritaniaSierra LeoneLiberiaTimor-Leste (East Timor)NorwayPapua New GuineaSudanFinlandTanzaniaBangladeshOmanDemocratic Rep. of CongoComorosAfghanistanGhanaRep. Srps. of Bosn. & Herz.IndiaMaliNigerCentral African RepublicBurkina FasoPakistanJapanNigeriaYemenGuinea (Republic of)Congo (Republic of)Guinea BissauGambia

Rates calculated per 100,000 people. Read more about the [data](https://www.prisonpolicy.org/global/2024.html#methodology).

[Show all](https://www.prisonpolicy.org/global/2024.html#)

**Figure 1.** This graph shows the number of people in state prisons, local jails, federal prisons, and other systems of confinement from each U.S. state and territory per 100,000 people in that state or territory and the incarceration rate per 100,000 in all countries with a total population of at least 500,000.

The graphic above charts the incarceration rates of every U.S. state and territory alongside those of the other nations of the world. Looking at each state in the global context reveals that, in every part of the country, incarceration is out of step with the rest of the world.

[![](https://static.prisonpolicy.org/images/bars_60x60.png)Probation and ParolePunishment doesn't stop at the prison walls.](https://www.prisonpolicy.org/reports/correctionalcontrol2023.html)

If we imagine every state as an independent nation, as in the graph above, every state appears extreme. While El Salvador has an incarceration rate higher than any U.S. state,Footnote 1[1](https://www.prisonpolicy.org/global/2024.html#fn:1) nine states have the next highest incarceration rates in the world, followed by Cuba. Overall, 24 U.S. states and three nations (El Salvador, Cuba, and Rwanda)Footnote 2[2](https://www.prisonpolicy.org/global/2024.html#fn:2) have incarceration rates even higher than the national incarceration rate of the United States. Massachusetts, the state with the lowest incarceration rate in the nation, would rank 30th in the world with an incarceration rate higher than Iran, Colombia, and all the founding NATO nations.

In fact, many of the countries that rank alongside the _least_ punitive U.S. states, such as Turkmenistan, Belarus, Russia, and Azerbaijan, have authoritarian or dictatorial governments, but the U.S. — the land of the free — still incarcerates more people per capita than almost every other nation. Importantly, [high incarceration rates have little impact on violence](https://www.vera.org/downloads/publications/for-the-record-prison-paradox_02.pdf) and crime.

But how does the U.S. compare in the global context? Next to our closest international peers, our use of incarceration is off the charts:

![graphic comparing the incarceration rates of the founding NATO members. The United States' incarceration rate of 608 per 100,000 is much higher than any of the others.](https://static.prisonpolicy.org/images/NATO_US_2024.png?v=2)

**Figure 2.** Compare another state:
AlabamaAlaskaArizonaArkansasCaliforniaColoradoConnecticutDelawareFloridaGeorgiaHawaiiIdahoIllinoisIndianaIowaKansasKentuckyLouisianaMaineMarylandMassachusettsMichiganMinnesotaMississippiMissouriMontanaNebraskaNevadaNew HampshireNew JerseyNew MexicoNew YorkNorth CarolinaNorth DakotaOhioOklahomaOregonPennsylvaniaRhode IslandSouth CarolinaSouth DakotaTennesseeTexasUtahVermontVirginiaWashingtonWest VirginiaWisconsinWyomingU.S.

or compare just the U.S. with its peers.

## Conclusion

[![](https://static.prisonpolicy.org/images/women_global2018_60x60.png)What about women?The U.S. holds 30% of the world’s incarcerated women.](https://www.prisonpolicy.org/global/women/2018.html)

For [decades](https://www.prisonpolicy.org/blog/2016/12/29/bjs2016/), the U.S. has been engaged in a globally unprecedented experiment to make every part of its criminal legal system more expansive and more punitive. As a result, incarceration has become the nation’s default response to crime, with, for example, [70 percent of convictions](https://www.unodc.org/documents/data-and-analysis/Crime-statistics/HEUNI_1995-2004.pdf) resulting in confinementFootnote 3[3](https://www.prisonpolicy.org/global/2024.html#fn:3) — far more than other developed nations with comparable crime rates.Footnote 4[4](https://www.prisonpolicy.org/global/2024.html#fn:4) As we’ve discussed, the U.S.’ high incarceration rates are **not** a rational response to high crime rates. Instead, they represent the aftermath of racist policies like the [“war on drugs,”](https://brennancenter.org/our-work/analysis-opinion/race-mass-incarceration-and-disastrous-war-drugs) as well as politically expedient responses to public fears and perceptions about crime and violence.

Today, the United States is at an inflection point. In 2020, after protests of the murder of George Floyd, some glimmers of hope emerged that the country was finally ready to end the failed experiment of mass incarceration. However, more recently, many public officials have called for a return to the [harmful policies of the past](https://www.prisonpolicy.org/blog/2024/01/24/zombie-politics/). The choices made in the coming years will determine whether the United States will finally bring its incarceration rate in line with the other nations that it considers its peers. For that, all states will have to aim higher, striving to be not just better than the worst U.S. states, but among the most fair and just in the world.

## Get our latest data & analysis in your inbox!

By signing up with this form, you’ll receive our general newsletter, or [get all our newsletters here](https://www.prisonpolicy.org/subscribe/).

## Methodology

Like our report [_Mass Incarceration: The Whole Pie_](https://www.prisonpolicy.org/reports/pie2024.html), this report takes a comprehensive view of confinement in the United States that goes beyond the commonly-reported statistics by more than 100,000 people to offer a fuller picture of this country’s different and overlapping systems of confinement.

This broader universe of confinement includes criminal legal system-involved youth held in juvenile residential facilities, people detained by the U.S. Marshals Service (many pretrial), people detained for immigration offenses, people convicted of sex-related offenses who are indefinitely detained or committed in “civil commitment centers” _after_ completing a sentence, and those committed to psychiatric hospitals as a result of criminal charges or convictions. They are not typically included in the official statistics that aggregate data about prison and jails for the simple reason that these facilities are largely separate from the state and local systems of adult prisons and jails. That definitional distinction is relevant to the people who run prisons and jails, but is irrelevant to the advocates and policymakers who must confront the overuse of confinement by all of the various parts of the legal systems in the United States.

To provide the most up-to-date assessment of incarceration rates in every state, we use the most recent datasets available. We included these confined populations in the total incarceration rate of the United States and, wherever state-level data made it possible, in state incarceration rates. In most states, these additions have a small impact on the total rate, and they don’t impact the rankings by more than one or two positions for any state. In a few places, however, these other systems of confinement merit closer attention. For example, although Minnesota has one of the lowest overall incarceration rates, Minnesota is second only to the much larger state of California for civil commitment and detention of people convicted of sex-related offenses. Other states — including Wyoming, West Virginia, Alaska, Oregon, and Rhode Island — confine enough children that incarcerated youth account for more than 2.5% of the state’s incarcerated population. One state, Wyoming, incarcerates enough youth to increase their statewide incarceration rate by almost 30 people per 100,000.

As a result of our choice to take a broader view of incarceration, this report creates a unique U.S. dataset that offers a complete look at all kinds of criminal legal system-related confinement in each state. We explain our specific data sources in more detail below and provide the raw data for the component parts of our calculations in two appendices to this report:

## Appendices

- [Appendix Table 1: State Data](https://www.prisonpolicy.org/global/appendix_states_2024.html)
- [Appendix Table 2: Country Data](https://www.prisonpolicy.org/global/appendix_countries_2024.html)

## Detailed data notes and sources

**For the 50 U.S. states**, we calculated incarceration rates per 100,000 total population that reflect our holistic view of confinement, which include:

- people in state prison in each state,
- people in local jails in each state,
- people in federal prison from each state,
- people held by the U.S. Marshals Service from each state,
- people held in jails in Indian Country in each state,
- youth held in “juvenile justice” facilities from each state,
- criminal legal system-involved people involuntarily committed to other kinds of confinement in each state (i.e. people convicted of sex-related offenses held under “civil commitment” laws and people held in state psychiatric hospitals because of criminal charges or convictions.)

The raw data are available the accompanying appendix tables and the individual sources were as follows:

- **State prisons and local jails:** In previous iterations of this report, we used the [_Correctional Populations in the United States_](https://bjs.ojp.gov/library/publications/list?series_filter=Correctional%20Populations%20in%20the%20United%20States) series which provided a combined state prison and local jail count for each state that avoided double-counting people held in the physical custody of jails on behalf of state prison systems. Unfortunately, these data were not published by state in the [2020](https://bjs.ojp.gov/library/publications/correctional-populations-united-states-2020-statistical-tables), [2021](https://bjs.ojp.gov/library/publications/correctional-populations-united-states-2021-statistical-tables), or [2022](https://bjs.ojp.gov/library/publications/correctional-populations-united-states-2022-statistical-tables) versions of the Bureau of Justice Statistics report, so we replicated the methodology used in that series with the [_Prisoners in 2022 — Statistical Tables_](https://bjs.ojp.gov/document/p22st.pdf) and [_Census of Jails, 2019_](https://www.icpsr.umich.edu/web/NACJD/studies/38323) data to calculate comparable populations, as explained below.

  - **State prisons:** The Bureau of Justice Statistics publishes the jurisdictional state prison populations in Table 2 of [_Prisoners in 2022 — Statistical Tables_](https://bjs.ojp.gov/document/p22st.pdf). These population totals include people held under the jurisdiction of state prison systems that are confined in local jails.
  - **Local jails:** The Bureau of Justice Statistics publishes the confined population of local jails by state in the [_Census of Jails, 2019_](https://www.icpsr.umich.edu/web/NACJD/studies/38323). However, because (a) many jails “rent” space to state prison systems and (b) these systems report data differently,Footnote 5[5](https://www.prisonpolicy.org/global/2024.html#fn:5) we adjusted the jail data to avoid double-counting people held in jails under the jurisdiction of a state prison system. We subtracted the number of people held in local jails for state prison systems as reported in Table 14 of [_Prisoners in 2022_](https://bjs.ojp.gov/document/p22st.pdf) from the confined populations reported in the _Census of Jails_. Given this adjustment, our jail populations reported in the [Appendix Table 1](https://www.prisonpolicy.org/global/appendix_states_2024.html) reflect the jurisdictional, confined jail population of each state.
- **Federal prisons**: While federal prosecutions are nominally the result of federal policy, we attribute federal convictions to individual states in part because federal prosecutions affect state residents and in part because federal prosecutions are often coordinated with state prosecutors and state law enforcement. (In this way, our methodology departs from the way the Bureau of Justice Statistics calculates state rates. In [_Correctional Populations in the United States, 2022_](https://bjs.ojp.gov/document/cpus22st.pdf), people detained by or for the U.S. Marshals Service are not included at all, and other people incarcerated under federal jurisdiction are included in the total national incarceration rate but do not affect state incarceration rates.)





To develop estimates of the number of people in federal prison from each state, we developed a ratio of the state of legal residence for the Bureau of Prisons population as of March 27, 2021 — based on our [FOIA request](https://static.prisonpolicy.org/scans/2021-bop-origin.pdf) — and applied it to the total federal prison population of 158,7033 [reported](https://archive.ph/M9vWq) by the Federal Bureau of Prisons as of May 31, 2024.
- **U.S. Marshals Service**: The U.S. Marshals Service provided its most recent estimated population count in a February 2023 response to our [FOIA request](https://static.prisonpolicy.org/scans/USMS_FOIAresponse_2011_2023.pdf), reporting the projected average daily population for fiscal year 2023. While we did not have state of residence information for this custody population, we used the same ratio to reallocate these 60,439 people to states as we did for those under BOP jurisdiction. We reasoned that all people under federal jurisdiction, regardless of status (convicted, pretrial, or in transit), would likely come from the states in similar proportions.
- **Indian country jails:** The [Annual Survey of Jails in Indian Country, 2022](https://www.icpsr.umich.edu/web/NACJD/studies/38820) reports the confined population of adults and youth held in jails in Indian country in June 2022 by state. Six operational facilities did not report a population in 2022, so we substituted [Annual Survey of Jails in Indian Country, 2021](https://www.icpsr.umich.edu/web/NACJD/studies/38484/versions/V1/download/delimited?path=/pcms/studies/0/3/8/4/38484/V1) data for these facilities (Tohono O’odham Adult Detention Center in Arizona, Colorado River Indian Tribes Adult and Juvenile Detention Centers in Arizona, Lac Vieux Desert Police Department Adult and Juvenile Holding Facility in Michigan, Fort Peck Indian Youth Service Center in Montana, and Medicine Root Detention Center in South Dakota).
- **Youth confinement:** Because the United States confines large numbers of youth through its “juvenile justice” system, we included these youth in our national and state incarceration rates. Youth confined in places other than prison are not included in other countries’ incarceration rates in this report, but their inclusion would not change other countries’ rates much anyway,Footnote 6[6](https://www.prisonpolicy.org/global/2024.html#fn:6) while the 24,894 confined youth in the U.S. add 7 incarcerated people per 100,000 population to the national rate. We did not make these adjustments for any other countries’ incarceration rates because for most countries, these data are not available or are not comparable to the system of youth confinement in the U.S.



For youth in the U.S., the National Center for Juvenile Justice published the number of people younger than 21 in residential facilities by stateFootnote 7[7](https://www.prisonpolicy.org/global/2024.html#fn:7) as of October 27, 2021 based on [the results of the Census of Juveniles in Residential Placement (CJRP)](https://www.ojjdp.gov/ojstatbb/ezacjrp/asp/State_Sex.asp?state=58&topic=State_Sex&year=2021&percent=count&maps=no). We included the national total of 24,894 in the national incarceration rate, but the totals for the states do not match the U.S total due to rounding for anonymity. (For more on this population, see our more detailed report [Youth Confinement: The Whole Pie](https://www.prisonpolicy.org/reports/youth2019.html).)
- Criminal legal system-related **involuntary commitment**:

  - **State psychiatric hospitals** confine people committed by courts after being found “not guilty by reason of insanity” (NGRI) or, in some states, “guilty but mentally ill” (GBMI) and others held for pretrial evaluation or for treatment as “incompetent to stand trial” (IST). The Treatment Advocacy Center’s 2024 report [_Prevention over Punishment_](https://www.treatmentadvocacycenter.org/reports_publications/state-psychiatric-hospital-beds/), reporting findings from their 2023 survey that 18,948 people were confined to state psychiatric hospitals for criminal legal reasons. Minnesota did not report the relevant data to the Treatment Advocacy Center (TAC), but we found [a 2022 report to the legislature](https://www.lrl.mn.gov/docs/2022/mandated/221240.pdf) where the state’s Department of Human Services’ Direct Care and Treatment Administration reported a census of 276 people in the care of the “forensic services” on June 30, 2021. Combined with the results reported in the TAC report, 24,894 people are confined to state psychiatric hospitals for criminal legal reasons in the U.S.
  - **Civil detention and commitment:** [At least 20 states and the federal government](https://www.prisonpolicy.org/blog/2023/05/18/civil-commitment/) operate facilities for the purposes of detaining people convicted of sex-related crimes after their sentences are complete. These facilities and the confinement there are technically civil, but in reality are quite like prisons. People under civil commitment are held in custody continuously from the time they start serving their sentence at a correctional facility through their confinement in the civil facility. The civil commitment counts come from an annual survey conducted by the [Sex Offender Civil Commitment Programs Network](http://soccpn.org/) shared by SOCCPN President Shan Jumper. Counts for most states are from the 2023 survey, but for states that did not participate in 2023, we included the most recent figures available: California’s count is as of 2022; Nebraska’s is from 2018; South Carolina’s is from 2021; and the federal Bureau of Prisons’ count is from 2017.

Three additional categories of confinement are included in the national incarceration rate for the United States, but not in state rates, because state-level data were not available:

- **Territorial prisons**: The total jurisdictional populations under the authority of the U.S. Territories of American Samoa, Guam, and the U.S. Virgin Islands, and U.S. Commonwealths of Northern Mariana Islands and Puerto Rico are reported in Table 25 of [_Prisoners in 2022 — Statistical Tables_](https://bjs.ojp.gov/document/p22st.pdf), reporting data for December 31, 2022.
- **Immigration detention**: The currently detained population of 39,111 in Immigration and Customs Enforcement (ICE) detention comes from [ICE’s FY 2024 ICE Statistics spreadsheet](https://web.archive.org/web/20240328165928/https://www.ice.gov/doclib/detention/FY24_detentionStats03142024.xlsx) as of March 14, 2024. The count of 8,724 youth in Office of Refugee Resettlement (ORR) custody comes from the Unaccompanied Alien Children (UAC) [Program Fact Sheet](https://web.archive.org/web/20240314205706/https://www.hhs.gov/sites/default/files/uac-program-fact-sheet.pdf), reporting the population as of March 1, 2024.
- **Military prisons**: The incarcerated populations under the jurisdictions of the U.S. military branches (a total of 1,105 people) are reported in Table 23 of [_Prisoners in 2022 — Statistical Tables_](https://bjs.ojp.gov/document/p22st.pdf), reporting data for December 31, 2022.

**Population data** for each state, used to calculate the incarceration rates, reflect the total resident population on July 1, 2023 for all 50 states, Puerto Rico, and the District of Columbia as reported in the Census Bureau’s [Annual Estimates of the Resident Population for the United States: April 1, 2020 — July 1, 2023](https://www.census.gov/data/datasets/time-series/demo/popest/2020s-national-total.html). The April 1, 2020 populations of the [American Samoa](https://www.census.gov/newsroom/press-releases/2023/2020-dhc-summary-file-american-samoa.html), [Guam](https://www.census.gov/newsroom/press-releases/2023/2020-dhc-summary-file-guam.html), the [Commonwealth of the Northern Mariana Islands](https://www.census.gov/newsroom/press-releases/2023/2020-dhc-summary-file-cnmi.html), and the [U.S. Virgin Islands](https://www.census.gov/newsroom/press-releases/2023/2020-dhc-summary-file-usvi.html) were published in the U.S. Census Bureau’s 2020 Island Areas Censuses Demographic and Housing Characteristics Summary File (DHC).

For the **incarceration rates of other countries**, we used the most recent incarceration rate data available from the Institute for Criminal Policy Research’s [World Prison Brief](http://www.prisonstudies.org/world-prison-brief-data) in March 2024. For this report, we decided to accept the World Prison Brief’s definition of country, choosing to exclude countries only for reasons of population size. To make the comparisons more meaningful to U.S. states, we’ve chosen to include only independent nations with total populations of more than 500,000 people.

In order to make the graph comparing the founding NATO nations to individual states, however, we had to make two exceptions to this policy. First, we included Iceland, which is a founding NATO member, even though its population is below 500,000. We also aggregated the total incarcerated and total population data for the three separate nations of England and Wales, Scotland and Northern Island, into the one member of NATO, the United Kingdom.

**A note about the District of Columbia and U.S. territories**: This report focuses on comparing individual states to other countries, so we chose to not include the [District of Columbia](https://www.prisonpolicy.org/graphs/NATO_DC_2024.html), [American Samoa](https://www.prisonpolicy.org/graphs/NATO_AS_2024.html), [Guam](https://www.prisonpolicy.org/graphs/NATO_GU_2024.html), the [Northern Mariana Islands](https://www.prisonpolicy.org/graphs/NATO_MP_2024.html), [Puerto Rico](https://www.prisonpolicy.org/graphs/NATO_PR_2024.html), or the [U.S. Virgin Islands](https://www.prisonpolicy.org/graphs/NATO_VI_2024.html) in the main graphic in this report, although we did make separate NATO comparison graphics for these places. However, the incarceration data for D.C. and the territories, where they exist, are in [Appendix Table 1: State Data](https://www.prisonpolicy.org/global/appendix_states_2024.html) and the final incarceration rate calculations for D.C. and the territories are:

| Jurisdiction | Incarceration Rate |
| --- | --- |
| District of Columbia | 816 |
| U.S. Virgin Islands | 651 |
| American Samoa | 606 |
| Guam | 502 |
| Northern Mariana Islands | 400 |
| Puerto Rico | 343 |

[See full methodology](https://www.prisonpolicy.org/global/2024.html#)

_Editors note: This report was updated on July 11, 2024 to correct a mathematical error in the calculation of the overall, national incarceration rate of the United States._

## Acknowledgements

All Prison Policy Initiative reports are collaborative endeavors, but this report builds on the successful collaborations of the 2014, 2016, 2018, and 2021 versions. The Prison Policy Initiative is grateful for data artist [Josh Begley](https://joshbegley.com/)’s original visual structure and for the Institute for Crime & Justice Policy Research’s aggregated world incarceration data in the invaluable [World Prison Brief](http://www.prisonstudies.org/world-prison-brief-data).

This report was made possible thanks to the generous support of our individual donors across the country who support justice reform.

## About the author

**Emily Widra** is a Senior Research Analyst at the Prison Policy Initiative. She is the organization’s expert on health and safety issues behind bars, including the [coronavirus in prisons](https://www.prisonpolicy.org/virus/index.html) and [HIV prevalence in prisons](https://www.prisonpolicy.org/blog/2023/06/01/hiv_in_prisons/). Her other research includes examining the [high mortality rates](https://www.prisonpolicy.org/blog/2023/04/03/nsduh_probation_parole/) of people on probation and parole, highlighting the counterproductive practice of [locking up older adults](https://www.prisonpolicy.org/blog/2023/08/02/aging/), and assessing how prisons and jails [provide punishment instead of treatment](https://www.prisonpolicy.org/blog/2024/01/30/punishing-drug-use/) for people who use substances.

## About the Prison Policy Initiative

The non-profit, non-partisan Prison Policy Initiative was founded in 2001 to expose the broader harm of mass criminalization and spark advocacy campaigns to create a more just society. The organization is known for its [visual breakdown of mass incarceration](https://www.prisonpolicy.org/reports/pie2023.html) in the U.S., as well as its data-rich analyses of how [U.S. states vary](https://www.prisonpolicy.org/profiles/) in their use of punishment. Alongside reports like these, the organization leads the nation’s fight to keep the prison system from exerting undue influence on the political process (a.k.a. [prison gerrymandering](https://www.prisonersofthecensus.org/)) and played a leading role in protecting the families of incarcerated people from the predatory prison and jail [telephone industry](https://www.prisonpolicy.org/phones/) and the [video calling industry.](https://www.prisonpolicy.org/visitation/)

## Footnotes

1. Sharp-eyed readers may notice that, in [past](https://www.prisonpolicy.org/global/2021.html) [versions](https://www.prisonpolicy.org/global/2018.html) [of this report](https://www.prisonpolicy.org/global/2016.html), the U.S. had the highest incarceration rate of all countries (among those with populations of at least 500,000 people). However, the latest international incarceration data indicates that El Salvador incarcerates more people per capita than any other nation or any U.S. state. This reflects a recent dramatic increase in incarceration in El Salvador, rather than any meaningful policy change to reduce incarceration in the United States (although, as [we’ve reported](https://www.prisonpolicy.org/blog/2022/03/24/covid_admissions/), the U.S. incarceration rate also dropped as a result of temporary court slowdowns and changes related to the COVID-19 pandemic). In our [2021 report](https://www.prisonpolicy.org/global/2021.html), El Salvador’s January 2021 incarceration rate was 562 per 100,000 as [reported by the World Prison Brief](https://web.archive.org/web/20210615101657/https://www.prisonstudies.org/country/el-salvador). As of May 2022, the incarceration rate has practically doubled to [1,086 per 100,000 people](https://www.prisonstudies.org/country/el-salvador) and the prison population itself has doubled. In the past few years, El Salvador has been [“run as a police state”](https://www.nytimes.com/2024/02/08/opinion/el-salvador-bukele-election.html) with military and police indefinitely detaining people without providing a reason or access to a lawyer. The current incarceration rate in El Salvador is likely much higher than it was in May 2022, considering the nation has incarcerated [more than 72,000 additional people](https://apnews.com/article/el-salvador-prison-gangs-bukele-42315f24691e0a3136d005ab7c0bee6a) between March 2022 and September 2023, but El Salvador has not formally disclosed any more recent prison population data. [↩](https://www.prisonpolicy.org/global/2024.html#lf-fnref:1 ""return to article"")

2. Previous iterations of this report relied on Cuba’s [2012 prison population](https://web.archive.org/web/20210831075527/https://www.prisonstudies.org/country/cuba), as new data had not been published in years. As of this report, Cuba released a new prison population count of [90,000 incarcerated people](https://www.prisonstudies.org/country/cuba) as of January 2020, a significant increase from their 2012 prison population of 57,000 people. While there is little information available about how, why, or when the prison population in Cuba increased so dramatically, it is likely that [lengthy prison sentences](https://www.amnesty.org/en/location/americas/central-america-and-the-caribbean/cuba/report-cuba/) and the continued [government surveillance and arbitrary detention](https://www.amnesty.org/en/location/americas/central-america-and-the-caribbean/cuba/report-cuba/) of activists and dissidents have contributed to the increased prison population in the last decade. Because this updated prison population is from 2020, it’s likely — particularly given the most recent [changes to the penal code](https://www.amnesty.org/en/latest/news/2022/12/cuba-el-nuevo-codigo-penal-presenta-un-panorama-aterrador-para-2023-y-anos-posteriores/) — that the incarceration rate in Cuba is even higher in 2024.





In 2020, the incarceration rate in Rwanda was [515 per 100,000](https://web.archive.org/web/20210723215726/https://www.prisonstudies.org/country/rwanda), and the most recent data from August 2023 reveals that the prison population has increased by over 20,000 people and the most recent incarceration rate is [637 per 100,000](https://www.prisonstudies.org/country/rwanda), making Rwanda the third and final nation with a higher incarceration rate than the United States. Rwanda’s prison population has been increasing over the past few decades, with thousands of people detained in connection with the 1994 genocide and an unknown number of imprisoned political opponents. In 2023, the U.S. Department of State [reported](https://www.state.gov/wp-content/uploads/2023/03/415610_RWANDA-2022-HUMAN-RIGHTS-REPORT.pdf) a number of credible reports of arbitrary detention, unlawful interference with privacy, serious restrictions on free expression, and overly restrictive laws, likely contributing to the ballooning prison population in Rwanda.
[↩](https://www.prisonpolicy.org/global/2024.html#lf-fnref:2 ""return to article"")

3. This statistic comes from a 2008 U.N. report comparing responses to crime in Europe and North America from 1995-2004. While this data point is now twenty years old, we are unaware of any more recent research that addresses the number of convictions resulting in confinement in the U.S. and other comparable nations. [↩](https://www.prisonpolicy.org/global/2024.html#lf-fnref:3 ""return to article"")

4. For example, Canada, England and Wales, Finland, and Germany are [more likely](https://www.justicepolicy.org/uploads/justicepolicy/documents/finding_direction-full_report.pdf#page=23) to use fines and/or warnings instead of incarceration. [↩](https://www.prisonpolicy.org/global/2024.html#lf-fnref:4 ""return to article"")

5. There are two different ways to look at incarcerated populations: by custody or jurisdiction. The custody population refers to the number of incarcerated people physically held by an authority (i.e., someone physically detained in a local jail is in the custody of the local jail). The jurisdictional population reflects the legal authority under which someone is incarcerated, regardless of the type of correctional facility they are in. This means that there are people in the physical custody of local jails, but who are under the jurisdictional authority of another agency, such as another county’s jail system, the federal government (including the U.S. Marshals Service, immigration authorities, and the Bureau of Prisons), or state agencies (namely the state prison system). For more information on detainers and holds in local jails, see [our June 2024 publication on local jail populations](https://www.prisonpolicy.org/blog/2024/04/15/jails_update/). [↩](https://www.prisonpolicy.org/global/2024.html#lf-fnref:5 ""return to article"")

6. Italy’s national incarceration rate, for instance, would increase by 2 people per 100,000 if we incorporated juvenile populations reported in the Italian Department of Juvenile and Community Justice Office’s report, “ [Minors and young adults in the care of juvenile service: Statistical analysis of data, 2022](https://www.giustizia.it/cmsresources/cms/documents/Analisi_Servizi_minorili_31.12.2022_dati_convalidati_23.8.2023__Copia_1.pdf).” Canada’s incarceration rate would only increase by 1.3 per 100,000 based on the juvenile average daily population in custody of 500 youth in 2022-2023 as reported by [Statistics Canada](https://www150.statcan.gc.ca/t1/tbl1/en/tv.action?pid=3510000301&pickMembers%5B0%5D=1.15&cubeTimeFrame.startYear=2022+%2F+2023&cubeTimeFrame.endYear=2022+%2F+2023&referencePeriods=20220101%2C20220101) and the national population reported by the [World Prison Brief](https://www.prisonstudies.org/country/canada). In England and Wales, [262 youth](https://www.prisonstudies.org/country/united-kingdom-england-wales) are already included in the national data provided by the [World Prison Brief](https://www.prisonstudies.org/country/united-kingdom-england-wales), but juveniles in other kinds of facilities (including Secure Training Centres and Local Authority Secure Children’s Homes) in England and Wales are not included in their data. Including these [additional 138 youth](https://www.prisonstudies.org/country/united-kingdom-england-wales) would increase the overall rate for England and Wales by less than 1 person per 100,000. [↩](https://www.prisonpolicy.org/global/2024.html#lf-fnref:6 ""return to article"")

7. According to the [National Center for Juvenile Justice](https://www.ojjdp.gov/ojstatbb/ezacjrp/asp/State_Sex.asp?state=58&topic=State_Sex&year=2021&percent=count&maps=no), the national total excludes youth held in tribal facilities and the reported state is the “the state where the offense was committed.” [↩](https://www.prisonpolicy.org/global/2024.html#lf-fnref:7 ""return to article"")


[See all footnotes](https://www.prisonpolicy.org/global/2024.html#)

## Stay Informed

Email:

Get the latest updates:

Prison Policy Initiative newsletter [(?)](https://www.prisonpolicy.org/newsletter/archive.html?nl=general)Research Library [(?)](https://www.prisonpolicy.org/newsletter/archive.html?nl=research)Prison gerrymandering [(?)](https://www.prisonpolicy.org/newsletter/archive.html?nl=gerrymandering)

[Share on 𝕏](https://www.twitter.com/intent/tweet?text=States%20of%20Incarceration%3A%20The%20Global%20Context%202024&url=https://www.prisonpolicy.org/global/2024.html&via=prisonpolicy)[Donate](https://www.prisonpolicy.org/donate.html) [Now seeking: \\
\\
Creator-in-Residence](https://www.prisonpolicy.org/jobs.html)

# Recommended Reading:

[![](https://static.prisonpolicy.org/css/footer_images/stateprofilesfooter_200x154.png)](https://www.prisonpolicy.org/profiles/)

# [Detailed charts and facts about incarceration in every state](https://www.prisonpolicy.org/profiles/)

[![](https://static.prisonpolicy.org/css/footer_images/WholePie_200x154.png)](https://www.prisonpolicy.org/reports/pie2025.html)

# [The ""whole pie"": Where people are locked up and why](https://www.prisonpolicy.org/reports/pie2025.html)

[![](https://static.prisonpolicy.org/css/footer_images/healthcare_report_footerimage_200x154.png)](https://www.prisonpolicy.org/reports/healthcare.html)

# [Why is correctional healthcare so bad?](https://www.prisonpolicy.org/reports/healthcare.html)

[![](https://static.prisonpolicy.org/css/footer_images/followthemoney_featuredgraphs.png)](https://www.prisonpolicy.org/reports/money.html)

# [Who profits and who pays in the U.S. criminal justice system?](https://www.prisonpolicy.org/reports/money.html)",,Criminal justice policy in every region of the United States is out of step with the rest of the world.,,https://static.prisonpolicy.org/images/twitterCards/Global2024OG.png,https://static.prisonpolicy.org/favicon.png?v=2
U.S. Criminal Justice Data – The Sentencing Project,https://www.sentencingproject.org/research/us-criminal-justice-data/,"[Skip to main content](https://www.sentencingproject.org/research/us-criminal-justice-data/#maincontent) [Donate](https://secure.sentencingproject.org/a/donation)

|
|

| State | Imprisonment Rate<br>Per 100k residents | Black/White Disparity | Latino/White Disparity | Youth Custody Rate<br>Per 100k youth | Felony Disenfranchisement Rate |
| --- | --- | --- | --- | --- | --- |
| [U.S. Total](https://www.sentencingproject.org/research/detailed-state-data-tool/) | 355 | 4.8:1 | 1.3:1 | 74 | 1.7% |
| [Federal prisons](https://www.sentencingproject.org/research/detailed-state-data-tool/?state=federal-prisons) | 44 | — | — | — | — |
| [Alabama](https://www.sentencingproject.org/research/detailed-state-data-tool/?state=alabama) | 390 | 2.8:1 | — | 130 | 6% |
| [Alaska](https://www.sentencingproject.org/research/detailed-state-data-tool/?state=alaska) | 205 | 4.7:1 | 0.6:1 | 195 | 1% |
| [Arizona](https://www.sentencingproject.org/research/detailed-state-data-tool/?state=arizona) | 446 | 4.9:1 | 1.7:1 | 46 | 4.2% |
| [Arkansas](https://www.sentencingproject.org/research/detailed-state-data-tool/?state=arkansas) | 574 | 3.5:1 | 0.6:1 | 90 | 3.7% |
| [California](https://www.sentencingproject.org/research/detailed-state-data-tool/?state=california) | 250 | 9.2:1 | 2.0:1 | 58 | 0.4% |
| [Colorado](https://www.sentencingproject.org/research/detailed-state-data-tool/?state=colorado) | 288 | 6.6:1 | 2.2:1 | 78 | 0.4% |
| [Connecticut](https://www.sentencingproject.org/research/detailed-state-data-tool/?state=connecticut) | 170 | 9.4:1 | 3.7:1 | 18 | 0.2% |
| [Delaware](https://www.sentencingproject.org/research/detailed-state-data-tool/?state=delaware) | 272 | 5.3:1 | 0.1:1 | 138 | 0.8% |
| [District of Columbia](https://www.sentencingproject.org/research/detailed-state-data-tool/?state=district-of-columbia) | 0 | — | — | 165 | — |
| [Florida](https://www.sentencingproject.org/research/detailed-state-data-tool/?state=florida) | 377 | 4.1:1 | 0.7:1 | 61 | 6.1% |
| [Georgia](https://www.sentencingproject.org/research/detailed-state-data-tool/?state=georgia) | 435 | 2.8:1 | 0.6:1 | 71 | 3.3% |
| [Hawaii](https://www.sentencingproject.org/research/detailed-state-data-tool/?state=hawaii) | 174 | 2.4:1 | 0.4:1 | 20 | 0.2% |
| [Idaho](https://www.sentencingproject.org/research/detailed-state-data-tool/?state=idaho) | 460 | 4.4:1 | 1.4:1 | 117 | 2.2% |
| [Illinois](https://www.sentencingproject.org/research/detailed-state-data-tool/?state=illinois) | 236 | 7.8:1 | 1.5:1 | 39 | 0.3% |
| [Indiana](https://www.sentencingproject.org/research/detailed-state-data-tool/?state=indiana) | 349 | 4.6:1 | 0.7:1 | 113 | 0.6% |
| [Iowa](https://www.sentencingproject.org/research/detailed-state-data-tool/?state=iowa) | 264 | 9.3:1 | 1.4:1 | 77 | 1.1% |
| [Kansas](https://www.sentencingproject.org/research/detailed-state-data-tool/?state=kansas) | 292 | 6.3:1 | 1.4:1 | 106 | 0.9% |
| [Kentucky](https://www.sentencingproject.org/research/detailed-state-data-tool/?state=kentucky) | 437 | 2.9:1 | 0.4:1 | 63 | 4.7% |
| [Louisiana](https://www.sentencingproject.org/research/detailed-state-data-tool/?state=louisiana) | 596 | 3.8:1 | 0.0:1 | 144 | 1.6% |
| [Maine](https://www.sentencingproject.org/research/detailed-state-data-tool/?state=maine) | 107 | 8.8:1 | 3.6:1 | 22 | 0 |
| [Maryland](https://www.sentencingproject.org/research/detailed-state-data-tool/?state=maryland) | 252 | 5:1 | 0.8:1 | 31 | 0.4% |
| [Massachusetts](https://www.sentencingproject.org/research/detailed-state-data-tool/?state=massachusetts) | 94 | 7:1 | 4.0:1 | 32 | 0.1% |
| [Michigan](https://www.sentencingproject.org/research/detailed-state-data-tool/?state=michigan) | 323 | 6.7:1 | 0.3:1 | 82 | 0.5% |
| [Minnesota](https://www.sentencingproject.org/research/detailed-state-data-tool/?state=minnesota) | 151 | 9.9:1 | 1.9:1 | 62 | 0.2% |
| [Mississippi](https://www.sentencingproject.org/research/detailed-state-data-tool/?state=mississippi) | 661 | 2.6:1 | 0.5:1 | 56 | 3.1% |
| [Missouri](https://www.sentencingproject.org/research/detailed-state-data-tool/?state=missouri) | 381 | 3.6:1 | 0.5:1 | 109 | 1.7% |
| [Montana](https://www.sentencingproject.org/research/detailed-state-data-tool/?state=montana) | 414 | 7.5:1 | 0.6:1 | 89 | 0.6% |
| [Nebraska](https://www.sentencingproject.org/research/detailed-state-data-tool/?state=nebraska) | 284 | 8.9:1 | 1.9:1 | 93 | 0.9% |
| [Nevada](https://www.sentencingproject.org/research/detailed-state-data-tool/?state=nevada) | 322 | 4.1:1 | 0.8:1 | 104 | 0.5% |
| [New Hampshire](https://www.sentencingproject.org/research/detailed-state-data-tool/?state=new-hampshire) | 149 | 5:1 | 1.8:1 | 10 | 0.2% |
| [New Jersey](https://www.sentencingproject.org/research/detailed-state-data-tool/?state=new-jersey) | 137 | 12.5:1 | 2.0:1 | 40 | 0.2% |
| [New Mexico](https://www.sentencingproject.org/research/detailed-state-data-tool/?state=new-mexico) | 231 | 5.8:1 | 1.8:1 | 87 | 0.4% |
| [New York](https://www.sentencingproject.org/research/detailed-state-data-tool/?state=new-york) | 159 | 7.8:1 | 3.0:1 | 40 | 0.2% |
| [North Carolina](https://www.sentencingproject.org/research/detailed-state-data-tool/?state=north-carolina) | 268 | 3.9:1 | 0.9:1 | 38 | 0.9% |
| [North Dakota](https://www.sentencingproject.org/research/detailed-state-data-tool/?state=north-dakota) | 230 | 5.2:1 | 2.3:1 | 48 | 0.4% |
| [Ohio](https://www.sentencingproject.org/research/detailed-state-data-tool/?state=ohio) | 385 | 5.7:1 | 1.1:1 | 122 | 0.6% |
| [Oklahoma](https://www.sentencingproject.org/research/detailed-state-data-tool/?state=oklahoma) | 563 | 4.4:1 | 0.9:1 | 59 | 1.4% |
| [Oregon](https://www.sentencingproject.org/research/detailed-state-data-tool/?state=oregon) | 295 | 5.2:1 | 1.0:1 | 146 | 0.4% |
| [Pennsylvania](https://www.sentencingproject.org/research/detailed-state-data-tool/?state=pennsylvania) | 292 | 7.7:1 | 2.3:1 | 80 | 0.4% |
| [Rhode Island](https://www.sentencingproject.org/research/detailed-state-data-tool/?state=rhode-island) | 124 | 8.5:1 | 2.6:1 | 73 | 0.2% |
| [South Carolina](https://www.sentencingproject.org/research/detailed-state-data-tool/?state=south-carolina) | 302 | 3.8:1 | 0.7:1 | 78 | 1% |
| [South Dakota](https://www.sentencingproject.org/research/detailed-state-data-tool/?state=south-dakota) | 370 | 5.9:1 | 1.5:1 | 99 | 1.9% |
| [Tennessee](https://www.sentencingproject.org/research/detailed-state-data-tool/?state=tennessee) | 334 | 3.4:1 | 0.5:1 | 42 | 7.7% |
| [Texas](https://www.sentencingproject.org/research/detailed-state-data-tool/?state=texas) | 452 | 3.5:1 | 1.1:1 | 89 | 2.5% |
| [Utah](https://www.sentencingproject.org/research/detailed-state-data-tool/?state=utah) | 176 | 7.6:1 | 1.8:1 | 37 | 0.3% |
| [Vermont](https://www.sentencingproject.org/research/detailed-state-data-tool/?state=vermont) | 126 | 12.3:1 | 0.2:1 | 0 | 0 |
| [Virginia](https://www.sentencingproject.org/research/detailed-state-data-tool/?state=virginia) | 312 | 4.4:1 | 0.4:1 | 64 | 4.2% |
| [Washington](https://www.sentencingproject.org/research/detailed-state-data-tool/?state=washington) | 174 | 5.5:1 | 1.2:1 | 51 | 0.3% |
| [West Virginia](https://www.sentencingproject.org/research/detailed-state-data-tool/?state=west-virginia) | 331 | 3.8:1 | 0.3:1 | 202 | 1.1% |
| [Wisconsin](https://www.sentencingproject.org/research/detailed-state-data-tool/?state=wisconsin) | 311 | 11.9:1 | 2.1:1 | 79 | 1.5% |
| [Wyoming](https://www.sentencingproject.org/research/detailed-state-data-tool/?state=wyoming) | 369 | 5:1 | 1.4:1 | 269 | 1.5% |

### Imprisonment Rate

The total prison population in a jurisdiction as a proportion of every 100,000 residents in that jurisdiction. Data from Bureau of Justice Statistics, 2022.

[Learn more about imprisonment rate](https://www.sentencingproject.org/research/us-criminal-justice-data/glossary/#glossary-term-imprisonment-rate)

### Black/White Disparity

The magnitude of the Black imprisonment rate relative to the white imprisonment rate. For example, in a jurisdiction where the Black imprisonment rate is 1,000 per 100,000 Black residents and the white imprisonment rate is 200 per 100,000 white residents, the Black/white disparity would be 5:1. Data from Bureau of Justice Statistics, 2020.

[Learn more about Black/white disparity](https://www.sentencingproject.org/research/us-criminal-justice-data/glossary/#glossary-term-disparity-black-white)

### Latino/White Disparity

The magnitude of the Latino imprisonment rate relative to the white imprisonment rate. For example, in a jurisdiction where the Latino imprisonment rate is 400 per 100,000 Latino residents and the white imprisonment rate is 200 per 100,000 white residents, the Latino/white disparity ratio would be 2:1. Data from Bureau of Justice Statistics, 2020.

[Learn more about Latino/white disparity](https://www.sentencingproject.org/research/us-criminal-justice-data/glossary/#glossary-term-disparity-latinx-white)

### Youth Custody Rate

The number of people held in juvenile justice facilities on a typical day per 100,000 minors in the population (age 10 through the age of majority, which is typically age 17). Data from U.S. Office of Juvenile Justice and Delinquency Prevention, 2021

[Learn more about juvenile custody rate](https://www.sentencingproject.org/research/us-criminal-justice-data/glossary/#glossary-term-juvenile-custody-rate)

### Felony Disenfranchisement Rate

As of 2024, the percentage of voting-age U.S. citizens in a jurisdiction who could not vote due to a felony conviction. Maine, Vermont, Washington, DC, and Puerto Rico are the only locales where individuals do not lose their right to vote due to a felony conviction.

[Learn more about felony disenfranchisement rate](https://www.sentencingproject.org/research/us-criminal-justice-data/glossary/#glossary-term-felony-disenfranchisement-rate)

![](https://www.sentencingproject.org/app/themes/sentencingproject/assets/images/text-50-50.jpg)

### Growth in Mass Incarceration

The United States is the world’s leader in incarceration. Get the facts and statistics on trends in U.S. incarceration.

[Research Overview: Growth in Mass Incarceration](https://www.sentencingproject.org/research/)

### Compare data by jurisdiction

An expanded data set allows you to compare state-level incarceration data for youth and adults, including racial/ethnic disparities, and estimates on the impact of felony disenfranchisement.

[Detailed Data Tool](https://www.sentencingproject.org/research/growth-in-mass-incarceration/detailed-state-data-tool/)

![](https://www.sentencingproject.org/app/themes/sentencingproject/assets/images/email-subscribe-bg.jpg)

## Stay involved & informed

Stay up-to-date on the latest reports and news from The Sentencing Project.

First Name

Last Name

Email address

Subscribe

### Thanks for subscribing!

Contact Information

First Name

Last Name

Zip Code

Mobile Phone

- United States+1
- Canada+1
- United Kingdom+44
- Afghanistan (‫افغانستان‬‎)+93
- Albania (Shqipëri)+355
- Algeria (‫الجزائر‬‎)+213
- American Samoa+1
- Andorra+376
- Angola+244
- Anguilla+1
- Antigua and Barbuda+1
- Argentina+54
- Armenia (Հայաստան)+374
- Aruba+297
- Ascension Island+247
- Australia+61
- Austria (Österreich)+43
- Azerbaijan (Azərbaycan)+994
- Bahamas+1
- Bahrain (‫البحرين‬‎)+973
- Bangladesh (বাংলাদেশ)+880
- Barbados+1
- Belarus (Беларусь)+375
- Belgium (België)+32
- Belize+501
- Benin (Bénin)+229
- Bermuda+1
- Bhutan (འབྲུག)+975
- Bolivia+591
- Bosnia and Herzegovina (Босна и Херцеговина)+387
- Botswana+267
- Brazil (Brasil)+55
- British Indian Ocean Territory+246
- British Virgin Islands+1
- Brunei+673
- Bulgaria (България)+359
- Burkina Faso+226
- Burundi (Uburundi)+257
- Cambodia (កម្ពុជា)+855
- Cameroon (Cameroun)+237
- Canada+1
- Cape Verde (Kabu Verdi)+238
- Caribbean Netherlands+599
- Cayman Islands+1
- Central African Republic (République centrafricaine)+236
- Chad (Tchad)+235
- Chile+56
- China (中国)+86
- Christmas Island+61
- Cocos (Keeling) Islands+61
- Colombia+57
- Comoros (‫جزر القمر‬‎)+269
- Congo (DRC) (Jamhuri ya Kidemokrasia ya Kongo)+243
- Congo (Republic) (Congo-Brazzaville)+242
- Cook Islands+682
- Costa Rica+506
- Côte d’Ivoire+225
- Croatia (Hrvatska)+385
- Cuba+53
- Curaçao+599
- Cyprus (Κύπρος)+357
- Czech Republic (Česká republika)+420
- Denmark (Danmark)+45
- Djibouti+253
- Dominica+1
- Dominican Republic (República Dominicana)+1
- Ecuador+593
- Egypt (‫مصر‬‎)+20
- El Salvador+503
- Equatorial Guinea (Guinea Ecuatorial)+240
- Eritrea+291
- Estonia (Eesti)+372
- Eswatini+268
- Ethiopia+251
- Falkland Islands (Islas Malvinas)+500
- Faroe Islands (Føroyar)+298
- Fiji+679
- Finland (Suomi)+358
- France+33
- French Guiana (Guyane française)+594
- French Polynesia (Polynésie française)+689
- Gabon+241
- Gambia+220
- Georgia (საქართველო)+995
- Germany (Deutschland)+49
- Ghana (Gaana)+233
- Gibraltar+350
- Greece (Ελλάδα)+30
- Greenland (Kalaallit Nunaat)+299
- Grenada+1
- Guadeloupe+590
- Guam+1
- Guatemala+502
- Guernsey+44
- Guinea (Guinée)+224
- Guinea-Bissau (Guiné Bissau)+245
- Guyana+592
- Haiti+509
- Honduras+504
- Hong Kong (香港)+852
- Hungary (Magyarország)+36
- Iceland (Ísland)+354
- India (भारत)+91
- Indonesia+62
- Iran (‫ایران‬‎)+98
- Iraq (‫العراق‬‎)+964
- Ireland+353
- Isle of Man+44
- Israel (‫ישראל‬‎)+972
- Italy (Italia)+39
- Jamaica+1
- Japan (日本)+81
- Jersey+44
- Jordan (‫الأردن‬‎)+962
- Kazakhstan (Казахстан)+7
- Kenya+254
- Kiribati+686
- Kosovo+383
- Kuwait (‫الكويت‬‎)+965
- Kyrgyzstan (Кыргызстан)+996
- Laos (ລາວ)+856
- Latvia (Latvija)+371
- Lebanon (‫لبنان‬‎)+961
- Lesotho+266
- Liberia+231
- Libya (‫ليبيا‬‎)+218
- Liechtenstein+423
- Lithuania (Lietuva)+370
- Luxembourg+352
- Macau (澳門)+853
- Madagascar (Madagasikara)+261
- Malawi+265
- Malaysia+60
- Maldives+960
- Mali+223
- Malta+356
- Marshall Islands+692
- Martinique+596
- Mauritania (‫موريتانيا‬‎)+222
- Mauritius (Moris)+230
- Mayotte+262
- Mexico (México)+52
- Micronesia+691
- Moldova (Republica Moldova)+373
- Monaco+377
- Mongolia (Монгол)+976
- Montenegro (Crna Gora)+382
- Montserrat+1
- Morocco (‫المغرب‬‎)+212
- Mozambique (Moçambique)+258
- Myanmar (Burma) (မြန်မာ)+95
- Namibia (Namibië)+264
- Nauru+674
- Nepal (नेपाल)+977
- Netherlands (Nederland)+31
- New Caledonia (Nouvelle-Calédonie)+687
- New Zealand+64
- Nicaragua+505
- Niger (Nijar)+227
- Nigeria+234
- Niue+683
- Norfolk Island+672
- North Korea (조선 민주주의 인민 공화국)+850
- North Macedonia (Северна Македонија)+389
- Northern Mariana Islands+1
- Norway (Norge)+47
- Oman (‫عُمان‬‎)+968
- Pakistan (‫پاکستان‬‎)+92
- Palau+680
- Palestine (‫فلسطين‬‎)+970
- Panama (Panamá)+507
- Papua New Guinea+675
- Paraguay+595
- Peru (Perú)+51
- Philippines+63
- Poland (Polska)+48
- Portugal+351
- Puerto Rico+1
- Qatar (‫قطر‬‎)+974
- Réunion (La Réunion)+262
- Romania (România)+40
- Russia (Россия)+7
- Rwanda+250
- Saint Barthélemy+590
- Saint Helena+290
- Saint Kitts and Nevis+1
- Saint Lucia+1
- Saint Martin (Saint-Martin (partie française))+590
- Saint Pierre and Miquelon (Saint-Pierre-et-Miquelon)+508
- Saint Vincent and the Grenadines+1
- Samoa+685
- San Marino+378
- São Tomé and Príncipe (São Tomé e Príncipe)+239
- Saudi Arabia (‫المملكة العربية السعودية‬‎)+966
- Senegal (Sénégal)+221
- Serbia (Србија)+381
- Seychelles+248
- Sierra Leone+232
- Singapore+65
- Sint Maarten+1
- Slovakia (Slovensko)+421
- Slovenia (Slovenija)+386
- Solomon Islands+677
- Somalia (Soomaaliya)+252
- South Africa+27
- South Korea (대한민국)+82
- South Sudan (‫جنوب السودان‬‎)+211
- Spain (España)+34
- Sri Lanka (ශ්‍රී ලංකාව)+94
- Sudan (‫السودان‬‎)+249
- Suriname+597
- Svalbard and Jan Mayen+47
- Sweden (Sverige)+46
- Switzerland (Schweiz)+41
- Syria (‫سوريا‬‎)+963
- Taiwan (台灣)+886
- Tajikistan+992
- Tanzania+255
- Thailand (ไทย)+66
- Timor-Leste+670
- Togo+228
- Tokelau+690
- Tonga+676
- Trinidad and Tobago+1
- Tunisia (‫تونس‬‎)+216
- Turkey (Türkiye)+90
- Turkmenistan+993
- Turks and Caicos Islands+1
- Tuvalu+688
- U.S. Virgin Islands+1
- Uganda+256
- Ukraine (Україна)+380
- United Arab Emirates (‫الإمارات العربية المتحدة‬‎)+971
- United Kingdom+44
- United States+1
- Uruguay+598
- Uzbekistan (Oʻzbekiston)+998
- Vanuatu+678
- Vatican City (Città del Vaticano)+39
- Venezuela+58
- Vietnam (Việt Nam)+84
- Wallis and Futuna (Wallis-et-Futuna)+681
- Western Sahara (‫الصحراء الغربية‬‎)+212
- Yemen (‫اليمن‬‎)+967
- Zambia+260
- Zimbabwe+263
- Åland Islands+358

Sign me up for SMS messages

By submitting your cell phone number, you are agreeing to receive text messages from The Sentencing Project. Messages may include fundraising. 4 msgs/month. Message and data rates may apply. Text HELP for more information. Text STOP to stop receiving messages. [Terms & Conditions](https://www.sentencingproject.org/terms-of-use/). [Privacy Policy](https://www.sentencingproject.org/privacy-policy/).

Add me to the following lists:

Racial Justice

Sentencing Reform

Youth Justice

Voting Rights

I am a(n):

Student

Advocate

Member of the Media

Policymaker

Researcher

Justice-Impacted Person

![](https://secure.everyaction.com/v1/Track/NE1B_Ca9GUC6--eb8lfOCg2)

Save my preferences

### One more thing, !

Please click the link in the email we sent to . Otherwise, we won't be able to contact you.

In the meantime, get social with us! Join our community of over 100,000 followers on [Twitter](https://www.twitter.com/SentencingProj), [Facebook](https://www.facebook.com/thesentencingproject), and [Instagram](https://www.instagram.com/thesentencingproject/).

Close",,The Sentencing Project compiles state-level data to provide a snapshot of key indicators of mass incarceration's impact in the United States.,,https://www.sentencingproject.org/app/uploads/2022/08/sentencing-project-og-image.jpg,https://www.sentencingproject.org/favicon.ico
Prison Population by State 2026,https://worldpopulationreview.com/state-rankings/prison-population-by-state,"Population by State

# Prison Population by State 2026

Total Prisoners

20K

40K

60K

80K

100K

120K

140K

160K

2023

Prison PopulationPrisoners per 100k PopulationYear-to-Year Population ChangesPrison Population by Race

|  | State | Total Prisoners 2023↓ | Male Prisoners 2023 | Female Prisoners  2023 |
| --- | --- | --- | --- | --- |
| ![Texas Flag](https://worldpopulationreview.com/images/state-flags/svg/tx.svg) | [Texas](https://worldpopulationreview.com/states/texas) | 146,811 | 135,208 | 11,603 |
| ![California Flag](https://worldpopulationreview.com/images/state-flags/svg/ca.svg) | [California](https://worldpopulationreview.com/states/california) | 95,827 | 92,017 | 3,810 |
| ![Florida Flag](https://worldpopulationreview.com/images/state-flags/svg/fl.svg) | [Florida](https://worldpopulationreview.com/states/florida) | 87,207 | 81,326 | 5,881 |
| ![Georgia Flag](https://worldpopulationreview.com/images/state-flags/svg/ga.svg) | [Georgia](https://worldpopulationreview.com/states/georgia) | 49,814 | 46,203 | 3,611 |
| ![Ohio Flag](https://worldpopulationreview.com/images/state-flags/svg/oh.svg) | [Ohio](https://worldpopulationreview.com/states/ohio) | 46,530 | 42,679 | 3,851 |
| ![Pennsylvania Flag](https://worldpopulationreview.com/images/state-flags/svg/pa.svg) | [Pennsylvania](https://worldpopulationreview.com/states/pennsylvania) | 38,844 | 36,721 | 2,123 |
| ![Arizona Flag](https://worldpopulationreview.com/images/state-flags/svg/az.svg) | [Arizona](https://worldpopulationreview.com/states/arizona) | 33,473 | 30,513 | 2,960 |
| ![Michigan Flag](https://worldpopulationreview.com/images/state-flags/svg/mi.svg) | [Michigan](https://worldpopulationreview.com/states/michigan) | 32,986 | 31,285 | 1,701 |
| ![New York Flag](https://worldpopulationreview.com/images/state-flags/svg/ny.svg) | [New York](https://worldpopulationreview.com/states/new-york) | 32,565 | 31,248 | 1,317 |
| ![North Carolina Flag](https://worldpopulationreview.com/images/state-flags/svg/nc.svg) | [North Carolina](https://worldpopulationreview.com/states/north-carolina) | 29,994 | 27,639 | 2,355 |
| ![Illinois Flag](https://worldpopulationreview.com/images/state-flags/svg/il.svg) | [Illinois](https://worldpopulationreview.com/states/illinois) | 29,828 | 28,295 | 1,533 |
| ![Louisiana Flag](https://worldpopulationreview.com/images/state-flags/svg/la.svg) | [Louisiana](https://worldpopulationreview.com/states/louisiana) | 28,186 | 26,618 | 1,568 |
| ![Virginia Flag](https://worldpopulationreview.com/images/state-flags/svg/va.svg) | [Virginia](https://worldpopulationreview.com/states/virginia) | 27,442 | 25,545 | 1,897 |
| ![Tennessee Flag](https://worldpopulationreview.com/images/state-flags/svg/tn.svg) | [Tennessee](https://worldpopulationreview.com/states/tennessee) | 24,408 | 22,017 | 2,391 |
| ![Indiana Flag](https://worldpopulationreview.com/images/state-flags/svg/in.svg) | [Indiana](https://worldpopulationreview.com/states/indiana) | 24,116 | 21,751 | 2,365 |
| ![Missouri Flag](https://worldpopulationreview.com/images/state-flags/svg/mo.svg) | [Missouri](https://worldpopulationreview.com/states/missouri) | 23,884 | 21,787 | 2,097 |
| ![Oklahoma Flag](https://worldpopulationreview.com/images/state-flags/svg/ok.svg) | [Oklahoma](https://worldpopulationreview.com/states/oklahoma) | 22,206 | 20,018 | 2,188 |
| ![Wisconsin Flag](https://worldpopulationreview.com/images/state-flags/svg/wi.svg) | [Wisconsin](https://worldpopulationreview.com/states/wisconsin) | 20,490 | 19,194 | 1,296 |
| ![Alabama Flag](https://worldpopulationreview.com/images/state-flags/svg/al.svg) | [Alabama](https://worldpopulationreview.com/states/alabama) | 20,181 | 18,765 | 1,416 |
| ![Mississippi Flag](https://worldpopulationreview.com/images/state-flags/svg/ms.svg) | [Mississippi](https://worldpopulationreview.com/states/mississippi) | 19,174 | 17,727 | 1,447 |
| ![Kentucky Flag](https://worldpopulationreview.com/images/state-flags/svg/ky.svg) | [Kentucky](https://worldpopulationreview.com/states/kentucky) | 19,171 | 16,969 | 2,202 |
| ![Arkansas Flag](https://worldpopulationreview.com/images/state-flags/svg/ar.svg) | [Arkansas](https://worldpopulationreview.com/states/arkansas) | 18,349 | 16,815 | 1,534 |
| ![Colorado Flag](https://worldpopulationreview.com/images/state-flags/svg/co.svg) | [Colorado](https://worldpopulationreview.com/states/colorado) | 17,084 | 15,711 | 1,373 |
| ![South Carolina Flag](https://worldpopulationreview.com/images/state-flags/svg/sc.svg) | [South Carolina](https://worldpopulationreview.com/states/south-carolina) | 16,228 | 15,053 | 1,175 |
| ![Maryland Flag](https://worldpopulationreview.com/images/state-flags/svg/md.svg) | [Maryland](https://worldpopulationreview.com/states/maryland) | 16,150 | 15,526 | 624 |
| ![Washington Flag](https://worldpopulationreview.com/images/state-flags/svg/wa.svg) | [Washington](https://worldpopulationreview.com/states/washington) | 14,199 | 13,326 | 873 |
| ![Oregon Flag](https://worldpopulationreview.com/images/state-flags/svg/or.svg) | [Oregon](https://worldpopulationreview.com/states/oregon) | 12,308 | 11,407 | 901 |
| ![New Jersey Flag](https://worldpopulationreview.com/images/state-flags/svg/nj.svg) | [New Jersey](https://worldpopulationreview.com/states/new-jersey) | 11,675 | 11,203 | 472 |
| ![Nevada Flag](https://worldpopulationreview.com/images/state-flags/svg/nv.svg) | [Nevada](https://worldpopulationreview.com/states/nevada) | 10,462 | 9,592 | 870 |
| ![Idaho Flag](https://worldpopulationreview.com/images/state-flags/svg/id.svg) | [Idaho](https://worldpopulationreview.com/states/idaho) | 9,689 | 8,191 | 1,498 |
| ![Kansas Flag](https://worldpopulationreview.com/images/state-flags/svg/ks.svg) | [Kansas](https://worldpopulationreview.com/states/kansas) | 8,992 | 8,231 | 761 |
| ![Iowa Flag](https://worldpopulationreview.com/images/state-flags/svg/ia.svg) | [Iowa](https://worldpopulationreview.com/states/iowa) | 8,803 | 8,086 | 717 |
| ![Minnesota Flag](https://worldpopulationreview.com/images/state-flags/svg/mn.svg) | [Minnesota](https://worldpopulationreview.com/states/minnesota) | 8,725 | 8,134 | 591 |
| ![Connecticut Flag](https://worldpopulationreview.com/images/state-flags/svg/ct.svg) | [Connecticut](https://worldpopulationreview.com/states/connecticut) | 6,643 | 6,259 | 384 |
| ![Utah Flag](https://worldpopulationreview.com/images/state-flags/svg/ut.svg) | [Utah](https://worldpopulationreview.com/states/utah) | 6,400 | 5,927 | 473 |
| ![Nebraska Flag](https://worldpopulationreview.com/images/state-flags/svg/ne.svg) | [Nebraska](https://worldpopulationreview.com/states/nebraska) | 5,859 | 5,465 | 394 |
| ![West Virginia Flag](https://worldpopulationreview.com/images/state-flags/svg/wv.svg) | [West Virginia](https://worldpopulationreview.com/states/west-virginia) | 5,800 | 5,181 | 619 |
| ![Massachusetts Flag](https://worldpopulationreview.com/images/state-flags/svg/ma.svg) | [Massachusetts](https://worldpopulationreview.com/states/massachusetts) | 5,587 | 5,415 | 172 |
| ![New Mexico Flag](https://worldpopulationreview.com/images/state-flags/svg/nm.svg) | [New Mexico](https://worldpopulationreview.com/states/new-mexico) | 5,475 | 4,950 | 525 |
| ![Montana Flag](https://worldpopulationreview.com/images/state-flags/svg/mt.svg) | [Montana](https://worldpopulationreview.com/states/montana) | 4,985 | 4,238 | 747 |
| ![South Dakota Flag](https://worldpopulationreview.com/images/state-flags/svg/sd.svg) | [South Dakota](https://worldpopulationreview.com/states/south-dakota) | 3,741 | 3,172 | 569 |
| ![Delaware Flag](https://worldpopulationreview.com/images/state-flags/svg/de.svg) | [Delaware](https://worldpopulationreview.com/states/delaware) | 2,859 | 2,769 | 90 |
| ![Hawaii Flag](https://worldpopulationreview.com/images/state-flags/svg/hi.svg) | [Hawaii](https://worldpopulationreview.com/states/hawaii) | 2,359 | 2,158 | 201 |
| ![Wyoming Flag](https://worldpopulationreview.com/images/state-flags/svg/wy.svg) | [Wyoming](https://worldpopulationreview.com/states/wyoming) | 2,212 | 1,956 | 256 |
| ![New Hampshire Flag](https://worldpopulationreview.com/images/state-flags/svg/nh.svg) | [New Hampshire](https://worldpopulationreview.com/states/new-hampshire) | 2,115 | 1,971 | 144 |
| ![North Dakota Flag](https://worldpopulationreview.com/images/state-flags/svg/nd.svg) | [North Dakota](https://worldpopulationreview.com/states/north-dakota) | 1,886 | 1,645 | 241 |
| ![Maine Flag](https://worldpopulationreview.com/images/state-flags/svg/me.svg) | [Maine](https://worldpopulationreview.com/states/maine) | 1,663 | 1,498 | 165 |
| ![Alaska Flag](https://worldpopulationreview.com/images/state-flags/svg/ak.svg) | [Alaska](https://worldpopulationreview.com/states/alaska) | 1,485 | 1,415 | 70 |
| ![Rhode Island Flag](https://worldpopulationreview.com/images/state-flags/svg/ri.svg) | [Rhode Island](https://worldpopulationreview.com/states/rhode-island) | 1,339 | 1,303 | 36 |
| ![Vermont Flag](https://worldpopulationreview.com/images/state-flags/svg/vt.svg) | [Vermont](https://worldpopulationreview.com/states/vermont) | 802 | 762 | 40 |
| ![United States Flag](https://worldpopulationreview.com/images/state-flags/svg/us.svg) | United States | 1,067,011 | 990,884 | 76,127 |

- Total prisoners in the US in 2022 came to 1,205,087 (157,314 Federal, 1,047,773 State)
- Per-100k values include four different categories: total (all ages and genders), males only, females only, and over-18 only.
- Some states do not track every ethnicity and may merge certain locally infrequent ethnicities into a single category. For example, Kentucky combines all Asians, Native Hawaiians, and Other Pacific Islanders into the Other race category.

The United States has the [highest incarceration rate](https://worldpopulationreview.com/country-rankings/incarceration-rates-by-country) in the world. This is despite the national incarceration rate being at its lowest in 20 years. About 25% of the world’s total prison population is in the United States, which holds about 1.21 million prisoners as of 2020, a 15% decrease since 2019. Mass incarceration in the United States has led to several problems. Among these are overcrowded prisons, which lead to increased health risks and decreased psychological well-being.

Additionally, the increasing number of prisoners puts a major strain on state budgets. State prisons spend as high as $69,355 per inmate (the average cost of an inmate in New York). Prisons control and administer all aspects of life for inmates, resulting in a long list of costly necessities. Costs include food, recreational activities, educational opportunities, adequate security, utility costs, infrastructure maintenance, and health care.

## Top 10 States with the Highest Prison Population 2022 (per 100k)

Mass incarceration in the United States is a civil rights issue. Many argue that incarceration dehumanizes poor people and minorities, damages already marginalized communities, and does not increase public safety. Additionally, [high recidivism rates](https://worldpopulationreview.com/country-rankings/recidivism-rates-by-country) show that incarceration is ineffective and harmful to offenders, their families, the victims, and law enforcement if an offender does time without proper counseling and assimilation back into their community. Many prisoners have difficulty reestablishing relationships, finding jobs, and staying away from criminal activity after being released.

> The United States has about 437 prisoners per 100,000 people as of the end of 2019, a 2.6% drop from 2018. As of 2018, the imprisonment rate of black males was 5.8 times greater than that of white males, and the imprisonment rate of black females was 1.8 times greater than that of white females. New Hampshire, Vermont, Minnesota, Rhode Island, Maine, and Massachusetts have the lowest prison incarceration rates of under 200 per 100,000 people.

The ten states with the highest prison populations in the country are Texas (1535,906), California (97,328), Florida (81,027), Georgia (47,141), Ohio (45,036), Pennsylvania (39,357), Arizona (37,731), New York (34,128), Michigan (33,617), and Virginia (31,838).

On the other end of the spectrum, the states with the lowest prison populations include Vermont, North Dakota, Maine, Wyoming, and Rhode Island.

### Sources

1. [Prisoners in 2022 – Statistical Tables - US Bureau of Justice Statistics](https://bjs.ojp.gov/library/publications/prisoners-2022-statistical-tables)
2. [U.S. Criminal Justice Data - Sentencing Project](https://www.sentencingproject.org/research/us-criminal-justice-data/)
3. [Bureau of Justice Statistics - Department of Justice](https://bjs.ojp.gov/library/publications/list?series_filter=Prisoners)

## Other Categories

[![Agriculture](https://worldpopulationreview.com/_astro/agriculture.CicJywUp.jpg)](https://worldpopulationreview.com/categories/agriculture)[Agriculture200](https://worldpopulationreview.com/categories/agriculture)

[![Crime/Safety](https://worldpopulationreview.com/_astro/crime-safety.ewfdppod.jpg)](https://worldpopulationreview.com/categories/crime-safety)[Crime/Safety85](https://worldpopulationreview.com/categories/crime-safety)

[![Culture](https://worldpopulationreview.com/_astro/culture.C8rAiOls.jpg)](https://worldpopulationreview.com/categories/culture)[Culture562](https://worldpopulationreview.com/categories/culture)

[![Economics](https://worldpopulationreview.com/_astro/economics.Dcj3qthB.jpg)](https://worldpopulationreview.com/categories/economics)[Economics387](https://worldpopulationreview.com/categories/economics)

[![Education](https://worldpopulationreview.com/_astro/education.DIYN-BKZ.jpg)](https://worldpopulationreview.com/categories/education)[Education85](https://worldpopulationreview.com/categories/education)

[![Environment](https://worldpopulationreview.com/_astro/environment.BlVELCkh.jpg)](https://worldpopulationreview.com/categories/environment)[Environment245](https://worldpopulationreview.com/categories/environment)

[![Facts/Trivia](https://worldpopulationreview.com/_astro/facts-trivia.C-i4cpAR.jpg)](https://worldpopulationreview.com/categories/facts-trivia)[Facts/Trivia259](https://worldpopulationreview.com/categories/facts-trivia)

[![Flags](https://worldpopulationreview.com/_astro/flags.e6inale5.jpg)](https://worldpopulationreview.com/categories/flags)[Flags27](https://worldpopulationreview.com/categories/flags)

[![Geography](https://worldpopulationreview.com/_astro/geography.B59XaUIr.jpg)](https://worldpopulationreview.com/categories/geography)[Geography241](https://worldpopulationreview.com/categories/geography)

[![Health](https://worldpopulationreview.com/_astro/health.D6RFn1XW.jpg)](https://worldpopulationreview.com/categories/health)[Health323](https://worldpopulationreview.com/categories/health)

[![History](https://worldpopulationreview.com/_astro/history.D7zOQ-T5.jpg)](https://worldpopulationreview.com/categories/history)[History77](https://worldpopulationreview.com/categories/history)

[![Infrastructure/Energy](https://worldpopulationreview.com/_astro/infrastructure-energy.BSsaBT0Z.jpg)](https://worldpopulationreview.com/categories/infrastructure-energy)[Infrastructure/Energy105](https://worldpopulationreview.com/categories/infrastructure-energy)

[![Law](https://worldpopulationreview.com/_astro/law.BofDFSB8.jpg)](https://worldpopulationreview.com/categories/law)[Law550](https://worldpopulationreview.com/categories/law)

[![Manufacturing/Mining](https://worldpopulationreview.com/_astro/manufacturing-mining.BfyYzOsq.jpg)](https://worldpopulationreview.com/categories/manufacturing-mining)[Manufacturing/Mining100](https://worldpopulationreview.com/categories/manufacturing-mining)

[![Military](https://worldpopulationreview.com/_astro/military.TFTFi1JI.jpg)](https://worldpopulationreview.com/categories/military)[Military51](https://worldpopulationreview.com/categories/military)

[![Politics/Government](https://worldpopulationreview.com/_astro/politics-government.eCOIoq_C.jpg)](https://worldpopulationreview.com/categories/politics-government)[Politics/Government364](https://worldpopulationreview.com/categories/politics-government)

[![Population](https://worldpopulationreview.com/_astro/population.BIrg4MeT.jpg)](https://worldpopulationreview.com/categories/population)[Population343](https://worldpopulationreview.com/categories/population)

[![Sports](https://worldpopulationreview.com/_astro/sports.BHCP7yh0.jpg)](https://worldpopulationreview.com/categories/sports)[Sports73](https://worldpopulationreview.com/categories/sports)

[![Tech/Business](https://worldpopulationreview.com/_astro/tech-business.CTt9jsjm.jpg)](https://worldpopulationreview.com/categories/tech-business)[Tech/Business251](https://worldpopulationreview.com/categories/tech-business)

[![Travel](https://worldpopulationreview.com/_astro/travel.BMrLMNUl.jpg)](https://worldpopulationreview.com/categories/travel)[Travel85](https://worldpopulationreview.com/categories/travel)",,"Discover population, economy, health, and more with the most comprehensive global statistics at your fingertips.",,https://cdn.worldpopulationreview.com/state/prison-population-by-state.jpg,https://worldpopulationreview.com/favicon.ico
List of U.S. states and territories by incarceration and correctional supervision rate - Wikipedia,https://en.wikipedia.org/wiki/List_of_U.S._states_and_territories_by_incarceration_and_correctional_supervision_rate,"[Jump to content](https://en.wikipedia.org/wiki/List_of_U.S._states_and_territories_by_incarceration_and_correctional_supervision_rate#bodyContent)

[Wikipedia began as an impossible dream. Today, we celebrate 25 years of humanity at its best. Join us](https://wikimediafoundation.org/wikipedia25/?utm_campaign=wp25cn&utm_source=wp25cnout&utm_medium=out)

From Wikipedia, the free encyclopedia

[![](https://upload.wikimedia.org/wikipedia/commons/thumb/5/55/US_map_of_incarceration_rates_per_100%2C000_residents.svg/330px-US_map_of_incarceration_rates_per_100%2C000_residents.svg.png)](https://en.wikipedia.org/wiki/File:US_map_of_incarceration_rates_per_100,000_residents.svg) Incarceration rates by state. From various years; latest available as of June 2024. State, federal, and local inmates.[\[1\]](https://en.wikipedia.org/wiki/List_of_U.S._states_and_territories_by_incarceration_and_correctional_supervision_rate#cite_note-PPI-2024-1)

This article has lists of [U.S. states](https://en.wikipedia.org/wiki/U.S._state ""U.S. state"") and [U.S. territories](https://en.wikipedia.org/wiki/U.S._territories ""U.S. territories"") by incarceration and correctional supervision rates. There are also counts of inmates for various categories. The data is from the [United States Department of Justice](https://en.wikipedia.org/wiki/United_States_Department_of_Justice ""United States Department of Justice"") and other sources. The incarceration numbers include sentenced and unsentenced inmates from many categories.

## Incarceration rates and totals; numbers in state, federal, and local institutions

\[ [edit](https://en.wikipedia.org/w/index.php?title=List_of_U.S._states_and_territories_by_incarceration_and_correctional_supervision_rate&action=edit&section=1 ""Edit section: Incarceration rates and totals; numbers in state, federal, and local institutions"")\]

This table and the one that directly follows it are a comprehensive breakdown of inmates across many categories. The incarceration rate for a state or [U.S. territory](https://en.wikipedia.org/wiki/Territories_of_the_United_States ""Territories of the United States"") is calculated from the total of inmates across that location row in both tables. Nationwide totals for each column are at the end of each table.[\[1\]](https://en.wikipedia.org/wiki/List_of_U.S._states_and_territories_by_incarceration_and_correctional_supervision_rate#cite_note-PPI-2024-1)

Some U.S. territories are in alphabetical order in the 2 table halves: [American Samoa](https://en.wikipedia.org/wiki/American_Samoa ""American Samoa""), [Northern Mariana Islands](https://en.wikipedia.org/wiki/Northern_Mariana_Islands ""Northern Mariana Islands""), and the [U.S. Virgin Islands](https://en.wikipedia.org/wiki/U.S._Virgin_Islands ""U.S. Virgin Islands"").

- **Asterisk (\*)** indicates **""Incarceration in LOCATION""** or **""Crime in LOCATION""** links.

| Location | Incarceration rate | Total incarcerated | State population | State prisons | Federal | Local jails |
| --- | --- | --- | --- | --- | --- | --- |
| ![](https://upload.wikimedia.org/wikipedia/commons/thumb/5/5c/Flag_of_Alabama.svg/40px-Flag_of_Alabama.svg.png)[Alabama \*](https://en.wikipedia.org/wiki/Crime_in_Alabama ""Crime in Alabama"") | 898 | 45,573 | 5,073,903 | 26,421 | 3,607 | 14,727 |
| ![](https://upload.wikimedia.org/wikipedia/commons/thumb/e/e6/Flag_of_Alaska.svg/40px-Flag_of_Alaska.svg.png)[Alaska \*](https://en.wikipedia.org/wiki/Crime_in_Alaska ""Crime in Alaska"") | 744 | 5,456 | 733,276 | 4,778 | 498 | 12 |
| ![](https://upload.wikimedia.org/wikipedia/commons/thumb/8/87/Flag_of_American_Samoa.svg/40px-Flag_of_American_Samoa.svg.png)[American Samoa](https://en.wikipedia.org/wiki/American_Samoa ""American Samoa"") | 606 | 301 | 49,710 | 301 | N/A | N/A |
| ![](https://upload.wikimedia.org/wikipedia/commons/thumb/9/9d/Flag_of_Arizona.svg/40px-Flag_of_Arizona.svg.png)[Arizona \*](https://en.wikipedia.org/wiki/Crime_in_Arizona ""Crime in Arizona"") | 710 | 52,329 | 7,365,684 | 33,865 | 3,567 | 13,541 |
| ![](https://upload.wikimedia.org/wikipedia/commons/thumb/9/9d/Flag_of_Arkansas.svg/40px-Flag_of_Arkansas.svg.png)[Arkansas \*](https://en.wikipedia.org/wiki/Crime_in_Arkansas ""Crime in Arkansas"") | 912 | 27,795 | 3,046,404 | 17,625 | 2,522 | 7,165 |
| ![](https://upload.wikimedia.org/wikipedia/commons/thumb/0/01/Flag_of_California.svg/40px-Flag_of_California.svg.png)[California \*](https://en.wikipedia.org/wiki/Incarceration_in_California ""Incarceration in California"") | 494 | 192,694 | 39,040,616 | 97,608 | 12,172 | 75,061 |
| ![](https://upload.wikimedia.org/wikipedia/commons/thumb/4/46/Flag_of_Colorado.svg/40px-Flag_of_Colorado.svg.png)[Colorado \*](https://en.wikipedia.org/wiki/Crime_in_Colorado ""Crime in Colorado"") | 556 | 32,495 | 5,841,039 | 17,168 | 1,811 | 12,719 |
| ![](https://upload.wikimedia.org/wikipedia/commons/thumb/9/96/Flag_of_Connecticut.svg/20px-Flag_of_Connecticut.svg.png)[Connecticut \*](https://en.wikipedia.org/wiki/Crime_in_Connecticut ""Crime in Connecticut"") | 326 | 11,747 | 3,608,706 | 10,506 | 949 | N/A |
| ![](https://upload.wikimedia.org/wikipedia/commons/thumb/c/c6/Flag_of_Delaware.svg/40px-Flag_of_Delaware.svg.png)[Delaware \*](https://en.wikipedia.org/wiki/Crime_in_Delaware ""Crime in Delaware"") | 539 | 5,492 | 1,019,459 | 4,954 | 361 | N/A |
| ![](https://upload.wikimedia.org/wikipedia/commons/thumb/f/f7/Flag_of_Florida.svg/40px-Flag_of_Florida.svg.png)[Florida \*](https://en.wikipedia.org/wiki/Incarceration_in_Florida ""Incarceration in Florida"") | 705 | 156,734 | 22,245,521 | 84,678 | 13,370 | 55,826 |
| ![](https://upload.wikimedia.org/wikipedia/commons/thumb/0/08/Flag_of_the_State_of_Georgia.svg/40px-Flag_of_the_State_of_Georgia.svg.png)[Georgia \*](https://en.wikipedia.org/wiki/Crime_in_Georgia_(U.S._state) ""Crime in Georgia (U.S. state)"") | 881 | 96,171 | 10,913,150 | 48,439 | 6,897 | 40,085 |
| ![](https://upload.wikimedia.org/wikipedia/commons/thumb/0/07/Flag_of_Guam.svg/40px-Flag_of_Guam.svg.png)[Guam](https://en.wikipedia.org/wiki/Guam ""Guam"") | 502 | 772 | 153,836 | 678 | 94 | N/A |
| ![](https://upload.wikimedia.org/wikipedia/commons/thumb/e/ef/Flag_of_Hawaii.svg/40px-Flag_of_Hawaii.svg.png)[Hawaii \*](https://en.wikipedia.org/wiki/Crime_in_Hawaii ""Crime in Hawaii"") | 367 | 5,283 | 1,439,399 | 4,149 | 834 | N/A |
| ![](https://upload.wikimedia.org/wikipedia/commons/thumb/a/a4/Flag_of_Idaho.svg/20px-Flag_of_Idaho.svg.png)[Idaho \*](https://en.wikipedia.org/wiki/Crime_in_Idaho ""Crime in Idaho"") | 720 | 13,965 | 1,938,996 | 9,110 | 950 | 3,508 |
| ![](https://upload.wikimedia.org/wikipedia/commons/thumb/0/01/Flag_of_Illinois.svg/40px-Flag_of_Illinois.svg.png)[Illinois \*](https://en.wikipedia.org/wiki/Crime_in_Illinois ""Crime in Illinois"") | 433 | 54,474 | 12,582,515 | 29,634 | 6,386 | 16,493 |
| ![](https://upload.wikimedia.org/wikipedia/commons/thumb/a/ac/Flag_of_Indiana.svg/40px-Flag_of_Indiana.svg.png)[Indiana \*](https://en.wikipedia.org/wiki/Crime_in_Indiana ""Crime in Indiana"") | 721 | 49,241 | 6,832,274 | 25,286 | 3,436 | 19,416 |
| ![](https://upload.wikimedia.org/wikipedia/commons/thumb/a/aa/Flag_of_Iowa.svg/40px-Flag_of_Iowa.svg.png)[Iowa \*](https://en.wikipedia.org/wiki/Crime_in_Iowa ""Crime in Iowa"") | 550 | 17,598 | 3,199,693 | 8,473 | 3,744 | 4,950 |
| ![](https://upload.wikimedia.org/wikipedia/commons/thumb/d/da/Flag_of_Kansas.svg/40px-Flag_of_Kansas.svg.png)[Kansas \*](https://en.wikipedia.org/wiki/Crime_in_Kansas ""Crime in Kansas"") | 648 | 19,022 | 2,936,716 | 8,709 | 1,537 | 8,065 |
| ![](https://upload.wikimedia.org/wikipedia/commons/thumb/8/8d/Flag_of_Kentucky.svg/40px-Flag_of_Kentucky.svg.png)[Kentucky \*](https://en.wikipedia.org/wiki/Crime_in_Kentucky ""Crime in Kentucky"") | 889 | 40,107 | 4,511,563 | 19,744 | 3,182 | 16,844 |
| ![](https://upload.wikimedia.org/wikipedia/commons/thumb/e/e0/Flag_of_Louisiana.svg/40px-Flag_of_Louisiana.svg.png)[Louisiana \*](https://en.wikipedia.org/wiki/Crime_in_Louisiana ""Crime in Louisiana"") | 1,067 | 48,973 | 4,588,023 | 27,296 | 2,538 | 18,183 |
| ![](https://upload.wikimedia.org/wikipedia/commons/thumb/3/35/Flag_of_Maine.svg/20px-Flag_of_Maine.svg.png)[Maine](https://en.wikipedia.org/wiki/Maine ""Maine"") | 272 | 3,777 | 1,389,338 | 1,675 | 452 | 1,623 |
| ![](https://upload.wikimedia.org/wikipedia/commons/thumb/a/a0/Flag_of_Maryland.svg/40px-Flag_of_Maryland.svg.png)[Maryland \*](https://en.wikipedia.org/wiki/Crime_in_Maryland ""Crime in Maryland"") | 475 | 29,304 | 6,163,981 | 15,637 | 4,068 | 8,455 |
| ![](https://upload.wikimedia.org/wikipedia/commons/thumb/f/f2/Flag_of_Massachusetts.svg/40px-Flag_of_Massachusetts.svg.png)[Massachusetts \*](https://en.wikipedia.org/wiki/Crime_in_Massachusetts ""Crime in Massachusetts"") | 241 | 16,798 | 6,982,740 | 6,001 | 1,279 | 9,129 |
| ![](https://upload.wikimedia.org/wikipedia/commons/thumb/b/b5/Flag_of_Michigan.svg/40px-Flag_of_Michigan.svg.png)[Michigan \*](https://en.wikipedia.org/wiki/Crime_in_Michigan ""Crime in Michigan"") | 535 | 53,683 | 10,033,281 | 32,374 | 4,477 | 15,875 |
| ![](https://upload.wikimedia.org/wikipedia/commons/thumb/b/b9/Flag_of_Minnesota.svg/40px-Flag_of_Minnesota.svg.png)[Minnesota \*](https://en.wikipedia.org/wiki/Crime_in_Minnesota ""Crime in Minnesota"") | 323 | 18,457 | 5,714,300 | 8,636 | 2,003 | 6,343 |
| ![](https://upload.wikimedia.org/wikipedia/commons/thumb/4/42/Flag_of_Mississippi.svg/40px-Flag_of_Mississippi.svg.png)[Mississippi \*](https://en.wikipedia.org/wiki/Crime_in_Mississippi ""Crime in Mississippi"") | 1,020 | 29,980 | 2,938,928 | 19,802 | 2,041 | 7,829 |
| ![](https://upload.wikimedia.org/wikipedia/commons/thumb/5/5a/Flag_of_Missouri.svg/40px-Flag_of_Missouri.svg.png)[Missouri \*](https://en.wikipedia.org/wiki/Crime_in_Missouri ""Crime in Missouri"") | 713 | 44,016 | 6,177,168 | 23,911 | 6,747 | 11,576 |
| ![](https://upload.wikimedia.org/wikipedia/commons/thumb/c/cb/Flag_of_Montana.svg/40px-Flag_of_Montana.svg.png)[Montana \*](https://en.wikipedia.org/wiki/Crime_in_Montana ""Crime in Montana"") | 758 | 8,508 | 1,122,878 | 4,691 | 1,214 | 2,206 |
| ![](https://upload.wikimedia.org/wikipedia/commons/thumb/4/4d/Flag_of_Nebraska.svg/40px-Flag_of_Nebraska.svg.png)[Nebraska \*](https://en.wikipedia.org/wiki/Crime_in_Nebraska ""Crime in Nebraska"") | 591 | 11,635 | 1,968,060 | 5,649 | 1,390 | 4,119 |
| ![](https://upload.wikimedia.org/wikipedia/commons/thumb/f/f1/Flag_of_Nevada.svg/40px-Flag_of_Nevada.svg.png)[Nevada \*](https://en.wikipedia.org/wiki/Crime_in_Nevada ""Crime in Nevada"") | 610 | 19,370 | 3,177,421 | 10,304 | 1,311 | 7,211 |
| ![](https://upload.wikimedia.org/wikipedia/commons/thumb/2/28/Flag_of_New_Hampshire.svg/40px-Flag_of_New_Hampshire.svg.png)[New Hampshire](https://en.wikipedia.org/wiki/New_Hampshire ""New Hampshire"") | 278 | 3,886 | 1,399,003 | 2,086 | 426 | 1,332 |
| ![](https://upload.wikimedia.org/wikipedia/commons/thumb/9/92/Flag_of_New_Jersey.svg/40px-Flag_of_New_Jersey.svg.png)[New Jersey \*](https://en.wikipedia.org/wiki/Crime_in_New_Jersey ""Crime in New Jersey"") | 270 | 25,016 | 9,260,817 | 12,657 | 2,337 | 8,775 |
| ![](https://upload.wikimedia.org/wikipedia/commons/thumb/c/c3/Flag_of_New_Mexico.svg/40px-Flag_of_New_Mexico.svg.png)[New Mexico \*](https://en.wikipedia.org/wiki/Crime_in_New_Mexico ""Crime in New Mexico"") | 647 | 13,676 | 2,113,476 | 4,970 | 1,746 | 6,549 |
| ![](https://upload.wikimedia.org/wikipedia/commons/thumb/1/1a/Flag_of_New_York.svg/40px-Flag_of_New_York.svg.png)[New York \*](https://en.wikipedia.org/wiki/Crime_in_New_York_(state) ""Crime in New York (state)"") | 317 | 62,339 | 19,673,200 | 31,148 | 8,859 | 20,448 |
| ![](https://upload.wikimedia.org/wikipedia/commons/thumb/b/bb/Flag_of_North_Carolina.svg/40px-Flag_of_North_Carolina.svg.png)[North Carolina \*](https://en.wikipedia.org/wiki/Crime_in_North_Carolina ""Crime in North Carolina"") | 559 | 59,753 | 10,695,965 | 29,627 | 9,164 | 20,360 |
| ![](https://upload.wikimedia.org/wikipedia/commons/thumb/e/ee/Flag_of_North_Dakota.svg/20px-Flag_of_North_Dakota.svg.png)[North Dakota \*](https://en.wikipedia.org/wiki/Crime_in_North_Dakota ""Crime in North Dakota"") | 560 | 4,363 | 778,912 | 1,817 | 901 | 1,434 |
| ![](https://upload.wikimedia.org/wikipedia/commons/thumb/e/e0/Flag_of_the_Northern_Mariana_Islands.svg/40px-Flag_of_the_Northern_Mariana_Islands.svg.png)[Northern Mariana Islands](https://en.wikipedia.org/wiki/Northern_Mariana_Islands ""Northern Mariana Islands"") | 400 | 189 | 47,329 | 170 | 19 | N/A |
| ![](https://upload.wikimedia.org/wikipedia/commons/thumb/4/4c/Flag_of_Ohio.svg/40px-Flag_of_Ohio.svg.png)[Ohio \*](https://en.wikipedia.org/wiki/Crime_in_Ohio ""Crime in Ohio"") | 621 | 72,989 | 11,759,697 | 45,313 | 4,728 | 20,582 |
| ![](https://upload.wikimedia.org/wikipedia/commons/thumb/6/6e/Flag_of_Oklahoma.svg/40px-Flag_of_Oklahoma.svg.png)[Oklahoma \*](https://en.wikipedia.org/wiki/Incarceration_in_Oklahoma ""Incarceration in Oklahoma"") | 905 | 36,388 | 4,019,271 | 22,941 | 2,350 | 10,625 |
| ![](https://upload.wikimedia.org/wikipedia/commons/thumb/b/b9/Flag_of_Oregon.svg/40px-Flag_of_Oregon.svg.png)[Oregon \*](https://en.wikipedia.org/wiki/Crime_in_Oregon ""Crime in Oregon"") | 494 | 20,942 | 4,239,379 | 12,518 | 1,182 | 5,991 |
| ![](https://upload.wikimedia.org/wikipedia/commons/thumb/f/f7/Flag_of_Pennsylvania.svg/40px-Flag_of_Pennsylvania.svg.png)[Pennsylvania \*](https://en.wikipedia.org/wiki/Crime_in_Pennsylvania ""Crime in Pennsylvania"") | 589 | 76,355 | 12,972,091 | 37,910 | 5,726 | 31,303 |
| ![](https://upload.wikimedia.org/wikipedia/commons/thumb/2/28/Flag_of_Puerto_Rico.svg/40px-Flag_of_Puerto_Rico.svg.png)[Puerto Rico \*](https://en.wikipedia.org/wiki/Crime_in_Puerto_Rico ""Crime in Puerto Rico"") | 341 | 10,995 | 3,220,113 | 7,067 | 3,928 | N/A |
| ![](https://upload.wikimedia.org/wikipedia/commons/thumb/f/f3/Flag_of_Rhode_Island.svg/20px-Flag_of_Rhode_Island.svg.png)[Rhode Island \*](https://en.wikipedia.org/wiki/Crime_in_Rhode_Island ""Crime in Rhode Island"") | 254 | 2,779 | 1,093,842 | 2,393 | 260 | N/A |
| ![](https://upload.wikimedia.org/wikipedia/commons/thumb/6/69/Flag_of_South_Carolina.svg/40px-Flag_of_South_Carolina.svg.png)[South Carolina \*](https://en.wikipedia.org/wiki/Crime_in_South_Carolina ""Crime in South Carolina"") | 606 | 32,038 | 5,282,955 | 16,318 | 3,712 | 11,177 |
| ![](https://upload.wikimedia.org/wikipedia/commons/thumb/1/1a/Flag_of_South_Dakota.svg/40px-Flag_of_South_Dakota.svg.png)[South Dakota \*](https://en.wikipedia.org/wiki/Crime_in_South_Dakota ""Crime in South Dakota"") | 812 | 7,386 | 909,869 | 3,444 | 1,327 | 2,003 |
| ![](https://upload.wikimedia.org/wikipedia/commons/thumb/9/9e/Flag_of_Tennessee.svg/40px-Flag_of_Tennessee.svg.png)[Tennessee \*](https://en.wikipedia.org/wiki/Crime_in_Tennessee ""Crime in Tennessee"") | 817 | 57,625 | 7,048,976 | 23,735 | 7,044 | 26,463 |
| ![](https://upload.wikimedia.org/wikipedia/commons/thumb/f/f7/Flag_of_Texas.svg/40px-Flag_of_Texas.svg.png)[Texas \*](https://en.wikipedia.org/wiki/Crime_in_Texas ""Crime in Texas"") | 751 | 225,480 | 30,029,848 | 139,631 | 23,244 | 58,489 |
| ![](https://upload.wikimedia.org/wikipedia/commons/thumb/f/f8/Flag_of_the_United_States_Virgin_Islands.svg/40px-Flag_of_the_United_States_Virgin_Islands.svg.png)[U.S. Virgin Islands](https://en.wikipedia.org/wiki/United_States_Virgin_Islands ""United States Virgin Islands"") | 651 | 567 | 87,146 | 417 | 150 | N/A |
| ![](https://upload.wikimedia.org/wikipedia/commons/thumb/f/f6/Flag_of_Utah.svg/40px-Flag_of_Utah.svg.png)[Utah \*](https://en.wikipedia.org/wiki/Crime_in_Utah ""Crime in Utah"") | 396 | 13,381 | 3,381,236 | 6,009 | 1,313 | 5,765 |
| ![](https://upload.wikimedia.org/wikipedia/commons/thumb/4/49/Flag_of_Vermont.svg/40px-Flag_of_Vermont.svg.png)[Vermont \*](https://en.wikipedia.org/wiki/Crime_in_Vermont ""Crime in Vermont"") | 245 | 1,583 | 647,110 | 1,360 | 219 | N/A |
| ![](https://upload.wikimedia.org/wikipedia/commons/thumb/4/47/Flag_of_Virginia.svg/40px-Flag_of_Virginia.svg.png)[Virginia \*](https://en.wikipedia.org/wiki/Crime_in_Virginia ""Crime in Virginia"") | 679 | 58,917 | 8,679,099 | 27,162 | 4,722 | 25,229 |
| ![](https://upload.wikimedia.org/wikipedia/commons/thumb/5/54/Flag_of_Washington.svg/40px-Flag_of_Washington.svg.png)[Washington \*](https://en.wikipedia.org/wiki/Crime_in_Washington_(state) ""Crime in Washington (state)"") | 373 | 29,065 | 7,784,477 | 13,772 | 2,438 | 11,567 |
| ![](https://upload.wikimedia.org/wikipedia/commons/thumb/0/03/Flag_of_Washington%2C_D.C.svg/40px-Flag_of_Washington%2C_D.C.svg.png)[Washington, D.C. \*](https://en.wikipedia.org/wiki/Crime_in_Washington,_D.C. ""Crime in Washington, D.C."") | 816 | 5,473 | 670,949 | N/A | 3,445 | 1,817 |
| ![](https://upload.wikimedia.org/wikipedia/commons/thumb/2/22/Flag_of_West_Virginia.svg/40px-Flag_of_West_Virginia.svg.png)[West Virginia \*](https://en.wikipedia.org/wiki/Crime_in_West_Virginia ""Crime in West Virginia"") | 674 | 11,954 | 1,774,035 | 5,873 | 1,289 | 4,372 |
| ![](https://upload.wikimedia.org/wikipedia/commons/thumb/2/22/Flag_of_Wisconsin.svg/40px-Flag_of_Wisconsin.svg.png)[Wisconsin \*](https://en.wikipedia.org/wiki/Crime_in_Wisconsin ""Crime in Wisconsin"") | 615 | 36,199 | 5,890,543 | 20,873 | 1,615 | 12,741 |
| ![](https://upload.wikimedia.org/wikipedia/commons/thumb/b/bc/Flag_of_Wyoming.svg/40px-Flag_of_Wyoming.svg.png)[Wyoming \*](https://en.wikipedia.org/wiki/Crime_in_Wyoming ""Crime in Wyoming"") | 785 | 4,568 | 581,629 | 2,154 | 615 | 1,558 |
| U.S. total | 608 | 2,048,524 | 336,829,545 | 1,079,467 | 219,140 | 649,181 |

Incarceration rates per 100,000. Counts. Data is from various years. Latest data available as of June 2024.

## Numbers in institution types: youth, Indian, civil commitment, forensic psychiatric, immigration, military

\[ [edit](https://en.wikipedia.org/w/index.php?title=List_of_U.S._states_and_territories_by_incarceration_and_correctional_supervision_rate&action=edit&section=2 ""Edit section: Numbers in institution types: youth, Indian, civil commitment, forensic psychiatric, immigration, military"")\]

Further breakdown of inmates across categories. US totals at end of table.[\[1\]](https://en.wikipedia.org/wiki/List_of_U.S._states_and_territories_by_incarceration_and_correctional_supervision_rate#cite_note-PPI-2024-1)

- **Asterisk (\*)** indicates **""Incarceration in LOCATION""** or **""Crime in LOCATION""** links.

| Location | Youth | Indian Country jails | Civil commitment | Forensic psychiatric | Immigration | Military |
| --- | --- | --- | --- | --- | --- | --- |
| ![](https://upload.wikimedia.org/wikipedia/commons/thumb/5/5c/Flag_of_Alabama.svg/40px-Flag_of_Alabama.svg.png)[Alabama \*](https://en.wikipedia.org/wiki/Crime_in_Alabama ""Crime in Alabama"") | 678 | N/A | N/A | 140 | N/A | N/A |
| ![](https://upload.wikimedia.org/wikipedia/commons/thumb/e/e6/Flag_of_Alaska.svg/40px-Flag_of_Alaska.svg.png)[Alaska \*](https://en.wikipedia.org/wiki/Crime_in_Alaska ""Crime in Alaska"") | 156 | 2 | N/A | 10 | N/A | N/A |
| ![](https://upload.wikimedia.org/wikipedia/commons/thumb/8/87/Flag_of_American_Samoa.svg/40px-Flag_of_American_Samoa.svg.png)[American Samoa](https://en.wikipedia.org/wiki/American_Samoa ""American Samoa"") | N/A | N/A | N/A | N/A | N/A | N/A |
| ![](https://upload.wikimedia.org/wikipedia/commons/thumb/9/9d/Flag_of_Arizona.svg/40px-Flag_of_Arizona.svg.png)[Arizona \*](https://en.wikipedia.org/wiki/Crime_in_Arizona ""Crime in Arizona"") | 351 | 774 | 88 | 143 | N/A | N/A |
| ![](https://upload.wikimedia.org/wikipedia/commons/thumb/9/9d/Flag_of_Arkansas.svg/40px-Flag_of_Arkansas.svg.png)[Arkansas \*](https://en.wikipedia.org/wiki/Crime_in_Arkansas ""Crime in Arkansas"") | 297 | N/A | N/A | 186 | N/A | N/A |
| ![](https://upload.wikimedia.org/wikipedia/commons/thumb/0/01/Flag_of_California.svg/40px-Flag_of_California.svg.png)[California \*](https://en.wikipedia.org/wiki/Incarceration_in_California ""Incarceration in California"") | 2,385 | N/A | 946 | 4,522 | N/A | N/A |
| ![](https://upload.wikimedia.org/wikipedia/commons/thumb/4/46/Flag_of_Colorado.svg/40px-Flag_of_Colorado.svg.png)[Colorado \*](https://en.wikipedia.org/wiki/Crime_in_Colorado ""Crime in Colorado"") | 462 | 45 | N/A | 290 | N/A | N/A |
| ![](https://upload.wikimedia.org/wikipedia/commons/thumb/9/96/Flag_of_Connecticut.svg/20px-Flag_of_Connecticut.svg.png)[Connecticut \*](https://en.wikipedia.org/wiki/Crime_in_Connecticut ""Crime in Connecticut"") | 63 | N/A | N/A | 229 | N/A | N/A |
| ![](https://upload.wikimedia.org/wikipedia/commons/thumb/c/c6/Flag_of_Delaware.svg/40px-Flag_of_Delaware.svg.png)[Delaware \*](https://en.wikipedia.org/wiki/Crime_in_Delaware ""Crime in Delaware"") | 135 | N/A | N/A | 42 | N/A | N/A |
| ![](https://upload.wikimedia.org/wikipedia/commons/thumb/f/f7/Flag_of_Florida.svg/40px-Flag_of_Florida.svg.png)[Florida \*](https://en.wikipedia.org/wiki/Incarceration_in_Florida ""Incarceration in Florida"") | 1,221 | N/A | 531 | 1,108 | N/A | N/A |
| ![](https://upload.wikimedia.org/wikipedia/commons/thumb/0/08/Flag_of_the_State_of_Georgia.svg/40px-Flag_of_the_State_of_Georgia.svg.png)[Georgia \*](https://en.wikipedia.org/wiki/Crime_in_Georgia_(U.S._state) ""Crime in Georgia (U.S. state)"") | 750 | N/A | N/A | N/A | N/A | N/A |
| ![](https://upload.wikimedia.org/wikipedia/commons/thumb/0/07/Flag_of_Guam.svg/40px-Flag_of_Guam.svg.png)[Guam](https://en.wikipedia.org/wiki/Guam ""Guam"") | N/A | N/A | N/A | N/A | N/A | N/A |
| ![](https://upload.wikimedia.org/wikipedia/commons/thumb/e/ef/Flag_of_Hawaii.svg/40px-Flag_of_Hawaii.svg.png)[Hawaii \*](https://en.wikipedia.org/wiki/Crime_in_Hawaii ""Crime in Hawaii"") | 27 | N/A | N/A | 273 | N/A | N/A |
| ![](https://upload.wikimedia.org/wikipedia/commons/thumb/a/a4/Flag_of_Idaho.svg/20px-Flag_of_Idaho.svg.png)[Idaho \*](https://en.wikipedia.org/wiki/Crime_in_Idaho ""Crime in Idaho"") | 264 | 61 | N/A | 72 | N/A | N/A |
| ![](https://upload.wikimedia.org/wikipedia/commons/thumb/0/01/Flag_of_Illinois.svg/40px-Flag_of_Illinois.svg.png)[Illinois \*](https://en.wikipedia.org/wiki/Crime_in_Illinois ""Crime in Illinois"") | 516 | N/A | 493 | 952 | N/A | N/A |
| ![](https://upload.wikimedia.org/wikipedia/commons/thumb/a/ac/Flag_of_Indiana.svg/40px-Flag_of_Indiana.svg.png)[Indiana \*](https://en.wikipedia.org/wiki/Crime_in_Indiana ""Crime in Indiana"") | 837 | N/A | N/A | 266 | N/A | N/A |
| ![](https://upload.wikimedia.org/wikipedia/commons/thumb/a/aa/Flag_of_Iowa.svg/40px-Flag_of_Iowa.svg.png)[Iowa \*](https://en.wikipedia.org/wiki/Crime_in_Iowa ""Crime in Iowa"") | 267 | N/A | 164 | N/A | N/A | N/A |
| ![](https://upload.wikimedia.org/wikipedia/commons/thumb/d/da/Flag_of_Kansas.svg/40px-Flag_of_Kansas.svg.png)[Kansas \*](https://en.wikipedia.org/wiki/Crime_in_Kansas ""Crime in Kansas"") | 351 | N/A | 256 | 104 | N/A | N/A |
| ![](https://upload.wikimedia.org/wikipedia/commons/thumb/8/8d/Flag_of_Kentucky.svg/40px-Flag_of_Kentucky.svg.png)[Kentucky \*](https://en.wikipedia.org/wiki/Crime_in_Kentucky ""Crime in Kentucky"") | 297 | N/A | N/A | 40 | N/A | N/A |
| ![](https://upload.wikimedia.org/wikipedia/commons/thumb/e/e0/Flag_of_Louisiana.svg/40px-Flag_of_Louisiana.svg.png)[Louisiana \*](https://en.wikipedia.org/wiki/Crime_in_Louisiana ""Crime in Louisiana"") | 717 | N/A | N/A | 239 | N/A | N/A |
| ![](https://upload.wikimedia.org/wikipedia/commons/thumb/3/35/Flag_of_Maine.svg/20px-Flag_of_Maine.svg.png)[Maine](https://en.wikipedia.org/wiki/Maine ""Maine"") | 27 | N/A | N/A | N/A | N/A | N/A |
| ![](https://upload.wikimedia.org/wikipedia/commons/thumb/a/a0/Flag_of_Maryland.svg/40px-Flag_of_Maryland.svg.png)[Maryland \*](https://en.wikipedia.org/wiki/Crime_in_Maryland ""Crime in Maryland"") | 198 | N/A | N/A | 946 | N/A | N/A |
| ![](https://upload.wikimedia.org/wikipedia/commons/thumb/f/f2/Flag_of_Massachusetts.svg/40px-Flag_of_Massachusetts.svg.png)[Massachusetts \*](https://en.wikipedia.org/wiki/Crime_in_Massachusetts ""Crime in Massachusetts"") | 204 | N/A | 104 | 81 | N/A | N/A |
| ![](https://upload.wikimedia.org/wikipedia/commons/thumb/b/b5/Flag_of_Michigan.svg/40px-Flag_of_Michigan.svg.png)[Michigan \*](https://en.wikipedia.org/wiki/Crime_in_Michigan ""Crime in Michigan"") | 723 | 11 | N/A | 223 | N/A | N/A |
| ![](https://upload.wikimedia.org/wikipedia/commons/thumb/b/b9/Flag_of_Minnesota.svg/40px-Flag_of_Minnesota.svg.png)[Minnesota \*](https://en.wikipedia.org/wiki/Crime_in_Minnesota ""Crime in Minnesota"") | 378 | 81 | 740 | 276 | N/A | N/A |
| ![](https://upload.wikimedia.org/wikipedia/commons/thumb/4/42/Flag_of_Mississippi.svg/40px-Flag_of_Mississippi.svg.png)[Mississippi \*](https://en.wikipedia.org/wiki/Crime_in_Mississippi ""Crime in Mississippi"") | 186 | 44 | N/A | 78 | N/A | N/A |
| ![](https://upload.wikimedia.org/wikipedia/commons/thumb/5/5a/Flag_of_Missouri.svg/40px-Flag_of_Missouri.svg.png)[Missouri \*](https://en.wikipedia.org/wiki/Crime_in_Missouri ""Crime in Missouri"") | 612 | N/A | 280 | 890 | N/A | N/A |
| ![](https://upload.wikimedia.org/wikipedia/commons/thumb/c/cb/Flag_of_Montana.svg/40px-Flag_of_Montana.svg.png)[Montana \*](https://en.wikipedia.org/wiki/Crime_in_Montana ""Crime in Montana"") | 99 | 244 | N/A | 54 | N/A | N/A |
| ![](https://upload.wikimedia.org/wikipedia/commons/thumb/4/4d/Flag_of_Nebraska.svg/40px-Flag_of_Nebraska.svg.png)[Nebraska \*](https://en.wikipedia.org/wiki/Crime_in_Nebraska ""Crime in Nebraska"") | 207 | 8 | 150 | 112 | N/A | N/A |
| ![](https://upload.wikimedia.org/wikipedia/commons/thumb/f/f1/Flag_of_Nevada.svg/40px-Flag_of_Nevada.svg.png)[Nevada \*](https://en.wikipedia.org/wiki/Crime_in_Nevada ""Crime in Nevada"") | 342 | 3 | N/A | 199 | N/A | N/A |
| ![](https://upload.wikimedia.org/wikipedia/commons/thumb/2/28/Flag_of_New_Hampshire.svg/40px-Flag_of_New_Hampshire.svg.png)[New Hampshire](https://en.wikipedia.org/wiki/New_Hampshire ""New Hampshire"") | 12 | N/A | 0 | 30 | N/A | N/A |
| ![](https://upload.wikimedia.org/wikipedia/commons/thumb/9/92/Flag_of_New_Jersey.svg/40px-Flag_of_New_Jersey.svg.png)[New Jersey \*](https://en.wikipedia.org/wiki/Crime_in_New_Jersey ""Crime in New Jersey"") | 378 | N/A | 419 | 450 | N/A | N/A |
| ![](https://upload.wikimedia.org/wikipedia/commons/thumb/c/c3/Flag_of_New_Mexico.svg/40px-Flag_of_New_Mexico.svg.png)[New Mexico \*](https://en.wikipedia.org/wiki/Crime_in_New_Mexico ""Crime in New Mexico"") | 198 | 125 | N/A | 88 | N/A | N/A |
| ![](https://upload.wikimedia.org/wikipedia/commons/thumb/1/1a/Flag_of_New_York.svg/40px-Flag_of_New_York.svg.png)[New York \*](https://en.wikipedia.org/wiki/Crime_in_New_York_(state) ""Crime in New York (state)"") | 741 | N/A | 386 | 757 | N/A | N/A |
| ![](https://upload.wikimedia.org/wikipedia/commons/thumb/b/bb/Flag_of_North_Carolina.svg/40px-Flag_of_North_Carolina.svg.png)[North Carolina \*](https://en.wikipedia.org/wiki/Crime_in_North_Carolina ""Crime in North Carolina"") | 411 | 0 | N/A | 191 | N/A | N/A |
| ![](https://upload.wikimedia.org/wikipedia/commons/thumb/e/ee/Flag_of_North_Dakota.svg/20px-Flag_of_North_Dakota.svg.png)[North Dakota \*](https://en.wikipedia.org/wiki/Crime_in_North_Dakota ""Crime in North Dakota"") | 39 | 137 | 27 | 8 | N/A | N/A |
| ![](https://upload.wikimedia.org/wikipedia/commons/thumb/e/e0/Flag_of_the_Northern_Mariana_Islands.svg/40px-Flag_of_the_Northern_Mariana_Islands.svg.png)[Northern Mariana Islands](https://en.wikipedia.org/wiki/Northern_Mariana_Islands ""Northern Mariana Islands"") | N/A | N/A | N/A | N/A | N/A | N/A |
| ![](https://upload.wikimedia.org/wikipedia/commons/thumb/4/4c/Flag_of_Ohio.svg/40px-Flag_of_Ohio.svg.png)[Ohio \*](https://en.wikipedia.org/wiki/Crime_in_Ohio ""Crime in Ohio"") | 1,476 | N/A | N/A | 890 | N/A | N/A |
| ![](https://upload.wikimedia.org/wikipedia/commons/thumb/6/6e/Flag_of_Oklahoma.svg/40px-Flag_of_Oklahoma.svg.png)[Oklahoma \*](https://en.wikipedia.org/wiki/Incarceration_in_Oklahoma ""Incarceration in Oklahoma"") | 261 | 11 | N/A | 200 | N/A | N/A |
| ![](https://upload.wikimedia.org/wikipedia/commons/thumb/b/b9/Flag_of_Oregon.svg/40px-Flag_of_Oregon.svg.png)[Oregon \*](https://en.wikipedia.org/wiki/Crime_in_Oregon ""Crime in Oregon"") | 597 | N/A | N/A | 654 | N/A | N/A |
| ![](https://upload.wikimedia.org/wikipedia/commons/thumb/f/f7/Flag_of_Pennsylvania.svg/40px-Flag_of_Pennsylvania.svg.png)[Pennsylvania \*](https://en.wikipedia.org/wiki/Crime_in_Pennsylvania ""Crime in Pennsylvania"") | 1,002 | N/A | 55 | 359 | N/A | N/A |
| ![](https://upload.wikimedia.org/wikipedia/commons/thumb/2/28/Flag_of_Puerto_Rico.svg/40px-Flag_of_Puerto_Rico.svg.png)[Puerto Rico \*](https://en.wikipedia.org/wiki/Crime_in_Puerto_Rico ""Crime in Puerto Rico"") | N/A | N/A | N/A | N/A | N/A | N/A |
| ![](https://upload.wikimedia.org/wikipedia/commons/thumb/f/f3/Flag_of_Rhode_Island.svg/20px-Flag_of_Rhode_Island.svg.png)[Rhode Island \*](https://en.wikipedia.org/wiki/Crime_in_Rhode_Island ""Crime in Rhode Island"") | 72 | N/A | N/A | 54 | N/A | N/A |
| ![](https://upload.wikimedia.org/wikipedia/commons/thumb/6/69/Flag_of_South_Carolina.svg/40px-Flag_of_South_Carolina.svg.png)[South Carolina \*](https://en.wikipedia.org/wiki/Crime_in_South_Carolina ""Crime in South Carolina"") | 414 | N/A | 204 | 213 | N/A | N/A |
| ![](https://upload.wikimedia.org/wikipedia/commons/thumb/1/1a/Flag_of_South_Dakota.svg/40px-Flag_of_South_Dakota.svg.png)[South Dakota \*](https://en.wikipedia.org/wiki/Crime_in_South_Dakota ""Crime in South Dakota"") | 99 | 487 | N/A | 26 | N/A | N/A |
| ![](https://upload.wikimedia.org/wikipedia/commons/thumb/9/9e/Flag_of_Tennessee.svg/40px-Flag_of_Tennessee.svg.png)[Tennessee \*](https://en.wikipedia.org/wiki/Crime_in_Tennessee ""Crime in Tennessee"") | 300 | N/A | N/A | 83 | N/A | N/A |
| ![](https://upload.wikimedia.org/wikipedia/commons/thumb/f/f7/Flag_of_Texas.svg/40px-Flag_of_Texas.svg.png)[Texas \*](https://en.wikipedia.org/wiki/Crime_in_Texas ""Crime in Texas"") | 2,730 | N/A | 447 | 939 | N/A | N/A |
| ![](https://upload.wikimedia.org/wikipedia/commons/thumb/f/f8/Flag_of_the_United_States_Virgin_Islands.svg/40px-Flag_of_the_United_States_Virgin_Islands.svg.png)[U.S. Virgin Islands](https://en.wikipedia.org/wiki/United_States_Virgin_Islands ""United States Virgin Islands"") | N/A | N/A | N/A | N/A | N/A | N/A |
| ![](https://upload.wikimedia.org/wikipedia/commons/thumb/f/f6/Flag_of_Utah.svg/40px-Flag_of_Utah.svg.png)[Utah \*](https://en.wikipedia.org/wiki/Crime_in_Utah ""Crime in Utah"") | 168 | N/A | N/A | 126 | N/A | N/A |
| ![](https://upload.wikimedia.org/wikipedia/commons/thumb/4/49/Flag_of_Vermont.svg/40px-Flag_of_Vermont.svg.png)[Vermont \*](https://en.wikipedia.org/wiki/Crime_in_Vermont ""Crime in Vermont"") | 0 | N/A | N/A | 4 | N/A | N/A |
| ![](https://upload.wikimedia.org/wikipedia/commons/thumb/4/47/Flag_of_Virginia.svg/40px-Flag_of_Virginia.svg.png)[Virginia \*](https://en.wikipedia.org/wiki/Crime_in_Virginia ""Crime in Virginia"") | 558 | N/A | 406 | 840 | N/A | N/A |
| ![](https://upload.wikimedia.org/wikipedia/commons/thumb/5/54/Flag_of_Washington.svg/40px-Flag_of_Washington.svg.png)[Washington \*](https://en.wikipedia.org/wiki/Crime_in_Washington_(state) ""Crime in Washington (state)"") | 396 | 187 | 102 | 603 | N/A | N/A |
| ![](https://upload.wikimedia.org/wikipedia/commons/thumb/0/03/Flag_of_Washington%2C_D.C.svg/40px-Flag_of_Washington%2C_D.C.svg.png)[Washington, D.C. \*](https://en.wikipedia.org/wiki/Crime_in_Washington,_D.C. ""Crime in Washington, D.C."") | 78 | N/A | N/A | 133 | N/A | N/A |
| ![](https://upload.wikimedia.org/wikipedia/commons/thumb/2/22/Flag_of_West_Virginia.svg/40px-Flag_of_West_Virginia.svg.png)[West Virginia \*](https://en.wikipedia.org/wiki/Crime_in_West_Virginia ""Crime in West Virginia"") | 345 | N/A | N/A | 75 | N/A | N/A |
| ![](https://upload.wikimedia.org/wikipedia/commons/thumb/2/22/Flag_of_Wisconsin.svg/40px-Flag_of_Wisconsin.svg.png)[Wisconsin \*](https://en.wikipedia.org/wiki/Crime_in_Wisconsin ""Crime in Wisconsin"") | 417 | 44 | 187 | 322 | N/A | N/A |
| ![](https://upload.wikimedia.org/wikipedia/commons/thumb/b/bc/Flag_of_Wyoming.svg/40px-Flag_of_Wyoming.svg.png)[Wyoming \*](https://en.wikipedia.org/wiki/Crime_in_Wyoming ""Crime in Wyoming"") | 171 | 28 | N/A | 42 | N/A | N/A |
| U.S. total | 24,891 | 2,292 | 6,051 | 18,562 | 47,835 | 1,105 |

U.S. states and territories. Number of inmates by category. Data is from various years. Latest data available as of June 2024.

## By territory and percentage female

\[ [edit](https://en.wikipedia.org/w/index.php?title=List_of_U.S._states_and_territories_by_incarceration_and_correctional_supervision_rate&action=edit&section=3 ""Edit section: By territory and percentage female"")\]

- **Asterisk** (\*) indicates **""Incarceration in TERRITORY""** or **""Crime in TERRITORY""** links.

US territories. Incarceration rate per 100,000 of all ages. Incarceration count. Percent female. Data year is in order by column.[\[2\]](https://en.wikipedia.org/wiki/List_of_U.S._states_and_territories_by_incarceration_and_correctional_supervision_rate#cite_note-Territories-2)

| Territory | Rate | Count | Percent female | Data year |
| --- | --- | --- | --- | --- |
| ![](https://upload.wikimedia.org/wikipedia/commons/thumb/8/87/Flag_of_American_Samoa.svg/40px-Flag_of_American_Samoa.svg.png)[American Samoa](https://en.wikipedia.org/wiki/American_Samoa ""American Samoa"") | 345 | 193 | 4.1% | 2017, 2017, 2017 |
| ![](https://upload.wikimedia.org/wikipedia/commons/thumb/0/07/Flag_of_Guam.svg/40px-Flag_of_Guam.svg.png)[Guam](https://en.wikipedia.org/wiki/Guam ""Guam"") | 411 | 690 | 7.2% | 2019, 2019, 2017 |
| ![](https://upload.wikimedia.org/wikipedia/commons/thumb/e/e0/Flag_of_the_Northern_Mariana_Islands.svg/40px-Flag_of_the_Northern_Mariana_Islands.svg.png)[Northern Mariana Islands](https://en.wikipedia.org/wiki/Northern_Mariana_Islands ""Northern Mariana Islands"") | 313 | 175 | 5.8% | 2019, 2019, 2007 |
| ![](https://upload.wikimedia.org/wikipedia/commons/thumb/2/28/Flag_of_Puerto_Rico.svg/40px-Flag_of_Puerto_Rico.svg.png)[Puerto Rico \*](https://en.wikipedia.org/wiki/Crime_in_Puerto_Rico ""Crime in Puerto Rico"") | 278 | 8,884 | 3.6% | 2019, 2019, 2017 |
| ![](https://upload.wikimedia.org/wikipedia/commons/thumb/f/f8/Flag_of_the_United_States_Virgin_Islands.svg/40px-Flag_of_the_United_States_Virgin_Islands.svg.png)[U.S. Virgin Islands](https://en.wikipedia.org/wiki/United_States_Virgin_Islands ""United States Virgin Islands"") | 394 | 412 | 2.7% | 2020, 2020, 2011 |

US territories. Incarceration rate per 100,000 of all ages. Incarceration count. Percent female. Data year is in order by column.

## Juvenile detention

\[ [edit](https://en.wikipedia.org/w/index.php?title=List_of_U.S._states_and_territories_by_incarceration_and_correctional_supervision_rate&action=edit&section=4 ""Edit section: Juvenile detention"")\]

Further information: [Youth incarceration in the United States](https://en.wikipedia.org/wiki/Youth_incarceration_in_the_United_States ""Youth incarceration in the United States"")

Juvenile detention totals from the [Office of Juvenile Justice and Delinquency Prevention](https://en.wikipedia.org/wiki/Office_of_Juvenile_Justice_and_Delinquency_Prevention ""Office of Juvenile Justice and Delinquency Prevention"").[\[3\]](https://en.wikipedia.org/wiki/List_of_U.S._states_and_territories_by_incarceration_and_correctional_supervision_rate#cite_note-cjrp-3)

| Year | Male | Female | Total |
| --- | --- | --- | --- |
| 1997 | 90,771 | 14,284 | 105,055 |
| 1999 | 92,985 | 14,508 | 107,493 |
| 2001 | 89,115 | 15,104 | 104,219 |
| 2003 | 81,975 | 14,556 | 96,531 |
| 2006 | 78,998 | 13,723 | 92,721 |
| 2007 | 75,017 | 11,797 | 86,814 |
| 2010 | 61,359 | 9,434 | 70,793 |
| 2011 | 53,079 | 8,344 | 61,423 |
| 2013 | 46,421 | 7,727 | 54,148 |
| 2015 | 40,750 | 7,293 | 48,043 |
| 2017 | 36,982 | 6,598 | 43,580 |
| 2019 | 31,064 | 5,415 | 36,479 |
| 2021 | 21,340 | 3,554 | 24,894 |

Juvenile detention in the US

## Comparison with other countries

\[ [edit](https://en.wikipedia.org/w/index.php?title=List_of_U.S._states_and_territories_by_incarceration_and_correctional_supervision_rate&action=edit&section=5 ""Edit section: Comparison with other countries"")\]

[![](https://upload.wikimedia.org/wikipedia/commons/thumb/9/98/World_prison_population_2008.svg/330px-World_prison_population_2008.svg.png)](https://en.wikipedia.org/wiki/File:World_prison_population_2008.svg) The U.S. incarceration rate peaked in 2008. The U.S. rate was the highest in the world in 2008. Chart is for prisoners per 100,000 population of all ages.[\[4\]](https://en.wikipedia.org/wiki/List_of_U.S._states_and_territories_by_incarceration_and_correctional_supervision_rate#cite_note-icps8-4)[\[5\]](https://en.wikipedia.org/wiki/List_of_U.S._states_and_territories_by_incarceration_and_correctional_supervision_rate#cite_note-cpusa2016-5)[![](https://upload.wikimedia.org/wikipedia/commons/thumb/9/9e/US_timeline_graphs_of_number_of_people_incarcerated_in_jails_and_prisons.png/330px-US_timeline_graphs_of_number_of_people_incarcerated_in_jails_and_prisons.png)](https://en.wikipedia.org/wiki/File:US_timeline_graphs_of_number_of_people_incarcerated_in_jails_and_prisons.png) US timeline graphs of number of people incarcerated in jails and prisons.[\[6\]](https://en.wikipedia.org/wiki/List_of_U.S._states_and_territories_by_incarceration_and_correctional_supervision_rate#cite_note-Vera-6)

Main article: [Comparison of United States incarceration rate with other countries](https://en.wikipedia.org/wiki/Comparison_of_United_States_incarceration_rate_with_other_countries ""Comparison of United States incarceration rate with other countries"")

See also: [List of countries by incarceration rate](https://en.wikipedia.org/wiki/List_of_countries_by_incarceration_rate ""List of countries by incarceration rate"")

On January 1, 2008, more than 1 in 100 adults in the United States were in prison or jail.[\[7\]](https://en.wikipedia.org/wiki/List_of_U.S._states_and_territories_by_incarceration_and_correctional_supervision_rate#cite_note-pewcenterstudy-7)[\[8\]](https://en.wikipedia.org/wiki/List_of_U.S._states_and_territories_by_incarceration_and_correctional_supervision_rate#cite_note-nytimes2008feb-8) Total U.S. incarceration peaked in 2008.[\[5\]](https://en.wikipedia.org/wiki/List_of_U.S._states_and_territories_by_incarceration_and_correctional_supervision_rate#cite_note-cpusa2016-5) The U.S. incarceration rate was the highest in the world in 2008.[\[4\]](https://en.wikipedia.org/wiki/List_of_U.S._states_and_territories_by_incarceration_and_correctional_supervision_rate#cite_note-icps8-4) It is no longer the highest rate.[\[9\]](https://en.wikipedia.org/wiki/List_of_U.S._states_and_territories_by_incarceration_and_correctional_supervision_rate#cite_note-WorldPrisonBrief-9)

The [United States has one of the highest rates of female incarceration](https://en.wikipedia.org/wiki/Incarceration_of_women_in_the_United_States ""Incarceration of women in the United States"").[\[10\]](https://en.wikipedia.org/wiki/List_of_U.S._states_and_territories_by_incarceration_and_correctional_supervision_rate#cite_note-females-10) According to a November 2017 report by the [World Prison Brief](https://en.wikipedia.org/wiki/World_Prison_Brief ""World Prison Brief"") around 212,000 of the 714,000 female prisoners worldwide (women and girls) are incarcerated in the United States.[\[11\]](https://en.wikipedia.org/wiki/List_of_U.S._states_and_territories_by_incarceration_and_correctional_supervision_rate#cite_note-WFIL-11) In the United States in 2016, women made up 9.8% of the incarcerated population in adult prisons and jails.[\[12\]](https://en.wikipedia.org/wiki/List_of_U.S._states_and_territories_by_incarceration_and_correctional_supervision_rate#cite_note-WPB-USA-12)[\[13\]](https://en.wikipedia.org/wiki/List_of_U.S._states_and_territories_by_incarceration_and_correctional_supervision_rate#cite_note-cpusa-2015-13)

Comparing English-speaking developed countries;[\[9\]](https://en.wikipedia.org/wiki/List_of_U.S._states_and_territories_by_incarceration_and_correctional_supervision_rate#cite_note-WorldPrisonBrief-9) the overall incarceration rate in the U.S. was 531 per 100,000 population of all ages in 2021,[\[12\]](https://en.wikipedia.org/wiki/List_of_U.S._states_and_territories_by_incarceration_and_correctional_supervision_rate#cite_note-WPB-USA-12) the incarceration rate of [Canada](https://en.wikipedia.org/wiki/Canada ""Canada"") was 85 per 100,000 in 2020,[\[14\]](https://en.wikipedia.org/wiki/List_of_U.S._states_and_territories_by_incarceration_and_correctional_supervision_rate#cite_note-Canada-14) [England and Wales](https://en.wikipedia.org/wiki/England_and_Wales ""England and Wales"") was 146 per 100,000 in 2023,[\[15\]](https://en.wikipedia.org/wiki/List_of_U.S._states_and_territories_by_incarceration_and_correctional_supervision_rate#cite_note-EnglandWales-15) and [Australia](https://en.wikipedia.org/wiki/Australia ""Australia"") was 158 per 100,000 in 2022.[\[16\]](https://en.wikipedia.org/wiki/List_of_U.S._states_and_territories_by_incarceration_and_correctional_supervision_rate#cite_note-Australia-16) Comparing other developed countries, the rate of [Spain](https://en.wikipedia.org/wiki/Spain ""Spain"") was 122 per 100,000 in 2020,[\[17\]](https://en.wikipedia.org/wiki/List_of_U.S._states_and_territories_by_incarceration_and_correctional_supervision_rate#cite_note-Spain-17) [France](https://en.wikipedia.org/wiki/France ""France"") was 90 per 100,000 in 2020,[\[18\]](https://en.wikipedia.org/wiki/List_of_U.S._states_and_territories_by_incarceration_and_correctional_supervision_rate#cite_note-France-18) [Germany](https://en.wikipedia.org/wiki/Germany ""Germany"") was 69 per 100,000 in 2020,[\[19\]](https://en.wikipedia.org/wiki/List_of_U.S._states_and_territories_by_incarceration_and_correctional_supervision_rate#cite_note-Germany-19) [Norway](https://en.wikipedia.org/wiki/Norway ""Norway"") was 49 per 100,000 in 2020,[\[20\]](https://en.wikipedia.org/wiki/List_of_U.S._states_and_territories_by_incarceration_and_correctional_supervision_rate#cite_note-Norway-20) [Netherlands](https://en.wikipedia.org/wiki/Netherlands ""Netherlands"") was 63 per 100,000 in 2018,[\[21\]](https://en.wikipedia.org/wiki/List_of_U.S._states_and_territories_by_incarceration_and_correctional_supervision_rate#cite_note-Netherlands-21) and [Japan](https://en.wikipedia.org/wiki/Japan ""Japan"") was 38 per 100,000 in 2019.[\[22\]](https://en.wikipedia.org/wiki/List_of_U.S._states_and_territories_by_incarceration_and_correctional_supervision_rate#cite_note-Japan-22)

The [racial aspect of mass incarceration](https://en.wikipedia.org/wiki/Race_and_incarceration_in_the_United_States ""Race and incarceration in the United States"") in the United States is striking. According to [Michelle Alexander](https://en.wikipedia.org/wiki/Michelle_Alexander ""Michelle Alexander"") (in 2010 book), the United States ""imprisons a larger percentage of its black population than South Africa did at the height of [apartheid](https://en.wikipedia.org/wiki/Apartheid ""Apartheid"").""[\[23\]](https://en.wikipedia.org/wiki/List_of_U.S._states_and_territories_by_incarceration_and_correctional_supervision_rate#cite_note-23)

## Correctional supervision by state

\[ [edit](https://en.wikipedia.org/w/index.php?title=List_of_U.S._states_and_territories_by_incarceration_and_correctional_supervision_rate&action=edit&section=6 ""Edit section: Correctional supervision by state"")\]

Chart below has numbers for people in adult facilities, and for people on probation and on parole.[\[24\]](https://en.wikipedia.org/wiki/List_of_U.S._states_and_territories_by_incarceration_and_correctional_supervision_rate#cite_note-cpusa2018-24) The incarceration numbers for the states in the chart below are for sentenced and unsentenced inmates in adult facilities in local jails and state prisons. Numbers for federal prisons are in the Federal line.

**Asterisk (\*)** indicates **""Incarceration in STATE""** or **""Crime in STATE""** links.

Correctional supervision numbers for Dec 31, 2018. ""In community"" is community supervision. Rates are per 100,000 adults.[\[24\]](https://en.wikipedia.org/wiki/List_of_U.S._states_and_territories_by_incarceration_and_correctional_supervision_rate#cite_note-cpusa2018-24)

| Jurisdiction | Total | In community | Incarcerated |
| --- | --- | --- | --- |
| Counts | Rate | Probation or Parole | Rate | In prison or jail | Rate |
| --- | --- | --- | --- | --- | --- |
| Federal | 302,100 | 90 | 122,800 | 40 | 179,200 | 50 |
| State | 6,083,300 | 1,850 | 4,276,200 | 1,300 | 1,919,200 | 580 |
| ![](https://upload.wikimedia.org/wikipedia/commons/thumb/5/5c/Flag_of_Alabama.svg/40px-Flag_of_Alabama.svg.png)[Alabama \*](https://en.wikipedia.org/wiki/Crime_in_Alabama ""Crime in Alabama"") | 99,200 | 2,030 | 60,900 | 1,240 | 40,400 | 820 |
| ![](https://upload.wikimedia.org/wikipedia/commons/thumb/e/e6/Flag_of_Alaska.svg/40px-Flag_of_Alaska.svg.png)[Alaska \*](https://en.wikipedia.org/wiki/Crime_in_Alaska ""Crime in Alaska"") | 7,800 | 1,060 | 3,400 | 460 | 4,400 | 600 |
| ![](https://upload.wikimedia.org/wikipedia/commons/thumb/9/9d/Flag_of_Arizona.svg/40px-Flag_of_Arizona.svg.png)[Arizona \*](https://en.wikipedia.org/wiki/Crime_in_Arizona ""Crime in Arizona"") | 136,800 | 1,890 | 84,300 | 1,170 | 54,600 | 750 |
| ![](https://upload.wikimedia.org/wikipedia/commons/thumb/9/9d/Flag_of_Arkansas.svg/40px-Flag_of_Arkansas.svg.png)[Arkansas \*](https://en.wikipedia.org/wiki/Crime_in_Arkansas ""Crime in Arkansas"") | 74,700 | 2,470 | 53,800 | 1,780 | 24,700 | 820 |
| ![](https://upload.wikimedia.org/wikipedia/commons/thumb/0/01/Flag_of_California.svg/40px-Flag_of_California.svg.png)[California \*](https://en.wikipedia.org/wiki/Incarceration_in_California ""Incarceration in California"") | 513,100 | 1,290 | 312,400 | 790 | 200,700 | 510 |
| ![](https://upload.wikimedia.org/wikipedia/commons/thumb/4/46/Flag_of_Colorado.svg/40px-Flag_of_Colorado.svg.png)[Colorado \*](https://en.wikipedia.org/wiki/Crime_in_Colorado ""Crime in Colorado"") | 122,600 | 2,140 | 91,300 | 1,590 | 32,700 | 570 |
| ![](https://upload.wikimedia.org/wikipedia/commons/thumb/9/96/Flag_of_Connecticut.svg/20px-Flag_of_Connecticut.svg.png)[Connecticut \*](https://en.wikipedia.org/wiki/Crime_in_Connecticut ""Crime in Connecticut"") | 54,800 | 1,530 | 43,100 | 1,210 | 13,700 | 380 |
| ![](https://upload.wikimedia.org/wikipedia/commons/thumb/c/c6/Flag_of_Delaware.svg/40px-Flag_of_Delaware.svg.png)[Delaware \*](https://en.wikipedia.org/wiki/Crime_in_Delaware ""Crime in Delaware"") | 20,600 | 2,120 | 14,500 | 1,490 | 6,100 | 620 |
| ![](https://upload.wikimedia.org/wikipedia/commons/thumb/0/03/Flag_of_Washington%2C_D.C.svg/40px-Flag_of_Washington%2C_D.C.svg.png)[District of Columbia \*](https://en.wikipedia.org/wiki/Crime_in_Washington,_D.C. ""Crime in Washington, D.C."") | 9,500 | 1,340 | 8,600 | 1,210 | 1,800 | 260 |
| ![](https://upload.wikimedia.org/wikipedia/commons/thumb/f/f7/Flag_of_Florida.svg/40px-Flag_of_Florida.svg.png)[Florida \*](https://en.wikipedia.org/wiki/Incarceration_in_Florida ""Incarceration in Florida"") | 357,400 | 1,670 | 209,400 | 980 | 150,500 | 700 |
| ![](https://upload.wikimedia.org/wikipedia/commons/thumb/0/08/Flag_of_the_State_of_Georgia.svg/40px-Flag_of_the_State_of_Georgia.svg.png)[Georgia \*](https://en.wikipedia.org/wiki/Crime_in_Georgia_(U.S._state) ""Crime in Georgia (U.S. state)"") | 495,200 | 4,680 | 433,200 | 4,100 | 89,700 | 850 |
| ![](https://upload.wikimedia.org/wikipedia/commons/thumb/e/ef/Flag_of_Hawaii.svg/40px-Flag_of_Hawaii.svg.png)[Hawaii \*](https://en.wikipedia.org/wiki/Crime_in_Hawaii ""Crime in Hawaii"") | 27,200 | 1,920 | 21,900 | 1,540 | 5,400 | 380 |
| ![](https://upload.wikimedia.org/wikipedia/commons/thumb/a/a4/Flag_of_Idaho.svg/20px-Flag_of_Idaho.svg.png)[Idaho \*](https://en.wikipedia.org/wiki/Crime_in_Idaho ""Crime in Idaho"") | 51,800 | 2,920 | 39,700 | 2,240 | 12,100 | 690 |
| ![](https://upload.wikimedia.org/wikipedia/commons/thumb/0/01/Flag_of_Illinois.svg/40px-Flag_of_Illinois.svg.png)[Illinois \*](https://en.wikipedia.org/wiki/Crime_in_Illinois ""Crime in Illinois"") | 171,900 | 1,350 | 116,100 | 910 | 55,800 | 440 |
| ![](https://upload.wikimedia.org/wikipedia/commons/thumb/a/ac/Flag_of_Indiana.svg/40px-Flag_of_Indiana.svg.png)[Indiana \*](https://en.wikipedia.org/wiki/Crime_in_Indiana ""Crime in Indiana"") | 164,700 | 2,450 | 118,400 | 1,760 | 46,300 | 690 |
| ![](https://upload.wikimedia.org/wikipedia/commons/thumb/a/aa/Flag_of_Iowa.svg/40px-Flag_of_Iowa.svg.png)[Iowa \*](https://en.wikipedia.org/wiki/Crime_in_Iowa ""Crime in Iowa"") | 47,600 | 1,500 | 35,600 | 1,120 | 14,000 | 440 |
| ![](https://upload.wikimedia.org/wikipedia/commons/thumb/d/da/Flag_of_Kansas.svg/40px-Flag_of_Kansas.svg.png)[Kansas \*](https://en.wikipedia.org/wiki/Crime_in_Kansas ""Crime in Kansas"") | 39,000 | 1,340 | 21,900 | 750 | 18,000 | 620 |
| ![](https://upload.wikimedia.org/wikipedia/commons/thumb/8/8d/Flag_of_Kentucky.svg/40px-Flag_of_Kentucky.svg.png)[Kentucky \*](https://en.wikipedia.org/wiki/Crime_in_Kentucky ""Crime in Kentucky"") | 99,600 | 2,230 | 62,800 | 1,400 | 37,500 | 840 |
| ![](https://upload.wikimedia.org/wikipedia/commons/thumb/e/e0/Flag_of_Louisiana.svg/40px-Flag_of_Louisiana.svg.png)[Louisiana \*](https://en.wikipedia.org/wiki/Crime_in_Louisiana ""Crime in Louisiana"") | 104,000 | 2,230 | 62,300 | 1,340 | 45,700 | 980 |
| ![](https://upload.wikimedia.org/wikipedia/commons/thumb/3/35/Flag_of_Maine.svg/20px-Flag_of_Maine.svg.png)[Maine](https://en.wikipedia.org/wiki/Maine ""Maine"") | 10,300 | 770 | 6,800 | 500 | 4,000 | 300 |
| ![](https://upload.wikimedia.org/wikipedia/commons/thumb/a/a0/Flag_of_Maryland.svg/40px-Flag_of_Maryland.svg.png)[Maryland \*](https://en.wikipedia.org/wiki/Crime_in_Maryland ""Crime in Maryland"") | 96,600 | 1,600 | 80,600 | 1,330 | 27,600 | 460 |
| ![](https://upload.wikimedia.org/wikipedia/commons/thumb/f/f2/Flag_of_Massachusetts.svg/40px-Flag_of_Massachusetts.svg.png)[Massachusetts \*](https://en.wikipedia.org/wiki/Crime_in_Massachusetts ""Crime in Massachusetts"") | 71,200 | 1,030 | 53,700 | 780 | 17,600 | 250 |
| ![](https://upload.wikimedia.org/wikipedia/commons/thumb/b/b5/Flag_of_Michigan.svg/40px-Flag_of_Michigan.svg.png)[Michigan \*](https://en.wikipedia.org/wiki/Crime_in_Michigan ""Crime in Michigan"") | 219,200 | 2,190 | 164,800 | 1,650 | 54,500 | 540 |
| ![](https://upload.wikimedia.org/wikipedia/commons/thumb/b/b9/Flag_of_Minnesota.svg/40px-Flag_of_Minnesota.svg.png)[Minnesota \*](https://en.wikipedia.org/wiki/Crime_in_Minnesota ""Crime in Minnesota"") | 122,900 | 2,180 | 107,500 | 1,910 | 15,900 | 280 |
| ![](https://upload.wikimedia.org/wikipedia/commons/thumb/4/42/Flag_of_Mississippi.svg/40px-Flag_of_Mississippi.svg.png)[Mississippi \*](https://en.wikipedia.org/wiki/Crime_in_Mississippi ""Crime in Mississippi"") | 63,600 | 2,130 | 37,200 | 1,240 | 27,500 | 920 |
| ![](https://upload.wikimedia.org/wikipedia/commons/thumb/5/5a/Flag_of_Missouri.svg/40px-Flag_of_Missouri.svg.png)[Missouri \*](https://en.wikipedia.org/wiki/Crime_in_Missouri ""Crime in Missouri"") | 106,100 | 1,730 | 63,100 | 1,030 | 43,000 | 700 |
| ![](https://upload.wikimedia.org/wikipedia/commons/thumb/c/cb/Flag_of_Montana.svg/40px-Flag_of_Montana.svg.png)[Montana \*](https://en.wikipedia.org/wiki/Crime_in_Montana ""Crime in Montana"") | 16,700 | 1,570 | 11,400 | 1,070 | 6,200 | 580 |
| ![](https://upload.wikimedia.org/wikipedia/commons/thumb/4/4d/Flag_of_Nebraska.svg/40px-Flag_of_Nebraska.svg.png)[Nebraska \*](https://en.wikipedia.org/wiki/Crime_in_Nebraska ""Crime in Nebraska"") | 25,100 | 1,300 | 15,900 | 820 | 9,300 | 480 |
| ![](https://upload.wikimedia.org/wikipedia/commons/thumb/f/f1/Flag_of_Nevada.svg/40px-Flag_of_Nevada.svg.png)[Nevada \*](https://en.wikipedia.org/wiki/Crime_in_Nevada ""Crime in Nevada"") | 40,300 | 1,310 | 19,800 | 640 | 20,500 | 670 |
| ![](https://upload.wikimedia.org/wikipedia/commons/thumb/2/28/Flag_of_New_Hampshire.svg/40px-Flag_of_New_Hampshire.svg.png)[New Hampshire](https://en.wikipedia.org/wiki/New_Hampshire ""New Hampshire"") | 10,400 | 760 | 6,300 | 460 | 4,100 | 300 |
| ![](https://upload.wikimedia.org/wikipedia/commons/thumb/9/92/Flag_of_New_Jersey.svg/40px-Flag_of_New_Jersey.svg.png)[New Jersey \*](https://en.wikipedia.org/wiki/Crime_in_New_Jersey ""Crime in New Jersey"") | 173,700 | 1,950 | 146,300 | 1,640 | 28,700 | 320 |
| ![](https://upload.wikimedia.org/wikipedia/commons/thumb/c/c3/Flag_of_New_Mexico.svg/40px-Flag_of_New_Mexico.svg.png)[New Mexico \*](https://en.wikipedia.org/wiki/Crime_in_New_Mexico ""Crime in New Mexico"") | 26,800 | 1,280 | 13,700 | 660 | 13,100 | 620 |
| ![](https://upload.wikimedia.org/wikipedia/commons/thumb/1/1a/Flag_of_New_York.svg/40px-Flag_of_New_York.svg.png)[New York \*](https://en.wikipedia.org/wiki/Crime_in_New_York_(state) ""Crime in New York (state)"") | 202,300 | 1,040 | 139,700 | 720 | 67,700 | 350 |
| ![](https://upload.wikimedia.org/wikipedia/commons/thumb/b/bb/Flag_of_North_Carolina.svg/40px-Flag_of_North_Carolina.svg.png)[North Carolina \*](https://en.wikipedia.org/wiki/Crime_in_North_Carolina ""Crime in North Carolina"") | 148,600 | 1,420 | 94,100 | 900 | 54,600 | 520 |
| ![](https://upload.wikimedia.org/wikipedia/commons/thumb/e/ee/Flag_of_North_Dakota.svg/20px-Flag_of_North_Dakota.svg.png)[North Dakota \*](https://en.wikipedia.org/wiki/Crime_in_North_Dakota ""Crime in North Dakota"") | 10,100 | 1,320 | 7,000 | 920 | 3,100 | 400 |
| ![](https://upload.wikimedia.org/wikipedia/commons/thumb/4/4c/Flag_of_Ohio.svg/40px-Flag_of_Ohio.svg.png)[Ohio \*](https://en.wikipedia.org/wiki/Crime_in_Ohio ""Crime in Ohio"") | 322,500 | 2,760 | 253,900 | 2,170 | 70,500 | 600 |
| ![](https://upload.wikimedia.org/wikipedia/commons/thumb/6/6e/Flag_of_Oklahoma.svg/40px-Flag_of_Oklahoma.svg.png)[Oklahoma \*](https://en.wikipedia.org/wiki/Incarceration_in_Oklahoma ""Incarceration in Oklahoma"") | 81,800 | 2,070 | 43,300 | 1,100 | 38,500 | 970 |
| ![](https://upload.wikimedia.org/wikipedia/commons/thumb/b/b9/Flag_of_Oregon.svg/40px-Flag_of_Oregon.svg.png)[Oregon \*](https://en.wikipedia.org/wiki/Crime_in_Oregon ""Crime in Oregon"") | 81,000 | 1,920 | 59,900 | 1,420 | 21,100 | 500 |
| ![](https://upload.wikimedia.org/wikipedia/commons/thumb/f/f7/Flag_of_Pennsylvania.svg/40px-Flag_of_Pennsylvania.svg.png)[Pennsylvania \*](https://en.wikipedia.org/wiki/Crime_in_Pennsylvania ""Crime in Pennsylvania"") | 360,200 | 2,810 | 288,000 | 2,250 | 77,900 | 610 |
| ![](https://upload.wikimedia.org/wikipedia/commons/thumb/f/f3/Flag_of_Rhode_Island.svg/20px-Flag_of_Rhode_Island.svg.png)[Rhode Island \*](https://en.wikipedia.org/wiki/Crime_in_Rhode_Island ""Crime in Rhode Island"") | 22,000 | 2,080 | 20,900 | 1,980 | 2,800 | 260 |
| ![](https://upload.wikimedia.org/wikipedia/commons/thumb/6/69/Flag_of_South_Carolina.svg/40px-Flag_of_South_Carolina.svg.png)[South Carolina \*](https://en.wikipedia.org/wiki/Crime_in_South_Carolina ""Crime in South Carolina"") | 67,000 | 1,310 | 36,700 | 720 | 30,300 | 590 |
| ![](https://upload.wikimedia.org/wikipedia/commons/thumb/1/1a/Flag_of_South_Dakota.svg/40px-Flag_of_South_Dakota.svg.png)[South Dakota \*](https://en.wikipedia.org/wiki/Crime_in_South_Dakota ""Crime in South Dakota"") | 15,100 | 1,710 | 9,200 | 1,040 | 6,100 | 680 |
| ![](https://upload.wikimedia.org/wikipedia/commons/thumb/9/9e/Flag_of_Tennessee.svg/40px-Flag_of_Tennessee.svg.png)[Tennessee \*](https://en.wikipedia.org/wiki/Crime_in_Tennessee ""Crime in Tennessee"") | 117,400 | 1,730 | 72,100 | 1,060 | 49,300 | 730 |
| ![](https://upload.wikimedia.org/wikipedia/commons/thumb/f/f7/Flag_of_Texas.svg/40px-Flag_of_Texas.svg.png)[Texas \*](https://en.wikipedia.org/wiki/Crime_in_Texas ""Crime in Texas"") | 672,400 | 2,330 | 474,600 | 1,640 | 218,000 | 750 |
| ![](https://upload.wikimedia.org/wikipedia/commons/thumb/f/f6/Flag_of_Utah.svg/40px-Flag_of_Utah.svg.png)[Utah \*](https://en.wikipedia.org/wiki/Crime_in_Utah ""Crime in Utah"") | 26,800 | 840 | 16,600 | 520 | 12,500 | 390 |
| ![](https://upload.wikimedia.org/wikipedia/commons/thumb/4/49/Flag_of_Vermont.svg/40px-Flag_of_Vermont.svg.png)[Vermont \*](https://en.wikipedia.org/wiki/Crime_in_Vermont ""Crime in Vermont"") | 6,500 | 1,030 | 4,800 | 770 | 1,700 | 260 |
| ![](https://upload.wikimedia.org/wikipedia/commons/thumb/4/47/Flag_of_Virginia.svg/40px-Flag_of_Virginia.svg.png)[Virginia \*](https://en.wikipedia.org/wiki/Crime_in_Virginia ""Crime in Virginia"") | 122,000 | 1,430 | 65,000 | 760 | 57,100 | 670 |
| ![](https://upload.wikimedia.org/wikipedia/commons/thumb/5/54/Flag_of_Washington.svg/40px-Flag_of_Washington.svg.png)[Washington \*](https://en.wikipedia.org/wiki/Crime_in_Washington_(state) ""Crime in Washington (state)"") | 115,200 | 1,520 | 88,900 | 1,170 | 30,900 | 410 |
| ![](https://upload.wikimedia.org/wikipedia/commons/thumb/2/22/Flag_of_West_Virginia.svg/40px-Flag_of_West_Virginia.svg.png)[West Virginia \*](https://en.wikipedia.org/wiki/Crime_in_West_Virginia ""Crime in West Virginia"") | 21,500 | 1,190 | 10,900 | 600 | 10,600 | 590 |
| ![](https://upload.wikimedia.org/wikipedia/commons/thumb/2/22/Flag_of_Wisconsin.svg/40px-Flag_of_Wisconsin.svg.png)[Wisconsin \*](https://en.wikipedia.org/wiki/Crime_in_Wisconsin ""Crime in Wisconsin"") | 100,600 | 1,730 | 63,900 | 1,100 | 36,700 | 630 |
| ![](https://upload.wikimedia.org/wikipedia/commons/thumb/b/bc/Flag_of_Wyoming.svg/40px-Flag_of_Wyoming.svg.png)[Wyoming \*](https://en.wikipedia.org/wiki/Crime_in_Wyoming ""Crime in Wyoming"") | 9,900 | 1,720 | 6,300 | 1,090 | 4,000 | 700 |

Correctional supervision numbers for Dec 31, 2018. ""In community"" is community supervision. Rates are per 100,000 adults

## Male and female incarceration and correctional supervision

\[ [edit](https://en.wikipedia.org/w/index.php?title=List_of_U.S._states_and_territories_by_incarceration_and_correctional_supervision_rate&action=edit&section=7 ""Edit section: Male and female incarceration and correctional supervision"")\]

Further information: [Incarceration of women in the United States](https://en.wikipedia.org/wiki/Incarceration_of_women_in_the_United_States ""Incarceration of women in the United States"")

See also: [List of countries by incarceration rate § Female incarceration rates by country and U.S. state](https://en.wikipedia.org/wiki/List_of_countries_by_incarceration_rate#Female_incarceration_rates_by_country_and_U.S._state ""List of countries by incarceration rate"")

In 2015 there were 1,942,500 male and 202,600 female inmates in prisons and jails. That is 10.4% female.[\[25\]](https://en.wikipedia.org/wiki/List_of_U.S._states_and_territories_by_incarceration_and_correctional_supervision_rate#cite_note-cpusa2015-25)

- **Note:** The state, federal, and U.S. total rows sort, but they come back to the top after further sorting.
- **Asterisk (\*)** indicates **""Incarceration in STATE""** or **""Crime in STATE""** links.

2015 male and female incarceration and correctional supervision numbers. Rate is per 100,000 of all ages.

| Jurisdiction | Parole, probation, etc. | Incarcerated |
| --- | --- | --- |
| Number | Rate | Number | Rate |
| --- | --- | --- | --- |
| Total | Male | Female | Male | Female | Total | Male | Female | Male | Female |
| --- | --- | --- | --- | --- | --- | --- | --- | --- | --- |
| State | 4,518,100 | 3,485,100 | 1,033,000 | 2,190 | 630 | 1,949,400 | 1,759,700 | 189,800 | 1,450 | 150 |
| Federal | 132,800 | 109,200 | 23,700 | 70 | 10 | 195,700 | 182,800 | 12,900 | 150 | 10 |
| U.S. total | 4,650,900 | 3,594,300 | 1,056,700 | 2,260 | 640 | 2,145,100 | 1,942,500 | 202,600 | 1,600 | 160 |
| ![](https://upload.wikimedia.org/wikipedia/commons/thumb/5/5c/Flag_of_Alabama.svg/40px-Flag_of_Alabama.svg.png)[Alabama \*](https://en.wikipedia.org/wiki/Crime_in_Alabama ""Crime in Alabama"") | 64,600 | 50,600 | 14,000 | 2,140 | 560 | 42,900 | 38,600 | 4,300 | 1,640 | 170 |
| ![](https://upload.wikimedia.org/wikipedia/commons/thumb/e/e6/Flag_of_Alaska.svg/40px-Flag_of_Alaska.svg.png)[Alaska \*](https://en.wikipedia.org/wiki/Crime_in_Alaska ""Crime in Alaska"") | 8,500 | 6,600 | 1,900 | 1,700 | 550 | 5,400 | 4,800 | 600 | 1,230 | 170 |
| ![](https://upload.wikimedia.org/wikipedia/commons/thumb/9/9d/Flag_of_Arizona.svg/40px-Flag_of_Arizona.svg.png)[Arizona \*](https://en.wikipedia.org/wiki/Crime_in_Arizona ""Crime in Arizona"") | 83,300 | 66,700 | 16,700 | 1,950 | 480 | 54,900 | 49,100 | 5,800 | 1,440 | 170 |
| ![](https://upload.wikimedia.org/wikipedia/commons/thumb/9/9d/Flag_of_Arkansas.svg/40px-Flag_of_Arkansas.svg.png)[Arkansas \*](https://en.wikipedia.org/wiki/Crime_in_Arkansas ""Crime in Arkansas"") | 51,500 | 39,000 | 12,500 | 2,660 | 820 | 24,000 | 21,200 | 2,800 | 1,450 | 180 |
| ![](https://upload.wikimedia.org/wikipedia/commons/thumb/0/01/Flag_of_California.svg/40px-Flag_of_California.svg.png)[California \*](https://en.wikipedia.org/wiki/Incarceration_in_California ""Incarceration in California"") | 349,600 | 277,500 | 72,100 | 1,420 | 360 | 201,000 | 186,000 | 15,100 | 950 | 80 |
| ![](https://upload.wikimedia.org/wikipedia/commons/thumb/4/46/Flag_of_Colorado.svg/40px-Flag_of_Colorado.svg.png)[Colorado \*](https://en.wikipedia.org/wiki/Crime_in_Colorado ""Crime in Colorado"") | 89,200 | 66,700 | 22,400 | 2,410 | 820 | 31,800 | 28,000 | 3,800 | 1,010 | 140 |
| ![](https://upload.wikimedia.org/wikipedia/commons/thumb/9/96/Flag_of_Connecticut.svg/20px-Flag_of_Connecticut.svg.png)[Connecticut \*](https://en.wikipedia.org/wiki/Crime_in_Connecticut ""Crime in Connecticut"") | 45,300 | 35,700 | 9,500 | 2,040 | 520 | 15,800 | 14,700 | 1,100 | 840 | 60 |
| ![](https://upload.wikimedia.org/wikipedia/commons/thumb/c/c6/Flag_of_Delaware.svg/40px-Flag_of_Delaware.svg.png)[Delaware \*](https://en.wikipedia.org/wiki/Crime_in_Delaware ""Crime in Delaware"") | 16,100 | 12,400 | 3,700 | 2,690 | 760 | 6,700 | 6,100 | 500 | 1,330 | 110 |
| ![](https://upload.wikimedia.org/wikipedia/commons/thumb/0/03/Flag_of_Washington%2C_D.C.svg/40px-Flag_of_Washington%2C_D.C.svg.png)[District of Columbia \*](https://en.wikipedia.org/wiki/Crime_in_Washington,_D.C. ""Crime in Washington, D.C."") | 9,900 | 8,500 | 1,400 | 2,640 | 400 | 1,800 | 1,700 | 100 | 530 | 30 |
| ![](https://upload.wikimedia.org/wikipedia/commons/thumb/f/f7/Flag_of_Florida.svg/40px-Flag_of_Florida.svg.png)[Florida \*](https://en.wikipedia.org/wiki/Incarceration_in_Florida ""Incarceration in Florida"") | 225,400 | 167,000 | 58,400 | 1,670 | 560 | 153,000 | 137,900 | 15,100 | 1,380 | 140 |
| ![](https://upload.wikimedia.org/wikipedia/commons/thumb/0/08/Flag_of_the_State_of_Georgia.svg/40px-Flag_of_the_State_of_Georgia.svg.png)[Georgia \*](https://en.wikipedia.org/wiki/Crime_in_Georgia_(U.S._state) ""Crime in Georgia (U.S. state)"") | 451,800 | 353,600 | 98,200 | 7,060 | 1,870 | 88,500 | 79,600 | 8,900 | 1,590 | 170 |
| ![](https://upload.wikimedia.org/wikipedia/commons/thumb/e/ef/Flag_of_Hawaii.svg/40px-Flag_of_Hawaii.svg.png)[Hawaii \*](https://en.wikipedia.org/wiki/Crime_in_Hawaii ""Crime in Hawaii"") | 22,500 | 17,200 | 5,300 | 2,360 | 740 | 5,900 | 5,200 | 700 | 710 | 100 |
| ![](https://upload.wikimedia.org/wikipedia/commons/thumb/a/a4/Flag_of_Idaho.svg/20px-Flag_of_Idaho.svg.png)[Idaho \*](https://en.wikipedia.org/wiki/Crime_in_Idaho ""Crime in Idaho"") | 37,800 | 28,100 | 9,700 | 3,370 | 1,160 | 10,900 | 9,300 | 1,600 | 1,120 | 190 |
| ![](https://upload.wikimedia.org/wikipedia/commons/thumb/0/01/Flag_of_Illinois.svg/40px-Flag_of_Illinois.svg.png)[Illinois \*](https://en.wikipedia.org/wiki/Crime_in_Illinois ""Crime in Illinois"") | 151,300 | 118,200 | 33,100 | 1,870 | 510 | 63,900 | 59,500 | 4,400 | 940 | 70 |
| ![](https://upload.wikimedia.org/wikipedia/commons/thumb/a/ac/Flag_of_Indiana.svg/40px-Flag_of_Indiana.svg.png)[Indiana \*](https://en.wikipedia.org/wiki/Crime_in_Indiana ""Crime in Indiana"") | 122,500 | 93,100 | 29,400 | 2,850 | 870 | 43,500 | 38,200 | 5,200 | 1,170 | 160 |
| ![](https://upload.wikimedia.org/wikipedia/commons/thumb/a/aa/Flag_of_Iowa.svg/40px-Flag_of_Iowa.svg.png)[Iowa \*](https://en.wikipedia.org/wiki/Crime_in_Iowa ""Crime in Iowa"") | 35,600 | 26,900 | 8,700 | 1,730 | 550 | 12,900 | 11,500 | 1,400 | 740 | 90 |
| ![](https://upload.wikimedia.org/wikipedia/commons/thumb/d/da/Flag_of_Kansas.svg/40px-Flag_of_Kansas.svg.png)[Kansas \*](https://en.wikipedia.org/wiki/Crime_in_Kansas ""Crime in Kansas"") | 20,900 | 16,400 | 4,500 | 1,120 | 310 | 16,600 | 14,800 | 1,800 | 1,010 | 130 |
| ![](https://upload.wikimedia.org/wikipedia/commons/thumb/8/8d/Flag_of_Kentucky.svg/40px-Flag_of_Kentucky.svg.png)[Kentucky \*](https://en.wikipedia.org/wiki/Crime_in_Kentucky ""Crime in Kentucky"") | 70,600 | 49,400 | 21,300 | 2,260 | 940 | 33,800 | 28,700 | 5,100 | 1,310 | 230 |
| ![](https://upload.wikimedia.org/wikipedia/commons/thumb/e/e0/Flag_of_Louisiana.svg/40px-Flag_of_Louisiana.svg.png)[Louisiana \*](https://en.wikipedia.org/wiki/Crime_in_Louisiana ""Crime in Louisiana"") | 71,900 | 57,400 | 14,500 | 2,510 | 600 | 49,000 | 45,400 | 3,600 | 1,980 | 150 |
| ![](https://upload.wikimedia.org/wikipedia/commons/thumb/3/35/Flag_of_Maine.svg/20px-Flag_of_Maine.svg.png)[Maine](https://en.wikipedia.org/wiki/Maine ""Maine"") | 6,700 | 5,400 | 1,400 | 820 | 200 | 4,000 | 3,500 | 500 | 540 | 70 |
| ![](https://upload.wikimedia.org/wikipedia/commons/thumb/a/a0/Flag_of_Maryland.svg/40px-Flag_of_Maryland.svg.png)[Maryland \*](https://en.wikipedia.org/wiki/Crime_in_Maryland ""Crime in Maryland"") | 87,400 | 71,800 | 15,600 | 2,460 | 500 | 29,700 | 27,800 | 1,900 | 950 | 60 |
| ![](https://upload.wikimedia.org/wikipedia/commons/thumb/f/f2/Flag_of_Massachusetts.svg/40px-Flag_of_Massachusetts.svg.png)[Massachusetts \*](https://en.wikipedia.org/wiki/Crime_in_Massachusetts ""Crime in Massachusetts"") | 66,900 | 52,600 | 14,300 | 1,590 | 410 | 20,100 | 19,000 | 1,200 | 570 | 30 |
| ![](https://upload.wikimedia.org/wikipedia/commons/thumb/b/b5/Flag_of_Michigan.svg/40px-Flag_of_Michigan.svg.png)[Michigan \*](https://en.wikipedia.org/wiki/Crime_in_Michigan ""Crime in Michigan"") | 193,900 | 147,700 | 46,100 | 3,020 | 910 | 57,700 | 53,100 | 4,600 | 1,090 | 90 |
| ![](https://upload.wikimedia.org/wikipedia/commons/thumb/b/b9/Flag_of_Minnesota.svg/40px-Flag_of_Minnesota.svg.png)[Minnesota \*](https://en.wikipedia.org/wiki/Crime_in_Minnesota ""Crime in Minnesota"") | 105,100 | 81,000 | 24,000 | 2,960 | 870 | 16,500 | 14,800 | 1,600 | 540 | 60 |
| ![](https://upload.wikimedia.org/wikipedia/commons/thumb/4/42/Flag_of_Mississippi.svg/40px-Flag_of_Mississippi.svg.png)[Mississippi \*](https://en.wikipedia.org/wiki/Crime_in_Mississippi ""Crime in Mississippi"") | 44,800 | 35,500 | 9,300 | 2,440 | 600 | 28,000 | 25,800 | 2,300 | 1,770 | 150 |
| ![](https://upload.wikimedia.org/wikipedia/commons/thumb/5/5a/Flag_of_Missouri.svg/40px-Flag_of_Missouri.svg.png)[Missouri \*](https://en.wikipedia.org/wiki/Crime_in_Missouri ""Crime in Missouri"") | 62,600 | 47,600 | 15,000 | 1,590 | 480 | 43,400 | 38,500 | 4,900 | 1,290 | 160 |
| ![](https://upload.wikimedia.org/wikipedia/commons/thumb/c/cb/Flag_of_Montana.svg/40px-Flag_of_Montana.svg.png)[Montana \*](https://en.wikipedia.org/wiki/Crime_in_Montana ""Crime in Montana"") | 9,700 | 7,400 | 2,300 | 1,430 | 440 | 5,600 | 4,800 | 800 | 930 | 150 |
| ![](https://upload.wikimedia.org/wikipedia/commons/thumb/4/4d/Flag_of_Nebraska.svg/40px-Flag_of_Nebraska.svg.png)[Nebraska \*](https://en.wikipedia.org/wiki/Crime_in_Nebraska ""Crime in Nebraska"") | 13,700 | 10,000 | 3,700 | 1,050 | 390 | 8,600 | 7,700 | 900 | 810 | 100 |
| ![](https://upload.wikimedia.org/wikipedia/commons/thumb/f/f1/Flag_of_Nevada.svg/40px-Flag_of_Nevada.svg.png)[Nevada \*](https://en.wikipedia.org/wiki/Crime_in_Nevada ""Crime in Nevada"") | 19,200 | 15,200 | 4,000 | 1,040 | 270 | 19,100 | 16,800 | 2,300 | 1,150 | 160 |
| ![](https://upload.wikimedia.org/wikipedia/commons/thumb/2/28/Flag_of_New_Hampshire.svg/40px-Flag_of_New_Hampshire.svg.png)[New Hampshire](https://en.wikipedia.org/wiki/New_Hampshire ""New Hampshire"") | 6,300 | 4,900 | 1,400 | 750 | 210 | 4,600 | 4,100 | 500 | 620 | 80 |
| ![](https://upload.wikimedia.org/wikipedia/commons/thumb/9/92/Flag_of_New_Jersey.svg/40px-Flag_of_New_Jersey.svg.png)[New Jersey \*](https://en.wikipedia.org/wiki/Crime_in_New_Jersey ""Crime in New Jersey"") | 151,300 | 117,700 | 33,700 | 2,690 | 730 | 33,900 | 31,700 | 2,200 | 720 | 50 |
| ![](https://upload.wikimedia.org/wikipedia/commons/thumb/c/c3/Flag_of_New_Mexico.svg/40px-Flag_of_New_Mexico.svg.png)[New Mexico \*](https://en.wikipedia.org/wiki/Crime_in_New_Mexico ""Crime in New Mexico"") | 16,800 | 12,600 | 4,200 | 1,210 | 400 | 15,100 | 13,300 | 1,800 | 1,290 | 170 |
| ![](https://upload.wikimedia.org/wikipedia/commons/thumb/1/1a/Flag_of_New_York.svg/40px-Flag_of_New_York.svg.png)[New York \*](https://en.wikipedia.org/wiki/Crime_in_New_York_(state) ""Crime in New York (state)"") | 145,600 | 120,500 | 25,000 | 1,250 | 250 | 75,900 | 71,100 | 4,800 | 740 | 50 |
| ![](https://upload.wikimedia.org/wikipedia/commons/thumb/b/bb/Flag_of_North_Carolina.svg/40px-Flag_of_North_Carolina.svg.png)[North Carolina \*](https://en.wikipedia.org/wiki/Crime_in_North_Carolina ""Crime in North Carolina"") | 97,400 | 73,400 | 24,000 | 1,490 | 460 | 53,800 | 48,800 | 5,000 | 990 | 100 |
| ![](https://upload.wikimedia.org/wikipedia/commons/thumb/e/ee/Flag_of_North_Dakota.svg/20px-Flag_of_North_Dakota.svg.png)[North Dakota \*](https://en.wikipedia.org/wiki/Crime_in_North_Dakota ""Crime in North Dakota"") | 6,900 | 5,100 | 1,800 | 1,300 | 490 | 3,200 | 2,700 | 400 | 690 | 120 |
| ![](https://upload.wikimedia.org/wikipedia/commons/thumb/4/4c/Flag_of_Ohio.svg/40px-Flag_of_Ohio.svg.png)[Ohio \*](https://en.wikipedia.org/wiki/Crime_in_Ohio ""Crime in Ohio"") | 262,000 | 189,700 | 72,300 | 3,330 | 1,220 | 70,700 | 62,800 | 7,900 | 1,100 | 130 |
| ![](https://upload.wikimedia.org/wikipedia/commons/thumb/6/6e/Flag_of_Oklahoma.svg/40px-Flag_of_Oklahoma.svg.png)[Oklahoma \*](https://en.wikipedia.org/wiki/Incarceration_in_Oklahoma ""Incarceration in Oklahoma"") | 33,400 | 25,700 | 7,700 | 1,320 | 390 | 39,700 | 34,400 | 5,300 | 1,770 | 270 |
| ![](https://upload.wikimedia.org/wikipedia/commons/thumb/b/b9/Flag_of_Oregon.svg/40px-Flag_of_Oregon.svg.png)[Oregon \*](https://en.wikipedia.org/wiki/Crime_in_Oregon ""Crime in Oregon"") | 61,900 | 49,600 | 12,300 | 2,470 | 600 | 21,000 | 18,600 | 2,400 | 930 | 120 |
| ![](https://upload.wikimedia.org/wikipedia/commons/thumb/f/f7/Flag_of_Pennsylvania.svg/40px-Flag_of_Pennsylvania.svg.png)[Pennsylvania \*](https://en.wikipedia.org/wiki/Crime_in_Pennsylvania ""Crime in Pennsylvania"") | 296,200 | 223,500 | 72,700 | 3,560 | 1,110 | 83,900 | 76,300 | 7,600 | 1,220 | 120 |
| ![](https://upload.wikimedia.org/wikipedia/commons/thumb/f/f3/Flag_of_Rhode_Island.svg/20px-Flag_of_Rhode_Island.svg.png)[Rhode Island \*](https://en.wikipedia.org/wiki/Crime_in_Rhode_Island ""Crime in Rhode Island"") | 24,400 | 20,600 | 3,800 | 4,010 | 690 | 3,200 | 3,100 | 100 | 600 | 30 |
| ![](https://upload.wikimedia.org/wikipedia/commons/thumb/6/69/Flag_of_South_Carolina.svg/40px-Flag_of_South_Carolina.svg.png)[South Carolina \*](https://en.wikipedia.org/wiki/Crime_in_South_Carolina ""Crime in South Carolina"") | 38,500 | 30,500 | 8,000 | 1,280 | 320 | 31,600 | 28,900 | 2,800 | 1,210 | 110 |
| ![](https://upload.wikimedia.org/wikipedia/commons/thumb/1/1a/Flag_of_South_Dakota.svg/40px-Flag_of_South_Dakota.svg.png)[South Dakota \*](https://en.wikipedia.org/wiki/Crime_in_South_Dakota ""Crime in South Dakota"") | 9,800 | 7,500 | 2,300 | 1,720 | 540 | 5,300 | 4,600 | 800 | 1,050 | 180 |
| ![](https://upload.wikimedia.org/wikipedia/commons/thumb/9/9e/Flag_of_Tennessee.svg/40px-Flag_of_Tennessee.svg.png)[Tennessee \*](https://en.wikipedia.org/wiki/Crime_in_Tennessee ""Crime in Tennessee"") | 75,400 | 57,100 | 18,300 | 1,770 | 540 | 48,000 | 41,600 | 6,500 | 1,290 | 190 |
| ![](https://upload.wikimedia.org/wikipedia/commons/thumb/f/f7/Flag_of_Texas.svg/40px-Flag_of_Texas.svg.png)[Texas \*](https://en.wikipedia.org/wiki/Crime_in_Texas ""Crime in Texas"") | 488,800 | 375,200 | 113,600 | 2,730 | 810 | 214,800 | 192,500 | 22,300 | 1,400 | 160 |
| ![](https://upload.wikimedia.org/wikipedia/commons/thumb/f/f6/Flag_of_Utah.svg/40px-Flag_of_Utah.svg.png)[Utah \*](https://en.wikipedia.org/wiki/Crime_in_Utah ""Crime in Utah"") | 15,700 | 12,000 | 3,700 | 790 | 240 | 11,700 | 10,100 | 1,600 | 660 | 110 |
| ![](https://upload.wikimedia.org/wikipedia/commons/thumb/4/49/Flag_of_Vermont.svg/40px-Flag_of_Vermont.svg.png)[Vermont \*](https://en.wikipedia.org/wiki/Crime_in_Vermont ""Crime in Vermont"") | 6,300 | 4,800 | 1,500 | 1,550 | 470 | 1,800 | 1,600 | 200 | 520 | 50 |
| ![](https://upload.wikimedia.org/wikipedia/commons/thumb/4/47/Flag_of_Virginia.svg/40px-Flag_of_Virginia.svg.png)[Virginia \*](https://en.wikipedia.org/wiki/Crime_in_Virginia ""Crime in Virginia"") | 57,000 | 43,700 | 13,300 | 1,060 | 310 | 57,300 | 51,000 | 6,300 | 1,230 | 150 |
| ![](https://upload.wikimedia.org/wikipedia/commons/thumb/5/54/Flag_of_Washington.svg/40px-Flag_of_Washington.svg.png)[Washington \*](https://en.wikipedia.org/wiki/Crime_in_Washington_(state) ""Crime in Washington (state)"") | 104,700 | 81,600 | 23,200 | 2,260 | 640 | 29,700 | 26,300 | 3,400 | 730 | 90 |
| ![](https://upload.wikimedia.org/wikipedia/commons/thumb/2/22/Flag_of_West_Virginia.svg/40px-Flag_of_West_Virginia.svg.png)[West Virginia \*](https://en.wikipedia.org/wiki/Crime_in_West_Virginia ""Crime in West Virginia"") | 10,100 | 7,300 | 2,800 | 800 | 300 | 10,100 | 8,700 | 1,400 | 950 | 150 |
| ![](https://upload.wikimedia.org/wikipedia/commons/thumb/2/22/Flag_of_Wisconsin.svg/40px-Flag_of_Wisconsin.svg.png)[Wisconsin \*](https://en.wikipedia.org/wiki/Crime_in_Wisconsin ""Crime in Wisconsin"") | 65,600 | 52,700 | 12,900 | 1,830 | 440 | 35,000 | 31,800 | 3,100 | 1,110 | 110 |
| ![](https://upload.wikimedia.org/wikipedia/commons/thumb/b/bc/Flag_of_Wyoming.svg/40px-Flag_of_Wyoming.svg.png)[Wyoming \*](https://en.wikipedia.org/wiki/Crime_in_Wyoming ""Crime in Wyoming"") | 5,900 | 4,300 | 1,600 | 1,450 | 550 | 3,900 | 3,400 | 600 | 1,130 | 200 |

2015 male and female incarceration and correctional supervision numbers. Rate is per 100,000 of all ages.

## U.S. states compared to countries

\[ [edit](https://en.wikipedia.org/w/index.php?title=List_of_U.S._states_and_territories_by_incarceration_and_correctional_supervision_rate&action=edit&section=8 ""Edit section: U.S. states compared to countries"")\]

[![](https://upload.wikimedia.org/wikipedia/commons/thumb/4/4f/Female_incarceration_rates_by_country_and_US_state.gif/250px-Female_incarceration_rates_by_country_and_US_state.gif)](https://en.wikipedia.org/wiki/File:Female_incarceration_rates_by_country_and_US_state.gif) Female incarceration rates by country and U.S. state.[\[10\]](https://en.wikipedia.org/wiki/List_of_U.S._states_and_territories_by_incarceration_and_correctional_supervision_rate#cite_note-females-10)

[![](https://upload.wikimedia.org/wikipedia/commons/thumb/9/99/World_incarceration_rates_if_every_U.S._state_were_a_country.png/250px-World_incarceration_rates_if_every_U.S._state_were_a_country.png)](https://en.wikipedia.org/wiki/File:World_incarceration_rates_if_every_U.S._state_were_a_country.png) World incarceration rates by country and U.S. state.[\[26\]](https://en.wikipedia.org/wiki/List_of_U.S._states_and_territories_by_incarceration_and_correctional_supervision_rate#cite_note-PPI-2024-world-26)

See first chart to right. The data is from various years, and is the latest available as of **June 2024.** From the source report: ""This graph shows the number of people in state prisons, local jails, federal prisons, and other systems of confinement from each U.S. state and territory per 100,000 people in that state or territory and the incarceration rate per 100,000 in all countries with a total population of at least 500,000.""[\[26\]](https://en.wikipedia.org/wiki/List_of_U.S._states_and_territories_by_incarceration_and_correctional_supervision_rate#cite_note-PPI-2024-world-26)

## Female incarceration in U.S. states and countries

\[ [edit](https://en.wikipedia.org/w/index.php?title=List_of_U.S._states_and_territories_by_incarceration_and_correctional_supervision_rate&action=edit&section=9 ""Edit section: Female incarceration in U.S. states and countries"")\]

See second chart at right. [Female incarceration](https://en.wikipedia.org/wiki/Incarceration_of_women ""Incarceration of women"") rates by country and U.S. state. Per 100,000 female population of all ages. Incarcerated females of all ages (where the data are available). From a **2018** report with latest available data. From the source report: ""This graph shows the number of women in state prisons, local jails, and federal prisons from each U.S. state per 100,000 people in that state and the incarceration rate per 100,000 in all countries with at least a half million in total population.""[\[10\]](https://en.wikipedia.org/wiki/List_of_U.S._states_and_territories_by_incarceration_and_correctional_supervision_rate#cite_note-females-10)

## See also

\[ [edit](https://en.wikipedia.org/w/index.php?title=List_of_U.S._states_and_territories_by_incarceration_and_correctional_supervision_rate&action=edit&section=10 ""Edit section: See also"")\]

- [United States incarceration rate](https://en.wikipedia.org/wiki/United_States_incarceration_rate ""United States incarceration rate"")
- [Incarceration in the United States](https://en.wikipedia.org/wiki/Incarceration_in_the_United_States ""Incarceration in the United States"")
- [Incarceration of women in the United States](https://en.wikipedia.org/wiki/Incarceration_of_women_in_the_United_States ""Incarceration of women in the United States"")
- [Racial and ethnic demographics of the United States](https://en.wikipedia.org/wiki/Racial_and_ethnic_demographics_of_the_United_States ""Racial and ethnic demographics of the United States"")
- [Race and the war on drugs](https://en.wikipedia.org/wiki/Race_and_the_war_on_drugs ""Race and the war on drugs"")
- [Youth incarceration in the United States](https://en.wikipedia.org/wiki/Youth_incarceration_in_the_United_States ""Youth incarceration in the United States"")
- [School-to-prison pipeline](https://en.wikipedia.org/wiki/School-to-prison_pipeline ""School-to-prison pipeline"")
- [List of U.S. states by homicide rate](https://en.wikipedia.org/wiki/List_of_U.S._states_by_homicide_rate ""List of U.S. states by homicide rate"")

## References

\[ [edit](https://en.wikipedia.org/w/index.php?title=List_of_U.S._states_and_territories_by_incarceration_and_correctional_supervision_rate&action=edit&section=11 ""Edit section: References"")\]

01. ^ [Jump up to: _**a**_](https://en.wikipedia.org/wiki/List_of_U.S._states_and_territories_by_incarceration_and_correctional_supervision_rate#cite_ref-PPI-2024_1-0) [_**b**_](https://en.wikipedia.org/wiki/List_of_U.S._states_and_territories_by_incarceration_and_correctional_supervision_rate#cite_ref-PPI-2024_1-1) [_**c**_](https://en.wikipedia.org/wiki/List_of_U.S._states_and_territories_by_incarceration_and_correctional_supervision_rate#cite_ref-PPI-2024_1-2)Widra, Emily (June 2024). [""Appendix 1 - States of Incarceration: The Global Context 2024""](https://www.prisonpolicy.org/global/appendix_states_2024.html). _[Prison Policy Initiative](https://en.wikipedia.org/wiki/Prison_Policy_Initiative ""Prison Policy Initiative"")_. See tooltips, and scroll past table for detailed sourcing.
02. **[^](https://en.wikipedia.org/wiki/List_of_U.S._states_and_territories_by_incarceration_and_correctional_supervision_rate#cite_ref-Territories_2-0 ""Jump up"")**[US territories](https://en.wikipedia.org/wiki/US_territories ""US territories""). From [World Prison Brief](https://en.wikipedia.org/wiki/World_Prison_Brief ""World Prison Brief""). Prisonstudies.org pages: [American Samoa](http://www.prisonstudies.org/country/american-samoa-usa). [Guam](http://www.prisonstudies.org/country/guam-usa). [Northern Mariana Islands](http://www.prisonstudies.org/country/northern-mariana-islands-usa). [Puerto Rico](http://www.prisonstudies.org/country/puerto-rico-usa). [Virgin Islands](http://www.prisonstudies.org/country/virgin-islands-usa).
03. **[^](https://en.wikipedia.org/wiki/List_of_U.S._states_and_territories_by_incarceration_and_correctional_supervision_rate#cite_ref-cjrp_3-0 ""Jump up"")**Sickmund, M., Sladky, T.J., Kang, W., & Puzzanchera, C.. "" [Easy Access to the Census of Juveniles in Residential Placement](https://www.ojjdp.gov/ojstatbb/ezacjrp/)"". [Office of Juvenile Justice and Delinquency Prevention](https://en.wikipedia.org/wiki/Office_of_Juvenile_Justice_and_Delinquency_Prevention ""Office of Juvenile Justice and Delinquency Prevention""). Click ""National Crosstabs"" at the top, and then choose the census years. Click ""Show table"" to get the total number of juvenile inmates for those years. Or go **[here](https://www.ojjdp.gov/ojstatbb/ezacjrp/asp/display.asp)** for all the years. And [here](https://commons.wikimedia.org/wiki/File:Total_juvenile_detention_chart_for_the_U.S..gif ""commons:File:Total juvenile detention chart for the U.S..gif"").
04. ^ [Jump up to: _**a**_](https://en.wikipedia.org/wiki/List_of_U.S._states_and_territories_by_incarceration_and_correctional_supervision_rate#cite_ref-icps8_4-0) [_**b**_](https://en.wikipedia.org/wiki/List_of_U.S._states_and_territories_by_incarceration_and_correctional_supervision_rate#cite_ref-icps8_4-1)Walmsley, Roy (30 Jan 2009). [World Prison Population List (8th Edition)](http://www.prisonstudies.org/sites/default/files/resources/downloads/wppl-8th_41.pdf). From [World Prison Population Lists](http://www.prisonstudies.org/research-publications?shs_term_node_tid_depth=27). By [World Prison Brief](https://en.wikipedia.org/wiki/World_Prison_Brief ""World Prison Brief""). ""The information is the latest available in early December 2008. … Most figures relate to dates between the beginning of 2006 and the end of November 2008."" According to the summary on page one there were 2.29 million U.S. inmates and 9.8 million inmates worldwide. The U.S. held 23.4% of the world's inmates. The U.S. total in this report is for December 31, 2007 (see page 3), and does not include inmates in juvenile detention facilities.
05. ^ [Jump up to: _**a**_](https://en.wikipedia.org/wiki/List_of_U.S._states_and_territories_by_incarceration_and_correctional_supervision_rate#cite_ref-cpusa2016_5-0) [_**b**_](https://en.wikipedia.org/wiki/List_of_U.S._states_and_territories_by_incarceration_and_correctional_supervision_rate#cite_ref-cpusa2016_5-1)[Correctional Populations in the United States, 2016](https://www.bjs.gov/index.cfm?ty=pbdetail&iid=6226) (NCJ 251211). Published April 2018 by [U.S. Bureau of Justice Statistics](https://en.wikipedia.org/wiki/U.S._Bureau_of_Justice_Statistics ""U.S. Bureau of Justice Statistics"") (BJS). By Danielle Kaeble and Mary Cowhig, _BJS statisticians._ See [PDF](https://www.bjs.gov/content/pub/pdf/cpus16.pdf). Appendix table 1 on page 11 has rates and counts by state. See page 1 ""highlights"" section for the ""1 in ..."" numbers. See table 4 on page 4 for a timeline of nationwide incarceration rates. See appendix table 3 on page 13, for ""Persons held in custody in state or federal prisons or in local jails, 2000, 2010, and 2015–2016"". That table also has incarceration rates. See appendix table 2 on page 12 for the number or persons incarcerated in territorial prisons, military facilities, and jails in Indian country.
06. **[^](https://en.wikipedia.org/wiki/List_of_U.S._states_and_territories_by_incarceration_and_correctional_supervision_rate#cite_ref-Vera_6-0 ""Jump up"")**Jacob Kang-Brown, Chase Montagnet, and Jasmine Heiss. [People in Jail and Prison in Spring 2021](https://www.vera.org/publications/people-in-jail-and-prison-in-spring-2021). New York: [Vera Institute of Justice](https://en.wikipedia.org/wiki/Vera_Institute_of_Justice ""Vera Institute of Justice""), 2021.
07. **[^](https://en.wikipedia.org/wiki/List_of_U.S._states_and_territories_by_incarceration_and_correctional_supervision_rate#cite_ref-pewcenterstudy_7-0 ""Jump up"")**[One in 100: Behind Bars in America 2008](http://www.pewtrusts.org/en/research-and-analysis/reports/2008/02/28/one-in-100-behind-bars-in-america-2008). February 28, 2008. [The Pew Center on the States](https://en.wikipedia.org/wiki/Pew_Charitable_Trusts ""Pew Charitable Trusts"").
08. **[^](https://en.wikipedia.org/wiki/List_of_U.S._states_and_territories_by_incarceration_and_correctional_supervision_rate#cite_ref-nytimes2008feb_8-0 ""Jump up"")**[Liptak, Adam](https://en.wikipedia.org/wiki/Liptak,_Adam ""Liptak, Adam"") (28 Feb 2008). [1 in 100 U.S. Adults Behind Bars, New Study Says](https://www.nytimes.com/2008/02/28/us/28cnd-prison.html). _[New York Times](https://en.wikipedia.org/wiki/New_York_Times ""New York Times"")_.
09. ^ [Jump up to: _**a**_](https://en.wikipedia.org/wiki/List_of_U.S._states_and_territories_by_incarceration_and_correctional_supervision_rate#cite_ref-WorldPrisonBrief_9-0) [_**b**_](https://en.wikipedia.org/wiki/List_of_U.S._states_and_territories_by_incarceration_and_correctional_supervision_rate#cite_ref-WorldPrisonBrief_9-1)[Highest to Lowest](http://www.prisonstudies.org/highest-to-lowest). [World Prison Brief](https://en.wikipedia.org/wiki/World_Prison_Brief ""World Prison Brief"") (WPB). Use dropdown menu to choose lists of countries by region, or the whole world. Use menu to select highest-to-lowest lists of prison population totals, prison population rates, percentage of pre-trial detainees / remand prisoners, percentage of female prisoners, percentage of foreign prisoners, and occupancy rate. Column headings in WPB tables can be clicked to reorder columns lowest to highest, or alphabetically. For detailed information for each country click on any country name in lists. See also the [WPB main data page](http://www.prisonstudies.org/world-prison-brief-data) and click on the map links and/or the sidebar links to get to the region and country desired.
10. ^ [Jump up to: _**a**_](https://en.wikipedia.org/wiki/List_of_U.S._states_and_territories_by_incarceration_and_correctional_supervision_rate#cite_ref-females_10-0) [_**b**_](https://en.wikipedia.org/wiki/List_of_U.S._states_and_territories_by_incarceration_and_correctional_supervision_rate#cite_ref-females_10-1) [_**c**_](https://en.wikipedia.org/wiki/List_of_U.S._states_and_territories_by_incarceration_and_correctional_supervision_rate#cite_ref-females_10-2)Kajstura, Aleks (June 2018). [""States of Women's Incarceration: The Global Context 2018""](http://www.prisonpolicy.org/global/women/2018.html). _[Prison Policy Initiative](https://en.wikipedia.org/wiki/Prison_Policy_Initiative ""Prison Policy Initiative"")_. See the [appendix](https://www.prisonpolicy.org/global/appendix_2018.html) for a detailed data breakdown.
11. **[^](https://en.wikipedia.org/wiki/List_of_U.S._states_and_territories_by_incarceration_and_correctional_supervision_rate#cite_ref-WFIL_11-0 ""Jump up"")**[World Female Imprisonment List (fourth edition)](http://www.prisonstudies.org/news/world-female-imprisonment-list-fourth-edition). Nov. 9, 2017. [World Prison Brief](https://en.wikipedia.org/wiki/World_Prison_Brief ""World Prison Brief"").
12. ^ [Jump up to: _**a**_](https://en.wikipedia.org/wiki/List_of_U.S._states_and_territories_by_incarceration_and_correctional_supervision_rate#cite_ref-WPB-USA_12-0) [_**b**_](https://en.wikipedia.org/wiki/List_of_U.S._states_and_territories_by_incarceration_and_correctional_supervision_rate#cite_ref-WPB-USA_12-1)[United States of America](http://www.prisonstudies.org/country/united-states-america). By [World Prison Brief](https://en.wikipedia.org/wiki/World_Prison_Brief ""World Prison Brief"").
13. **[^](https://en.wikipedia.org/wiki/List_of_U.S._states_and_territories_by_incarceration_and_correctional_supervision_rate#cite_ref-cpusa-2015_13-0 ""Jump up"")**[Correctional Populations in the United States, 2015](https://www.bjs.gov/index.cfm?ty=pbdetail&iid=5870). By Danielle Kaeble and Lauren Glaze, _BJS Statisticians._ Dec. 2016. [Bureau of Justice Statistics](https://en.wikipedia.org/wiki/Bureau_of_Justice_Statistics ""Bureau of Justice Statistics""). See [PDF](https://www.bjs.gov/content/pub/pdf/cpus15.pdf). Appendix table 3 on page 15 says there are 1,942,500 male and 202,600 female inmates in prisons and jails. That is 10.4% female.
14. **[^](https://en.wikipedia.org/wiki/List_of_U.S._states_and_territories_by_incarceration_and_correctional_supervision_rate#cite_ref-Canada_14-0 ""Jump up"")**[Canada](http://www.prisonstudies.org/country/canada). [World Prison Brief](https://en.wikipedia.org/wiki/World_Prison_Brief ""World Prison Brief"").
15. **[^](https://en.wikipedia.org/wiki/List_of_U.S._states_and_territories_by_incarceration_and_correctional_supervision_rate#cite_ref-EnglandWales_15-0 ""Jump up"")**[United Kingdom: England & Wales](http://www.prisonstudies.org/country/united-kingdom-england-wales). [World Prison Brief](https://en.wikipedia.org/wiki/World_Prison_Brief ""World Prison Brief"").
16. **[^](https://en.wikipedia.org/wiki/List_of_U.S._states_and_territories_by_incarceration_and_correctional_supervision_rate#cite_ref-Australia_16-0 ""Jump up"")**[Australia](http://www.prisonstudies.org/country/australia). [World Prison Brief](https://en.wikipedia.org/wiki/World_Prison_Brief ""World Prison Brief"").
17. **[^](https://en.wikipedia.org/wiki/List_of_U.S._states_and_territories_by_incarceration_and_correctional_supervision_rate#cite_ref-Spain_17-0 ""Jump up"")**[Spain](http://www.prisonstudies.org/country/spain). [World Prison Brief](https://en.wikipedia.org/wiki/World_Prison_Brief ""World Prison Brief"").
18. **[^](https://en.wikipedia.org/wiki/List_of_U.S._states_and_territories_by_incarceration_and_correctional_supervision_rate#cite_ref-France_18-0 ""Jump up"")**[France](http://www.prisonstudies.org/country/france). [World Prison Brief](https://en.wikipedia.org/wiki/World_Prison_Brief ""World Prison Brief"").
19. **[^](https://en.wikipedia.org/wiki/List_of_U.S._states_and_territories_by_incarceration_and_correctional_supervision_rate#cite_ref-Germany_19-0 ""Jump up"")**[Germany](http://www.prisonstudies.org/country/germany). [World Prison Brief](https://en.wikipedia.org/wiki/World_Prison_Brief ""World Prison Brief"").
20. **[^](https://en.wikipedia.org/wiki/List_of_U.S._states_and_territories_by_incarceration_and_correctional_supervision_rate#cite_ref-Norway_20-0 ""Jump up"")**[Norway](http://www.prisonstudies.org/country/norway). [World Prison Brief](https://en.wikipedia.org/wiki/World_Prison_Brief ""World Prison Brief"").
21. **[^](https://en.wikipedia.org/wiki/List_of_U.S._states_and_territories_by_incarceration_and_correctional_supervision_rate#cite_ref-Netherlands_21-0 ""Jump up"")**[Netherlands](http://www.prisonstudies.org/country/netherlands). [World Prison Brief](https://en.wikipedia.org/wiki/World_Prison_Brief ""World Prison Brief"").
22. **[^](https://en.wikipedia.org/wiki/List_of_U.S._states_and_territories_by_incarceration_and_correctional_supervision_rate#cite_ref-Japan_22-0 ""Jump up"")**[Japan](http://www.prisonstudies.org/country/japan). [World Prison Brief](https://en.wikipedia.org/wiki/World_Prison_Brief ""World Prison Brief"").
23. **[^](https://en.wikipedia.org/wiki/List_of_U.S._states_and_territories_by_incarceration_and_correctional_supervision_rate#cite_ref-23 ""Jump up"")**Alexander, Michelle (2010). _The New Jim Crow: Mass Incarceration in the Age of Colorblindness_. New York: The New Press. p. 7.
24. ^ [Jump up to: _**a**_](https://en.wikipedia.org/wiki/List_of_U.S._states_and_territories_by_incarceration_and_correctional_supervision_rate#cite_ref-cpusa2018_24-0) [_**b**_](https://en.wikipedia.org/wiki/List_of_U.S._states_and_territories_by_incarceration_and_correctional_supervision_rate#cite_ref-cpusa2018_24-1)[Correctional Populations in the United States, 2017-2018](https://www.bjs.gov/index.cfm?ty=pbdetail&iid=7026) (NCJ 252157). Published August 2020 by [U.S. Bureau of Justice Statistics](https://en.wikipedia.org/wiki/U.S._Bureau_of_Justice_Statistics ""U.S. Bureau of Justice Statistics"") (BJS). Laura M. Maruschak, Todd D. Minton, _BJS statisticians._ See [PDF](https://www.bjs.gov/content/pub/pdf/cpus1718.pdf). Appendix table 1 on page 11 has rates and counts by state.
25. **[^](https://en.wikipedia.org/wiki/List_of_U.S._states_and_territories_by_incarceration_and_correctional_supervision_rate#cite_ref-cpusa2015_25-0 ""Jump up"")**[Correctional Populations in the United States, 2015](https://www.bjs.gov/index.cfm?ty=pbdetail&iid=5870). By Danielle Kaeble and Lauren Glaze, _BJS Statisticians._ Dec. 2016. [Bureau of Justice Statistics](https://en.wikipedia.org/wiki/Bureau_of_Justice_Statistics ""Bureau of Justice Statistics""). See [PDF](https://www.bjs.gov/content/pub/pdf/cpus15.pdf). Appendix table 3 on page 14 has male and female counts and rates by state. It says there are 1,942,500 male and 202,600 female inmates in prisons and jails. That is 10.4% female.
26. ^ [Jump up to: _**a**_](https://en.wikipedia.org/wiki/List_of_U.S._states_and_territories_by_incarceration_and_correctional_supervision_rate#cite_ref-PPI-2024-world_26-0) [_**b**_](https://en.wikipedia.org/wiki/List_of_U.S._states_and_territories_by_incarceration_and_correctional_supervision_rate#cite_ref-PPI-2024-world_26-1)Widra, Emily (June 2024). [""States of Incarceration: The Global Context 2024""](https://www.prisonpolicy.org/global/2024.html). _[Prison Policy Initiative](https://en.wikipedia.org/wiki/Prison_Policy_Initiative ""Prison Policy Initiative"")_. Hover over rows for location and rate. Scroll down to methodology section for detailed info on sourcing.

## External links

\[ [edit](https://en.wikipedia.org/w/index.php?title=List_of_U.S._states_and_territories_by_incarceration_and_correctional_supervision_rate&action=edit&section=12 ""Edit section: External links"")\]

**incarceration rate** at Wikipedia's [sister projects](https://en.wikipedia.org/wiki/Wikipedia:Wikimedia_sister_projects ""Wikipedia:Wikimedia sister projects"")

- [![](https://upload.wikimedia.org/wikipedia/en/thumb/0/06/Wiktionary-logo-v2.svg/40px-Wiktionary-logo-v2.svg.png)](https://en.wikipedia.org/wiki/File:Wiktionary-logo-v2.svg)[Definitions](https://en.wiktionary.org/wiki/Special:Search/incarceration_rate ""wikt:Special:Search/incarceration rate"") from Wiktionary
- [![](https://upload.wikimedia.org/wikipedia/en/thumb/4/4a/Commons-logo.svg/20px-Commons-logo.svg.png)](https://en.wikipedia.org/wiki/File:Commons-logo.svg)[Media](https://commons.wikimedia.org/wiki/Special:Search/incarceration_rate ""c:Special:Search/incarceration rate"") from Commons
- [![](https://upload.wikimedia.org/wikipedia/commons/thumb/2/24/Wikinews-logo.svg/40px-Wikinews-logo.svg.png)](https://en.wikipedia.org/wiki/File:Wikinews-logo.svg)[News](https://en.wikinews.org/wiki/Special:Search/incarceration_rate ""n:Special:Search/incarceration rate"") from Wikinews
- [![](https://upload.wikimedia.org/wikipedia/commons/thumb/f/fa/Wikiquote-logo.svg/40px-Wikiquote-logo.svg.png)](https://en.wikipedia.org/wiki/File:Wikiquote-logo.svg)[Quotations](https://en.wikiquote.org/wiki/Special:Search/incarceration_rate ""q:Special:Search/incarceration rate"") from Wikiquote
- [![](https://upload.wikimedia.org/wikipedia/commons/thumb/4/4c/Wikisource-logo.svg/40px-Wikisource-logo.svg.png)](https://en.wikipedia.org/wiki/File:Wikisource-logo.svg)[Texts](https://en.wikisource.org/wiki/Special:Search/incarceration_rate ""s:Special:Search/incarceration rate"") from Wikisource
- [![](https://upload.wikimedia.org/wikipedia/commons/thumb/f/fa/Wikibooks-logo.svg/40px-Wikibooks-logo.svg.png)](https://en.wikipedia.org/wiki/File:Wikibooks-logo.svg)[Textbooks](https://en.wikibooks.org/wiki/Special:Search/incarceration_rate ""b:Special:Search/incarceration rate"") from Wikibooks
- [![](https://upload.wikimedia.org/wikipedia/commons/thumb/0/0b/Wikiversity_logo_2017.svg/40px-Wikiversity_logo_2017.svg.png)](https://en.wikipedia.org/wiki/File:Wikiversity_logo_2017.svg)[Resources](https://en.wikiversity.org/wiki/Special:Search/incarceration_rate ""v:Special:Search/incarceration rate"") from Wikiversity

- [Punishment Beyond Prisons 2023: Incarceration and Supervision by State, Appendix](https://www.prisonpolicy.org/reports/correctionalcontrol2023_data_appendix.html). [Prison Policy Initiative](https://en.wikipedia.org/wiki/Prison_Policy_Initiative ""Prison Policy Initiative""). 2021 data for state prisons. 2019 data for jails.
- [Appendix 1: State Data States of Incarceration: The Global Context 2021](https://www.prisonpolicy.org/global/appendix_states_2021.html). [Prison Policy Initiative](https://en.wikipedia.org/wiki/Prison_Policy_Initiative ""Prison Policy Initiative""). 2019 data for state prisons and jails.
- [Rate Per 100,000 and Rank by State of Crime and Imprisonment by US States 1978 - 2012](http://www.disastercenter.com/crime/)
- [Crime, Punishment and Ratio of Crime to Punishment Per 100,000 and Rank by Year and between States](http://www.disastercenter.com/crime/)

| show<br>[Incarceration of adults in the United States](https://en.wikipedia.org/wiki/Incarceration_in_the_United_States ""Incarceration in the United States"") |
| --- |
| This template pertains only to agencies that handle sentenced felons (with sentences over 1-2 years). In many states, [pre-trial detainees](https://en.wikipedia.org/wiki/Pretrial_detention ""Pretrial detention""), persons convicted of misdemeanors, and felons sentenced under state law to less than one year are held in county jails instead of state prisons. |
| [Federal Bureau of Prisons](https://en.wikipedia.org/wiki/Federal_Bureau_of_Prisons ""Federal Bureau of Prisons"") | - [Federal Prison Industries](https://en.wikipedia.org/wiki/Federal_Prison_Industries ""Federal Prison Industries"")<br>- [National Institute of Corrections](https://en.wikipedia.org/wiki/National_Institute_of_Corrections ""National Institute of Corrections"") |
| [Corrections](https://en.wikipedia.org/wiki/Corrections ""Corrections"") by [States](https://en.wikipedia.org/wiki/List_of_United_States_state_correction_agencies ""List of United States state correction agencies"") | - [Alabama](https://en.wikipedia.org/wiki/Alabama_Department_of_Corrections ""Alabama Department of Corrections"")<br>- [Alaska](https://en.wikipedia.org/wiki/Alaska_Department_of_Corrections ""Alaska Department of Corrections"")<br>- [Arizona](https://en.wikipedia.org/wiki/Arizona_Department_of_Corrections ""Arizona Department of Corrections"")<br>- [Arkansas](https://en.wikipedia.org/wiki/Arkansas_Department_of_Correction ""Arkansas Department of Correction"")<br>- [California](https://en.wikipedia.org/wiki/California_Department_of_Corrections_and_Rehabilitation ""California Department of Corrections and Rehabilitation"")<br>- [Colorado](https://en.wikipedia.org/wiki/Colorado_Department_of_Corrections ""Colorado Department of Corrections"")<br>- [Connecticut](https://en.wikipedia.org/wiki/Connecticut_Department_of_Correction ""Connecticut Department of Correction"")<br>- [Delaware](https://en.wikipedia.org/wiki/Delaware_Department_of_Correction ""Delaware Department of Correction"")<br>- [Florida](https://en.wikipedia.org/wiki/Florida_Department_of_Corrections ""Florida Department of Corrections"")<br>- [Georgia](https://en.wikipedia.org/wiki/Georgia_Department_of_Corrections ""Georgia Department of Corrections"")<br>- [Hawaii](https://en.wikipedia.org/wiki/Hawaii_Department_of_Public_Safety ""Hawaii Department of Public Safety"")<br>- [Idaho](https://en.wikipedia.org/wiki/Idaho_Department_of_Correction ""Idaho Department of Correction"")<br>- [Illinois](https://en.wikipedia.org/wiki/Illinois_Department_of_Corrections ""Illinois Department of Corrections"")<br>- [Indiana](https://en.wikipedia.org/wiki/Indiana_Department_of_Correction ""Indiana Department of Correction"")<br>- [Iowa](https://en.wikipedia.org/wiki/Iowa_Department_of_Corrections ""Iowa Department of Corrections"")<br>- [Kansas](https://en.wikipedia.org/wiki/Kansas_Department_of_Corrections ""Kansas Department of Corrections"")<br>- [Kentucky](https://en.wikipedia.org/wiki/Kentucky_Department_of_Corrections ""Kentucky Department of Corrections"")<br>- [Louisiana](https://en.wikipedia.org/wiki/Louisiana_Department_of_Public_Safety_%26_Corrections ""Louisiana Department of Public Safety & Corrections"")<br>- [Maine](https://en.wikipedia.org/wiki/Maine_Department_of_Corrections ""Maine Department of Corrections"")<br>- [Maryland](https://en.wikipedia.org/wiki/Maryland_Department_of_Public_Safety_and_Correctional_Services ""Maryland Department of Public Safety and Correctional Services"")<br>- [Massachusetts](https://en.wikipedia.org/wiki/Massachusetts_Department_of_Correction ""Massachusetts Department of Correction"")<br>- [Michigan](https://en.wikipedia.org/wiki/Michigan_Department_of_Corrections ""Michigan Department of Corrections"")<br>- [Minnesota](https://en.wikipedia.org/wiki/Minnesota_Department_of_Corrections ""Minnesota Department of Corrections"")<br>- [Mississippi](https://en.wikipedia.org/wiki/Mississippi_Department_of_Corrections ""Mississippi Department of Corrections"")<br>- [Missouri](https://en.wikipedia.org/wiki/Missouri_Department_of_Corrections ""Missouri Department of Corrections"")<br>- [Montana](https://en.wikipedia.org/wiki/Montana_Department_of_Corrections ""Montana Department of Corrections"")<br>- [Nebraska](https://en.wikipedia.org/wiki/Nebraska_Department_of_Correctional_Services ""Nebraska Department of Correctional Services"")<br>- [Nevada](https://en.wikipedia.org/wiki/Nevada_Department_of_Corrections ""Nevada Department of Corrections"")<br>- [New Hampshire](https://en.wikipedia.org/wiki/New_Hampshire_Department_of_Corrections ""New Hampshire Department of Corrections"")<br>- [New Jersey](https://en.wikipedia.org/wiki/New_Jersey_Department_of_Corrections ""New Jersey Department of Corrections"")<br>- [New Mexico](https://en.wikipedia.org/wiki/New_Mexico_Corrections_Department ""New Mexico Corrections Department"")<br>- [New York](https://en.wikipedia.org/wiki/New_York_State_Department_of_Corrections_and_Community_Supervision ""New York State Department of Corrections and Community Supervision"")<br>- [North Carolina](https://en.wikipedia.org/wiki/North_Carolina_Department_of_Correction ""North Carolina Department of Correction"")<br>- [North Dakota](https://en.wikipedia.org/wiki/North_Dakota_Department_of_Corrections_and_Rehabilitation ""North Dakota Department of Corrections and Rehabilitation"")<br>- [Ohio](https://en.wikipedia.org/wiki/Ohio_Department_of_Rehabilitation_and_Correction ""Ohio Department of Rehabilitation and Correction"")<br>- [Oklahoma](https://en.wikipedia.org/wiki/Oklahoma_Department_of_Corrections ""Oklahoma Department of Corrections"")<br>- [Oregon](https://en.wikipedia.org/wiki/Oregon_Department_of_Corrections ""Oregon Department of Corrections"")<br>- [Pennsylvania](https://en.wikipedia.org/wiki/Pennsylvania_Department_of_Corrections ""Pennsylvania Department of Corrections"")<br>- [Rhode Island](https://en.wikipedia.org/wiki/Rhode_Island_Department_of_Corrections ""Rhode Island Department of Corrections"")<br>- [South Carolina](https://en.wikipedia.org/wiki/South_Carolina_Department_of_Corrections ""South Carolina Department of Corrections"")<br>- [South Dakota](https://en.wikipedia.org/wiki/South_Dakota_Department_of_Corrections ""South Dakota Department of Corrections"")<br>- [Tennessee](https://en.wikipedia.org/wiki/Tennessee_Department_of_Correction ""Tennessee Department of Correction"")<br>- [Texas](https://en.wikipedia.org/wiki/Texas_Department_of_Criminal_Justice ""Texas Department of Criminal Justice"")<br>- [Utah](https://en.wikipedia.org/wiki/Utah_Department_of_Corrections ""Utah Department of Corrections"")<br>- [Vermont](https://en.wikipedia.org/wiki/Vermont_Department_of_Corrections ""Vermont Department of Corrections"")<br>- [Virginia](https://en.wikipedia.org/wiki/Virginia_Department_of_Corrections ""Virginia Department of Corrections"")<br>- [Washington](https://en.wikipedia.org/wiki/Washington_State_Department_of_Corrections ""Washington State Department of Corrections"")<br>- [West Virginia](https://en.wikipedia.org/wiki/West_Virginia_Division_of_Corrections ""West Virginia Division of Corrections"")<br>- [Wisconsin](https://en.wikipedia.org/wiki/Wisconsin_Department_of_Corrections ""Wisconsin Department of Corrections"")<br>- [Wyoming](https://en.wikipedia.org/wiki/Wyoming_Department_of_Corrections ""Wyoming Department of Corrections"") |
| [Corrections](https://en.wikipedia.org/wiki/Corrections ""Corrections"") by [Federal district](https://en.wikipedia.org/wiki/List_of_United_States_state_correction_agencies ""List of United States state correction agencies"") | Felons: [Federal Bureau of Prisons](https://en.wikipedia.org/wiki/Federal_Bureau_of_Prisons ""Federal Bureau of Prisons""), Misdemeanants: [District of Columbia](https://en.wikipedia.org/wiki/District_of_Columbia_Department_of_Corrections ""District of Columbia Department of Corrections"") (incarcerated long-term felons until year 2001) |
| [Corrections](https://en.wikipedia.org/wiki/Corrections ""Corrections"") by [Insular areas](https://en.wikipedia.org/wiki/List_of_United_States_state_correction_agencies#United_States_Territories ""List of United States state correction agencies"") | - [American Samoa](https://en.wikipedia.org/wiki/American_Samoa_Department_of_Public_Safety ""American Samoa Department of Public Safety"")<br>- [Guam](https://en.wikipedia.org/wiki/Guam_Department_of_Corrections ""Guam Department of Corrections"")<br>- [Northern Mariana Islands](https://en.wikipedia.org/wiki/Northern_Marianas_Department_of_Corrections ""Northern Marianas Department of Corrections"")<br>- [Puerto Rico](https://en.wikipedia.org/wiki/Puerto_Rico_Department_of_Corrections_and_Rehabilitation ""Puerto Rico Department of Corrections and Rehabilitation"")<br>- [U.S. Virgin Islands](https://en.wikipedia.org/wiki/United_States_Virgin_Islands_Department_of_Justice ""United States Virgin Islands Department of Justice"") |
| Lists of Prisons | - [United States military prisons](https://en.wikipedia.org/wiki/List_of_U.S._military_prisons ""List of U.S. military prisons"")<br>- [United States state prisons](https://en.wikipedia.org/wiki/Lists_of_United_States_state_prisons ""Lists of United States state prisons"")<br>- [United States federal prisons](https://en.wikipedia.org/wiki/List_of_United_States_federal_prisons ""List of United States federal prisons"") |
| See also | - [Civil confinement](https://en.wikipedia.org/wiki/Civil_confinement ""Civil confinement"")<br>- [Immigration detention in the United States](https://en.wikipedia.org/wiki/Immigration_detention_in_the_United_States ""Immigration detention in the United States"") |
| - ![](https://upload.wikimedia.org/wikipedia/en/thumb/9/96/Symbol_category_class.svg/20px-Symbol_category_class.svg.png)**[Category](https://en.wikipedia.org/wiki/Category:Imprisonment_and_detention ""Category:Imprisonment and detention"")**<br>- [![](https://upload.wikimedia.org/wikipedia/en/thumb/4/4a/Commons-logo.svg/20px-Commons-logo.svg.png)](https://en.wikipedia.org/wiki/File:Commons-logo.svg ""Commons page"")**[Commons](https://commons.wikimedia.org/wiki/Category:Imprisonment_and_detention ""commons:Category:Imprisonment and detention"")**<br>- ![](https://upload.wikimedia.org/wikipedia/en/thumb/a/a4/Flag_of_the_United_States.svg/20px-Flag_of_the_United_States.svg.png)**[United States portal](https://en.wikipedia.org/wiki/Portal:United_States ""Portal:United States"")** |

| show<br>[United States state-related lists](https://en.wikipedia.org/wiki/Lists_of_U.S._state_topics ""Lists of U.S. state topics"") |
| --- |
| [List of states and territories of the United States](https://en.wikipedia.org/wiki/List_of_states_and_territories_of_the_United_States ""List of states and territories of the United States"") |
| Demographics | - **[Population](https://en.wikipedia.org/wiki/List_of_states_and_territories_of_the_United_States_by_population ""List of states and territories of the United States by population"")** <br>  - [African American](https://en.wikipedia.org/wiki/List_of_U.S._states_and_territories_by_African-American_population ""List of U.S. states and territories by African-American population"")<br>  - [Amish](https://en.wikipedia.org/wiki/List_of_U.S._states_by_Amish_population ""List of U.S. states by Amish population"")<br>  - [Asian](https://en.wikipedia.org/wiki/Demographics_of_Asian_Americans#U.S._states_and_territories ""Demographics of Asian Americans"")<br>  - [birth and death rates](https://en.wikipedia.org/wiki/List_of_U.S._states_and_territories_by_birth_and_death_rates ""List of U.S. states and territories by birth and death rates"")<br>  - [density](https://en.wikipedia.org/wiki/List_of_states_and_territories_of_the_United_States_by_population_density ""List of states and territories of the United States by population density"")<br>  - [Hispanic and Latino](https://en.wikipedia.org/wiki/List_of_U.S._states_by_Hispanic_and_Latino_population ""List of U.S. states by Hispanic and Latino population"")<br>  - [historical](https://en.wikipedia.org/wiki/List_of_U.S._states_and_territories_by_historical_population ""List of U.S. states and territories by historical population"")<br>  - [household income](https://en.wikipedia.org/wiki/Household_income_in_the_United_States#Geography ""Household income in the United States"")<br>  - [immigration](https://en.wikipedia.org/wiki/List_of_U.S._states_and_territories_by_immigrant_population ""List of U.S. states and territories by immigrant population"")<br>  - [LGBT](https://en.wikipedia.org/wiki/LGBT_demographics_of_the_United_States ""LGBT demographics of the United States"")<br>  - [non-Hispanic white](https://en.wikipedia.org/wiki/List_of_U.S._states_by_non-Hispanic_white_population ""List of U.S. states by non-Hispanic white population"")<br>  - [Pacific Islander](https://en.wikipedia.org/wiki/Pacific_Islander_Americans#Location ""Pacific Islander Americans"")<br>  - [Spanish-speaking](https://en.wikipedia.org/wiki/Spanish_language_in_the_United_States#Historical_demographics ""Spanish language in the United States"")<br>- [Educational attainment](https://en.wikipedia.org/wiki/List_of_U.S._states_and_territories_by_educational_attainment ""List of U.S. states and territories by educational attainment"")<br>- [Largest cities by population](https://en.wikipedia.org/wiki/List_of_largest_cities_of_U.S._states_and_territories_by_population ""List of largest cities of U.S. states and territories by population"")<br>- [Median age](https://en.wikipedia.org/wiki/List_of_U.S._states_and_territories_by_median_age ""List of U.S. states and territories by median age"")<br>- [Most popular given names](https://en.wikipedia.org/wiki/List_of_most_popular_given_names_by_state_in_the_United_States ""List of most popular given names by state in the United States"")<br>- [Most populous counties](https://en.wikipedia.org/wiki/List_of_the_most_populous_counties_by_U.S._state ""List of the most populous counties by U.S. state"")<br>- [Net migration](https://en.wikipedia.org/wiki/List_of_U.S._states_and_territories_by_net_migration ""List of U.S. states and territories by net migration"")<br>- [Populated places](https://en.wikipedia.org/wiki/Lists_of_populated_places_in_the_United_States ""Lists of populated places in the United States"")<br>- [Population density (cities)](https://en.wikipedia.org/wiki/List_of_United_States_cities_by_population_density#States_and_territories ""List of United States cities by population density"")<br>- [Race/ethnicity](https://en.wikipedia.org/wiki/List_of_U.S._states_and_territories_by_Race_/_Ethnicity ""List of U.S. states and territories by Race / Ethnicity"")<br>- [Religiosity](https://en.wikipedia.org/wiki/List_of_U.S._states_and_territories_by_religiosity ""List of U.S. states and territories by religiosity"") <br>  - [irreligion](https://en.wikipedia.org/wiki/Irreligion_in_the_United_States#Demographics ""Irreligion in the United States"") |
| Economy | - [Billionaires](https://en.wikipedia.org/wiki/List_of_U.S._states_by_the_number_of_billionaires ""List of U.S. states by the number of billionaires"")<br>- [Budgets](https://en.wikipedia.org/wiki/List_of_U.S._state_budgets ""List of U.S. state budgets"")<br>- [Companies](https://en.wikipedia.org/wiki/List_of_companies_of_the_United_States_by_state ""List of companies of the United States by state"")<br>- [Credit ratings](https://en.wikipedia.org/wiki/List_of_U.S._states_by_credit_rating ""List of U.S. states by credit rating"")<br>- [Employment rates](https://en.wikipedia.org/wiki/List_of_U.S._states_by_employment_rate ""List of U.S. states by employment rate"")<br>- [Exports and imports](https://en.wikipedia.org/wiki/List_of_U.S._states_and_territories_by_exports_and_imports ""List of U.S. states and territories by exports and imports"")<br>- [Federal tax revenue](https://en.wikipedia.org/wiki/Federal_tax_revenue_by_state ""Federal tax revenue by state"")<br>- [Federal taxation and spending](https://en.wikipedia.org/wiki/Federal_taxation_and_spending_by_state ""Federal taxation and spending by state"")<br>- [Gross domestic product](https://en.wikipedia.org/wiki/List_of_states_and_territories_of_the_United_States_by_GDP ""List of states and territories of the United States by GDP"") <br>  - [growth rate](https://en.wikipedia.org/wiki/List_of_U.S._states_and_territories_by_economic_growth_rate ""List of U.S. states and territories by economic growth rate"")<br>  - [per capita](https://en.wikipedia.org/wiki/List_of_U.S._states_and_territories_by_GDP_per_capita ""List of U.S. states and territories by GDP per capita"")<br>- [Income](https://en.wikipedia.org/wiki/List_of_U.S._states_and_territories_by_income ""List of U.S. states and territories by income"") <br>  - [inequality](https://en.wikipedia.org/wiki/List_of_U.S._states_by_Gini_coefficient ""List of U.S. states by Gini coefficient"")<br>- [Median home prices](https://en.wikipedia.org/wiki/List_of_U.S._states_by_median_home_price ""List of U.S. states by median home price"")<br>- [Median wages](https://en.wikipedia.org/wiki/List_of_U.S._states_and_territories_by_median_wage_and_mean_wage ""List of U.S. states and territories by median wage and mean wage"")<br>- [Millionaire households](https://en.wikipedia.org/wiki/List_of_U.S._states_by_the_number_of_millionaire_households ""List of U.S. states by the number of millionaire households"")<br>- [Minimum wages](https://en.wikipedia.org/wiki/List_of_U.S._states_by_minimum_wage ""List of U.S. states by minimum wage"")<br>- [Poverty rates](https://en.wikipedia.org/wiki/List_of_U.S._states_and_territories_by_poverty_rate ""List of U.S. states and territories by poverty rate"")<br>- [R&D spending](https://en.wikipedia.org/wiki/List_of_U.S._states_by_research_and_development_spending ""List of U.S. states by research and development spending"")<br>- [Sales taxes](https://en.wikipedia.org/wiki/Sales_taxes_in_the_United_States#By_jurisdiction ""Sales taxes in the United States"")<br>- [Savings rate](https://en.wikipedia.org/wiki/List_of_U.S._states_by_savings_rate ""List of U.S. states by savings rate"")<br>- [Socioeconomic factors](https://en.wikipedia.org/wiki/List_of_U.S._states_by_socioeconomic_factors ""List of U.S. states by socioeconomic factors"")<br>- [Sovereign wealth funds](https://en.wikipedia.org/wiki/List_of_U.S._states_by_sovereign_wealth_funds ""List of U.S. states by sovereign wealth funds"")<br>- [State income taxes](https://en.wikipedia.org/wiki/State_tax_levels_in_the_United_States ""State tax levels in the United States"")<br>- [Unemployment rates](https://en.wikipedia.org/wiki/List_of_U.S._states_and_territories_by_unemployment_rate ""List of U.S. states and territories by unemployment rate"")<br>- [Union affiliation](https://en.wikipedia.org/wiki/Union_affiliation_by_U.S._state ""Union affiliation by U.S. state"")<br>- [Vehicles per capita](https://en.wikipedia.org/wiki/List_of_U.S._states_by_vehicles_per_capita ""List of U.S. states by vehicles per capita"") |
| Environment | - [Botanical gardens](https://en.wikipedia.org/wiki/List_of_botanical_gardens_and_arboretums_in_the_United_States ""List of botanical gardens and arboretums in the United States"")<br>- [Carbon dioxide emissions](https://en.wikipedia.org/wiki/List_of_U.S._states_and_territories_by_carbon_dioxide_emissions ""List of U.S. states and territories by carbon dioxide emissions"")<br>- [Parks](https://en.wikipedia.org/wiki/Lists_of_state_parks_by_U.S._state ""Lists of state parks by U.S. state"")<br>- [National Natural Landmarks](https://en.wikipedia.org/wiki/National_Natural_Landmark#List_of_landmarks ""National Natural Landmark"")<br>- [National Wildlife Refuges](https://en.wikipedia.org/wiki/List_of_National_Wildlife_Refuges_of_the_United_States ""List of National Wildlife Refuges of the United States"")<br>- [Nature centers](https://en.wikipedia.org/wiki/List_of_nature_centers_in_the_United_States ""List of nature centers in the United States"")<br>- [Electricity](https://en.wikipedia.org/wiki/List_of_U.S._states_by_electricity_production ""List of U.S. states by electricity production"") ( [Renewable](https://en.wikipedia.org/wiki/List_of_U.S._states_by_electricity_production_from_renewable_sources ""List of U.S. states by electricity production from renewable sources""))<br>- [Superfund sites](https://en.wikipedia.org/wiki/List_of_Superfund_sites ""List of Superfund sites"")<br>- [Wilderness areas](https://en.wikipedia.org/wiki/List_of_U.S._state_and_tribal_wilderness_areas ""List of U.S. state and tribal wilderness areas"") |
| Geography | - [Area](https://en.wikipedia.org/wiki/List_of_U.S._states_and_territories_by_area ""List of U.S. states and territories by area"")<br>- [Bays](https://en.wikipedia.org/wiki/List_of_bays_of_the_United_States ""List of bays of the United States"")<br>- [Beaches](https://en.wikipedia.org/wiki/List_of_beaches_in_the_United_States ""List of beaches in the United States"")<br>- [Coastline](https://en.wikipedia.org/wiki/List_of_U.S._states_and_territories_by_coastline ""List of U.S. states and territories by coastline"")<br>- [Elevation](https://en.wikipedia.org/wiki/List_of_U.S._states_and_territories_by_elevation ""List of U.S. states and territories by elevation"")<br>- [Extreme points](https://en.wikipedia.org/wiki/List_of_extreme_points_of_U.S._states_and_territories ""List of extreme points of U.S. states and territories"")<br>- [Forest](https://en.wikipedia.org/wiki/Forest_cover_by_state_and_territory_in_the_United_States ""Forest cover by state and territory in the United States"")<br>- [Geographic centers](https://en.wikipedia.org/wiki/List_of_geographic_centers_of_the_United_States ""List of geographic centers of the United States"")<br>- [Highest cities](https://en.wikipedia.org/wiki/List_of_highest_United_States_cities_by_state_or_territory ""List of highest United States cities by state or territory"")<br>- [Islands](https://en.wikipedia.org/wiki/List_of_islands_of_the_United_States ""List of islands of the United States"")<br>- [Lakes](https://en.wikipedia.org/wiki/List_of_lakes_of_the_United_States ""List of lakes of the United States"")<br>- [Mountains](https://en.wikipedia.org/wiki/List_of_mountains_of_the_United_States ""List of mountains of the United States"")<br>- [Regions](https://en.wikipedia.org/wiki/List_of_regions_of_the_United_States ""List of regions of the United States"")<br>- [Volcanoes](https://en.wikipedia.org/wiki/List_of_volcanoes_in_the_United_States ""List of volcanoes in the United States"") |
| Government | - [Agriculture commissioners](https://en.wikipedia.org/wiki/Agriculture_commissioner ""Agriculture commissioner"")<br>- [Attorneys general](https://en.wikipedia.org/wiki/State_attorney_general ""State attorney general"")<br>- [Capitals](https://en.wikipedia.org/wiki/List_of_capitals_in_the_United_States ""List of capitals in the United States"")<br>- [Capitol buildings](https://en.wikipedia.org/wiki/List_of_state_and_territorial_capitols_in_the_United_States ""List of state and territorial capitols in the United States"")<br>- [Comparison](https://en.wikipedia.org/wiki/Comparison_of_U.S._state_and_territory_governments ""Comparison of U.S. state and territory governments"")<br>- [Congressional districts](https://en.wikipedia.org/wiki/List_of_United_States_congressional_districts ""List of United States congressional districts"") <br>  - [members](https://en.wikipedia.org/wiki/List_of_current_United_States_representatives ""List of current United States representatives"")<br>- [Counties](https://en.wikipedia.org/wiki/List_of_counties_by_U.S._state_and_territory ""List of counties by U.S. state and territory"") <br>  - [alphabetical](https://en.wikipedia.org/wiki/Index_of_U.S._counties ""Index of U.S. counties"")<br>  - [list](https://en.wikipedia.org/wiki/List_of_United_States_counties_and_county_equivalents ""List of United States counties and county equivalents"")<br>- [Courts](https://en.wikipedia.org/wiki/List_of_courts_of_the_United_States ""List of courts of the United States"")<br>- [Governors](https://en.wikipedia.org/wiki/List_of_current_United_States_governors ""List of current United States governors"") <br>  - [lieutenant governors](https://en.wikipedia.org/wiki/List_of_current_United_States_lieutenant_governors ""List of current United States lieutenant governors"")<br>- [Legislatures](https://en.wikipedia.org/wiki/List_of_United_States_state_legislatures ""List of United States state legislatures"")<br>- [Libraries and archives](https://en.wikipedia.org/wiki/List_of_U.S._state_libraries_and_archives ""List of U.S. state libraries and archives"")<br>- [Official languages](https://en.wikipedia.org/wiki/Languages_of_the_United_States#Official_languages ""Languages of the United States"")<br>- [Poets laureate](https://en.wikipedia.org/wiki/List_of_U.S._states%27_poets_laureate ""List of U.S. states' poets laureate"")<br>- [Politics by state or territory](https://en.wikipedia.org/wiki/List_of_politics_by_U.S._state_or_territory ""List of politics by U.S. state or territory"") <br>  - [political party strength](https://en.wikipedia.org/wiki/Political_party_strength_in_U.S._states ""Political party strength in U.S. states"")<br>- [State auditors](https://en.wikipedia.org/wiki/State_auditor ""State auditor"")<br>- [State legislators](https://en.wikipedia.org/wiki/List_of_U.S._state_legislators ""List of U.S. state legislators"") <br>  - [Alabama–Missouri](https://en.wikipedia.org/wiki/List_of_U.S._state_representatives_(Alabama_to_Missouri) ""List of U.S. state representatives (Alabama to Missouri)"")<br>  - [Montana–Wyoming](https://en.wikipedia.org/wiki/List_of_U.S._state_representatives_(Montana_to_Wyoming) ""List of U.S. state representatives (Montana to Wyoming)"")<br>  - [state senators](https://en.wikipedia.org/wiki/List_of_U.S._state_senators ""List of U.S. state senators"")<br>- [State secretaries of state](https://en.wikipedia.org/wiki/Secretary_of_state_(U.S._state_government) ""Secretary of state (U.S. state government)"")<br>- [State speakers](https://en.wikipedia.org/wiki/List_of_state_legislature_speakers ""List of state legislature speakers"")<br>- [State chief justices](https://en.wikipedia.org/wiki/List_of_state_chief_justices ""List of state chief justices"")<br>- [State presidents pro tempore](https://en.wikipedia.org/wiki/List_of_state_presidents_pro_tempore ""List of state presidents pro tempore"")<br>- [State superintendents of education](https://en.wikipedia.org/wiki/Superintendent_(education)#Chief_state_school_officers ""Superintendent (education)"")<br>- [State supreme courts](https://en.wikipedia.org/wiki/State_supreme_court ""State supreme court"")<br>- [State treasurers](https://en.wikipedia.org/wiki/State_treasurer ""State treasurer"")<br>- [Statewide elected executive officials](https://en.wikipedia.org/wiki/List_of_U.S._statewide_elected_officials ""List of U.S. statewide elected officials"") |
| Health | - [Changes in life expectancy, 1985–2010](https://en.wikipedia.org/wiki/List_of_U.S._states_by_changes_in_life_expectancy,_1985%E2%80%932010 ""List of U.S. states by changes in life expectancy, 1985–2010"")<br>- [Fertility rates](https://en.wikipedia.org/wiki/List_of_U.S._states_and_territories_by_fertility_rate ""List of U.S. states and territories by fertility rate"")<br>- [Hospitals](https://en.wikipedia.org/wiki/Lists_of_hospitals_in_the_United_States ""Lists of hospitals in the United States"")<br>- [Human Development Index](https://en.wikipedia.org/wiki/List_of_U.S._states_and_territories_by_Human_Development_Index ""List of U.S. states and territories by Human Development Index"") <br>  - [American Human Development Index](https://en.wikipedia.org/wiki/List_of_U.S._states_by_American_Human_Development_Index ""List of U.S. states by American Human Development Index"")<br>- [Life expectancy](https://en.wikipedia.org/wiki/List_of_U.S._states_and_territories_by_life_expectancy ""List of U.S. states and territories by life expectancy"")<br>- [Infant mortality rates](https://en.wikipedia.org/wiki/List_of_U.S._states_and_territories_by_infant_mortality_rates ""List of U.S. states and territories by infant mortality rates"")<br>- [Obesity rates](https://en.wikipedia.org/wiki/Obesity_in_the_United_States#Prevalence_by_state_and_territory ""Obesity in the United States"")<br>- [Road deaths](https://en.wikipedia.org/wiki/List_of_U.S._states_by_road_deaths ""List of U.S. states by road deaths"")<br>- [Smoking](https://en.wikipedia.org/wiki/Prevalence_of_tobacco_use#United_States ""Prevalence of tobacco use"") |
| History | - [Date of statehood](https://en.wikipedia.org/wiki/List_of_U.S._states_by_date_of_admission_to_the_Union ""List of U.S. states by date of admission to the Union"")<br>- [Name etymologies](https://en.wikipedia.org/wiki/List_of_state_and_territory_name_etymologies_of_the_United_States ""List of state and territory name etymologies of the United States"")<br>- [Historical societies](https://en.wikipedia.org/wiki/List_of_U.S._state_historical_societies_and_museums ""List of U.S. state historical societies and museums"")<br>- [Museums](https://en.wikipedia.org/wiki/List_of_museums_in_the_United_States ""List of museums in the United States"")<br>- [National Historic Landmarks](https://en.wikipedia.org/wiki/List_of_U.S._National_Historic_Landmarks_by_state ""List of U.S. National Historic Landmarks by state"")<br>- [National Register of Historic Places](https://en.wikipedia.org/wiki/United_States_National_Register_of_Historic_Places_listings ""United States National Register of Historic Places listings"")<br>- [State partitions](https://en.wikipedia.org/wiki/List_of_U.S._state_partition_proposals ""List of U.S. state partition proposals"")<br>- [Historic regions](https://en.wikipedia.org/wiki/Historic_regions_of_the_United_States ""Historic regions of the United States"") |
| Law | - [Abortion](https://en.wikipedia.org/wiki/Abortion_in_the_United_States_by_state#State_table ""Abortion in the United States by state"")<br>- [Age of consent](https://en.wikipedia.org/wiki/Age_of_consent_in_the_United_States ""Age of consent in the United States"")<br>- [Alcohol](https://en.wikipedia.org/wiki/List_of_alcohol_laws_of_the_United_States ""List of alcohol laws of the United States"") <br>  - [dry communities](https://en.wikipedia.org/wiki/List_of_dry_communities_by_U.S._state ""List of dry communities by U.S. state"")<br>- [Alford plea](https://en.wikipedia.org/wiki/List_of_U.S._states_by_Alford_plea_usage ""List of U.S. states by Alford plea usage"")<br>- [Cell phone use while driving](https://en.wikipedia.org/wiki/Restrictions_on_cell_phone_use_while_driving_in_the_United_States ""Restrictions on cell phone use while driving in the United States"")<br>- [Constitutions](https://en.wikipedia.org/wiki/State_constitution_(United_States) ""State constitution (United States)"")<br>- [Firearms](https://en.wikipedia.org/wiki/Gun_laws_in_the_United_States_by_state ""Gun laws in the United States by state"") <br>  - [firearms death rates](https://en.wikipedia.org/wiki/Firearm_death_rates_in_the_United_States_by_state ""Firearm death rates in the United States by state"")<br>  - [gun violence](https://en.wikipedia.org/wiki/Gun_violence_in_the_United_States_by_state ""Gun violence in the United States by state"")<br>- [Homicide rate](https://en.wikipedia.org/wiki/List_of_U.S._states_and_territories_by_intentional_homicide_rate ""List of U.S. states and territories by intentional homicide rate"")<br>- [Incest](https://en.wikipedia.org/wiki/Legality_of_incest_in_the_United_States ""Legality of incest in the United States"")<br>- [Law enforcement agencies](https://en.wikipedia.org/wiki/List_of_United_States_state_and_local_law_enforcement_agencies ""List of United States state and local law enforcement agencies"")<br>- [Legality of cannabis](https://en.wikipedia.org/wiki/Legality_of_cannabis_by_U.S._state ""Legality of cannabis by U.S. state"")<br>- Marriage<br>  - [cousin](https://en.wikipedia.org/wiki/Cousin_marriage_law_in_the_United_States ""Cousin marriage law in the United States"")<br>  - [polygamy](https://en.wikipedia.org/wiki/Legality_of_polygamy_in_the_United_States ""Legality of polygamy in the United States"")<br>  - [same sex](https://en.wikipedia.org/wiki/Same-sex_marriage_law_in_the_United_States_by_state ""Same-sex marriage law in the United States by state"")<br>- [Peace Index](https://en.wikipedia.org/wiki/United_States_Peace_Index ""United States Peace Index"")<br>- [Prisons](https://en.wikipedia.org/wiki/Lists_of_United_States_state_prisons ""Lists of United States state prisons"") <br>  - incarceration rate<br>- [Seat belt laws](https://en.wikipedia.org/wiki/Seat_belt_laws_in_the_United_States#The_laws_by_state ""Seat belt laws in the United States"")<br>- [Self-representation](https://en.wikipedia.org/wiki/List_of_U.S._state_constitutional_provisions_allowing_self-representation_in_state_courts ""List of U.S. state constitutional provisions allowing self-representation in state courts"")<br>- [Smoking bans](https://en.wikipedia.org/wiki/List_of_smoking_bans_in_the_United_States ""List of smoking bans in the United States"")<br>- [Speed limits](https://en.wikipedia.org/wiki/Speed_limits_in_the_United_States ""Speed limits in the United States"") ( [by jurisdiction](https://en.wikipedia.org/wiki/Speed_limits_in_the_United_States_by_jurisdiction ""Speed limits in the United States by jurisdiction""))<br>- [Statutory codes](https://en.wikipedia.org/wiki/List_of_U.S._state_statutory_codes ""List of U.S. state statutory codes"")<br>- [Violent crime rate](https://en.wikipedia.org/wiki/List_of_U.S._states_and_territories_by_violent_crime_rate ""List of U.S. states and territories by violent crime rate"") |
| Miscellaneous | - [Abbreviations](https://en.wikipedia.org/wiki/List_of_U.S._state_and_territory_abbreviations ""List of U.S. state and territory abbreviations"")<br>- [Airports](https://en.wikipedia.org/wiki/List_of_airports_in_the_United_States ""List of airports in the United States"")<br>- [Bus transit systems](https://en.wikipedia.org/wiki/List_of_bus_transit_systems_in_the_United_States ""List of bus transit systems in the United States"")<br>- [Casinos](https://en.wikipedia.org/wiki/List_of_casinos_in_the_United_States ""List of casinos in the United States"")<br>- [Cemeteries](https://en.wikipedia.org/wiki/List_of_cemeteries_in_the_United_States ""List of cemeteries in the United States"")<br>- [Demonyms](https://en.wikipedia.org/wiki/List_of_demonyms_for_U.S._states_and_territories ""List of demonyms for U.S. states and territories"")<br>- [Flags](https://en.wikipedia.org/wiki/Flags_of_the_U.S._states_and_territories ""Flags of the U.S. states and territories"")<br>- [Hotels](https://en.wikipedia.org/wiki/List_of_hotels_in_the_United_States ""List of hotels in the United States"")<br>- [Insignia](https://en.wikipedia.org/wiki/List_of_U.S._state,_district,_and_territorial_insignia ""List of U.S. state, district, and territorial insignia"") <br>  - [coats of arms](https://en.wikipedia.org/wiki/Armorial_of_the_United_States#States ""Armorial of the United States"")<br>- [License plates](https://en.wikipedia.org/wiki/United_States_license_plate_designs_and_serial_formats ""United States license plate designs and serial formats"")<br>- [Malls](https://en.wikipedia.org/wiki/List_of_shopping_malls_in_the_United_States ""List of shopping malls in the United States"")<br>- [Mottos](https://en.wikipedia.org/wiki/List_of_U.S._state_and_territory_mottos ""List of U.S. state and territory mottos"")<br>- [Newspapers](https://en.wikipedia.org/wiki/List_of_newspapers_in_the_United_States#By_state_and_territory ""List of newspapers in the United States"")<br>- [Nicknames](https://en.wikipedia.org/wiki/List_of_U.S._state_and_territory_nicknames ""List of U.S. state and territory nicknames"")<br>- [Numbered highways](https://en.wikipedia.org/wiki/Numbered_highways_in_the_United_States#State_highways ""Numbered highways in the United States"")<br>- Quarters<br>  - [50 states](https://en.wikipedia.org/wiki/50_State_quarters ""50 State quarters"")<br>  - [District of Columbia and territories](https://en.wikipedia.org/wiki/District_of_Columbia_and_United_States_Territories_quarters ""District of Columbia and United States Territories quarters"")<br>  - [America the Beautiful quarters](https://en.wikipedia.org/wiki/America_the_Beautiful_quarters ""America the Beautiful quarters"")<br>- [Snowiest places](https://en.wikipedia.org/wiki/List_of_snowiest_places_in_the_United_States_by_state ""List of snowiest places in the United States by state"")<br>- [Symbols](https://en.wikipedia.org/wiki/Lists_of_United_States_state_symbols ""Lists of United States state symbols"")<br>- [Tallest buildings](https://en.wikipedia.org/wiki/List_of_tallest_buildings_by_U.S._state_and_territory ""List of tallest buildings by U.S. state and territory"")<br>- [Temperature extremes](https://en.wikipedia.org/wiki/U.S._state_and_territory_temperature_extremes ""U.S. state and territory temperature extremes"")<br>- [Time zones](https://en.wikipedia.org/wiki/List_of_time_offsets_by_U.S._state_and_territory ""List of time offsets by U.S. state and territory"") |
| - ![](https://upload.wikimedia.org/wikipedia/en/thumb/9/96/Symbol_category_class.svg/20px-Symbol_category_class.svg.png)[Category](https://en.wikipedia.org/wiki/Category:States_of_the_United_States ""Category:States of the United States"")<br>- [![](https://upload.wikimedia.org/wikipedia/en/thumb/4/4a/Commons-logo.svg/20px-Commons-logo.svg.png)](https://en.wikipedia.org/wiki/File:Commons-logo.svg ""Commons page"")[Commons](https://commons.wikimedia.org/wiki/Category:States_of_the_United_States ""commons:Category:States of the United States"")<br>- [![](https://upload.wikimedia.org/wikipedia/en/thumb/e/e2/Symbol_portal_class.svg/20px-Symbol_portal_class.svg.png)](https://en.wikipedia.org/wiki/File:Symbol_portal_class.svg ""Portal"")[Portals](https://en.wikipedia.org/wiki/Wikipedia:List_of_U.S._state_portals ""Wikipedia:List of U.S. state portals"") |

Retrieved from "" [https://en.wikipedia.org/w/index.php?title=List\_of\_U.S.\_states\_and\_territories\_by\_incarceration\_and\_correctional\_supervision\_rate&oldid=1322397689](https://en.wikipedia.org/w/index.php?title=List_of_U.S._states_and_territories_by_incarceration_and_correctional_supervision_rate&oldid=1322397689)""

[Categories](https://en.wikipedia.org/wiki/Help:Category ""Help:Category""):

- [Incarceration rates in the United States](https://en.wikipedia.org/wiki/Category:Incarceration_rates_in_the_United_States ""Category:Incarceration rates in the United States"")
- [Penal system in the United States](https://en.wikipedia.org/wiki/Category:Penal_system_in_the_United_States ""Category:Penal system in the United States"")
- [Human rights in the United States](https://en.wikipedia.org/wiki/Category:Human_rights_in_the_United_States ""Category:Human rights in the United States"")
- [Lists of states of the United States](https://en.wikipedia.org/wiki/Category:Lists_of_states_of_the_United_States ""Category:Lists of states of the United States"")
- [Race and crime in the United States](https://en.wikipedia.org/wiki/Category:Race_and_crime_in_the_United_States ""Category:Race and crime in the United States"")
- [States of the United States law-related lists](https://en.wikipedia.org/wiki/Category:States_of_the_United_States_law-related_lists ""Category:States of the United States law-related lists"")

Hidden categories:

- [Articles with short description](https://en.wikipedia.org/wiki/Category:Articles_with_short_description ""Category:Articles with short description"")
- [Short description is different from Wikidata](https://en.wikipedia.org/wiki/Category:Short_description_is_different_from_Wikidata ""Category:Short description is different from Wikidata"")
- [Pages using Sister project links with default search](https://en.wikipedia.org/wiki/Category:Pages_using_Sister_project_links_with_default_search ""Category:Pages using Sister project links with default search"")

Search

Search

List of U.S. states and territories by incarceration and correctional supervision rate

1 language[Add topic](https://en.wikipedia.org/wiki/List_of_U.S._states_and_territories_by_incarceration_and_correctional_supervision_rate#)",,,,https://upload.wikimedia.org/wikipedia/commons/thumb/5/55/US_map_of_incarceration_rates_per_100%2C000_residents.svg/1280px-US_map_of_incarceration_rates_per_100%2C000_residents.svg.png,https://en.wikipedia.org/static/favicon/wikipedia.ico
Jails Report Series: 2024 Preliminary Data Release | Bureau of Justice Statistics,https://bjs.ojp.gov/library/publications/jails-report-series-2024-preliminary-data-release,"[Skip to main content](https://bjs.ojp.gov/library/publications/jails-report-series-2024-preliminary-data-release#main-content)

![](https://bjs.ojp.gov/themes/custom/ojp/assets/images/icon-dot-gov.svg)

**Official websites use .gov**

A **.gov** website belongs to an official government organization in the United States.


![](https://bjs.ojp.gov/themes/custom/ojp/assets/images/icon-https.svg)

**Secure .gov websites use HTTPS**

A **lock** (
LockA locked padlock
) or **https://** means you’ve safely connected to the .gov website. Share sensitive information only on official, secure websites.

# Jails Report Series: 2024 Preliminary Data Release

NCJ Number

310861

Author(s)

[Zhen Zeng, PhD, BJS Statistician](https://bjs.ojp.gov/library/publications/list?author=%22Zhen%20Zeng%2C%20PhD%2C%20BJS%20Statistician%20%2856071%29%22)

Date Published

December 2025

Publication Series

[Preliminary Data Release](https://bjs.ojp.gov/library/publications/list?series_filter=Preliminary%20Data%20Release), [Jail Inmates](https://bjs.ojp.gov/library/publications/list?series_filter=Jail%20Inmates), [Jails Preliminary Data Release](https://bjs.ojp.gov/library/publications/list?series_filter=Jails%20Preliminary%20Data%20Release)

Description

This web-only report provides preliminary statistics on key items from BJS’s [Annual Survey of Jails](https://bjs.ojp.gov/data-collection/annual-survey-jails-asj) and [Census of Jails](https://bjs.ojp.gov/data-collection/census-jails-coj). The jail statistics presented include the number of persons held in local jails by inmate demographics and conviction status, the number of admissions to jail, and jail incarceration rates, from 2014 to 2024. Final statistics will be published in _Jail Inmates in 2024 – Statistical Tables_ (forthcoming).

Highlights

- At midyear 2024, local jails held 657,500 persons in custody, similar to the year before (664,200).
- Jails reported 7.9 million admissions from July 1, 2023, to June 30, 2024. While this represents a 4% increase over the 7.6 million admissions the year before, annual admissions were 31% lower than 10 years ago (11.5 million).
- At midyear 2024, 45% of individuals incarcerated in local jails were white, 38% were black, and 15% were Hispanic. Other racial and ethnic groups, including American Indian or Alaska Native individuals, Asian individuals, Native Hawaiian or Other Pacific Islander individuals, and those identifying with two or more races, collectively comprised 2% of the total jail population.
- At midyear 2024, 69% of the jail population (450,600) was unconvicted and awaiting court action on a current charge or being held in jail for other reasons. The remaining 31% (206,900) were convicted and either serving a sentence or awaiting sentencing on a conviction.

## Additional Details        Publication Type      Online Only

Date Published: December 2, 2025

### Downloads

- [View web document](https://bjs.ojp.gov/library/publications/jails-report-series-2024-preliminary-data-release/web-report ""View web document"")

### Related Datasets

- [Annual Survey of Jails (ASJ)](https://bjs.ojp.gov/data-collection/annual-survey-jails-asj ""Annual Survey of Jails (ASJ)"")
- [Census of Jails (COJ)](https://bjs.ojp.gov/data-collection/census-jails-coj ""Census of Jails (COJ)"")

### Related Topics [Copy link to section: Related Topics](https://bjs.ojp.gov/library/publications/jails-report-series-2024-preliminary-data-release\#related-topics ""Copy link to section: Related Topics"")

[Corrections](https://bjs.ojp.gov/taxonomy/term/corrections) [Inmates](https://bjs.ojp.gov/taxonomy/term/inmates) [Jails](https://bjs.ojp.gov/taxonomy/term/jails)

### Similar Publications [Copy link to section: Similar Publications](https://bjs.ojp.gov/library/publications/jails-report-series-2024-preliminary-data-release\#similar-publications ""Copy link to section: Similar Publications"")

- [Prisons Report Series: Preliminary Data Release, 2023](https://bjs.ojp.gov/library/publications/prisons-report-series-preliminary-data-release-2023 ""Prisons Report Series: Preliminary Data Release, 2023"")
- [Prisoners in 2022 – Statistical Tables](https://bjs.ojp.gov/library/publications/prisoners-2022-statistical-tables ""Prisoners in 2022 – Statistical Tables"")
- [Prisoners in 2021 – Statistical Tables](https://bjs.ojp.gov/library/publications/prisoners-2021-statistical-tables ""Prisoners in 2021 – Statistical Tables"")

|     |     |
| --- | --- |
|  |  |",,,,https://bjs.ojp.gov/sites/g/files/xyckuh236/files/images/2021-02/OGimage_0.png,https://bjs.ojp.gov/themes/custom/ojp/assets/images/ojp/favicon.png
