title,url,markdown,author,description,date,image,favicon
State Population Totals: 2020-2024,https://www.census.gov/data/tables/time-series/demo/popest/2020s-state-total.html#popchg,"# State Population Totals and Components of Change: 2020-2024

[Skip Navigation](https://www.census.gov/data/tables/time-series/demo/popest/2020s-state-total.html#content)

[Within Data](https://www.census.gov/data.html)

# State Population Totals and Components of Change: 2020-2024

December 2024


This page features files containing state population totals and components of change for years 2020 to 2024.  For the most recent data available, please refer to the Vintage 2024 data. Vintage 2024 is the most recent completed vintage and consistent set of estimates.

### Vintage 2024

#### Nation, States, Counties, and Puerto Rico Population

- [![pdf.svg](https://www.census.gov/etc.clientlibs/census/clientlibs/census-pattern-library/resources/images/pdf.svg)\\
\\
\\
\\
Methodology \[< 1.0 MB\]](https://www2.census.gov/programs-surveys/popest/technical-documentation/methodology/2020-2024/methods-statement-v2024.pdf)

### Tables

#### Population Estimates, Population Change, and Components of Change

- [![xls.svg](https://www.census.gov/etc.clientlibs/census/clientlibs/census-pattern-library/resources/images/xls.svg)\\
\\
\\
\\
Annual Estimates of the Resident Population for the United States, Regions, States, District of Columbia and Puerto Rico: April 1, 2020 to July 1, 2024 (NST-EST2024-POP) \[< 1.0 MB\]](https://www2.census.gov/programs-surveys/popest/tables/2020-2024/state/totals/NST-EST2024-POP.xlsx ""Annual Estimates of the Resident Population for the United States, Regions, States, District of Columbia and Puerto Rico: April 1, 2020 to July 1, 2024 (NST-EST2024-POP)"")
- [![xls.svg](https://www.census.gov/etc.clientlibs/census/clientlibs/census-pattern-library/resources/images/xls.svg)\\
\\
\\
\\
Annual and Cumulative Estimates of Resident Population Change for the United States, Regions, States, District of Columbia, and Puerto Rico and Region and State Rankings: April 1, 2020 to July 1, 2024 (NST-EST2024-CHG \[< 1.0 MB\]](https://www2.census.gov/programs-surveys/popest/tables/2020-2024/state/totals/NST-EST2024-CHG.xlsx ""Annual and Cumulative Estimates of Resident Population Change for the United States, Regions, States, District of Columbia, and Puerto Rico and Region and State Rankings: April 1, 2020 to July 1, 2024 (NST-EST2024-CHG"")
- [![xls.svg](https://www.census.gov/etc.clientlibs/census/clientlibs/census-pattern-library/resources/images/xls.svg)\\
\\
\\
\\
Annual and Cumulative Estimates of the Components of Resident Population Change for the United States, Regions, States, District of Columbia, and Puerto Rico: April 1, 2020 to July 1, 2024 (NST-EST2024-COMP) \[< 1.0 MB\]](https://www2.census.gov/programs-surveys/popest/tables/2020-2024/state/totals/NST-EST2024-COMP.xlsx ""Annual and Cumulative Estimates of the Components of Resident Population Change for the United States, Regions, States, District of Columbia, and Puerto Rico: April 1, 2020 to July 1, 2024 (NST-EST2024-COMP)"")

### Datasets

#### Annual Population Estimates, Estimated Components of Resident Population Change, and Rates of the Components of Resident Population Change for the United States, States, District of Columbia, and Puerto Rico: April 1, 2020 to July 1, 2024 (NST-EST2024-ALLDATA)

- [![pdf.svg](https://www.census.gov/etc.clientlibs/census/clientlibs/census-pattern-library/resources/images/pdf.svg)\\
\\
\\
\\
File Layout \[< 1.0 MB\]](https://www2.census.gov/programs-surveys/popest/technical-documentation/file-layouts/2020-2024/NST-EST2024-ALLDATA.pdf ""File Layout"")

- [![xls.svg](https://www.census.gov/etc.clientlibs/census/clientlibs/census-pattern-library/resources/images/xls.svg)\\
\\
\\
\\
Annual Population Estimates, Estimated Components of Resident Population Change, and Rates of the Components of Resident Population Change for the United States, States, District of Columbia, and Puerto Rico: April 1, 2020 to July 1, 2024 (NST-EST2024-ALLDATA) \[< 1.0 MB\]](https://www2.census.gov/programs-surveys/popest/datasets/2020-2024/state/totals/NST-EST2024-ALLDATA.csv)

#### Annual Estimates of Resident Population Change for the United States, States, District of Columbia, Puerto Rico, and State Rankings: April 1, 2020 to July 1, 2024 (NST-EST2024-POPCHG2020-2024)

- [![pdf.svg](https://www.census.gov/etc.clientlibs/census/clientlibs/census-pattern-library/resources/images/pdf.svg)\\
\\
\\
\\
File Layout \[< 1.0 MB\]](https://www2.census.gov/programs-surveys/popest/technical-documentation/file-layouts/2020-2024/NST-EST2024-POPCHG2020-2024.pdf)

- [![xls.svg](https://www.census.gov/etc.clientlibs/census/clientlibs/census-pattern-library/resources/images/xls.svg)\\
\\
\\
\\
Annual Estimates of Resident Population Change for the United States, States, District of Columbia, Puerto Rico, and State Rankings: April 1, 2020 to July 1, 2024 (NST-EST2024-POPCHG2020-2024) \[< 1.0 MB\]](https://www2.census.gov/programs-surveys/popest/datasets/2020-2024/state/totals/NST-EST2024-POPCHG2020-2024.csv)

With each new release of annual estimates, the entire time series of estimates is revised for all years back to the last census. All previously published estimates (e.g. old vintages) are superseded and archived on the FTP2 site.

- [![ftp.svg](https://www.census.gov/etc.clientlibs/census/clientlibs/census-pattern-library/resources/images/ftp.svg)\\
\\
\\
\\
Datasets](https://www2.census.gov/programs-surveys/popest/datasets/)
- [![ftp.svg](https://www.census.gov/etc.clientlibs/census/clientlibs/census-pattern-library/resources/images/ftp.svg)\\
\\
\\
\\
Tables](https://www2.census.gov/programs-surveys/popest/tables/)
- [![ftp.svg](https://www.census.gov/etc.clientlibs/census/clientlibs/census-pattern-library/resources/images/ftp.svg)\\
\\
\\
\\
File Layouts and Methodology Statements](https://www2.census.gov/programs-surveys/popest/technical-documentation/)
- [![xls.svg](https://www.census.gov/etc.clientlibs/census/clientlibs/census-pattern-library/resources/images/xls.svg)\\
\\
\\
\\
Searchable Index and File Descriptions for All Files on the FTP2 Site \[<1.0MB\]](https://www2.census.gov/programs-surveys/popest/FTP2_Key.xlsx)

Share

[Facebook](https://www.facebook.com/sharer/sharer.php?quote=This+page+features+state+population+estimates+totals+and+components+of+change+for+years+2020-2024.&u=https://www.census.gov/data/tables/time-series/demo/popest/2020s-state-total.html ""Facebook"") [X (Twitter)](https://twitter.com/intent/tweet?url=https://www.census.gov/data/tables/time-series/demo/popest/2020s-state-total.html&text=This+page+features+state+population+estimates+totals+and+components+of+change+for+years+2020-2024. ""X (Twitter)"") [LinkedIn](https://www.linkedin.com/sharing/share-offsite/?url=https://www.census.gov/data/tables/time-series/demo/popest/2020s-state-total.html&title=State+Population+Totals+and+Components+of+Change%3A+2020-2024&text=This+page+features+state+population+estimates+totals+and+components+of+change+for+years+2020-2024.&source=U.S.+Census+Bureau ""LinkedIn"")

Related Information

* * *

[![Tables](https://www.census.gov/programs-surveys/popest/data/tables.articleitem.png/1550270932876/icon-tables.png)](https://www.census.gov/programs-surveys/popest/data/tables.html)

[Population and Housing Unit Estimates Tables](https://www.census.gov/programs-surveys/popest/data/tables.html """")

Page Last Revised - May 28, 2025

loading",,This page features state population estimates totals and components of change for years 2020-2024.,,https://www.census.gov/content/dam/Census/public/brand/census-logo-sharing-card.jpg,https://www.census.gov/etc.clientlibs/census/clientlibs/common-site/resources/icons/android-chrome-192x192.png
List of U.S. states and territories by population - Wikipedia,https://en.wikipedia.org/wiki/List_of_U.S._states_and_territories_by_population,"[Jump to content](https://en.wikipedia.org/wiki/List_of_U.S._states_and_territories_by_population#bodyContent)

From Wikipedia, the free encyclopedia

[![](https://upload.wikimedia.org/wikipedia/commons/thumb/d/d2/Population_by_U.S._state.svg/250px-Population_by_U.S._state.svg.png)](https://en.wikipedia.org/wiki/File:Population_by_U.S._state.svg) Resident population of each [U.S. state](https://en.wikipedia.org/wiki/U.S._state ""U.S. state""), the [District of Columbia](https://en.wikipedia.org/wiki/Washington,_D.C. ""Washington, D.C.""), and [Puerto Rico](https://en.wikipedia.org/wiki/Puerto_Rico ""Puerto Rico"") in 2024 according to the [U.S. Census Bureau](https://en.wikipedia.org/wiki/U.S._Census_Bureau ""U.S. Census Bureau"")

The [states and territories](https://en.wikipedia.org/wiki/List_of_states_and_territories_of_the_United_States ""List of states and territories of the United States"") included in the [United States Census Bureau](https://en.wikipedia.org/wiki/United_States_Census_Bureau ""United States Census Bureau"")'s statistics for the United States population, ethnicity, and most other categories include the [50 states](https://en.wikipedia.org/wiki/U.S._state ""U.S. state"") and [Washington, D.C.](https://en.wikipedia.org/wiki/Washington,_D.C. ""Washington, D.C."") Separate statistics are maintained for the five permanently inhabited [territories of the United States](https://en.wikipedia.org/wiki/Territories_of_the_United_States ""Territories of the United States""): [Puerto Rico](https://en.wikipedia.org/wiki/Puerto_Rico ""Puerto Rico""), [Guam](https://en.wikipedia.org/wiki/Guam ""Guam""), the [U.S. Virgin Islands](https://en.wikipedia.org/wiki/United_States_Virgin_Islands ""United States Virgin Islands""), [American Samoa](https://en.wikipedia.org/wiki/American_Samoa ""American Samoa""), and the [Northern Mariana Islands](https://en.wikipedia.org/wiki/Northern_Mariana_Islands ""Northern Mariana Islands"").[\[1\]](https://en.wikipedia.org/wiki/List_of_U.S._states_and_territories_by_population#cite_note-1)

As of April 1, 2020, the date of the [2020 United States census](https://en.wikipedia.org/wiki/2020_United_States_census ""2020 United States census""), the nine most populous [U.S. states](https://en.wikipedia.org/wiki/U.S._state ""U.S. state"") contain slightly more than half of the total population. The 25 least populous states contain less than one-sixth of the total population. [California](https://en.wikipedia.org/wiki/California ""California""), the most populous state, contains more people than the 21 least populous states combined, and [Wyoming](https://en.wikipedia.org/wiki/Wyoming ""Wyoming""), the least populous state, has a population less than any of the 31 most populous U.S. cities.

## Method

\[ [edit](https://en.wikipedia.org/w/index.php?title=List_of_U.S._states_and_territories_by_population&action=edit&section=1 ""Edit section: Method"")\]

The [United States Census](https://en.wikipedia.org/wiki/United_States_Census ""United States Census"") counts the persons residing in the [United States](https://en.wikipedia.org/wiki/United_States ""United States"") including [citizens](https://en.wikipedia.org/wiki/Citizenship ""Citizenship""), non-citizen [permanent residents](https://en.wikipedia.org/wiki/Permanent_residence_(United_States) ""Permanent residence (United States)"") and non-citizen long-term visitors.[\[2\]](https://en.wikipedia.org/wiki/List_of_U.S._states_and_territories_by_population#cite_note-2) Civilian and military federal employees serving abroad and their dependents are counted in their home state.[\[3\]](https://en.wikipedia.org/wiki/List_of_U.S._states_and_territories_by_population#cite_note-3)

## Electoral apportionment

\[ [edit](https://en.wikipedia.org/w/index.php?title=List_of_U.S._states_and_territories_by_population&action=edit&section=2 ""Edit section: Electoral apportionment"")\]

Every 10 years, the [U.S. Census Bureau](https://en.wikipedia.org/wiki/United_States_Census_Bureau ""United States Census Bureau"") is charged with making an actual count of all residents by state and territory. The accuracy of this count is then tested after the fact, and sometimes statistically significant undercounts or overcounts occur. For example, for the [2020 decennial census](https://en.wikipedia.org/wiki/2020_United_States_census ""2020 United States census""), 14 states had significant miscounts ranging from 1.5% to 6.6%. While these adjustments may be reflected in government programs over the following decade, the 10-year representative apportionments discussed below are not changed to reflect the miscount.[\[4\]](https://en.wikipedia.org/wiki/List_of_U.S._states_and_territories_by_population#cite_note-4)

### House of Representatives

\[ [edit](https://en.wikipedia.org/w/index.php?title=List_of_U.S._states_and_territories_by_population&action=edit&section=3 ""Edit section: House of Representatives"")\]

Based on this decennial census, each state is allocated a portion of the 435 fixed seats in the [United States House of Representatives](https://en.wikipedia.org/wiki/United_States_House_of_Representatives ""United States House of Representatives"") (until the early 20th century, the apportionment process generally increased the size of the House based on the results of the census until the size of the House was capped by the [Reapportionment Act of 1929](https://en.wikipedia.org/wiki/Reapportionment_Act_of_1929 ""Reapportionment Act of 1929"")), with each state guaranteed at least one Representative. The [allocation](https://en.wikipedia.org/wiki/United_States_congressional_apportionment ""United States congressional apportionment"") is based on each state's proportion of the combined population of the [fifty states](https://en.wikipedia.org/wiki/U.S._state ""U.S. state"") (not including the [District of Columbia](https://en.wikipedia.org/wiki/District_of_Columbia ""District of Columbia""), [Guam](https://en.wikipedia.org/wiki/Guam ""Guam""), [American Samoa](https://en.wikipedia.org/wiki/American_Samoa ""American Samoa""), the [Northern Mariana Islands](https://en.wikipedia.org/wiki/Northern_Mariana_Islands ""Northern Mariana Islands""), [Puerto Rico](https://en.wikipedia.org/wiki/Puerto_Rico ""Puerto Rico""), or the [U.S. Virgin Islands](https://en.wikipedia.org/wiki/United_States_Virgin_Islands ""United States Virgin Islands"")).

### Electoral College

\[ [edit](https://en.wikipedia.org/w/index.php?title=List_of_U.S._states_and_territories_by_population&action=edit&section=4 ""Edit section: Electoral College"")\]

The [Electoral College](https://en.wikipedia.org/wiki/United_States_Electoral_College ""United States Electoral College""), every four years, elects the [President](https://en.wikipedia.org/wiki/President_of_the_United_States ""President of the United States"") and [Vice President of the United States](https://en.wikipedia.org/wiki/Vice_President_of_the_United_States ""Vice President of the United States"") based on the popular vote in each state and the District of Columbia. Each state's number of votes in the Electoral College is equal to its number of members in the Senate plus members in the House of Representatives.[\[5\]](https://en.wikipedia.org/wiki/List_of_U.S._states_and_territories_by_population#cite_note-auto-5)

The [Twenty-third Amendment to the United States Constitution](https://en.wikipedia.org/wiki/Twenty-third_Amendment_to_the_United_States_Constitution ""Twenty-third Amendment to the United States Constitution"") additionally grants the District of Columbia (D.C.), which is not a state, as many Electoral College votes as it would have if it _were_ a state, while having no more votes than the least populous state (Wyoming). Since the U.S. Constitution guarantees every state at least one member of the U.S. House of Representatives and two members of the U.S. Senate, every state has at least three Electoral College votes. Thus, the Electoral College has 538 members (100 [senators](https://en.wikipedia.org/wiki/United_States_Senate ""United States Senate""), plus 435 representatives due to the limit imposed by the Reapportionment Act of 1929, plus 3 members for the District of Columbia).[\[5\]](https://en.wikipedia.org/wiki/List_of_U.S._states_and_territories_by_population#cite_note-auto-5) [Territories of the United States](https://en.wikipedia.org/wiki/Territories_of_the_United_States ""Territories of the United States"") are not included in the Electoral College: people in those territories cannot vote directly for the President of the United States,[\[6\]](https://en.wikipedia.org/wiki/List_of_U.S._states_and_territories_by_population#cite_note-6) although they may participate in the partisan nominating primaries and caucuses.[\[7\]](https://en.wikipedia.org/wiki/List_of_U.S._states_and_territories_by_population#cite_note-7)

## State and territory rankings

\[ [edit](https://en.wikipedia.org/w/index.php?title=List_of_U.S._states_and_territories_by_population&action=edit&section=5 ""Edit section: State and territory rankings"")\]

| State or territory | Census population[\[8\]](https://en.wikipedia.org/wiki/List_of_U.S._states_and_territories_by_population#cite_note-CensusEst2025-8)[\[9\]](https://en.wikipedia.org/wiki/List_of_U.S._states_and_territories_by_population#cite_note-Census2020-9)[\[a\]](https://en.wikipedia.org/wiki/List_of_U.S._states_and_territories_by_population#cite_note-residentundercount-11) | Largest cities | [House seats](https://en.wikipedia.org/wiki/United_States_House_of_Representatives ""United States House of Representatives"")[\[b\]](https://en.wikipedia.org/wiki/List_of_U.S._states_and_territories_by_population#cite_note-12) | Pop. per<br>elec. vote<br>(2020)[\[c\]](https://en.wikipedia.org/wiki/List_of_U.S._states_and_territories_by_population#cite_note-13) | Pop. per<br>seat<br>(2020)<br>[\[a\]](https://en.wikipedia.org/wiki/List_of_U.S._states_and_territories_by_population#cite_note-residentundercount-11) | % US<br>(2020) | % EC<br>(2020) |
| --- | --- | --- | --- | --- | --- | --- | --- |
| July 1, 2025 (est.) | April 1, 2020 | City name | City population | Seats | % |
| --- | --- | --- | --- | --- | --- |
| ![](https://upload.wikimedia.org/wikipedia/commons/thumb/0/01/Flag_of_California.svg/40px-Flag_of_California.svg.png)[California](https://en.wikipedia.org/wiki/California ""California"") | 39,896,263 | 39,538,223 | [Los Angeles](https://en.wikipedia.org/wiki/Los_Angeles ""Los Angeles"") | 3,871,526 | 52 | 11.95% | 732,189 | 760,350 | 11.800% | 10.04% |
| ![](https://upload.wikimedia.org/wikipedia/commons/thumb/f/f7/Flag_of_Texas.svg/40px-Flag_of_Texas.svg.png)[Texas](https://en.wikipedia.org/wiki/Texas ""Texas"") | 32,290,831 | 29,145,505 | [Houston](https://en.wikipedia.org/wiki/Houston ""Houston"") | 2,126,482 | 38 | 8.74% | 728,638 | 766,987 | 8.698% | 7.43% |
| ![](https://upload.wikimedia.org/wikipedia/commons/thumb/f/f7/Flag_of_Florida.svg/40px-Flag_of_Florida.svg.png)[Florida](https://en.wikipedia.org/wiki/Florida ""Florida"") | 23,672,215 | 21,538,187 | [Jacksonville](https://en.wikipedia.org/wiki/Jacksonville ""Jacksonville"") | 1,001,580 | 28 | 6.44% | 717,940 | 769,221 | 6.428% | 5.58% |
| ![](https://upload.wikimedia.org/wikipedia/commons/thumb/1/1a/Flag_of_New_York.svg/40px-Flag_of_New_York.svg.png)[New York](https://en.wikipedia.org/wiki/New_York_(state) ""New York (state)"") | 19,997,248 | 20,201,249 | [New York City](https://en.wikipedia.org/wiki/New_York_City ""New York City"") | 8,478,072 | 26 | 5.98% | 721,473 | 776,971 | 6.029% | 5.20% |
| ![](https://upload.wikimedia.org/wikipedia/commons/thumb/f/f7/Flag_of_Pennsylvania.svg/40px-Flag_of_Pennsylvania.svg.png)[Pennsylvania](https://en.wikipedia.org/wiki/Pennsylvania ""Pennsylvania"") | 13,200,751 | 13,002,700 | [Philadelphia](https://en.wikipedia.org/wiki/Philadelphia ""Philadelphia"") | 1,628,422 | 17 | 3.91% | 684,353 | 764,865 | 3.881% | 3.53% |
| ![](https://upload.wikimedia.org/wikipedia/commons/thumb/0/01/Flag_of_Illinois.svg/40px-Flag_of_Illinois.svg.png)[Illinois](https://en.wikipedia.org/wiki/Illinois ""Illinois"") | 12,802,158 | 12,812,508 | [Chicago](https://en.wikipedia.org/wiki/Chicago ""Chicago"") | 2,541,738 | 17 | 3.91% | 674,343 | 753,677 | 3.824% | 3.53% |
| ![](https://upload.wikimedia.org/wikipedia/commons/thumb/4/4c/Flag_of_Ohio.svg/40px-Flag_of_Ohio.svg.png)[Ohio](https://en.wikipedia.org/wiki/Ohio ""Ohio"") | 12,001,304 | 11,799,448 | [Columbus](https://en.wikipedia.org/wiki/Columbus,_Ohio ""Columbus, Ohio"") | 842,711 | 15 | 3.45% | 694,085 | 786,630 | 3.521% | 3.16% |
| ![](https://upload.wikimedia.org/wikipedia/commons/thumb/0/08/Flag_of_the_State_of_Georgia.svg/40px-Flag_of_the_State_of_Georgia.svg.png)[Georgia](https://en.wikipedia.org/wiki/Georgia_(U.S._state) ""Georgia (U.S. state)"") | 11,180,878 | 10,711,908 | [Atlanta](https://en.wikipedia.org/wiki/Atlanta ""Atlanta"") | 547,360 | 14 | 3.22% | 669,494 | 765,136 | 3.197% | 2.97% |
| ![](https://upload.wikimedia.org/wikipedia/commons/thumb/b/bb/Flag_of_North_Carolina.svg/40px-Flag_of_North_Carolina.svg.png)[North Carolina](https://en.wikipedia.org/wiki/North_Carolina ""North Carolina"") | 11,046,024 | 10,439,388 | [Charlotte](https://en.wikipedia.org/wiki/Charlotte,_North_Carolina ""Charlotte, North Carolina"") | 854,615 | 14 | 3.22% | 652,462 | 745,671 | 3.116% | 2.97% |
| ![](https://upload.wikimedia.org/wikipedia/commons/thumb/b/b5/Flag_of_Michigan.svg/40px-Flag_of_Michigan.svg.png)[Michigan](https://en.wikipedia.org/wiki/Michigan ""Michigan"") | 10,140,459 | 10,077,331 | [Detroit](https://en.wikipedia.org/wiki/Detroit ""Detroit"") | 641,821 | 13 | 2.99% | 671,822 | 775,179 | 3.008% | 2.79% |
| ![](https://upload.wikimedia.org/wikipedia/commons/thumb/9/92/Flag_of_New_Jersey.svg/40px-Flag_of_New_Jersey.svg.png)[New Jersey](https://en.wikipedia.org/wiki/New_Jersey ""New Jersey"") | 9,700,851 | 9,288,994 | [Newark](https://en.wikipedia.org/wiki/Newark,_New_Jersey ""Newark, New Jersey"") | 311,751 | 12 | 2.76% | 663,500 | 774,083 | 2.772% | 2.60% |
| ![](https://upload.wikimedia.org/wikipedia/commons/thumb/4/47/Flag_of_Virginia.svg/40px-Flag_of_Virginia.svg.png)[Virginia](https://en.wikipedia.org/wiki/Virginia ""Virginia"") | 8,811,195 | 8,631,393 | [Virginia Beach](https://en.wikipedia.org/wiki/Virginia_Beach ""Virginia Beach"") | 445,739 | 11 | 2.53% | 663,953 | 784,672 | 2.576% | 2.42% |
| ![](https://upload.wikimedia.org/wikipedia/commons/thumb/5/54/Flag_of_Washington.svg/40px-Flag_of_Washington.svg.png)[Washington](https://en.wikipedia.org/wiki/Washington_(state) ""Washington (state)"") | 8,018,180 | 7,705,281 | [Seattle](https://en.wikipedia.org/wiki/Seattle ""Seattle"") | 758,428 | 10 | 2.30% | 642,107 | 770,528 | 2.300% | 2.23% |
| ![](https://upload.wikimedia.org/wikipedia/commons/thumb/9/9d/Flag_of_Arizona.svg/40px-Flag_of_Arizona.svg.png)[Arizona](https://en.wikipedia.org/wiki/Arizona ""Arizona"") | 7,582,384 | 7,151,502 | [Phoenix](https://en.wikipedia.org/wiki/Phoenix,_Arizona ""Phoenix, Arizona"") | 1,735,358 | 9 | 2.07% | 650,137 | 794,611 | 2.134% | 2.04% |
| ![](https://upload.wikimedia.org/wikipedia/commons/thumb/9/9e/Flag_of_Tennessee.svg/40px-Flag_of_Tennessee.svg.png)[Tennessee](https://en.wikipedia.org/wiki/Tennessee ""Tennessee"") | 7,227,750 | 6,910,840 | [Nashville](https://en.wikipedia.org/wiki/Nashville ""Nashville"") | 731,518 | 9 | 2.07% | 628,258 | 767,871 | 2.062% | 2.04% |
| ![](https://upload.wikimedia.org/wikipedia/commons/thumb/f/f2/Flag_of_Massachusetts.svg/40px-Flag_of_Massachusetts.svg.png)[Massachusetts](https://en.wikipedia.org/wiki/Massachusetts ""Massachusetts"") | 7,136,171 | 7,029,917 | [Boston](https://en.wikipedia.org/wiki/Boston ""Boston"") | 665,715 | 9 | 2.07% | 639,083 | 781,102 | 2.098% | 2.04% |
| ![](https://upload.wikimedia.org/wikipedia/commons/thumb/a/ac/Flag_of_Indiana.svg/40px-Flag_of_Indiana.svg.png)[Indiana](https://en.wikipedia.org/wiki/Indiana ""Indiana"") | 7,001,275 | 6,785,528 | [Indianapolis](https://en.wikipedia.org/wiki/Indianapolis ""Indianapolis"") | 835,271 | 9 | 2.07% | 616,866 | 753,948 | 2.025% | 2.04% |
| ![](https://upload.wikimedia.org/wikipedia/commons/thumb/a/a0/Flag_of_Maryland.svg/40px-Flag_of_Maryland.svg.png)[Maryland](https://en.wikipedia.org/wiki/Maryland ""Maryland"") | 6,295,220 | 6,177,224 | [Baltimore](https://en.wikipedia.org/wiki/Baltimore ""Baltimore"") | 638,726 | 8 | 1.84% | 617,722 | 772,153 | 1.844% | 1.86% |
| ![](https://upload.wikimedia.org/wikipedia/commons/thumb/5/5a/Flag_of_Missouri.svg/40px-Flag_of_Missouri.svg.png)[Missouri](https://en.wikipedia.org/wiki/Missouri ""Missouri"") | 6,245,466 | 6,154,913 | [Kansas City, Missouri](https://en.wikipedia.org/wiki/Kansas_City,_Missouri ""Kansas City, Missouri"") | 532,751 | 8 | 1.84% | 615,491 | 769,364 | 1.837% | 1.86% |
| ![](https://upload.wikimedia.org/wikipedia/commons/thumb/2/22/Flag_of_Wisconsin.svg/40px-Flag_of_Wisconsin.svg.png)[Wisconsin](https://en.wikipedia.org/wiki/Wisconsin ""Wisconsin"") | 6,001,975 | 5,893,718 | [Milwaukee](https://en.wikipedia.org/wiki/Milwaukee ""Milwaukee"") | 588,155 | 8 | 1.84% | 589,372 | 736,715 | 1.759% | 1.86% |
| ![](https://upload.wikimedia.org/wikipedia/commons/thumb/4/46/Flag_of_Colorado.svg/40px-Flag_of_Colorado.svg.png)[Colorado](https://en.wikipedia.org/wiki/Colorado ""Colorado"") | 6,072,493 | 5,773,714 | [Denver](https://en.wikipedia.org/wiki/Denver ""Denver"") | 744,518 | 8 | 1.84% | 577,371 | 721,714 | 1.723% | 1.86% |
| ![](https://upload.wikimedia.org/wikipedia/commons/thumb/b/b9/Flag_of_Minnesota.svg/40px-Flag_of_Minnesota.svg.png)[Minnesota](https://en.wikipedia.org/wiki/Minnesota ""Minnesota"") | 5,793,151 | 5,706,494 | [Minneapolis](https://en.wikipedia.org/wiki/Minneapolis ""Minneapolis"") | 425,760 | 8 | 1.84% | 570,649 | 713,312 | 1.703% | 1.86% |
| ![](https://upload.wikimedia.org/wikipedia/commons/thumb/6/69/Flag_of_South_Carolina.svg/40px-Flag_of_South_Carolina.svg.png)[South Carolina](https://en.wikipedia.org/wiki/South_Carolina ""South Carolina"") | 5,618,831 | 5,118,425 | [Columbia](https://en.wikipedia.org/wiki/Columbia,_South_Carolina ""Columbia, South Carolina"") | 183,715 | 7 | 1.61% | 568,714 | 731,204 | 1.528% | 1.67% |
| ![](https://upload.wikimedia.org/wikipedia/commons/thumb/5/5c/Flag_of_Alabama.svg/40px-Flag_of_Alabama.svg.png)[Alabama](https://en.wikipedia.org/wiki/Alabama ""Alabama"") | 5,201,699 | 5,024,279 | [Huntsville](https://en.wikipedia.org/wiki/Huntsville ""Huntsville"") | 208,389 | 7 | 1.61% | 558,253 | 717,754 | 1.499% | 1.67% |
| ![](https://upload.wikimedia.org/wikipedia/commons/thumb/e/e0/Flag_of_Louisiana.svg/40px-Flag_of_Louisiana.svg.png)[Louisiana](https://en.wikipedia.org/wiki/Louisiana ""Louisiana"") | 4,607,740 | 4,657,757 | [New Orleans](https://en.wikipedia.org/wiki/New_Orleans ""New Orleans"") | 362,710 | 6 | 1.38% | 582,220 | 776,293 | 1.390% | 1.49% |
| ![](https://upload.wikimedia.org/wikipedia/commons/thumb/8/8d/Flag_of_Kentucky.svg/40px-Flag_of_Kentucky.svg.png)[Kentucky](https://en.wikipedia.org/wiki/Kentucky ""Kentucky"") | 4,600,372 | 4,505,836 | [Louisville](https://en.wikipedia.org/wiki/Louisville ""Louisville"") | 653,218 | 6 | 1.38% | 563,230 | 750,973 | 1.345% | 1.49% |
| ![](https://upload.wikimedia.org/wikipedia/commons/thumb/b/b9/Flag_of_Oregon.svg/40px-Flag_of_Oregon.svg.png)[Oregon](https://en.wikipedia.org/wiki/Oregon ""Oregon"") | 4,309,371 | 4,237,256 | [Portland](https://en.wikipedia.org/wiki/Portland,_Oregon ""Portland, Oregon"") | 647,288 | 6 | 1.38% | 529,657 | 706,209 | 1.265% | 1.49% |
| ![](https://upload.wikimedia.org/wikipedia/commons/thumb/6/6e/Flag_of_Oklahoma.svg/40px-Flag_of_Oklahoma.svg.png)[Oklahoma](https://en.wikipedia.org/wiki/Oklahoma ""Oklahoma"") | 4,147,393 | 3,959,353 | [Oklahoma City](https://en.wikipedia.org/wiki/Oklahoma_City ""Oklahoma City"") | 738,249 | 5 | 1.15% | 565,622 | 791,871 | 1.182% | 1.30% |
| ![](https://upload.wikimedia.org/wikipedia/commons/thumb/9/96/Flag_of_Connecticut.svg/20px-Flag_of_Connecticut.svg.png)[Connecticut](https://en.wikipedia.org/wiki/Connecticut ""Connecticut"") | 3,698,069 | 3,605,944 | [Bridgeport](https://en.wikipedia.org/wiki/Bridgeport ""Bridgeport"") | 118,626 | 5 | 1.15% | 515,135 | 721,189 | 1.076% | 1.30% |
| ![](https://upload.wikimedia.org/wikipedia/commons/thumb/f/f6/Flag_of_Utah.svg/40px-Flag_of_Utah.svg.png)[Utah](https://en.wikipedia.org/wiki/Utah ""Utah"") | 3,524,000 | 3,271,616 | [Salt Lake City](https://en.wikipedia.org/wiki/Salt_Lake_City ""Salt Lake City"") | 214,524 | 4 | 0.92% | 545,269 | 817,904 | 0.976% | 1.12% |
| ![](https://upload.wikimedia.org/wikipedia/commons/thumb/f/f1/Flag_of_Nevada.svg/40px-Flag_of_Nevada.svg.png)[Nevada](https://en.wikipedia.org/wiki/Nevada ""Nevada"") | 3,336,467 | 3,104,614 | [Las Vegas](https://en.wikipedia.org/wiki/Las_Vegas ""Las Vegas"") | 678,922 | 4 | 0.92% | 517,436 | 776,154 | 0.927% | 1.12% |
| ![](https://upload.wikimedia.org/wikipedia/commons/thumb/a/aa/Flag_of_Iowa.svg/40px-Flag_of_Iowa.svg.png)[Iowa](https://en.wikipedia.org/wiki/Iowa ""Iowa"") | 3,266,488 | 3,190,369 | [Des Moines](https://en.wikipedia.org/wiki/Des_Moines ""Des Moines"") | 144,014 | 4 | 0.92% | 531,728 | 797,592 | 0.952% | 1.12% |
| ![](https://upload.wikimedia.org/wikipedia/commons/thumb/2/28/Flag_of_Puerto_Rico.svg/40px-Flag_of_Puerto_Rico.svg.png)[Puerto Rico](https://en.wikipedia.org/wiki/Puerto_Rico ""Puerto Rico"") | 3,203,295 | 3,285,874 | [San Juan](https://en.wikipedia.org/wiki/San_Juan,_Puerto_Rico ""San Juan, Puerto Rico"") | 2,217,592 | 1\* | — | — | — | 0.981% | — |
| ![](https://upload.wikimedia.org/wikipedia/commons/thumb/9/9d/Flag_of_Arkansas.svg/40px-Flag_of_Arkansas.svg.png)[Arkansas](https://en.wikipedia.org/wiki/Arkansas ""Arkansas"") | 3,112,354 | 3,011,524 | [Little Rock](https://en.wikipedia.org/wiki/Little_Rock ""Little Rock"") | 199,527 | 4 | 0.92% | 501,921 | 752,881 | 0.899% | 1.12% |
| ![](https://upload.wikimedia.org/wikipedia/commons/thumb/d/da/Flag_of_Kansas.svg/40px-Flag_of_Kansas.svg.png)[Kansas](https://en.wikipedia.org/wiki/Kansas ""Kansas"") | 3,005,606 | 2,937,880 | [Wichita](https://en.wikipedia.org/wiki/Wichita,_Kansas ""Wichita, Kansas"") | 387,415 | 4 | 0.92% | 489,647 | 734,470 | 0.877% | 1.12% |
| ![](https://upload.wikimedia.org/wikipedia/commons/thumb/4/42/Flag_of_Mississippi.svg/40px-Flag_of_Mississippi.svg.png)[Mississippi](https://en.wikipedia.org/wiki/Mississippi ""Mississippi"") | 2,941,045 | 2,961,279 | [Jackson](https://en.wikipedia.org/wiki/Jackson,_Mississippi ""Jackson, Mississippi"") | 153,273 | 4 | 0.92% | 493,547 | 740,320 | 0.884% | 1.12% |
| ![](https://upload.wikimedia.org/wikipedia/commons/thumb/c/c3/Flag_of_New_Mexico.svg/40px-Flag_of_New_Mexico.svg.png)[New Mexico](https://en.wikipedia.org/wiki/New_Mexico ""New Mexico"") | 2,145,256 | 2,117,522 | [Albuquerque](https://en.wikipedia.org/wiki/Albuquerque ""Albuquerque"") | 623,846 | 3 | 0.69% | 423,504 | 705,841 | 0.632% | 0.93% |
| ![](https://upload.wikimedia.org/wikipedia/commons/thumb/4/4d/Flag_of_Nebraska.svg/40px-Flag_of_Nebraska.svg.png)[Nebraska](https://en.wikipedia.org/wiki/Nebraska ""Nebraska"") | 2,025,465 | 1,961,504 | [Omaha](https://en.wikipedia.org/wiki/Omaha ""Omaha"") | 493,625 | 3 | 0.69% | 392,301 | 653,835 | 0.585% | 0.93% |
| ![](https://upload.wikimedia.org/wikipedia/commons/thumb/a/a4/Flag_of_Idaho.svg/20px-Flag_of_Idaho.svg.png)[Idaho](https://en.wikipedia.org/wiki/Idaho ""Idaho"") | 2,039,619 | 1,839,106 | [Boise](https://en.wikipedia.org/wiki/Boise ""Boise"") | 271,524 | 2 | 0.46% | 459,777 | 919,553 | 0.549% | 0.74% |
| ![](https://upload.wikimedia.org/wikipedia/commons/thumb/2/22/Flag_of_West_Virginia.svg/40px-Flag_of_West_Virginia.svg.png)[West Virginia](https://en.wikipedia.org/wiki/West_Virginia ""West Virginia"") | 1,712,278 | 1,793,716 | [Charleston](https://en.wikipedia.org/wiki/Charleston,_West_Virginia ""Charleston, West Virginia"") | 48,864 | 2 | 0.46% | 448,429 | 896,858 | 0.535% | 0.74% |
| ![](https://upload.wikimedia.org/wikipedia/commons/thumb/e/ef/Flag_of_Hawaii.svg/40px-Flag_of_Hawaii.svg.png)[Hawaii](https://en.wikipedia.org/wiki/Hawaii ""Hawaii"") | 1,456,146 | 1,455,271 | [Honolulu](https://en.wikipedia.org/wiki/Honolulu ""Honolulu"") | 353,217 | 2 | 0.46% | 363,818 | 727,636 | 0.434% | 0.74% |
| ![](https://upload.wikimedia.org/wikipedia/commons/thumb/2/28/Flag_of_New_Hampshire.svg/40px-Flag_of_New_Hampshire.svg.png)[New Hampshire](https://en.wikipedia.org/wiki/New_Hampshire ""New Hampshire"") | 1,415,032 | 1,377,529 | [Manchester](https://en.wikipedia.org/wiki/Manchester,_New_Hampshire ""Manchester, New Hampshire"") | 115,644 | 2 | 0.46% | 344,382 | 688,765 | 0.411% | 0.74% |
| ![](https://upload.wikimedia.org/wikipedia/commons/thumb/3/35/Flag_of_Maine.svg/20px-Flag_of_Maine.svg.png)[Maine](https://en.wikipedia.org/wiki/Maine ""Maine"") | 1,415,012 | 1,362,359 | [Portland](https://en.wikipedia.org/wiki/Portland,_Maine ""Portland, Maine"") | 69,568 | 2 | 0.46% | 340,590 | 681,180 | 0.407% | 0.74% |
| ![](https://upload.wikimedia.org/wikipedia/commons/thumb/c/cb/Flag_of_Montana.svg/40px-Flag_of_Montana.svg.png)[Montana](https://en.wikipedia.org/wiki/Montana ""Montana"") | 1,149,233 | 1,084,225 | [Billings](https://en.wikipedia.org/wiki/Billings ""Billings"") | 112,651 | 2 | 0.46% | 271,056 | 542,113 | 0.324% | 0.74% |
| ![](https://upload.wikimedia.org/wikipedia/commons/thumb/f/f3/Flag_of_Rhode_Island.svg/20px-Flag_of_Rhode_Island.svg.png)[Rhode Island](https://en.wikipedia.org/wiki/Rhode_Island ""Rhode Island"") | 1,115,308 | 1,097,379 | [Providence](https://en.wikipedia.org/wiki/Providence,_Rhode_Island ""Providence, Rhode Island"") | 88,471 | 2 | 0.46% | 274,345 | 548,690 | 0.328% | 0.74% |
| ![](https://upload.wikimedia.org/wikipedia/commons/thumb/c/c6/Flag_of_Delaware.svg/40px-Flag_of_Delaware.svg.png)[Delaware](https://en.wikipedia.org/wiki/Delaware ""Delaware"") | 1,071,917 | 989,948 | [Wilmington](https://en.wikipedia.org/wiki/Wilmington,_Delaware ""Wilmington, Delaware"") | 104,888 | 1 | 0.23% | 329,983 | 989,948 | 0.295% | 0.56% |
| ![](https://upload.wikimedia.org/wikipedia/commons/thumb/1/1a/Flag_of_South_Dakota.svg/40px-Flag_of_South_Dakota.svg.png)[South Dakota](https://en.wikipedia.org/wiki/South_Dakota ""South Dakota"") | 930,669 | 886,667 | [Sioux Falls](https://en.wikipedia.org/wiki/Sioux_Falls ""Sioux Falls"") | 203,817 | 1 | 0.23% | 295,556 | 886,667 | 0.265% | 0.56% |
| ![](https://upload.wikimedia.org/wikipedia/commons/thumb/e/ee/Flag_of_North_Dakota.svg/20px-Flag_of_North_Dakota.svg.png)[North Dakota](https://en.wikipedia.org/wiki/North_Dakota ""North Dakota"") | 804,568 | 779,094 | [Fargo](https://en.wikipedia.org/wiki/Fargo,_North_Dakota ""Fargo, North Dakota"") | 174,722 | 1 | 0.23% | 259,698 | 779,094 | 0.233% | 0.56% |
| ![](https://upload.wikimedia.org/wikipedia/commons/thumb/e/e6/Flag_of_Alaska.svg/40px-Flag_of_Alaska.svg.png)[Alaska](https://en.wikipedia.org/wiki/Alaska ""Alaska"") | 746,133 | 733,391 | [Anchorage](https://en.wikipedia.org/wiki/Anchorage ""Anchorage"") | 251,663 | 1 | 0.23% | 244,464 | 733,391 | 0.219% | 0.56% |
| ![](https://upload.wikimedia.org/wikipedia/commons/thumb/0/03/Flag_of_Washington%2C_D.C.svg/40px-Flag_of_Washington%2C_D.C.svg.png)[District of Columbia](https://en.wikipedia.org/wiki/Washington,_D.C. ""Washington, D.C."") | 712,250 | 689,545 | [Washington D.C.](https://en.wikipedia.org/wiki/Washington_D.C. ""Washington D.C."") | 702,250 | 1\* | — | 229,848 | — | 0.206% | 0.56% |
| ![](https://upload.wikimedia.org/wikipedia/commons/thumb/4/49/Flag_of_Vermont.svg/40px-Flag_of_Vermont.svg.png)[Vermont](https://en.wikipedia.org/wiki/Vermont ""Vermont"") | 648,996 | 643,077 | [Burlington](https://en.wikipedia.org/wiki/Burlington,_Vermont ""Burlington, Vermont"") | 41,268 | 1 | 0.23% | 214,359 | 643,077 | 0.192% | 0.56% |
| ![](https://upload.wikimedia.org/wikipedia/commons/thumb/b/bc/Flag_of_Wyoming.svg/40px-Flag_of_Wyoming.svg.png)[Wyoming](https://en.wikipedia.org/wiki/Wyoming ""Wyoming"") | 590,618 | 576,851 | [Cheyenne](https://en.wikipedia.org/wiki/Cheyenne,_Wyoming ""Cheyenne, Wyoming"") | 61,392 | 1 | 0.23% | 192,284 | 576,851 | 0.172% | 0.56% |
| ![](https://upload.wikimedia.org/wikipedia/commons/thumb/0/07/Flag_of_Guam.svg/40px-Flag_of_Guam.svg.png)[Guam](https://en.wikipedia.org/wiki/Guam ""Guam"")[\[11\]](https://en.wikipedia.org/wiki/List_of_U.S._states_and_territories_by_population#cite_note-GUC2020-14) | N/A | 153,836 | — | — | 1\* | — | — | — | 0.046% | — |
| ![](https://upload.wikimedia.org/wikipedia/commons/thumb/f/f8/Flag_of_the_United_States_Virgin_Islands.svg/40px-Flag_of_the_United_States_Virgin_Islands.svg.png)[U.S. Virgin Islands](https://en.wikipedia.org/wiki/United_States_Virgin_Islands ""United States Virgin Islands"")[\[12\]](https://en.wikipedia.org/wiki/List_of_U.S._states_and_territories_by_population#cite_note-VIC2020-15) | N/A | 87,146 | — | — | 1\* | — | — | — | 0.026% | — |
| ![](https://upload.wikimedia.org/wikipedia/commons/thumb/8/87/Flag_of_American_Samoa.svg/40px-Flag_of_American_Samoa.svg.png)[American Samoa](https://en.wikipedia.org/wiki/American_Samoa ""American Samoa"")[\[13\]](https://en.wikipedia.org/wiki/List_of_U.S._states_and_territories_by_population#cite_note-ASC2020-16) | N/A | 49,710 | — | — | 1\* | — | — | — | 0.015% | — |
| ![](https://upload.wikimedia.org/wikipedia/commons/thumb/e/e0/Flag_of_the_Northern_Mariana_Islands.svg/40px-Flag_of_the_Northern_Mariana_Islands.svg.png)[Northern Mariana Islands](https://en.wikipedia.org/wiki/Northern_Mariana_Islands ""Northern Mariana Islands"")[\[14\]](https://en.wikipedia.org/wiki/List_of_U.S._states_and_territories_by_population#cite_note-MPC2020-17) | N/A | 47,329 | — | — | 1\* | — | — | — | 0.014% | — |
| _[Contiguous United States](https://en.wikipedia.org/wiki/Contiguous_United_States ""Contiguous United States"")_ | 337,924,709 | 329,260,619 |  |  | 432<br>(+1\*) | 99.31% | 623,600 | 756,921 | 98.265% | 98.70% |
| _The 50 states_ | 339,408,738 | 330,759,736 |  |  | 435 | 100% | 618,242 | 760,367 | 98.713% | 99.44% |
| _The 50 states and D.C._ | 340,110,988 | 331,449,281 |  |  | 435<br>(+1\*) | 100% | 616,077 | — | 98.918% | 100% |
| **Total US and territories** | N/A | 335,073,176 |  |  | 435<br>(+6\*) | 100% | — | — | 100% | — |

U.S. states and territories by population

\\* — [non-voting member of the House of Representatives](https://en.wikipedia.org/wiki/Non-voting_members_of_the_United_States_House_of_Representatives ""Non-voting members of the United States House of Representatives"").

1. ^ [Jump up to: _**a**_](https://en.wikipedia.org/wiki/List_of_U.S._states_and_territories_by_population#cite_ref-residentundercount_11-0) [_**b**_](https://en.wikipedia.org/wiki/List_of_U.S._states_and_territories_by_population#cite_ref-residentundercount_11-1)Resident population only; does not include overseas population. In 2022, the Census Bureau announced the following undercounts (missed residents) in the 2020 census: Arkansas (−5.04%), Florida (−3.48%), Illinois (−1.97%), Mississippi (−4.11%), Tennessee (−4.78%) and Texas (−1.92%). These were the overcounts: Delaware (+5.45%), Hawaii (+6.79%), Massachusetts (+2.24%), Minnesota (+3.84%), New York (+3.44%), Ohio (+1.49%), Rhode Island (+5.05%) and Utah (+2.59%).[\[10\]](https://en.wikipedia.org/wiki/List_of_U.S._states_and_territories_by_population#cite_note-10)
2. **[^](https://en.wikipedia.org/wiki/List_of_U.S._states_and_territories_by_population#cite_ref-12 ""Jump up"")**Effective from 2022 onward.
3. **[^](https://en.wikipedia.org/wiki/List_of_U.S._states_and_territories_by_population#cite_ref-13 ""Jump up"")**Effective from the 2022 elections onward. Each state has a number of votes in the [Electoral College](https://en.wikipedia.org/wiki/Electoral_College_(United_States) ""Electoral College (United States)"") equal to its number of senators (two) and representatives in the Congress, while D.C. is [granted three electoral votes](https://en.wikipedia.org/wiki/Twenty-third_Amendment_to_the_United_States_Constitution ""Twenty-third Amendment to the United States Constitution""). The Electoral College is used to elect the President and Vice President of the United States.

## Summary of population by region

\[ [edit](https://en.wikipedia.org/w/index.php?title=List_of_U.S._states_and_territories_by_population&action=edit&section=6 ""Edit section: Summary of population by region"")\]

| Legend |
| --- |
| Division totals – 9 divisions for 50 states and District of Columbia |
| Region totals – 4 regions (2 or 3 divisions each) |
| Individual territories |
| Total U.S. territories |
| 50 states + District of Columbia |
| Divisions & regions as defined by U.S. Census Bureau |
| Last col. shows larger region which contains entity in col. 1 |

Column header abbreviations: # = Rank, Geo. = Geographic

| State/federal district/territory/<br>division/region | # | 2020 pop. | # | 2010 pop. | # | 2000 pop. | # | 2010–<br>2020<br>change | Geo.<br> sort |
| --- | --- | --- | --- | --- | --- | --- | --- | --- | --- |
| ![](https://upload.wikimedia.org/wikipedia/commons/thumb/f/f2/Flag_of_Massachusetts.svg/40px-Flag_of_Massachusetts.svg.png)[Massachusetts](https://en.wikipedia.org/wiki/Massachusetts ""Massachusetts"") | 15 | 7,029,917 | 14 | 6,547,629 | 13 | 6,349,097 | 21 | 7.4% | NEng |
| ![](https://upload.wikimedia.org/wikipedia/commons/thumb/9/96/Flag_of_Connecticut.svg/20px-Flag_of_Connecticut.svg.png)[Connecticut](https://en.wikipedia.org/wiki/Connecticut ""Connecticut"") | 29 | 3,605,944 | 29 | 3,574,097 | 29 | 3,405,565 | 47 | 0.9% | NEng |
| ![](https://upload.wikimedia.org/wikipedia/commons/thumb/2/28/Flag_of_New_Hampshire.svg/40px-Flag_of_New_Hampshire.svg.png)[New Hampshire](https://en.wikipedia.org/wiki/New_Hampshire ""New Hampshire"") | 41 | 1,377,529 | 42 | 1,316,470 | 41 | 1,235,786 | 30 | 4.6% | NEng |
| ![](https://upload.wikimedia.org/wikipedia/commons/thumb/3/35/Flag_of_Maine.svg/20px-Flag_of_Maine.svg.png)[Maine](https://en.wikipedia.org/wiki/Maine ""Maine"") | 42 | 1,362,359 | 41 | 1,328,361 | 40 | 1,274,923 | 42 | 2.6% | NEng |
| ![](https://upload.wikimedia.org/wikipedia/commons/thumb/f/f3/Flag_of_Rhode_Island.svg/20px-Flag_of_Rhode_Island.svg.png)[Rhode Island](https://en.wikipedia.org/wiki/Rhode_Island ""Rhode Island"") | 43 | 1,097,379 | 43 | 1,052,567 | 43 | 1,048,319 | 31 | 4.3% | NEng |
| ![](https://upload.wikimedia.org/wikipedia/commons/thumb/4/49/Flag_of_Vermont.svg/40px-Flag_of_Vermont.svg.png)[Vermont](https://en.wikipedia.org/wiki/Vermont ""Vermont"") | 49 | 643,077 | 49 | 625,741 | 49 | 608,827 | 40 | 2.8% | NEng |
| [New England](https://en.wikipedia.org/wiki/New_England ""New England"") | 9 | 15,116,205 | 9 | 14,444,865 | 9 | 13,922,517 | 7 | 4.6% | NEast |
| ![](https://upload.wikimedia.org/wikipedia/commons/thumb/1/1a/Flag_of_New_York.svg/40px-Flag_of_New_York.svg.png)[New York](https://en.wikipedia.org/wiki/New_York_(state) ""New York (state)"") | 4 | 20,201,249 | 3 | 19,378,102 | 3 | 18,976,457 | 32 | 4.2% | MAtl |
| ![](https://upload.wikimedia.org/wikipedia/commons/thumb/f/f7/Flag_of_Pennsylvania.svg/40px-Flag_of_Pennsylvania.svg.png)[Pennsylvania](https://en.wikipedia.org/wiki/Pennsylvania ""Pennsylvania"") | 5 | 13,002,700 | 6 | 12,702,379 | 6 | 12,281,054 | 43 | 2.4% | MAtl |
| ![](https://upload.wikimedia.org/wikipedia/commons/thumb/9/92/Flag_of_New_Jersey.svg/40px-Flag_of_New_Jersey.svg.png)[New Jersey](https://en.wikipedia.org/wiki/New_Jersey ""New Jersey"") | 11 | 9,288,994 | 11 | 8,791,894 | 9 | 8,414,350 | 25 | 5.7% | MAtl |
| [Mid-Atlantic](https://en.wikipedia.org/wiki/Mid-Atlantic_States ""Mid-Atlantic States"") | 4 | 42,492,943 | 4 | 40,872,375 | 4 | 39,671,861 | 8 | 4.0% | NEast |
| [Northeast](https://en.wikipedia.org/wiki/Northeastern_United_States ""Northeastern United States"") | 4 | 57,609,148 | 4 | 55,317,240 | 4 | 53,594,378 | 3 | 4.1% | USA |
| ![](https://upload.wikimedia.org/wikipedia/commons/thumb/f/f7/Flag_of_Florida.svg/40px-Flag_of_Florida.svg.png)[Florida](https://en.wikipedia.org/wiki/Florida ""Florida"") | 3 | 21,538,187 | 4 | 18,801,310 | 4 | 15,982,378 | 8 | 14.6% | SAtl |
| ![](https://upload.wikimedia.org/wikipedia/commons/thumb/0/08/Flag_of_the_State_of_Georgia.svg/40px-Flag_of_the_State_of_Georgia.svg.png)[Georgia](https://en.wikipedia.org/wiki/Georgia_(U.S._state) ""Georgia (U.S. state)"") | 8 | 10,711,908 | 9 | 9,687,653 | 10 | 8,186,453 | 12 | 10.6% | SAtl |
| ![](https://upload.wikimedia.org/wikipedia/commons/thumb/b/bb/Flag_of_North_Carolina.svg/40px-Flag_of_North_Carolina.svg.png)[North Carolina](https://en.wikipedia.org/wiki/North_Carolina ""North Carolina"") | 9 | 10,439,388 | 10 | 9,535,483 | 11 | 8,049,313 | 15 | 9.5% | SAtl |
| ![](https://upload.wikimedia.org/wikipedia/commons/thumb/4/47/Flag_of_Virginia.svg/40px-Flag_of_Virginia.svg.png)[Virginia](https://en.wikipedia.org/wiki/Virginia ""Virginia"") | 12 | 8,631,393 | 12 | 8,001,024 | 12 | 7,078,515 | 18 | 7.9% | SAtl |
| ![](https://upload.wikimedia.org/wikipedia/commons/thumb/a/a0/Flag_of_Maryland.svg/40px-Flag_of_Maryland.svg.png)[Maryland](https://en.wikipedia.org/wiki/Maryland ""Maryland"") | 18 | 6,177,224 | 19 | 5,773,552 | 19 | 5,296,486 | 22 | 7.0% | SAtl |
| ![](https://upload.wikimedia.org/wikipedia/commons/thumb/6/69/Flag_of_South_Carolina.svg/40px-Flag_of_South_Carolina.svg.png)[South Carolina](https://en.wikipedia.org/wiki/South_Carolina ""South Carolina"") | 23 | 5,118,425 | 24 | 4,625,364 | 26 | 4,012,012 | 10 | 10.7% | SAtl |
| ![](https://upload.wikimedia.org/wikipedia/commons/thumb/2/22/Flag_of_West_Virginia.svg/40px-Flag_of_West_Virginia.svg.png)[West Virginia](https://en.wikipedia.org/wiki/West_Virginia ""West Virginia"") | 39 | 1,793,716 | 37 | 1,852,994 | 37 | 1,808,344 | 50 | −3.2% | SAtl |
| ![](https://upload.wikimedia.org/wikipedia/commons/thumb/c/c6/Flag_of_Delaware.svg/40px-Flag_of_Delaware.svg.png)[Delaware](https://en.wikipedia.org/wiki/Delaware ""Delaware"") | 45 | 989,948 | 45 | 897,934 | 45 | 783,600 | 13 | 10.2% | SAtl |
| ![](https://upload.wikimedia.org/wikipedia/commons/thumb/0/03/Flag_of_Washington%2C_D.C.svg/40px-Flag_of_Washington%2C_D.C.svg.png)[District of Columbia](https://en.wikipedia.org/wiki/Washington,_D.C. ""Washington, D.C."") | – | 689,545 | – | 601,723 | – | 572,059 | – | 14.6% | SAtl |
| [South Atlantic](https://en.wikipedia.org/wiki/South_Atlantic_States ""South Atlantic States"") | 1 | 66,089,734 | 1 | 59,777,037 | 1 | 51,769,160 | 3 | 10.6% | South |
| ![](https://upload.wikimedia.org/wikipedia/commons/thumb/9/9e/Flag_of_Tennessee.svg/40px-Flag_of_Tennessee.svg.png)[Tennessee](https://en.wikipedia.org/wiki/Tennessee ""Tennessee"") | 16 | 6,910,840 | 17 | 6,346,105 | 16 | 5,689,283 | 17 | 8.9% | ESC |
| ![](https://upload.wikimedia.org/wikipedia/commons/thumb/5/5c/Flag_of_Alabama.svg/40px-Flag_of_Alabama.svg.png)[Alabama](https://en.wikipedia.org/wiki/Alabama ""Alabama"") | 24 | 5,024,279 | 23 | 4,779,736 | 23 | 4,447,100 | 27 | 5.1% | ESC |
| ![](https://upload.wikimedia.org/wikipedia/commons/thumb/8/8d/Flag_of_Kentucky.svg/40px-Flag_of_Kentucky.svg.png)[Kentucky](https://en.wikipedia.org/wiki/Kentucky ""Kentucky"") | 26 | 4,505,836 | 26 | 4,339,367 | 25 | 4,041,769 | 33 | 3.8% | ESC |
| ![](https://upload.wikimedia.org/wikipedia/commons/thumb/4/42/Flag_of_Mississippi.svg/40px-Flag_of_Mississippi.svg.png)[Mississippi](https://en.wikipedia.org/wiki/Mississippi ""Mississippi"") | 34 | 2,961,279 | 31 | 2,967,297 | 31 | 2,844,658 | 49 | −0.2% | ESC |
| [East South Central](https://en.wikipedia.org/wiki/East_South_Central_States ""East South Central States"") | 8 | 19,402,234 | 8 | 18,432,505 | 8 | 17,022,810 | 6 | 5.3% | South |
| ![](https://upload.wikimedia.org/wikipedia/commons/thumb/f/f7/Flag_of_Texas.svg/40px-Flag_of_Texas.svg.png)[Texas](https://en.wikipedia.org/wiki/Texas ""Texas"") | 2 | 29,145,505 | 2 | 25,145,561 | 2 | 20,851,820 | 3 | 15.9% | WSC |
| ![](https://upload.wikimedia.org/wikipedia/commons/thumb/e/e0/Flag_of_Louisiana.svg/40px-Flag_of_Louisiana.svg.png)[Louisiana](https://en.wikipedia.org/wiki/Louisiana ""Louisiana"") | 25 | 4,657,757 | 25 | 4,533,372 | 22 | 4,468,976 | 41 | 2.7% | WSC |
| ![](https://upload.wikimedia.org/wikipedia/commons/thumb/6/6e/Flag_of_Oklahoma.svg/40px-Flag_of_Oklahoma.svg.png)[Oklahoma](https://en.wikipedia.org/wiki/Oklahoma ""Oklahoma"") | 28 | 3,959,353 | 28 | 3,751,351 | 27 | 3,450,654 | 26 | 5.5% | WSC |
| ![](https://upload.wikimedia.org/wikipedia/commons/thumb/9/9d/Flag_of_Arkansas.svg/40px-Flag_of_Arkansas.svg.png)[Arkansas](https://en.wikipedia.org/wiki/Arkansas ""Arkansas"") | 33 | 3,011,524 | 32 | 2,915,918 | 33 | 2,673,400 | 35 | 3.3% | WSC |
| [West South Central](https://en.wikipedia.org/wiki/West_South_Central_States ""West South Central States"") | 5 | 40,774,139 | 5 | 36,346,202 | 5 | 31,444,850 | 2 | 12.2% | South |
| [South](https://en.wikipedia.org/wiki/Southern_United_States ""Southern United States"") | 1 | 126,266,107 | 1 | 114,555,744 | 1 | 100,236,820 | 1 | 10.2% | USA |
| ![](https://upload.wikimedia.org/wikipedia/commons/thumb/0/01/Flag_of_Illinois.svg/40px-Flag_of_Illinois.svg.png)[Illinois](https://en.wikipedia.org/wiki/Illinois ""Illinois"") | 6 | 12,812,508 | 5 | 12,830,632 | 5 | 12,419,293 | 48 | −0.1% | ENC |
| ![](https://upload.wikimedia.org/wikipedia/commons/thumb/4/4c/Flag_of_Ohio.svg/40px-Flag_of_Ohio.svg.png)[Ohio](https://en.wikipedia.org/wiki/Ohio ""Ohio"") | 7 | 11,799,448 | 7 | 11,536,504 | 7 | 11,353,140 | 45 | 2.3% | ENC |
| ![](https://upload.wikimedia.org/wikipedia/commons/thumb/b/b5/Flag_of_Michigan.svg/40px-Flag_of_Michigan.svg.png)[Michigan](https://en.wikipedia.org/wiki/Michigan ""Michigan"") | 10 | 10,077,331 | 8 | 9,883,640 | 8 | 9,938,444 | 46 | 2.0% | ENC |
| ![](https://upload.wikimedia.org/wikipedia/commons/thumb/a/ac/Flag_of_Indiana.svg/40px-Flag_of_Indiana.svg.png)[Indiana](https://en.wikipedia.org/wiki/Indiana ""Indiana"") | 17 | 6,785,528 | 15 | 6,483,802 | 14 | 6,080,485 | 29 | 4.7% | ENC |
| ![](https://upload.wikimedia.org/wikipedia/commons/thumb/2/22/Flag_of_Wisconsin.svg/40px-Flag_of_Wisconsin.svg.png)[Wisconsin](https://en.wikipedia.org/wiki/Wisconsin ""Wisconsin"") | 20 | 5,893,718 | 20 | 5,686,986 | 18 | 5,363,675 | 34 | 3.6% | ENC |
| [East North Central](https://en.wikipedia.org/wiki/East_North_Central_States ""East North Central States"") | 3 | 47,368,533 | 3 | 46,421,564 | 2 | 45,155,037 | 9 | 2.0% | MWest |
| ![](https://upload.wikimedia.org/wikipedia/commons/thumb/5/5a/Flag_of_Missouri.svg/40px-Flag_of_Missouri.svg.png)[Missouri](https://en.wikipedia.org/wiki/Missouri ""Missouri"") | 19 | 6,154,913 | 18 | 5,988,927 | 17 | 5,595,211 | 39 | 2.8% | WNC |
| ![](https://upload.wikimedia.org/wikipedia/commons/thumb/b/b9/Flag_of_Minnesota.svg/40px-Flag_of_Minnesota.svg.png)[Minnesota](https://en.wikipedia.org/wiki/Minnesota ""Minnesota"") | 22 | 5,706,494 | 21 | 5,303,925 | 21 | 4,919,479 | 19 | 7.6% | WNC |
| ![](https://upload.wikimedia.org/wikipedia/commons/thumb/a/aa/Flag_of_Iowa.svg/40px-Flag_of_Iowa.svg.png)[Iowa](https://en.wikipedia.org/wiki/Iowa ""Iowa"") | 31 | 3,190,369 | 30 | 3,046,355 | 30 | 2,926,324 | 28 | 4.7% | WNC |
| ![](https://upload.wikimedia.org/wikipedia/commons/thumb/d/da/Flag_of_Kansas.svg/40px-Flag_of_Kansas.svg.png)[Kansas](https://en.wikipedia.org/wiki/Kansas ""Kansas"") | 35 | 2,937,880 | 33 | 2,853,118 | 32 | 2,688,418 | 37 | 3.0% | WNC |
| ![](https://upload.wikimedia.org/wikipedia/commons/thumb/4/4d/Flag_of_Nebraska.svg/40px-Flag_of_Nebraska.svg.png)[Nebraska](https://en.wikipedia.org/wiki/Nebraska ""Nebraska"") | 37 | 1,961,504 | 38 | 1,826,341 | 38 | 1,711,263 | 20 | 7.4% | WNC |
| ![](https://upload.wikimedia.org/wikipedia/commons/thumb/1/1a/Flag_of_South_Dakota.svg/40px-Flag_of_South_Dakota.svg.png)[South Dakota](https://en.wikipedia.org/wiki/South_Dakota ""South Dakota"") | 46 | 886,667 | 46 | 814,180 | 46 | 754,844 | 16 | 8.9% | WNC |
| ![](https://upload.wikimedia.org/wikipedia/commons/thumb/e/ee/Flag_of_North_Dakota.svg/20px-Flag_of_North_Dakota.svg.png)[North Dakota](https://en.wikipedia.org/wiki/North_Dakota ""North Dakota"") | 47 | 779,094 | 48 | 672,591 | 47 | 642,200 | 4 | 15.8% | WNC |
| [West North Central](https://en.wikipedia.org/wiki/West_North_Central_States ""West North Central States"") | 7 | 21,616,921 | 7 | 20,505,437 | 6 | 19,237,739 | 5 | 5.4% | MWest |
| [Midwest](https://en.wikipedia.org/wiki/Midwestern_United_States ""Midwestern United States"") | 3 | 68,985,454 | 3 | 66,927,001 | 2 | 64,392,776 | 4 | 3.1% | USA |
| ![](https://upload.wikimedia.org/wikipedia/commons/thumb/9/9d/Flag_of_Arizona.svg/40px-Flag_of_Arizona.svg.png)[Arizona](https://en.wikipedia.org/wiki/Arizona ""Arizona"") | 14 | 7,151,502 | 16 | 6,392,017 | 20 | 5,130,632 | 9 | 11.9% | Mtn |
| ![](https://upload.wikimedia.org/wikipedia/commons/thumb/4/46/Flag_of_Colorado.svg/40px-Flag_of_Colorado.svg.png)[Colorado](https://en.wikipedia.org/wiki/Colorado ""Colorado"") | 21 | 5,773,714 | 22 | 5,029,196 | 24 | 4,301,261 | 6 | 14.8% | Mtn |
| ![](https://upload.wikimedia.org/wikipedia/commons/thumb/f/f6/Flag_of_Utah.svg/40px-Flag_of_Utah.svg.png)[Utah](https://en.wikipedia.org/wiki/Utah ""Utah"") | 30 | 3,271,616 | 34 | 2,763,885 | 34 | 2,233,169 | 1 | 18.4% | Mtn |
| ![](https://upload.wikimedia.org/wikipedia/commons/thumb/f/f1/Flag_of_Nevada.svg/40px-Flag_of_Nevada.svg.png)[Nevada](https://en.wikipedia.org/wiki/Nevada ""Nevada"") | 32 | 3,104,614 | 35 | 2,700,551 | 35 | 1,998,257 | 5 | 15.0% | Mtn |
| ![](https://upload.wikimedia.org/wikipedia/commons/thumb/c/c3/Flag_of_New_Mexico.svg/40px-Flag_of_New_Mexico.svg.png)[New Mexico](https://en.wikipedia.org/wiki/New_Mexico ""New Mexico"") | 36 | 2,117,522 | 36 | 2,059,179 | 36 | 1,819,046 | 38 | 2.8% | Mtn |
| ![](https://upload.wikimedia.org/wikipedia/commons/thumb/a/a4/Flag_of_Idaho.svg/20px-Flag_of_Idaho.svg.png)[Idaho](https://en.wikipedia.org/wiki/Idaho ""Idaho"") | 38 | 1,839,106 | 39 | 1,567,582 | 39 | 1,293,953 | 2 | 17.3% | Mtn |
| ![](https://upload.wikimedia.org/wikipedia/commons/thumb/c/cb/Flag_of_Montana.svg/40px-Flag_of_Montana.svg.png)[Montana](https://en.wikipedia.org/wiki/Montana ""Montana"") | 44 | 1,084,225 | 44 | 989,415 | 44 | 902,195 | 14 | 9.6% | Mtn |
| ![](https://upload.wikimedia.org/wikipedia/commons/thumb/b/bc/Flag_of_Wyoming.svg/40px-Flag_of_Wyoming.svg.png)[Wyoming](https://en.wikipedia.org/wiki/Wyoming ""Wyoming"") | 50 | 576,851 | 50 | 563,626 | 50 | 493,782 | 44 | 2.3% | Mtn |
| [Mountain](https://en.wikipedia.org/wiki/Mountain_States ""Mountain States"") | 6 | 24,919,150 | 6 | 22,065,451 | 7 | 18,172,295 | 1 | 12.9% | West |
| ![](https://upload.wikimedia.org/wikipedia/commons/thumb/0/01/Flag_of_California.svg/40px-Flag_of_California.svg.png)[California](https://en.wikipedia.org/wiki/California ""California"") | 1 | 39,538,223 | 1 | 37,253,956 | 1 | 33,871,648 | 24 | 6.1% | Pac |
| ![](https://upload.wikimedia.org/wikipedia/commons/thumb/5/54/Flag_of_Washington.svg/40px-Flag_of_Washington.svg.png)[Washington](https://en.wikipedia.org/wiki/Washington_(state) ""Washington (state)"") | 13 | 7,705,281 | 13 | 6,724,540 | 15 | 5,894,121 | 7 | 14.6% | Pac |
| ![](https://upload.wikimedia.org/wikipedia/commons/thumb/b/b9/Flag_of_Oregon.svg/40px-Flag_of_Oregon.svg.png)[Oregon](https://en.wikipedia.org/wiki/Oregon ""Oregon"") | 27 | 4,237,256 | 27 | 3,831,074 | 28 | 3,421,399 | 11 | 10.6% | Pac |
| ![](https://upload.wikimedia.org/wikipedia/commons/thumb/e/ef/Flag_of_Hawaii.svg/40px-Flag_of_Hawaii.svg.png)[Hawaii](https://en.wikipedia.org/wiki/Hawaii ""Hawaii"") | 40 | 1,455,271 | 40 | 1,360,301 | 42 | 1,211,537 | 23 | 7.0% | Pac |
| ![](https://upload.wikimedia.org/wikipedia/commons/thumb/e/e6/Flag_of_Alaska.svg/40px-Flag_of_Alaska.svg.png)[Alaska](https://en.wikipedia.org/wiki/Alaska ""Alaska"") | 48 | 733,391 | 47 | 710,231 | 48 | 626,932 | 36 | 3.3% | Pac |
| [Pacific](https://en.wikipedia.org/wiki/Pacific_States ""Pacific States"") | 2 | 53,669,422 | 2 | 49,880,102 | 3 | 45,025,637 | 4 | 7.6% | West |
| [West](https://en.wikipedia.org/wiki/Western_United_States ""Western United States"") | 2 | 78,588,572 | 2 | 71,945,553 | 3 | 63,197,932 | 2 | 9.2% | USA |
| ![](https://upload.wikimedia.org/wikipedia/en/thumb/a/a4/Flag_of_the_United_States.svg/40px-Flag_of_the_United_States.svg.png)[50 states and District of Columbia](https://en.wikipedia.org/wiki/United_States ""United States"") | – | 331,449,281 | – | 308,745,538 | – | 281,421,906 | – | 7.4% | NAmer |
| ![](https://upload.wikimedia.org/wikipedia/commons/thumb/2/28/Flag_of_Puerto_Rico.svg/40px-Flag_of_Puerto_Rico.svg.png)[Puerto Rico](https://en.wikipedia.org/wiki/Puerto_Rico ""Puerto Rico"") | 1 | 3,285,874 | 1 | 3,725,789 | 1 | 3,808,610 | 3 | −11.8% | I.A. |
| ![](https://upload.wikimedia.org/wikipedia/commons/thumb/0/07/Flag_of_Guam.svg/40px-Flag_of_Guam.svg.png)[Guam](https://en.wikipedia.org/wiki/Guam ""Guam"") | 2 | 153,836 | 2 | 159,358 | 2 | 154,805 | 1 | −3.5% | I.A. |
| ![](https://upload.wikimedia.org/wikipedia/commons/thumb/f/f8/Flag_of_the_United_States_Virgin_Islands.svg/40px-Flag_of_the_United_States_Virgin_Islands.svg.png)[U.S. Virgin Islands](https://en.wikipedia.org/wiki/United_States_Virgin_Islands ""United States Virgin Islands"") | 3 | 87,146 | 3 | 106,405 | 3 | 108,612 | 2 | −18.1% | I.A. |
| ![](https://upload.wikimedia.org/wikipedia/commons/thumb/8/87/Flag_of_American_Samoa.svg/40px-Flag_of_American_Samoa.svg.png)[American Samoa](https://en.wikipedia.org/wiki/American_Samoa ""American Samoa"") | 4 | 49,710 | 4 | 55,519 | 5 | 57,291 | 4 | −7.7% | I.A. |
| ![](https://upload.wikimedia.org/wikipedia/commons/thumb/e/e0/Flag_of_the_Northern_Mariana_Islands.svg/40px-Flag_of_the_Northern_Mariana_Islands.svg.png)[Northern Mariana Islands](https://en.wikipedia.org/wiki/Northern_Mariana_Islands ""Northern Mariana Islands"") | 5 | 47,329 | 5 | 53,883 | 4 | 69,221 | 5 | −14.8% | I.A. |
| [![United States Minor Outlying Islands](https://upload.wikimedia.org/wikipedia/commons/thumb/9/96/Flag_of_the_United_States_%28DDD-F-416E_specifications%29.svg/40px-Flag_of_the_United_States_%28DDD-F-416E_specifications%29.svg.png)](https://en.wikipedia.org/wiki/United_States_Minor_Outlying_Islands ""United States Minor Outlying Islands"")[U.S. Minor Outlying Islands](https://en.wikipedia.org/wiki/U.S._Minor_Outlying_Islands ""U.S. Minor Outlying Islands"") | 6 | [\[note 1\]](https://en.wikipedia.org/wiki/List_of_U.S._states_and_territories_by_population#cite_note-USMOI20-19) | 6 | [\[note 2\]](https://en.wikipedia.org/wiki/List_of_U.S._states_and_territories_by_population#cite_note-USMOI10-20) | 6 | 316 | 6 | — | I.A. |
| [Island Areas (Territories)](https://en.wikipedia.org/wiki/Territories_of_the_United_States ""Territories of the United States"") | – | 3,623,895 | – | 4,100,954 | – | 4,198,855 | – | −11.6% | USA |
| State/federal district/territory/<br>division/region | # | 2020 pop. | # | 2010 pop. | # | 2000 pop. | # | 2010–<br>2020<br>change | Geo.<br> sort |

Population of states, territories, divisions and region[\[15\]](https://en.wikipedia.org/wiki/List_of_U.S._states_and_territories_by_population#cite_note-18)

## See also

\[ [edit](https://en.wikipedia.org/w/index.php?title=List_of_U.S._states_and_territories_by_population&action=edit&section=7 ""Edit section: See also"")\]

- ![icon](https://upload.wikimedia.org/wikipedia/commons/thumb/f/f5/Terra.png/40px-Terra.png)[Geography portal](https://en.wikipedia.org/wiki/Portal:Geography ""Portal:Geography"")
- [![map](https://upload.wikimedia.org/wikipedia/commons/thumb/0/08/Northern_America_including_Mexico_%28orthographic_projection%29.svg/40px-Northern_America_including_Mexico_%28orthographic_projection%29.svg.png)](https://en.wikipedia.org/wiki/File:Northern_America_including_Mexico_(orthographic_projection).svg)[North America portal](https://en.wikipedia.org/wiki/Portal:North_America ""Portal:North America"")
- ![flag](https://upload.wikimedia.org/wikipedia/en/thumb/a/a4/Flag_of_the_United_States.svg/40px-Flag_of_the_United_States.svg.png)[United States portal](https://en.wikipedia.org/wiki/Portal:United_States ""Portal:United States"")

- [Demographics of the United States](https://en.wikipedia.org/wiki/Demographics_of_the_United_States ""Demographics of the United States"")
- [List of U.S. states and territories by area](https://en.wikipedia.org/wiki/List_of_U.S._states_and_territories_by_area ""List of U.S. states and territories by area"")
- [List of U.S. states and territories by net migration](https://en.wikipedia.org/wiki/List_of_U.S._states_and_territories_by_net_migration ""List of U.S. states and territories by net migration"")
- [List of U.S. states and territories by race/ethnicity](https://en.wikipedia.org/wiki/List_of_U.S._states_and_territories_by_race/ethnicity ""List of U.S. states and territories by race/ethnicity"")
- [List of U.S. states and territories by African-American population](https://en.wikipedia.org/wiki/List_of_U.S._states_and_territories_by_African-American_population ""List of U.S. states and territories by African-American population"")
- [List of U.S. states and territories by historical population](https://en.wikipedia.org/wiki/List_of_U.S._states_and_territories_by_historical_population ""List of U.S. states and territories by historical population"") (tables of state populations since 1790)
- [List of states and territories of the United States by population density](https://en.wikipedia.org/wiki/List_of_states_and_territories_of_the_United_States_by_population_density ""List of states and territories of the United States by population density"")
- [List of U.S. states and territories by religiosity](https://en.wikipedia.org/wiki/List_of_U.S._states_and_territories_by_religiosity ""List of U.S. states and territories by religiosity"")
- [List of U.S. states by vehicles per capita](https://en.wikipedia.org/wiki/List_of_U.S._states_by_vehicles_per_capita ""List of U.S. states by vehicles per capita"")
- [List of United States cities by population](https://en.wikipedia.org/wiki/List_of_United_States_cities_by_population ""List of United States cities by population"")

## Notes

\[ [edit](https://en.wikipedia.org/w/index.php?title=List_of_U.S._states_and_territories_by_population&action=edit&section=8 ""Edit section: Notes"")\]

1. **[^](https://en.wikipedia.org/wiki/List_of_U.S._states_and_territories_by_population#cite_ref-USMOI20_19-0 ""Jump up"")**Not enumerated in 2020.
2. **[^](https://en.wikipedia.org/wiki/List_of_U.S._states_and_territories_by_population#cite_ref-USMOI10_20-0 ""Jump up"")**Not enumerated in 2010.

## References

\[ [edit](https://en.wikipedia.org/w/index.php?title=List_of_U.S._states_and_territories_by_population&action=edit&section=9 ""Edit section: References"")\]

General

- [""National Totals: Vintage 2015""](https://web.archive.org/web/20151223044815/http://www.census.gov/popest/data/national/totals/2015/index.html). United States Census Bureau. Archived from [the original](https://www.census.gov/popest/data/national/totals/2015/index.html) on December 23, 2015. Retrieved December 24, 2015.
- [""2010 Census Tables""](https://www.census.gov/programs-surveys/decennial-census/data/tables.2010.html). U. S. Census Bureau. Retrieved November 6, 2020.
- [""Congressional Apportionment: 2010 Census Brief""](https://www.census.gov/library/publications/2011/dec/c2010br-08.html). U. S. Census Bureau. November 2011. Retrieved November 6, 2020.
- [""2009 Census estimates""](https://web.archive.org/web/20100807105933/http://www.census.gov/popest/states/NST-ann-est.html). U. S. Census Bureau. Archived from [the original](https://www.census.gov/popest/states/NST-ann-est.html) on August 7, 2010. Retrieved August 13, 2010.
- _[Statistical Abstract of the United States](https://en.wikipedia.org/wiki/Statistical_Abstract_of_the_United_States ""Statistical Abstract of the United States""), 1995_, U.S. Census Bureau, [Section 29: Outlying Areas](https://www.census.gov/prod/1/gen/95statab/outlayin.pdf), Table No. 1347. Land Area and Population Characteristics, by _\[Outlying\]_ Area: 1990 (page 828). Retrieved May 28, 2011

Specific

01. **[^](https://en.wikipedia.org/wiki/List_of_U.S._states_and_territories_by_population#cite_ref-1 ""Jump up"")**[_Geographic Terms and Concepts - Island Areas of the United States_](https://web.archive.org/web/20161210164653/http://www.census.gov/geo/reference/gtc/gtc_island.html), U.S. Census Bureau, archived from [the original](https://www.census.gov/geo/reference/gtc/gtc_island.html) on December 10, 2016, retrieved March 19, 2019
02. **[^](https://en.wikipedia.org/wiki/List_of_U.S._states_and_territories_by_population#cite_ref-2 ""Jump up"")**[""FAQ: Does the Census Bureau collect data on the number of unauthorized migrants?""](https://ask.census.gov/cgi-bin/askcensus.cfg/php/enduser/std_adp.php?p_faqid=1115). U. S. Census Bureau. Retrieved May 13, 2009.\[ _[permanent dead link](https://en.wikipedia.org/wiki/Wikipedia:Link_rot ""Wikipedia:Link rot"")_\]
03. **[^](https://en.wikipedia.org/wiki/List_of_U.S._states_and_territories_by_population#cite_ref-3 ""Jump up"")**[""FAQ: Will 2010 Census apportionment population counts also include any Americans overseas""](https://ask.census.gov/cgi-bin/askcensus.cfg/php/enduser/std_adp.php?p_faqid=7389). U. S Census Bureau. Retrieved May 13, 2009.\[ _[permanent dead link](https://en.wikipedia.org/wiki/Wikipedia:Link_rot ""Wikipedia:Link rot"")_\]
04. **[^](https://en.wikipedia.org/wiki/List_of_U.S._states_and_territories_by_population#cite_ref-4 ""Jump up"")**Wang, Hansi Lo (May 19, 2022). [""These 14 states had significant miscounts in the 2020 census""](https://www.npr.org/2022/05/19/1099810793/census-undercount-by-state-arkansas-florida-illinois-mississippi-tennessee-texas). _NPR_. Retrieved May 23, 2022.
05. ^ [Jump up to: _**a**_](https://en.wikipedia.org/wiki/List_of_U.S._states_and_territories_by_population#cite_ref-auto_5-0) [_**b**_](https://en.wikipedia.org/wiki/List_of_U.S._states_and_territories_by_population#cite_ref-auto_5-1)Office of the Federal Register. [""A Procedural Guide to the Electoral College""](https://web.archive.org/web/20100528123819/http://www.archives.gov/federal-register/electoral-college/procedural_guide.html). National Archives and Records Administration. Archived from [the original](https://www.archives.gov/federal-register/electoral-college/procedural_guide.html) on May 28, 2010. Retrieved August 13, 2010.
06. **[^](https://en.wikipedia.org/wiki/List_of_U.S._states_and_territories_by_population#cite_ref-6 ""Jump up"")**Shah, Dayna K.; Reich, Mary W. (November 1997). [U.S. Insular Areas: Application of the U.S. Constitution](https://web.archive.org/web/20200229153648/https://www.gao.gov/archive/1998/og98005.pdf)(PDF) (Report). Washington, D.C.: U.S. General Accounting Office. GAO/OGC-98-5. Archived from [the original](http://www.gao.gov/archive/1998/og98005.pdf)(PDF) on February 29, 2020. Retrieved July 1, 2020.
07. **[^](https://en.wikipedia.org/wiki/List_of_U.S._states_and_territories_by_population#cite_ref-7 ""Jump up"")**Curry, Tom (May 28, 2008). [""Nominating, but not voting for president""](https://www.nbcnews.com/id/wbna24839059). _NBC News_. Retrieved August 24, 2021.
08. **[^](https://en.wikipedia.org/wiki/List_of_U.S._states_and_territories_by_population#cite_ref-CensusEst2025_8-0 ""Jump up"")**[""Annual and cumulative estimates of residential population change for the United States, regions, states, District of Columbia, Puerto Rico""](https://www.census.gov/newsroom/press-kits/2024/national-state-population-estimates.html). _U.S. Census Bureau_. Retrieved December 20, 2024.
09. **[^](https://en.wikipedia.org/wiki/List_of_U.S._states_and_territories_by_population#cite_ref-Census2020_9-0 ""Jump up"")**[""US Census Quickfacts, Population Estimates, July 2024""](https://web.archive.org/web/20210426202412/https://www2.census.gov/programs-surveys/decennial/2020/data/apportionment/population-change-data-table.pdf)(PDF). _Census.gov_. United States Census Bureau. Archived from [the original](https://www.census.gov/quickfacts/geo/chart/ID/PST045222) on April 26, 2021. Retrieved December 22, 2022.
10. **[^](https://en.wikipedia.org/wiki/List_of_U.S._states_and_territories_by_population#cite_ref-10 ""Jump up"")**[""U.S. Census Bureau Releases 2020 Undercount and Overcount Rates by State and the District of Columbia""](https://www.census.gov/newsroom/press-releases/2022/pes-2020-undercount-overcount-by-state.html). _Census.gov_. Retrieved May 23, 2022.
11. **[^](https://en.wikipedia.org/wiki/List_of_U.S._states_and_territories_by_population#cite_ref-GUC2020_14-0 ""Jump up"")**[""2020 Island Areas Censuses: Guam, Population and Housing Unit Counts, Table 1. Population of Guam: 2010 and 2020""](https://www.census.gov/data/tables/2020/dec/2020-guam.html). October 28, 2021. Retrieved November 1, 2021.
12. **[^](https://en.wikipedia.org/wiki/List_of_U.S._states_and_territories_by_population#cite_ref-VIC2020_15-0 ""Jump up"")**[""2020 Island Areas Censuses: U.S. Virgin Islands, Population and Housing Unit Counts, Table 1. Population of the United States Virgin Islands: 2010 and 2020""](https://www.census.gov/data/tables/2020/dec/2020-us-virgin-islands.html). October 28, 2021. Retrieved November 1, 2021.
13. **[^](https://en.wikipedia.org/wiki/List_of_U.S._states_and_territories_by_population#cite_ref-ASC2020_16-0 ""Jump up"")**[""2020 Island Areas Censuses: American Samoa, Population and Housing Unit Counts, Table 1. Population of American Samoa: 2010 and 2020""](https://www.census.gov/data/tables/2020/dec/2020-american-samoa.html). October 28, 2021. Retrieved November 1, 2021.
14. **[^](https://en.wikipedia.org/wiki/List_of_U.S._states_and_territories_by_population#cite_ref-MPC2020_17-0 ""Jump up"")**[""2020 Island Areas Censuses: Commonwealth of the Northern Mariana Islands (CNMI), Population and Housing Unit Counts, Table 1. Population of the Commonwealth of the Northern Mariana Islands: 2010 and 2020""](https://www.census.gov/data/tables/2020/dec/2020-commonwealth-northern-mariana-islands.html). October 28, 2021. Retrieved November 1, 2021.
15. **[^](https://en.wikipedia.org/wiki/List_of_U.S._states_and_territories_by_population#cite_ref-18 ""Jump up"")**[""U.S. Census Bureau QuickFacts: United States""](https://web.archive.org/web/20200411174227/https://www.census.gov/quickfacts/fact/map/US/PST045219). _www.census.gov_. Archived from [the original](https://www.census.gov/quickfacts/fact/map/US/PST045219) on April 11, 2020. Retrieved December 30, 2019.

## External links

\[ [edit](https://en.wikipedia.org/w/index.php?title=List_of_U.S._states_and_territories_by_population&action=edit&section=10 ""Edit section: External links"")\]

- [United States Government](https://www.usa.gov/)
  - [United States Census Bureau](https://www.census.gov/)
    - [USCB population estimates](https://web.archive.org/web/20240823064503/https://www.census.gov/popest/data/index.html)
  - [United States Office of Management and Budget](https://www.whitehouse.gov/omb/)

| show<br>[United States censuses](https://en.wikipedia.org/wiki/United_States_census ""United States census"") |
| --- |
| Century | | 18th | - [1790](https://en.wikipedia.org/wiki/1790_United_States_census ""1790 United States census"")<br>- [1800](https://en.wikipedia.org/wiki/1800_United_States_census ""1800 United States census"") |
| 19th | - [1810](https://en.wikipedia.org/wiki/1810_United_States_census ""1810 United States census"")<br>- [1820](https://en.wikipedia.org/wiki/1820_United_States_census ""1820 United States census"")<br>- [1830](https://en.wikipedia.org/wiki/1830_United_States_census ""1830 United States census"")<br>- [1840](https://en.wikipedia.org/wiki/1840_United_States_census ""1840 United States census"")<br>- [1850](https://en.wikipedia.org/wiki/1850_United_States_census ""1850 United States census"")<br>- [1860](https://en.wikipedia.org/wiki/1860_United_States_census ""1860 United States census"")<br>- [1870](https://en.wikipedia.org/wiki/1870_United_States_census ""1870 United States census"")<br>- [1880](https://en.wikipedia.org/wiki/1880_United_States_census ""1880 United States census"")<br>- [1890](https://en.wikipedia.org/wiki/1890_United_States_census ""1890 United States census"")<br>- [1900](https://en.wikipedia.org/wiki/1900_United_States_census ""1900 United States census"") |
| 20th | - [1910](https://en.wikipedia.org/wiki/1910_United_States_census ""1910 United States census"")<br>- [1920](https://en.wikipedia.org/wiki/1920_United_States_census ""1920 United States census"")<br>- [1930](https://en.wikipedia.org/wiki/1930_United_States_census ""1930 United States census"")<br>- [1940](https://en.wikipedia.org/wiki/1940_United_States_census ""1940 United States census"")<br>- [1950](https://en.wikipedia.org/wiki/1950_United_States_census ""1950 United States census"")<br>- [1960](https://en.wikipedia.org/wiki/1960_United_States_census ""1960 United States census"")<br>- [1970](https://en.wikipedia.org/wiki/1970_United_States_census ""1970 United States census"")<br>- [1980](https://en.wikipedia.org/wiki/1980_United_States_census ""1980 United States census"")<br>- [1990](https://en.wikipedia.org/wiki/1990_United_States_census ""1990 United States census"")<br>- [2000](https://en.wikipedia.org/wiki/2000_United_States_census ""2000 United States census"") |
| 21st | - [2010](https://en.wikipedia.org/wiki/2010_United_States_census ""2010 United States census"")<br>- [2020](https://en.wikipedia.org/wiki/2020_United_States_census ""2020 United States census"")<br>- _[2030](https://en.wikipedia.org/wiki/2030_United_States_census ""2030 United States census"")_ | |
| - [United States Census Bureau](https://en.wikipedia.org/wiki/United_States_Census_Bureau ""United States Census Bureau"")<br>- [United States Census of Agriculture](https://en.wikipedia.org/wiki/United_States_Census_of_Agriculture ""United States Census of Agriculture"") |

| show<br>[United States state-related lists](https://en.wikipedia.org/wiki/Lists_of_U.S._state_topics ""Lists of U.S. state topics"") |
| --- |
| [List of states and territories of the United States](https://en.wikipedia.org/wiki/List_of_states_and_territories_of_the_United_States ""List of states and territories of the United States"") |
| Demographics | - **[Population](https://en.wikipedia.org/wiki/List_of_states_and_territories_of_the_United_States_by_population ""List of states and territories of the United States by population"")** <br>  - [African American](https://en.wikipedia.org/wiki/List_of_U.S._states_and_territories_by_African-American_population ""List of U.S. states and territories by African-American population"")<br>  - [Amish](https://en.wikipedia.org/wiki/List_of_U.S._states_by_Amish_population ""List of U.S. states by Amish population"")<br>  - [Asian](https://en.wikipedia.org/wiki/Demographics_of_Asian_Americans#U.S._states_and_territories ""Demographics of Asian Americans"")<br>  - [birth and death rates](https://en.wikipedia.org/wiki/List_of_U.S._states_and_territories_by_birth_and_death_rates ""List of U.S. states and territories by birth and death rates"")<br>  - [density](https://en.wikipedia.org/wiki/List_of_states_and_territories_of_the_United_States_by_population_density ""List of states and territories of the United States by population density"")<br>  - [Hispanic and Latino](https://en.wikipedia.org/wiki/List_of_U.S._states_by_Hispanic_and_Latino_population ""List of U.S. states by Hispanic and Latino population"")<br>  - [historical](https://en.wikipedia.org/wiki/List_of_U.S._states_and_territories_by_historical_population ""List of U.S. states and territories by historical population"")<br>  - [household income](https://en.wikipedia.org/wiki/Household_income_in_the_United_States#Geography ""Household income in the United States"")<br>  - [immigration](https://en.wikipedia.org/wiki/List_of_U.S._states_and_territories_by_immigrant_population ""List of U.S. states and territories by immigrant population"")<br>  - [LGBT](https://en.wikipedia.org/wiki/LGBT_demographics_of_the_United_States ""LGBT demographics of the United States"")<br>  - [non-Hispanic white](https://en.wikipedia.org/wiki/List_of_U.S._states_by_non-Hispanic_white_population ""List of U.S. states by non-Hispanic white population"")<br>  - [Pacific Islander](https://en.wikipedia.org/wiki/Pacific_Islander_Americans#Location ""Pacific Islander Americans"")<br>  - [Spanish-speaking](https://en.wikipedia.org/wiki/Spanish_language_in_the_United_States#Historical_demographics ""Spanish language in the United States"")<br>- [Educational attainment](https://en.wikipedia.org/wiki/List_of_U.S._states_and_territories_by_educational_attainment ""List of U.S. states and territories by educational attainment"")<br>- [Largest cities by population](https://en.wikipedia.org/wiki/List_of_largest_cities_of_U.S._states_and_territories_by_population ""List of largest cities of U.S. states and territories by population"")<br>- [Median age](https://en.wikipedia.org/wiki/List_of_U.S._states_and_territories_by_median_age ""List of U.S. states and territories by median age"")<br>- [Most popular given names](https://en.wikipedia.org/wiki/List_of_most_popular_given_names_by_state_in_the_United_States ""List of most popular given names by state in the United States"")<br>- [Most populous counties](https://en.wikipedia.org/wiki/List_of_the_most_populous_counties_by_U.S._state ""List of the most populous counties by U.S. state"")<br>- [Net migration](https://en.wikipedia.org/wiki/List_of_U.S._states_and_territories_by_net_migration ""List of U.S. states and territories by net migration"")<br>- [Populated places](https://en.wikipedia.org/wiki/Lists_of_populated_places_in_the_United_States ""Lists of populated places in the United States"")<br>- [Population density (cities)](https://en.wikipedia.org/wiki/List_of_United_States_cities_by_population_density#States_and_territories ""List of United States cities by population density"")<br>- [Race/ethnicity](https://en.wikipedia.org/wiki/List_of_U.S._states_and_territories_by_Race_/_Ethnicity ""List of U.S. states and territories by Race / Ethnicity"")<br>- [Religiosity](https://en.wikipedia.org/wiki/List_of_U.S._states_and_territories_by_religiosity ""List of U.S. states and territories by religiosity"") <br>  - [irreligion](https://en.wikipedia.org/wiki/Irreligion_in_the_United_States#Demographics ""Irreligion in the United States"") |
| Economy | - [Billionaires](https://en.wikipedia.org/wiki/List_of_U.S._states_by_the_number_of_billionaires ""List of U.S. states by the number of billionaires"")<br>- [Budgets](https://en.wikipedia.org/wiki/List_of_U.S._state_budgets ""List of U.S. state budgets"")<br>- [Companies](https://en.wikipedia.org/wiki/List_of_companies_of_the_United_States_by_state ""List of companies of the United States by state"")<br>- [Credit ratings](https://en.wikipedia.org/wiki/List_of_U.S._states_by_credit_rating ""List of U.S. states by credit rating"")<br>- [Employment rates](https://en.wikipedia.org/wiki/List_of_U.S._states_by_employment_rate ""List of U.S. states by employment rate"")<br>- [Exports and imports](https://en.wikipedia.org/wiki/List_of_U.S._states_and_territories_by_exports_and_imports ""List of U.S. states and territories by exports and imports"")<br>- [Federal tax revenue](https://en.wikipedia.org/wiki/Federal_tax_revenue_by_state ""Federal tax revenue by state"")<br>- [Federal taxation and spending](https://en.wikipedia.org/wiki/Federal_taxation_and_spending_by_state ""Federal taxation and spending by state"")<br>- [Gross domestic product](https://en.wikipedia.org/wiki/List_of_states_and_territories_of_the_United_States_by_GDP ""List of states and territories of the United States by GDP"") <br>  - [growth rate](https://en.wikipedia.org/wiki/List_of_U.S._states_and_territories_by_economic_growth_rate ""List of U.S. states and territories by economic growth rate"")<br>  - [per capita](https://en.wikipedia.org/wiki/List_of_U.S._states_and_territories_by_GDP_per_capita ""List of U.S. states and territories by GDP per capita"")<br>- [Income](https://en.wikipedia.org/wiki/List_of_U.S._states_and_territories_by_income ""List of U.S. states and territories by income"") <br>  - [inequality](https://en.wikipedia.org/wiki/List_of_U.S._states_by_Gini_coefficient ""List of U.S. states by Gini coefficient"")<br>- [Median home prices](https://en.wikipedia.org/wiki/List_of_U.S._states_by_median_home_price ""List of U.S. states by median home price"")<br>- [Median wages](https://en.wikipedia.org/wiki/List_of_U.S._states_and_territories_by_median_wage_and_mean_wage ""List of U.S. states and territories by median wage and mean wage"")<br>- [Millionaire households](https://en.wikipedia.org/wiki/List_of_U.S._states_by_the_number_of_millionaire_households ""List of U.S. states by the number of millionaire households"")<br>- [Minimum wages](https://en.wikipedia.org/wiki/List_of_U.S._states_by_minimum_wage ""List of U.S. states by minimum wage"")<br>- [Poverty rates](https://en.wikipedia.org/wiki/List_of_U.S._states_and_territories_by_poverty_rate ""List of U.S. states and territories by poverty rate"")<br>- [R&D spending](https://en.wikipedia.org/wiki/List_of_U.S._states_by_research_and_development_spending ""List of U.S. states by research and development spending"")<br>- [Sales taxes](https://en.wikipedia.org/wiki/Sales_taxes_in_the_United_States#By_jurisdiction ""Sales taxes in the United States"")<br>- [Savings rate](https://en.wikipedia.org/wiki/List_of_U.S._states_by_savings_rate ""List of U.S. states by savings rate"")<br>- [Socioeconomic factors](https://en.wikipedia.org/wiki/List_of_U.S._states_by_socioeconomic_factors ""List of U.S. states by socioeconomic factors"")<br>- [Sovereign wealth funds](https://en.wikipedia.org/wiki/List_of_U.S._states_by_sovereign_wealth_funds ""List of U.S. states by sovereign wealth funds"")<br>- [State income taxes](https://en.wikipedia.org/wiki/State_tax_levels_in_the_United_States ""State tax levels in the United States"")<br>- [Unemployment rates](https://en.wikipedia.org/wiki/List_of_U.S._states_and_territories_by_unemployment_rate ""List of U.S. states and territories by unemployment rate"")<br>- [Union affiliation](https://en.wikipedia.org/wiki/Union_affiliation_by_U.S._state ""Union affiliation by U.S. state"")<br>- [Vehicles per capita](https://en.wikipedia.org/wiki/List_of_U.S._states_by_vehicles_per_capita ""List of U.S. states by vehicles per capita"") |
| Environment | - [Botanical gardens](https://en.wikipedia.org/wiki/List_of_botanical_gardens_and_arboretums_in_the_United_States ""List of botanical gardens and arboretums in the United States"")<br>- [Carbon dioxide emissions](https://en.wikipedia.org/wiki/List_of_U.S._states_and_territories_by_carbon_dioxide_emissions ""List of U.S. states and territories by carbon dioxide emissions"")<br>- [Parks](https://en.wikipedia.org/wiki/Lists_of_state_parks_by_U.S._state ""Lists of state parks by U.S. state"")<br>- [National Natural Landmarks](https://en.wikipedia.org/wiki/National_Natural_Landmark#List_of_landmarks ""National Natural Landmark"")<br>- [National Wildlife Refuges](https://en.wikipedia.org/wiki/List_of_National_Wildlife_Refuges_of_the_United_States ""List of National Wildlife Refuges of the United States"")<br>- [Nature centers](https://en.wikipedia.org/wiki/List_of_nature_centers_in_the_United_States ""List of nature centers in the United States"")<br>- [Electricity](https://en.wikipedia.org/wiki/List_of_U.S._states_by_electricity_production ""List of U.S. states by electricity production"") ( [Renewable](https://en.wikipedia.org/wiki/List_of_U.S._states_by_electricity_production_from_renewable_sources ""List of U.S. states by electricity production from renewable sources""))<br>- [Superfund sites](https://en.wikipedia.org/wiki/List_of_Superfund_sites ""List of Superfund sites"")<br>- [Wilderness areas](https://en.wikipedia.org/wiki/List_of_U.S._state_and_tribal_wilderness_areas ""List of U.S. state and tribal wilderness areas"") |
| Geography | - [Area](https://en.wikipedia.org/wiki/List_of_U.S._states_and_territories_by_area ""List of U.S. states and territories by area"")<br>- [Bays](https://en.wikipedia.org/wiki/List_of_bays_of_the_United_States ""List of bays of the United States"")<br>- [Beaches](https://en.wikipedia.org/wiki/List_of_beaches_in_the_United_States ""List of beaches in the United States"")<br>- [Coastline](https://en.wikipedia.org/wiki/List_of_U.S._states_and_territories_by_coastline ""List of U.S. states and territories by coastline"")<br>- [Elevation](https://en.wikipedia.org/wiki/List_of_U.S._states_and_territories_by_elevation ""List of U.S. states and territories by elevation"")<br>- [Extreme points](https://en.wikipedia.org/wiki/List_of_extreme_points_of_U.S._states_and_territories ""List of extreme points of U.S. states and territories"")<br>- [Forest](https://en.wikipedia.org/wiki/Forest_cover_by_state_and_territory_in_the_United_States ""Forest cover by state and territory in the United States"")<br>- [Geographic centers](https://en.wikipedia.org/wiki/List_of_geographic_centers_of_the_United_States ""List of geographic centers of the United States"")<br>- [Highest cities](https://en.wikipedia.org/wiki/List_of_highest_United_States_cities_by_state_or_territory ""List of highest United States cities by state or territory"")<br>- [Islands](https://en.wikipedia.org/wiki/List_of_islands_of_the_United_States ""List of islands of the United States"")<br>- [Lakes](https://en.wikipedia.org/wiki/List_of_lakes_of_the_United_States ""List of lakes of the United States"")<br>- [Mountains](https://en.wikipedia.org/wiki/List_of_mountains_of_the_United_States ""List of mountains of the United States"")<br>- [Regions](https://en.wikipedia.org/wiki/List_of_regions_of_the_United_States ""List of regions of the United States"")<br>- [Volcanoes](https://en.wikipedia.org/wiki/List_of_volcanoes_in_the_United_States ""List of volcanoes in the United States"") |
| Government | - [Agriculture commissioners](https://en.wikipedia.org/wiki/Agriculture_commissioner ""Agriculture commissioner"")<br>- [Attorneys general](https://en.wikipedia.org/wiki/State_attorney_general ""State attorney general"")<br>- [Capitals](https://en.wikipedia.org/wiki/List_of_capitals_in_the_United_States ""List of capitals in the United States"")<br>- [Capitol buildings](https://en.wikipedia.org/wiki/List_of_state_and_territorial_capitols_in_the_United_States ""List of state and territorial capitols in the United States"")<br>- [Comparison](https://en.wikipedia.org/wiki/Comparison_of_U.S._state_and_territory_governments ""Comparison of U.S. state and territory governments"")<br>- [Congressional districts](https://en.wikipedia.org/wiki/List_of_United_States_congressional_districts ""List of United States congressional districts"") <br>  - [members](https://en.wikipedia.org/wiki/List_of_current_United_States_representatives ""List of current United States representatives"")<br>- [Counties](https://en.wikipedia.org/wiki/List_of_counties_by_U.S._state_and_territory ""List of counties by U.S. state and territory"") <br>  - [alphabetical](https://en.wikipedia.org/wiki/Index_of_U.S._counties ""Index of U.S. counties"")<br>  - [list](https://en.wikipedia.org/wiki/List_of_United_States_counties_and_county_equivalents ""List of United States counties and county equivalents"")<br>- [Courts](https://en.wikipedia.org/wiki/List_of_courts_of_the_United_States ""List of courts of the United States"")<br>- [Governors](https://en.wikipedia.org/wiki/List_of_current_United_States_governors ""List of current United States governors"") <br>  - [lieutenant governors](https://en.wikipedia.org/wiki/List_of_current_United_States_lieutenant_governors ""List of current United States lieutenant governors"")<br>- [Legislatures](https://en.wikipedia.org/wiki/List_of_United_States_state_legislatures ""List of United States state legislatures"")<br>- [Libraries and archives](https://en.wikipedia.org/wiki/List_of_U.S._state_libraries_and_archives ""List of U.S. state libraries and archives"")<br>- [Official languages](https://en.wikipedia.org/wiki/Languages_of_the_United_States#Official_languages ""Languages of the United States"")<br>- [Poets laureate](https://en.wikipedia.org/wiki/List_of_U.S._states%27_poets_laureate ""List of U.S. states' poets laureate"")<br>- [Politics by state or territory](https://en.wikipedia.org/wiki/List_of_politics_by_U.S._state_or_territory ""List of politics by U.S. state or territory"") <br>  - [political party strength](https://en.wikipedia.org/wiki/Political_party_strength_in_U.S._states ""Political party strength in U.S. states"")<br>- [State auditors](https://en.wikipedia.org/wiki/State_auditor ""State auditor"")<br>- [State legislators](https://en.wikipedia.org/wiki/List_of_U.S._state_legislators ""List of U.S. state legislators"") <br>  - [Alabama–Missouri](https://en.wikipedia.org/wiki/List_of_U.S._state_representatives_(Alabama_to_Missouri) ""List of U.S. state representatives (Alabama to Missouri)"")<br>  - [Montana–Wyoming](https://en.wikipedia.org/wiki/List_of_U.S._state_representatives_(Montana_to_Wyoming) ""List of U.S. state representatives (Montana to Wyoming)"")<br>  - [state senators](https://en.wikipedia.org/wiki/List_of_U.S._state_senators ""List of U.S. state senators"")<br>- [State secretaries of state](https://en.wikipedia.org/wiki/Secretary_of_state_(U.S._state_government) ""Secretary of state (U.S. state government)"")<br>- [State speakers](https://en.wikipedia.org/wiki/List_of_state_legislature_speakers ""List of state legislature speakers"")<br>- [State chief justices](https://en.wikipedia.org/wiki/List_of_state_chief_justices ""List of state chief justices"")<br>- [State presidents pro tempore](https://en.wikipedia.org/wiki/List_of_state_presidents_pro_tempore ""List of state presidents pro tempore"")<br>- [State superintendents of education](https://en.wikipedia.org/wiki/Superintendent_(education)#Chief_state_school_officers ""Superintendent (education)"")<br>- [State supreme courts](https://en.wikipedia.org/wiki/State_supreme_court ""State supreme court"")<br>- [State treasurers](https://en.wikipedia.org/wiki/State_treasurer ""State treasurer"")<br>- [Statewide elected executive officials](https://en.wikipedia.org/wiki/List_of_U.S._statewide_elected_officials ""List of U.S. statewide elected officials"") |
| Health | - [Changes in life expectancy, 1985–2010](https://en.wikipedia.org/wiki/List_of_U.S._states_by_changes_in_life_expectancy,_1985%E2%80%932010 ""List of U.S. states by changes in life expectancy, 1985–2010"")<br>- [Fertility rates](https://en.wikipedia.org/wiki/List_of_U.S._states_and_territories_by_fertility_rate ""List of U.S. states and territories by fertility rate"")<br>- [Hospitals](https://en.wikipedia.org/wiki/Lists_of_hospitals_in_the_United_States ""Lists of hospitals in the United States"")<br>- [Human Development Index](https://en.wikipedia.org/wiki/List_of_U.S._states_and_territories_by_Human_Development_Index ""List of U.S. states and territories by Human Development Index"") <br>  - [American Human Development Index](https://en.wikipedia.org/wiki/List_of_U.S._states_by_American_Human_Development_Index ""List of U.S. states by American Human Development Index"")<br>- [Life expectancy](https://en.wikipedia.org/wiki/List_of_U.S._states_and_territories_by_life_expectancy ""List of U.S. states and territories by life expectancy"")<br>- [Infant mortality rates](https://en.wikipedia.org/wiki/List_of_U.S._states_and_territories_by_infant_mortality_rates ""List of U.S. states and territories by infant mortality rates"")<br>- [Obesity rates](https://en.wikipedia.org/wiki/Obesity_in_the_United_States#Prevalence_by_state_and_territory ""Obesity in the United States"")<br>- [Road deaths](https://en.wikipedia.org/wiki/List_of_U.S._states_by_road_deaths ""List of U.S. states by road deaths"")<br>- [Smoking](https://en.wikipedia.org/wiki/Prevalence_of_tobacco_use#United_States ""Prevalence of tobacco use"") |
| History | - [Date of statehood](https://en.wikipedia.org/wiki/List_of_U.S._states_by_date_of_admission_to_the_Union ""List of U.S. states by date of admission to the Union"")<br>- [Name etymologies](https://en.wikipedia.org/wiki/List_of_state_and_territory_name_etymologies_of_the_United_States ""List of state and territory name etymologies of the United States"")<br>- [Historical societies](https://en.wikipedia.org/wiki/List_of_U.S._state_historical_societies_and_museums ""List of U.S. state historical societies and museums"")<br>- [Museums](https://en.wikipedia.org/wiki/List_of_museums_in_the_United_States ""List of museums in the United States"")<br>- [National Historic Landmarks](https://en.wikipedia.org/wiki/List_of_U.S._National_Historic_Landmarks_by_state ""List of U.S. National Historic Landmarks by state"")<br>- [National Register of Historic Places](https://en.wikipedia.org/wiki/United_States_National_Register_of_Historic_Places_listings ""United States National Register of Historic Places listings"")<br>- [State partitions](https://en.wikipedia.org/wiki/List_of_U.S._state_partition_proposals ""List of U.S. state partition proposals"")<br>- [Historic regions](https://en.wikipedia.org/wiki/Historic_regions_of_the_United_States ""Historic regions of the United States"") |
| Law | - [Abortion](https://en.wikipedia.org/wiki/Abortion_in_the_United_States_by_state#State_table ""Abortion in the United States by state"")<br>- [Age of consent](https://en.wikipedia.org/wiki/Age_of_consent_in_the_United_States ""Age of consent in the United States"")<br>- [Alcohol](https://en.wikipedia.org/wiki/List_of_alcohol_laws_of_the_United_States ""List of alcohol laws of the United States"") <br>  - [dry communities](https://en.wikipedia.org/wiki/List_of_dry_communities_by_U.S._state ""List of dry communities by U.S. state"")<br>- [Alford plea](https://en.wikipedia.org/wiki/List_of_U.S._states_by_Alford_plea_usage ""List of U.S. states by Alford plea usage"")<br>- [Cell phone use while driving](https://en.wikipedia.org/wiki/Restrictions_on_cell_phone_use_while_driving_in_the_United_States ""Restrictions on cell phone use while driving in the United States"")<br>- [Constitutions](https://en.wikipedia.org/wiki/State_constitution_(United_States) ""State constitution (United States)"")<br>- [Firearms](https://en.wikipedia.org/wiki/Gun_laws_in_the_United_States_by_state ""Gun laws in the United States by state"") <br>  - [firearms death rates](https://en.wikipedia.org/wiki/Firearm_death_rates_in_the_United_States_by_state ""Firearm death rates in the United States by state"")<br>  - [gun violence](https://en.wikipedia.org/wiki/Gun_violence_in_the_United_States_by_state ""Gun violence in the United States by state"")<br>- [Homicide rate](https://en.wikipedia.org/wiki/List_of_U.S._states_and_territories_by_intentional_homicide_rate ""List of U.S. states and territories by intentional homicide rate"")<br>- [Incest](https://en.wikipedia.org/wiki/Legality_of_incest_in_the_United_States ""Legality of incest in the United States"")<br>- [Law enforcement agencies](https://en.wikipedia.org/wiki/List_of_United_States_state_and_local_law_enforcement_agencies ""List of United States state and local law enforcement agencies"")<br>- [Legality of cannabis](https://en.wikipedia.org/wiki/Legality_of_cannabis_by_U.S._state ""Legality of cannabis by U.S. state"")<br>- Marriage<br>  - [cousin](https://en.wikipedia.org/wiki/Cousin_marriage_law_in_the_United_States ""Cousin marriage law in the United States"")<br>  - [polygamy](https://en.wikipedia.org/wiki/Legality_of_polygamy_in_the_United_States ""Legality of polygamy in the United States"")<br>  - [same sex](https://en.wikipedia.org/wiki/Same-sex_marriage_law_in_the_United_States_by_state ""Same-sex marriage law in the United States by state"")<br>- [Peace Index](https://en.wikipedia.org/wiki/United_States_Peace_Index ""United States Peace Index"")<br>- [Prisons](https://en.wikipedia.org/wiki/Lists_of_United_States_state_prisons ""Lists of United States state prisons"") <br>  - [incarceration rate](https://en.wikipedia.org/wiki/List_of_U.S._states_and_territories_by_incarceration_and_correctional_supervision_rate ""List of U.S. states and territories by incarceration and correctional supervision rate"")<br>- [Seat belt laws](https://en.wikipedia.org/wiki/Seat_belt_laws_in_the_United_States#The_laws_by_state ""Seat belt laws in the United States"")<br>- [Self-representation](https://en.wikipedia.org/wiki/List_of_U.S._state_constitutional_provisions_allowing_self-representation_in_state_courts ""List of U.S. state constitutional provisions allowing self-representation in state courts"")<br>- [Smoking bans](https://en.wikipedia.org/wiki/List_of_smoking_bans_in_the_United_States ""List of smoking bans in the United States"")<br>- [Speed limits](https://en.wikipedia.org/wiki/Speed_limits_in_the_United_States ""Speed limits in the United States"") ( [by jurisdiction](https://en.wikipedia.org/wiki/Speed_limits_in_the_United_States_by_jurisdiction ""Speed limits in the United States by jurisdiction""))<br>- [Statutory codes](https://en.wikipedia.org/wiki/List_of_U.S._state_statutory_codes ""List of U.S. state statutory codes"")<br>- [Violent crime rate](https://en.wikipedia.org/wiki/List_of_U.S._states_and_territories_by_violent_crime_rate ""List of U.S. states and territories by violent crime rate"") |
| Miscellaneous | - [Abbreviations](https://en.wikipedia.org/wiki/List_of_U.S._state_and_territory_abbreviations ""List of U.S. state and territory abbreviations"")<br>- [Airports](https://en.wikipedia.org/wiki/List_of_airports_in_the_United_States ""List of airports in the United States"")<br>- [Bus transit systems](https://en.wikipedia.org/wiki/List_of_bus_transit_systems_in_the_United_States ""List of bus transit systems in the United States"")<br>- [Casinos](https://en.wikipedia.org/wiki/List_of_casinos_in_the_United_States ""List of casinos in the United States"")<br>- [Cemeteries](https://en.wikipedia.org/wiki/List_of_cemeteries_in_the_United_States ""List of cemeteries in the United States"")<br>- [Demonyms](https://en.wikipedia.org/wiki/List_of_demonyms_for_U.S._states_and_territories ""List of demonyms for U.S. states and territories"")<br>- [Flags](https://en.wikipedia.org/wiki/Flags_of_the_U.S._states_and_territories ""Flags of the U.S. states and territories"")<br>- [Hotels](https://en.wikipedia.org/wiki/List_of_hotels_in_the_United_States ""List of hotels in the United States"")<br>- [Insignia](https://en.wikipedia.org/wiki/List_of_U.S._state,_district,_and_territorial_insignia ""List of U.S. state, district, and territorial insignia"") <br>  - [coats of arms](https://en.wikipedia.org/wiki/Armorial_of_the_United_States#States ""Armorial of the United States"")<br>- [License plates](https://en.wikipedia.org/wiki/United_States_license_plate_designs_and_serial_formats ""United States license plate designs and serial formats"")<br>- [Malls](https://en.wikipedia.org/wiki/List_of_shopping_malls_in_the_United_States ""List of shopping malls in the United States"")<br>- [Mottos](https://en.wikipedia.org/wiki/List_of_U.S._state_and_territory_mottos ""List of U.S. state and territory mottos"")<br>- [Newspapers](https://en.wikipedia.org/wiki/List_of_newspapers_in_the_United_States#By_state_and_territory ""List of newspapers in the United States"")<br>- [Nicknames](https://en.wikipedia.org/wiki/List_of_U.S._state_and_territory_nicknames ""List of U.S. state and territory nicknames"")<br>- [Numbered highways](https://en.wikipedia.org/wiki/Numbered_highways_in_the_United_States#State_highways ""Numbered highways in the United States"")<br>- Quarters<br>  - [50 states](https://en.wikipedia.org/wiki/50_State_quarters ""50 State quarters"")<br>  - [District of Columbia and territories](https://en.wikipedia.org/wiki/District_of_Columbia_and_United_States_Territories_quarters ""District of Columbia and United States Territories quarters"")<br>  - [America the Beautiful quarters](https://en.wikipedia.org/wiki/America_the_Beautiful_quarters ""America the Beautiful quarters"")<br>- [Snowiest places](https://en.wikipedia.org/wiki/List_of_snowiest_places_in_the_United_States_by_state ""List of snowiest places in the United States by state"")<br>- [Symbols](https://en.wikipedia.org/wiki/Lists_of_United_States_state_symbols ""Lists of United States state symbols"")<br>- [Tallest buildings](https://en.wikipedia.org/wiki/List_of_tallest_buildings_by_U.S._state_and_territory ""List of tallest buildings by U.S. state and territory"")<br>- [Temperature extremes](https://en.wikipedia.org/wiki/U.S._state_and_territory_temperature_extremes ""U.S. state and territory temperature extremes"")<br>- [Time zones](https://en.wikipedia.org/wiki/List_of_time_offsets_by_U.S._state_and_territory ""List of time offsets by U.S. state and territory"") |
| - ![](https://upload.wikimedia.org/wikipedia/en/thumb/9/96/Symbol_category_class.svg/20px-Symbol_category_class.svg.png)[Category](https://en.wikipedia.org/wiki/Category:States_of_the_United_States ""Category:States of the United States"")<br>- [![](https://upload.wikimedia.org/wikipedia/en/thumb/4/4a/Commons-logo.svg/20px-Commons-logo.svg.png)](https://en.wikipedia.org/wiki/File:Commons-logo.svg ""Commons page"")[Commons](https://commons.wikimedia.org/wiki/Category:States_of_the_United_States ""commons:Category:States of the United States"")<br>- [![](https://upload.wikimedia.org/wikipedia/en/thumb/e/e2/Symbol_portal_class.svg/20px-Symbol_portal_class.svg.png)](https://en.wikipedia.org/wiki/File:Symbol_portal_class.svg ""Portal"")[Portals](https://en.wikipedia.org/wiki/Wikipedia:List_of_U.S._state_portals ""Wikipedia:List of U.S. state portals"") |

Retrieved from "" [https://en.wikipedia.org/w/index.php?title=List\_of\_U.S.\_states\_and\_territories\_by\_population&oldid=1334589217](https://en.wikipedia.org/w/index.php?title=List_of_U.S._states_and_territories_by_population&oldid=1334589217)""

[Categories](https://en.wikipedia.org/wiki/Help:Category ""Help:Category""):

- [Lists by population](https://en.wikipedia.org/wiki/Category:Lists_by_population ""Category:Lists by population"")
- [Lists of states of the United States](https://en.wikipedia.org/wiki/Category:Lists_of_states_of_the_United_States ""Category:Lists of states of the United States"")
- [Lists of subdivisions of the United States](https://en.wikipedia.org/wiki/Category:Lists_of_subdivisions_of_the_United_States ""Category:Lists of subdivisions of the United States"")
- [United States demography-related lists](https://en.wikipedia.org/wiki/Category:United_States_demography-related_lists ""Category:United States demography-related lists"")
- [United States geography-related lists](https://en.wikipedia.org/wiki/Category:United_States_geography-related_lists ""Category:United States geography-related lists"")
- [Ranked lists of country subdivisions](https://en.wikipedia.org/wiki/Category:Ranked_lists_of_country_subdivisions ""Category:Ranked lists of country subdivisions"")

Hidden categories:

- [All articles with dead external links](https://en.wikipedia.org/wiki/Category:All_articles_with_dead_external_links ""Category:All articles with dead external links"")
- [Articles with dead external links from December 2017](https://en.wikipedia.org/wiki/Category:Articles_with_dead_external_links_from_December_2017 ""Category:Articles with dead external links from December 2017"")
- [Articles with permanently dead external links](https://en.wikipedia.org/wiki/Category:Articles_with_permanently_dead_external_links ""Category:Articles with permanently dead external links"")
- [Articles with short description](https://en.wikipedia.org/wiki/Category:Articles_with_short_description ""Category:Articles with short description"")
- [Short description is different from Wikidata](https://en.wikipedia.org/wiki/Category:Short_description_is_different_from_Wikidata ""Category:Short description is different from Wikidata"")
- [Use mdy dates from September 2019](https://en.wikipedia.org/wiki/Category:Use_mdy_dates_from_September_2019 ""Category:Use mdy dates from September 2019"")

Search

Search

List of U.S. states and territories by population

44 languages[Add topic](https://en.wikipedia.org/wiki/List_of_U.S._states_and_territories_by_population#)",,,,https://upload.wikimedia.org/wikipedia/commons/thumb/d/d2/Population_by_U.S._state.svg/1280px-Population_by_U.S._state.svg.png,https://en.wikipedia.org/static/favicon/wikipedia.ico
"
	Rank List: States in Profile
",https://www.statsamerica.org/sip/rank_list.aspx?rank_label=pop1,"[![States in Profile](https://www.statsamerica.org/sip/images/SIP_headerMap.png)](https://www.statsamerica.org/sip/default.aspx)

# Select a State

AlabamaAlaskaArizonaArkansasCaliforniaColoradoConnecticutDelawareDistrict of ColumbiaFloridaGeorgiaHawaiiIdahoIllinoisIndianaIowaKansasKentuckyLouisianaMaineMarylandMassachusettsMichiganMinnesotaMississippiMissouriMontanaNebraskaNevadaNew HampshireNew JerseyNew MexicoNew YorkNorth CarolinaNorth DakotaOhioOklahomaOregonPennsylvaniaRhode IslandSouth CarolinaSouth DakotaTennesseeTexasUtahVermontVirginiaWashingtonWest VirginiaWisconsinWyoming

## Population Estimate for 2024

| Rank | State | FIPS Code | Population |
| --- | --- | --- | --- |
| 1 | California | 06000 | 39,431,263 |
| 2 | Texas | 48000 | 31,290,831 |
| 3 | Florida | 12000 | 23,372,215 |
| 4 | New York | 36000 | 19,867,248 |
| 5 | Pennsylvania | 42000 | 13,078,751 |
| 6 | Illinois | 17000 | 12,710,158 |
| 7 | Ohio | 39000 | 11,883,304 |
| 8 | Georgia | 13000 | 11,180,878 |
| 9 | North Carolina | 37000 | 11,046,024 |
| 10 | Michigan | 26000 | 10,140,459 |
| 11 | New Jersey | 34000 | 9,500,851 |
| 12 | Virginia | 51000 | 8,811,195 |
| 13 | Washington | 53000 | 7,958,180 |
| 14 | Arizona | 04000 | 7,582,384 |
| 15 | Tennessee | 47000 | 7,227,750 |
| 16 | Massachusetts | 25000 | 7,136,171 |
| 17 | Indiana | 18000 | 6,924,275 |
| 18 | Maryland | 24000 | 6,263,220 |
| 19 | Missouri | 29000 | 6,245,466 |
| 20 | Wisconsin | 55000 | 5,960,975 |
| 21 | Colorado | 08000 | 5,957,493 |
| 22 | Minnesota | 27000 | 5,793,151 |
| 23 | South Carolina | 45000 | 5,478,831 |
| 24 | Alabama | 01000 | 5,157,699 |
| 25 | Louisiana | 22000 | 4,597,740 |
| 26 | Kentucky | 21000 | 4,588,372 |
| 27 | Oregon | 41000 | 4,272,371 |
| 28 | Oklahoma | 40000 | 4,095,393 |
| 29 | Connecticut | 09000 | 3,675,069 |
| 30 | Utah | 49000 | 3,503,613 |
| 31 | Nevada | 32000 | 3,267,467 |
| 32 | Iowa | 19000 | 3,241,488 |
| 33 | Arkansas | 05000 | 3,088,354 |
| 34 | Kansas | 20000 | 2,970,606 |
| 35 | Mississippi | 28000 | 2,943,045 |
| 36 | New Mexico | 35000 | 2,130,256 |
| 37 | Nebraska | 31000 | 2,005,465 |
| 38 | Idaho | 16000 | 2,001,619 |
| 39 | West Virginia | 54000 | 1,769,979 |
| 40 | Hawaii | 15000 | 1,446,146 |
| 41 | New Hampshire | 33000 | 1,409,032 |
| 42 | Maine | 23000 | 1,405,012 |
| 43 | Montana | 30000 | 1,137,233 |
| 44 | Rhode Island | 44000 | 1,112,308 |
| 45 | Delaware | 10000 | 1,051,917 |
| 46 | South Dakota | 46000 | 924,669 |
| 47 | North Dakota | 38000 | 796,568 |
| 48 | Alaska | 02000 | 740,133 |
| 49 | District of Columbia | 11000 | 702,250 |
| 50 | Vermont | 50000 | 648,493 |
| 51 | Wyoming | 56000 | 587,618 |

Data Source: U.S. Census Bureau

This page was generated on 1/24/2026 7:23:50 PM





## Questions or Feedback?

[Contact us](https://www.statsamerica.org/Contact.aspx)

|     |     |
| --- | --- |
|  |  |",,,,,https://www.statsamerica.org/favicon.ico
US States - Ranking by Population 2026,https://worldpopulationreview.com/states,"# US States - Ranking by Population 2026

Top 5 Most Populated States

![California flag](https://worldpopulationreview.com/images/state-flags/svg/ca.svg)[California](https://worldpopulationreview.com/states/california)

39,896,400

![Texas flag](https://worldpopulationreview.com/images/state-flags/svg/tx.svg)[Texas](https://worldpopulationreview.com/states/texas)

32,416,700

![Florida flag](https://worldpopulationreview.com/images/state-flags/svg/fl.svg)[Florida](https://worldpopulationreview.com/states/florida)

24,306,900

![New York flag](https://worldpopulationreview.com/images/state-flags/svg/ny.svg)[New York](https://worldpopulationreview.com/states/new-york)

20,127,000

![Pennsylvania flag](https://worldpopulationreview.com/images/state-flags/svg/pa.svg)[Pennsylvania](https://worldpopulationreview.com/states/pennsylvania)

13,200,800

ALAKAZARCACOCTDEFLGAHIIDILINIAKSKYLAMEMDMAMIMNMSMOMTNENVNHNJNMNYNCNDOHOKORPARISCSDTNTXUTVTVAWAWVWIWY

0

1M

3M

6M

10M

15M

25M

Methodology: Population totals are sourced from the latest available US Census Bureau data. Totals for current year(s) are projected using each state's USCB data and previous year population growth rate.

|  | State | Rank | 2026 Pop.  ↓ | Annual Change | Since 2020 | Density |
| --- | --- | --- | --- | --- | --- | --- |
| ![California Flag](https://worldpopulationreview.com/images/state-flags/svg/ca.svg) | [California](https://worldpopulationreview.com/states/california) | 1 | 39,896,400 | 0.59% | 0.16% | 256 |
| ![Texas Flag](https://worldpopulationreview.com/images/state-flags/svg/tx.svg) | [Texas](https://worldpopulationreview.com/states/texas) | 2 | 32,416,700 | 1.77% | 1.81% | 124 |
| ![Florida Flag](https://worldpopulationreview.com/images/state-flags/svg/fl.svg) | [Florida](https://worldpopulationreview.com/states/florida) | 3 | 24,306,900 | 1.96% | 2.1% | 453 |
| ![New York Flag](https://worldpopulationreview.com/images/state-flags/svg/ny.svg) | [New York](https://worldpopulationreview.com/states/new-york) | 4 | 20,127,000 | 0.65% | 0.02% | 427 |
| ![Pennsylvania Flag](https://worldpopulationreview.com/images/state-flags/svg/pa.svg) | [Pennsylvania](https://worldpopulationreview.com/states/pennsylvania) | 5 | 13,200,800 | 0.46% | 0.26% | 295 |
| ![Illinois Flag](https://worldpopulationreview.com/images/state-flags/svg/il.svg) | [Illinois](https://worldpopulationreview.com/states/illinois) | 6 | 12,846,000 | 0.53% | 0.06% | 231 |
| ![Ohio Flag](https://worldpopulationreview.com/images/state-flags/svg/oh.svg) | [Ohio](https://worldpopulationreview.com/states/ohio) | 7 | 12,001,800 | 0.5% | 0.29% | 294 |
| ![Georgia Flag](https://worldpopulationreview.com/images/state-flags/svg/ga.svg) | [Georgia](https://worldpopulationreview.com/states/georgia) | 8 | 11,413,800 | 1.03% | 1.06% | 198 |
| ![North Carolina Flag](https://worldpopulationreview.com/images/state-flags/svg/nc.svg) | [North Carolina](https://worldpopulationreview.com/states/north-carolina) | 9 | 11,375,700 | 1.47% | 1.48% | 234 |
| ![Michigan Flag](https://worldpopulationreview.com/images/state-flags/svg/mi.svg) | [Michigan](https://worldpopulationreview.com/states/michigan) | 10 | 10,254,700 | 0.56% | 0.3% | 181 |
| ![New Jersey Flag](https://worldpopulationreview.com/images/state-flags/svg/nj.svg) | [New Jersey](https://worldpopulationreview.com/states/new-jersey) | 11 | 9,743,270 | 1.26% | 0.85% | 1,325 |
| ![Virginia Flag](https://worldpopulationreview.com/images/state-flags/svg/va.svg) | [Virginia](https://worldpopulationreview.com/states/virginia) | 12 | 8,964,220 | 0.86% | 0.63% | 227 |
| ![Washington Flag](https://worldpopulationreview.com/images/state-flags/svg/wa.svg) | [Washington](https://worldpopulationreview.com/states/washington) | 13 | 8,159,900 | 1.25% | 0.93% | 123 |
| ![Arizona Flag](https://worldpopulationreview.com/images/state-flags/svg/az.svg) | [Arizona](https://worldpopulationreview.com/states/arizona) | 14 | 7,801,100 | 1.42% | 1.42% | 69 |
| ![Tennessee Flag](https://worldpopulationreview.com/images/state-flags/svg/tn.svg) | [Tennessee](https://worldpopulationreview.com/states/tennessee) | 15 | 7,386,640 | 1.09% | 1.1% | 179 |
| ![Massachusetts Flag](https://worldpopulationreview.com/images/state-flags/svg/ma.svg) | [Massachusetts](https://worldpopulationreview.com/states/massachusetts) | 16 | 7,275,380 | 0.97% | 0.67% | 933 |
| ![Indiana Flag](https://worldpopulationreview.com/images/state-flags/svg/in.svg) | [Indiana](https://worldpopulationreview.com/states/indiana) | 17 | 7,012,560 | 0.63% | 0.55% | 196 |
| ![Maryland Flag](https://worldpopulationreview.com/images/state-flags/svg/md.svg) | [Maryland](https://worldpopulationreview.com/states/maryland) | 18 | 6,355,540 | 0.73% | 0.48% | 655 |
| ![Missouri Flag](https://worldpopulationreview.com/images/state-flags/svg/mo.svg) | [Missouri](https://worldpopulationreview.com/states/missouri) | 19 | 6,320,320 | 0.6% | 0.45% | 92 |
| ![Colorado Flag](https://worldpopulationreview.com/images/state-flags/svg/co.svg) | [Colorado](https://worldpopulationreview.com/states/colorado) | 20 | 6,069,800 | 0.93% | 0.81% | 59 |
| ![Wisconsin Flag](https://worldpopulationreview.com/images/state-flags/svg/wi.svg) | [Wisconsin](https://worldpopulationreview.com/states/wisconsin) | 21 | 6,022,120 | 0.51% | 0.35% | 111 |
| ![Minnesota Flag](https://worldpopulationreview.com/images/state-flags/svg/mn.svg) | [Minnesota](https://worldpopulationreview.com/states/minnesota) | 22 | 5,873,360 | 0.69% | 0.47% | 74 |
| ![South Carolina Flag](https://worldpopulationreview.com/images/state-flags/svg/sc.svg) | [South Carolina](https://worldpopulationreview.com/states/south-carolina) | 23 | 5,660,830 | 1.63% | 1.72% | 188 |
| ![Alabama Flag](https://worldpopulationreview.com/images/state-flags/svg/al.svg) | [Alabama](https://worldpopulationreview.com/states/alabama) | 24 | 5,237,750 | 0.77% | 0.68% | 103 |
| ![Kentucky Flag](https://worldpopulationreview.com/images/state-flags/svg/ky.svg) | [Kentucky](https://worldpopulationreview.com/states/kentucky) | 25 | 4,663,930 | 0.82% | 0.57% | 118 |
| ![Louisiana Flag](https://worldpopulationreview.com/images/state-flags/svg/la.svg) | [Louisiana](https://worldpopulationreview.com/states/louisiana) | 26 | 4,617,080 | 0.21% | -0.13% | 107 |
| ![Oregon Flag](https://worldpopulationreview.com/images/state-flags/svg/or.svg) | [Oregon](https://worldpopulationreview.com/states/oregon) | 27 | 4,309,810 | 0.44% | 0.26% | 45 |
| ![Oklahoma Flag](https://worldpopulationreview.com/images/state-flags/svg/ok.svg) | [Oklahoma](https://worldpopulationreview.com/states/oklahoma) | 28 | 4,158,420 | 0.76% | 0.81% | 61 |
| ![Connecticut Flag](https://worldpopulationreview.com/images/state-flags/svg/ct.svg) | [Connecticut](https://worldpopulationreview.com/states/connecticut) | 29 | 3,739,160 | 0.86% | 0.74% | 772 |
| ![Utah Flag](https://worldpopulationreview.com/images/state-flags/svg/ut.svg) | [Utah](https://worldpopulationreview.com/states/utah) | 30 | 3,624,400 | 1.7% | 1.73% | 44 |
| ![Nevada Flag](https://worldpopulationreview.com/images/state-flags/svg/nv.svg) | [Nevada](https://worldpopulationreview.com/states/nevada) | 31 | 3,373,680 | 1.6% | 1.37% | 31 |
| ![Iowa Flag](https://worldpopulationreview.com/images/state-flags/svg/ia.svg) | [Iowa](https://worldpopulationreview.com/states/iowa) | 32 | 3,287,640 | 0.71% | 0.5% | 59 |
| ![Arkansas Flag](https://worldpopulationreview.com/images/state-flags/svg/ar.svg) | [Arkansas](https://worldpopulationreview.com/states/arkansas) | 33 | 3,126,140 | 0.61% | 0.62% | 60 |
| ![Kansas Flag](https://worldpopulationreview.com/images/state-flags/svg/ks.svg) | [Kansas](https://worldpopulationreview.com/states/kansas) | 34 | 3,008,820 | 0.64% | 0.4% | 37 |
| ![Mississippi Flag](https://worldpopulationreview.com/images/state-flags/svg/ms.svg) | [Mississippi](https://worldpopulationreview.com/states/mississippi) | 35 | 2,942,790 | 0% | -0.09% | 63 |
| ![New Mexico Flag](https://worldpopulationreview.com/images/state-flags/svg/nm.svg) | [New Mexico](https://worldpopulationreview.com/states/new-mexico) | 36 | 2,148,440 | 0.43% | 0.24% | 18 |
| ![Idaho Flag](https://worldpopulationreview.com/images/state-flags/svg/id.svg) | [Idaho](https://worldpopulationreview.com/states/idaho) | 37 | 2,062,610 | 1.5% | 1.92% | 25 |
| ![Nebraska Flag](https://worldpopulationreview.com/images/state-flags/svg/ne.svg) | [Nebraska](https://worldpopulationreview.com/states/nebraska) | 38 | 2,040,670 | 0.87% | 0.66% | 27 |
| ![West Virginia Flag](https://worldpopulationreview.com/images/state-flags/svg/wv.svg) | [West Virginia](https://worldpopulationreview.com/states/west-virginia) | 39 | 1,768,950 | -0.03% | -0.21% | 74 |
| ![Hawaii Flag](https://worldpopulationreview.com/images/state-flags/svg/hi.svg) | [Hawaii](https://worldpopulationreview.com/states/hawaii) | 40 | 1,455,660 | 0.33% | 0.05% | 227 |
| ![New Hampshire Flag](https://worldpopulationreview.com/images/state-flags/svg/nh.svg) | [New Hampshire](https://worldpopulationreview.com/states/new-hampshire) | 41 | 1,422,700 | 0.48% | 0.53% | 159 |
| ![Maine Flag](https://worldpopulationreview.com/images/state-flags/svg/me.svg) | [Maine](https://worldpopulationreview.com/states/maine) | 42 | 1,415,740 | 0.38% | 0.63% | 46 |
| ![Montana Flag](https://worldpopulationreview.com/images/state-flags/svg/mt.svg) | [Montana](https://worldpopulationreview.com/states/montana) | 43 | 1,149,100 | 0.52% | 0.95% | 8 |
| ![Rhode Island Flag](https://worldpopulationreview.com/images/state-flags/svg/ri.svg) | [Rhode Island](https://worldpopulationreview.com/states/rhode-island) | 44 | 1,130,070 | 0.79% | 0.51% | 1,093 |
| ![Delaware Flag](https://worldpopulationreview.com/images/state-flags/svg/de.svg) | [Delaware](https://worldpopulationreview.com/states/delaware) | 45 | 1,082,900 | 1.45% | 1.53% | 556 |
| ![South Dakota Flag](https://worldpopulationreview.com/images/state-flags/svg/sd.svg) | [South Dakota](https://worldpopulationreview.com/states/south-dakota) | 46 | 937,397 | 0.68% | 0.93% | 12 |
| ![North Dakota Flag](https://worldpopulationreview.com/images/state-flags/svg/nd.svg) | [North Dakota](https://worldpopulationreview.com/states/north-dakota) | 47 | 811,610 | 0.94% | 0.69% | 12 |
| ![Alaska Flag](https://worldpopulationreview.com/images/state-flags/svg/ak.svg) | [Alaska](https://worldpopulationreview.com/states/alaska) | 48 | 747,379 | 0.49% | 0.33% | 1 |
| ![Vermont Flag](https://worldpopulationreview.com/images/state-flags/svg/vt.svg) | [Vermont](https://worldpopulationreview.com/states/vermont) | 49 | 648,063 | -0.03% | 0.13% | 70 |
| ![Wyoming Flag](https://worldpopulationreview.com/images/state-flags/svg/wy.svg) | [Wyoming](https://worldpopulationreview.com/states/wyoming) | 50 | 592,720 | 0.43% | 0.43% | 6 |

### Request Data

Please enter your email address to receive this data in your inbox.

Email Address

I agree to receive emails from World Population Review

Cancel

Download

## US States Overview

The [United States](https://worldpopulationreview.com/countries/united-states) as a whole is the third-most-populous country in
the world, with an estimated population of 347,276,000 people as of January 2025. Within that
total, however, the individual states showcase a vast range of populations, from about 40 million
residents in [California](https://worldpopulationreview.com/states/california) to fewer than a million in Wyoming.

### Most and Least Populous States

The Most PopulousThe Least Populous

|  | State | Population  ↓ | Annual Change |
| --- | --- | --- | --- |
| ![California Flag](https://worldpopulationreview.com/images/state-flags/svg/ca.svg) | [California](https://worldpopulationreview.com/states/california) | 39,896,400 | 0.59% |
| ![Texas Flag](https://worldpopulationreview.com/images/state-flags/svg/tx.svg) | [Texas](https://worldpopulationreview.com/states/texas) | 32,416,700 | 1.77% |
| ![Florida Flag](https://worldpopulationreview.com/images/state-flags/svg/fl.svg) | [Florida](https://worldpopulationreview.com/states/florida) | 24,306,900 | 1.96% |
| ![New York Flag](https://worldpopulationreview.com/images/state-flags/svg/ny.svg) | [New York](https://worldpopulationreview.com/states/new-york) | 20,127,000 | 0.65% |
| ![Pennsylvania Flag](https://worldpopulationreview.com/images/state-flags/svg/pa.svg) | [Pennsylvania](https://worldpopulationreview.com/states/pennsylvania) | 13,200,800 | 0.46% |
| ![Illinois Flag](https://worldpopulationreview.com/images/state-flags/svg/il.svg) | [Illinois](https://worldpopulationreview.com/states/illinois) | 12,846,000 | 0.53% |
| ![Ohio Flag](https://worldpopulationreview.com/images/state-flags/svg/oh.svg) | [Ohio](https://worldpopulationreview.com/states/ohio) | 12,001,800 | 0.5% |
| ![Georgia Flag](https://worldpopulationreview.com/images/state-flags/svg/ga.svg) | [Georgia](https://worldpopulationreview.com/states/georgia) | 11,413,800 | 1.03% |
| ![North Carolina Flag](https://worldpopulationreview.com/images/state-flags/svg/nc.svg) | [North Carolina](https://worldpopulationreview.com/states/north-carolina) | 11,375,700 | 1.47% |
| ![Michigan Flag](https://worldpopulationreview.com/images/state-flags/svg/mi.svg) | [Michigan](https://worldpopulationreview.com/states/michigan) | 10,254,700 | 0.56% |

### Request Data

Please enter your email address to receive this data in your inbox.

Email Address

I agree to receive emails from World Population Review

Cancel

Download

|  | State | Population  ↑ | Annual Change |
| --- | --- | --- | --- |
| ![Wyoming Flag](https://worldpopulationreview.com/images/state-flags/svg/wy.svg) | [Wyoming](https://worldpopulationreview.com/states/wyoming) | 592,720 | 0.43% |
| ![Vermont Flag](https://worldpopulationreview.com/images/state-flags/svg/vt.svg) | [Vermont](https://worldpopulationreview.com/states/vermont) | 648,063 | -0.03% |
| ![Alaska Flag](https://worldpopulationreview.com/images/state-flags/svg/ak.svg) | [Alaska](https://worldpopulationreview.com/states/alaska) | 747,379 | 0.49% |
| ![North Dakota Flag](https://worldpopulationreview.com/images/state-flags/svg/nd.svg) | [North Dakota](https://worldpopulationreview.com/states/north-dakota) | 811,610 | 0.94% |
| ![South Dakota Flag](https://worldpopulationreview.com/images/state-flags/svg/sd.svg) | [South Dakota](https://worldpopulationreview.com/states/south-dakota) | 937,397 | 0.68% |
| ![Delaware Flag](https://worldpopulationreview.com/images/state-flags/svg/de.svg) | [Delaware](https://worldpopulationreview.com/states/delaware) | 1,082,900 | 1.45% |
| ![Rhode Island Flag](https://worldpopulationreview.com/images/state-flags/svg/ri.svg) | [Rhode Island](https://worldpopulationreview.com/states/rhode-island) | 1,130,070 | 0.79% |
| ![Montana Flag](https://worldpopulationreview.com/images/state-flags/svg/mt.svg) | [Montana](https://worldpopulationreview.com/states/montana) | 1,149,100 | 0.52% |
| ![Maine Flag](https://worldpopulationreview.com/images/state-flags/svg/me.svg) | [Maine](https://worldpopulationreview.com/states/maine) | 1,415,740 | 0.38% |
| ![New Hampshire Flag](https://worldpopulationreview.com/images/state-flags/svg/nh.svg) | [New Hampshire](https://worldpopulationreview.com/states/new-hampshire) | 1,422,700 | 0.48% |

### Request Data

Please enter your email address to receive this data in your inbox.

Email Address

I agree to receive emails from World Population Review

Cancel

Download

By far the most populous state in the United States is California, which has nearly 40
million residents and comprises nearly 12% of the country’s total population. If
California were a country, it would have the [fourth or fifth largest economy in the world](https://www.bloomberg.com/opinion/articles/2022-10-24/california-poised-to-overtake-germany-as-world-s-no-4-economy) and the 38th-highest population, ahead of countries including [Canada](https://worldpopulationreview.com/countries/canada), [Australia](https://worldpopulationreview.com/countries/australia), [Peru](https://worldpopulationreview.com/countries/peru), and [Greece](https://worldpopulationreview.com/countries/greece).

[Texas](https://worldpopulationreview.com/states/texas) has the second-largest population of any US state, with more than
30 million residents (9% of the US total) as of 2023. Moreover, Texas has a growth rate of
1.34% per year, while California’s growth rate is notably lower at 0.57%. The impact of such
differing growth rates is obvious when viewed over time: Since 2010, the population of Texas
has increased by more than 20%, while California has grown just under 12%.

The third-most-populated state in the US is [Florida](https://worldpopulationreview.com/states/florida), with a
population of more than 22.3 million and a growth rate of 1.24% per year, and the state of [New York](https://worldpopulationreview.com/states/new-york) ranks fourth. About half of the 20.40 million people who live in the state of New York reside
in [New York](https://worldpopulationreview.com/us-cities/new-york/new-york). It is notable that the three most
populous states in the US are among the top ten [states with the longest coastlines](https://worldpopulationreview.com/state-rankings/coastline-length-by-state), and both California and Texas are among the largest states in the union by [land area](https://worldpopulationreview.com/state-rankings/states-by-area).

States in [New England](https://worldpopulationreview.com/state-rankings/new-england-states),
along the Northeast seaboard, tend to be quite small geographically but with higher
populations. [Rhode Island](https://worldpopulationreview.com/states/rhode-island) (pop. 1,110,822) is the [smallest state by land area](https://worldpopulationreview.com/state-rankings/states-by-area), but it has a higher population than many larger states, including [Alaska](https://worldpopulationreview.com/states/alaska) (740,339), both [North Dakota](https://worldpopulationreview.com/states/north-dakota) and [South Dakota](https://worldpopulationreview.com/states/south-dakota) (811,044 and 908,414, respectively), and [Wyoming](https://worldpopulationreview.com/states/wyoming) (580,817).

### Population Distribution

The population of the United States is distributed unevenly across the 50 states,
Washington DC, and territories such as Puerto Rico. States on the country's border tend to
be the most populous, whether they be located on the [West Coast](https://worldpopulationreview.com/state-rankings/west-coast-states) (California), the [East Coast](https://worldpopulationreview.com/state-rankings/east-coast-states) (New York, Florida, arguably Pennsylvania), or the southern border (Texas, Florida again).
Conversely, interior states such as those in the [Great Plains](https://worldpopulationreview.com/state-rankings/great-plains-states) and [Midwest](https://worldpopulationreview.com/state-rankings/midwest-states) tend to be less populous.
However, exceptions do exist—for example, the [Great Lakes](https://worldpopulationreview.com/state-rankings/great-lakes-states) state of [Illinois](https://worldpopulationreview.com/states/illinois) has the sixth-largest population of any state despite
its Midwestern location.

Most states in the US are currently experiencing population growth. The greatest rate of
growth belongs to Florida (2.0%), followed by Texas (1.8%) and Utah (1.72%). By
comparison, the state with the lowest population growth is [Vermont](https://worldpopulationreview.com/states/vermont),
whose population shrank by 0.03%.

[Page: Fastest Growing States](https://worldpopulationreview.com/state-rankings/fastest-growing-states)

### States with the Highest and Lowest Growth Rates

Highest Growth RatesLowest Growth Rates

|  | State | Annual Change  ↓ |
| --- | --- | --- |
| ![Florida Flag](https://worldpopulationreview.com/images/state-flags/svg/fl.svg) | [Florida](https://worldpopulationreview.com/states/florida) | 1.96% |
| ![Texas Flag](https://worldpopulationreview.com/images/state-flags/svg/tx.svg) | [Texas](https://worldpopulationreview.com/states/texas) | 1.77% |
| ![Utah Flag](https://worldpopulationreview.com/images/state-flags/svg/ut.svg) | [Utah](https://worldpopulationreview.com/states/utah) | 1.7% |
| ![South Carolina Flag](https://worldpopulationreview.com/images/state-flags/svg/sc.svg) | [South Carolina](https://worldpopulationreview.com/states/south-carolina) | 1.63% |
| ![Nevada Flag](https://worldpopulationreview.com/images/state-flags/svg/nv.svg) | [Nevada](https://worldpopulationreview.com/states/nevada) | 1.6% |
| ![Idaho Flag](https://worldpopulationreview.com/images/state-flags/svg/id.svg) | [Idaho](https://worldpopulationreview.com/states/idaho) | 1.5% |
| ![North Carolina Flag](https://worldpopulationreview.com/images/state-flags/svg/nc.svg) | [North Carolina](https://worldpopulationreview.com/states/north-carolina) | 1.47% |
| ![Delaware Flag](https://worldpopulationreview.com/images/state-flags/svg/de.svg) | [Delaware](https://worldpopulationreview.com/states/delaware) | 1.45% |
| ![Arizona Flag](https://worldpopulationreview.com/images/state-flags/svg/az.svg) | [Arizona](https://worldpopulationreview.com/states/arizona) | 1.42% |
| ![New Jersey Flag](https://worldpopulationreview.com/images/state-flags/svg/nj.svg) | [New Jersey](https://worldpopulationreview.com/states/new-jersey) | 1.26% |

### Request Data

Please enter your email address to receive this data in your inbox.

Email Address

I agree to receive emails from World Population Review

Cancel

Download

|  | State | Annual Change  ↑ |
| --- | --- | --- |
| ![Vermont Flag](https://worldpopulationreview.com/images/state-flags/svg/vt.svg) | [Vermont](https://worldpopulationreview.com/states/vermont) | -0.03% |
| ![West Virginia Flag](https://worldpopulationreview.com/images/state-flags/svg/wv.svg) | [West Virginia](https://worldpopulationreview.com/states/west-virginia) | -0.03% |
| ![Mississippi Flag](https://worldpopulationreview.com/images/state-flags/svg/ms.svg) | [Mississippi](https://worldpopulationreview.com/states/mississippi) | 0% |
| ![Louisiana Flag](https://worldpopulationreview.com/images/state-flags/svg/la.svg) | [Louisiana](https://worldpopulationreview.com/states/louisiana) | 0.21% |
| ![Hawaii Flag](https://worldpopulationreview.com/images/state-flags/svg/hi.svg) | [Hawaii](https://worldpopulationreview.com/states/hawaii) | 0.33% |
| ![Maine Flag](https://worldpopulationreview.com/images/state-flags/svg/me.svg) | [Maine](https://worldpopulationreview.com/states/maine) | 0.38% |
| ![New Mexico Flag](https://worldpopulationreview.com/images/state-flags/svg/nm.svg) | [New Mexico](https://worldpopulationreview.com/states/new-mexico) | 0.43% |
| ![Wyoming Flag](https://worldpopulationreview.com/images/state-flags/svg/wy.svg) | [Wyoming](https://worldpopulationreview.com/states/wyoming) | 0.43% |
| ![Oregon Flag](https://worldpopulationreview.com/images/state-flags/svg/or.svg) | [Oregon](https://worldpopulationreview.com/states/oregon) | 0.44% |
| ![Pennsylvania Flag](https://worldpopulationreview.com/images/state-flags/svg/pa.svg) | [Pennsylvania](https://worldpopulationreview.com/states/pennsylvania) | 0.46% |

### Request Data

Please enter your email address to receive this data in your inbox.

Email Address

I agree to receive emails from World Population Review

Cancel

Download

## District of Columbia and Puerto Rico

|  | State | 2026 Pop. | Annual Change  ↑ | Since 2020 | Density |
| --- | --- | --- | --- | --- | --- |
| ![Puerto Rico Flag](https://worldpopulationreview.com/images/state-flags/svg/pr.svg) | [Puerto Rico](https://worldpopulationreview.com/states/puerto-rico) | 3,202,300 | -0.02% | -0.4% | 926 |
| ![District of Columbia Flag](https://worldpopulationreview.com/images/state-flags/svg/dc.svg) | [District of Columbia](https://worldpopulationreview.com/states/district-of-columbia) | 732,102 | 2.08% | 1.52% | 12,002 |

### Request Data

Please enter your email address to receive this data in your inbox.

Email Address

I agree to receive emails from World Population Review

Cancel

Download

[District of Columbia](https://worldpopulationreview.com/states/district-of-columbia), or Washington, D.C., is not
a state. It is a federal district — specifically, the District of Columbia — which serves as
the capital of the United States. The U.S. Constitution dictates that the federal district
be under the jurisdiction of the U.S. Congress. While it functions as a state in many
respects, including operating its own school system and managing certain federal programs,
it lacks full voting representation in Congress and is not considered a state

[Puerto Rico](https://worldpopulationreview.com/states/puerto-rico) is also not a state; it is a territory of the United
States. Specifically, it's an unincorporated territory, meaning it's part of the U.S. but not
fully integrated as a state. Puerto Rico is often referred to as a commonwealth.

## Related Articles

[![Agriculture](https://worldpopulationreview.com/_astro/agriculture.CicJywUp.jpg)](https://worldpopulationreview.com/categories/agriculture)[Agriculture113](https://worldpopulationreview.com/categories/agriculture)

[![Crime/Safety](https://worldpopulationreview.com/_astro/crime-safety.ewfdppod.jpg)](https://worldpopulationreview.com/categories/crime-safety)[Crime/Safety36](https://worldpopulationreview.com/categories/crime-safety)

[![Culture](https://worldpopulationreview.com/_astro/culture.C8rAiOls.jpg)](https://worldpopulationreview.com/categories/culture)[Culture226](https://worldpopulationreview.com/categories/culture)

[![Education](https://worldpopulationreview.com/_astro/education.DIYN-BKZ.jpg)](https://worldpopulationreview.com/categories/education)[Education60](https://worldpopulationreview.com/categories/education)

[![Environment](https://worldpopulationreview.com/_astro/environment.BlVELCkh.jpg)](https://worldpopulationreview.com/categories/environment)[Environment146](https://worldpopulationreview.com/categories/environment)

[![Facts/Trivia](https://worldpopulationreview.com/_astro/facts-trivia.C-i4cpAR.jpg)](https://worldpopulationreview.com/categories/facts-trivia)[Facts/Trivia104](https://worldpopulationreview.com/categories/facts-trivia)

[![Flags](https://worldpopulationreview.com/_astro/flags.e6inale5.jpg)](https://worldpopulationreview.com/categories/flags)[Flags1](https://worldpopulationreview.com/categories/flags)

[![Economics](https://worldpopulationreview.com/_astro/economics.Dcj3qthB.jpg)](https://worldpopulationreview.com/categories/economics)[Economics193](https://worldpopulationreview.com/categories/economics)

[![Geography](https://worldpopulationreview.com/_astro/geography.B59XaUIr.jpg)](https://worldpopulationreview.com/categories/geography)[Geography90](https://worldpopulationreview.com/categories/geography)

[![Health](https://worldpopulationreview.com/_astro/health.D6RFn1XW.jpg)](https://worldpopulationreview.com/categories/health)[Health158](https://worldpopulationreview.com/categories/health)

[![Infrastructure/Energy](https://worldpopulationreview.com/_astro/infrastructure-energy.BSsaBT0Z.jpg)](https://worldpopulationreview.com/categories/infrastructure-energy)[Infrastructure/Energy35](https://worldpopulationreview.com/categories/infrastructure-energy)

[![Law](https://worldpopulationreview.com/_astro/law.BofDFSB8.jpg)](https://worldpopulationreview.com/categories/law)[Law459](https://worldpopulationreview.com/categories/law)

[![History](https://worldpopulationreview.com/_astro/history.D7zOQ-T5.jpg)](https://worldpopulationreview.com/categories/history)[History24](https://worldpopulationreview.com/categories/history)

[![Military](https://worldpopulationreview.com/_astro/military.TFTFi1JI.jpg)](https://worldpopulationreview.com/categories/military)[Military16](https://worldpopulationreview.com/categories/military)

[![Manufacturing/Mining](https://worldpopulationreview.com/_astro/manufacturing-mining.BfyYzOsq.jpg)](https://worldpopulationreview.com/categories/manufacturing-mining)[Manufacturing/Mining9](https://worldpopulationreview.com/categories/manufacturing-mining)

[![Politics/Government](https://worldpopulationreview.com/_astro/politics-government.eCOIoq_C.jpg)](https://worldpopulationreview.com/categories/politics-government)[Politics/Government184](https://worldpopulationreview.com/categories/politics-government)

[![Sports](https://worldpopulationreview.com/_astro/sports.BHCP7yh0.jpg)](https://worldpopulationreview.com/categories/sports)[Sports43](https://worldpopulationreview.com/categories/sports)

[![Population](https://worldpopulationreview.com/_astro/population.BIrg4MeT.jpg)](https://worldpopulationreview.com/categories/population)[Population209](https://worldpopulationreview.com/categories/population)

[![Tech/Business](https://worldpopulationreview.com/_astro/tech-business.CTt9jsjm.jpg)](https://worldpopulationreview.com/categories/tech-business)[Tech/Business141](https://worldpopulationreview.com/categories/tech-business)

[![Travel](https://worldpopulationreview.com/_astro/travel.BMrLMNUl.jpg)](https://worldpopulationreview.com/categories/travel)[Travel45](https://worldpopulationreview.com/categories/travel)

### Sources

1. [US Census State Population Estimates](https://www.census.gov/data/tables/time-series/demo/popest/2020s-state-total.html) \- Most recent state estimates from the Census Bureau's Population Estimates Program
2. [US Census County Population Estimates](https://www.census.gov/data/tables/time-series/demo/popest/2020s-counties-total.html) \- Most recent county estimates from the Census Bureau's Population Estimates Program
3. [American Community Survey (2009 - 2013)](https://www.census.gov/programs-surveys/acs/)
4. [Census QuickFacts](https://www.census.gov/quickfacts/table/PST045215/00)
5. [Historical Populations of States and Counties (1790 - 1990)](https://www2.census.gov/library/publications/decennial/1990/population-of-states-and-counties-us-1790-1990/population-of-states-and-counties-of-the-united-states-1790-1990.pdf)

## Recommended Reading

- [US States by Race 2026 >](https://worldpopulationreview.com/states/by-race)
- [Cigarette Prices by State 2026 >](https://worldpopulationreview.com/state-rankings/cigarette-prices-by-state)
- [Public School Rankings by State 2026 >](https://worldpopulationreview.com/state-rankings/public-school-rankings-by-state)",,"Discover population, economy, health, and more with the most comprehensive global statistics at your fingertips.",,https://worldpopulationreview.com//og-image.png,https://worldpopulationreview.com/favicon.ico
Population Clock,https://www.census.gov/popclock/,"This site uses Cascading Style Sheets to present information. Therefore, it may not display properly when disabled.

Skip to main content

* * *

end of header

# U.S. and World Population Clock

[United States main page](https://www.census.gov/popclock/) [World main page](https://www.census.gov/popclock/world)

Jan 25, 2026 00:23 UTC (Eastern+5)

### U.S. Population

Components of Population Change

[TOP 10 MOST POPULOUS COUNTRIES (July 1, 2025)](https://www.census.gov/popclock/world ""International Programs - Country Rank"")

|
|

|
|

[select date](https://www.census.gov/popclock/#dateselect)

The United States population on January 23, 2026was: Not Available

[select date](https://www.census.gov/popclock/#dateselect)

## Annual Population Estimates

### United States Population Growth by Region

#### Regional Populations

Northeast Midwest West South

### United States Population by Age and Sex

Created with Raphaël 2.1.0leftrightcenter20406080Age

[play/pause](https://www.census.gov/popclock/)

2020Created with Raphaël 2.1.02024

### Most Populous

### Highest Density

[Learn More](https://www.census.gov/popclock/#footnotes) \| [Download and Share](https://www.census.gov/popclock/embed.php?component=density)

### About the Population Clock and Population Estimates

#### U.S. Population

The U.S. population clock is based on a series of short-term projections for the resident population of the United States. This includes people whose usual residence is in the 50 states and the District of Columbia. These projections do not include members of the Armed Forces overseas, their dependents, or other U.S. citizens residing outside the United States.

The projections are based on a monthly series of population estimates starting with the April 1, 2020 resident population from the 2020 Census.

At the end of each year, a revised series of population estimates from the census date forward is used to update the short-term projections for the population clock. Once the updated series of monthly projections is completed, the daily population clock values are derived by interpolation. Within each calendar month, the daily numerical population change is assumed to be constant, subject to negligible differences caused by rounding.

Population estimates produced by the U.S. Census Bureau for the United States, states, metropolitan and micropolitan statistical areas, counties, cities, towns, as well as for Puerto Rico and its municipios can be found on the [Population Estimates](https://www.census.gov/programs-surveys/popest.html) web page. Projections of the future population for the United States can be found on the [Population Projections](https://www.census.gov/programs-surveys/popproj.html) web page.

Cities featured on the Most Populous and Highest Density lists feature populations of 5,000 or more on July 1, 2023.

✕

Is this page helpful?

![Thumbs Up Image](https://www.census.gov/ratingtool/images/like-hand-3122.svg)Yes![Thumbs Down Image](https://www.census.gov/ratingtool/images/unlike-hand-3123.svg)No

✕

NO THANKS

255 characters maximum![](https://www.census.gov/ratingtool/images/exclamation-icon.png)255 characters maximum reached

✕

Thank you for your feedback.

Comments or suggestions? ![](https://www.census.gov/ratingtool/images/angle-circle-arrow-right.png)![](https://www.census.gov/ratingtool/images/angle-circle-arrow-right-hover.png)

[close](https://www.census.gov/popclock/#close)

PrevNext

Jan2020202120222023202420252026

| Su | Mo | Tu | We | Th | Fr | Sa |
| --- | --- | --- | --- | --- | --- | --- |
|  |  |  |  | [1](https://www.census.gov/popclock/#) | [2](https://www.census.gov/popclock/#) | [3](https://www.census.gov/popclock/#) |
| [4](https://www.census.gov/popclock/#) | [5](https://www.census.gov/popclock/#) | [6](https://www.census.gov/popclock/#) | [7](https://www.census.gov/popclock/#) | [8](https://www.census.gov/popclock/#) | [9](https://www.census.gov/popclock/#) | [10](https://www.census.gov/popclock/#) |
| [11](https://www.census.gov/popclock/#) | [12](https://www.census.gov/popclock/#) | [13](https://www.census.gov/popclock/#) | [14](https://www.census.gov/popclock/#) | [15](https://www.census.gov/popclock/#) | [16](https://www.census.gov/popclock/#) | [17](https://www.census.gov/popclock/#) |
| [18](https://www.census.gov/popclock/#) | [19](https://www.census.gov/popclock/#) | [20](https://www.census.gov/popclock/#) | [21](https://www.census.gov/popclock/#) | [22](https://www.census.gov/popclock/#) | [23](https://www.census.gov/popclock/#) | 24 |
| 25 | 26 | 27 | 28 | 29 | 30 | 31 |",,"Shows estimates of current USA Population overall and people by US state/county and of World Population overall, by country and most populated countries.",,,
