title,url,markdown,author,description,date,image,favicon
Prison Violence: Statistics and Insights,https://paloaltou.edu/resources/business-of-practice-blog/prison-violence-statistics-and-insights,"The Business of Practice

# Prison Violence: Statistics and Insights

The issue of prison violence is a concerning aspect of the legal system, affecting countless lives and posing serious questions about security, rehabilitation, and human rights within correctional facilities. With increased attention from media and policymakers, understanding the scope and nature of this violence through available statistics is crucial for anyone concerned about safety and reform in prisons.

![Prison Violence: Statistics and Insights](https://paloaltou.edu/hubfs/Blog-Prison-Violence.png)

In This Post

- [The Prevalence of Violence in Prisons](https://paloaltou.edu/resources/business-of-practice-blog/prison-violence-statistics-and-insights#item-1)
- [Addressing the Challenges](https://paloaltou.edu/resources/business-of-practice-blog/prison-violence-statistics-and-insights#item-2)
- [Conclusion](https://paloaltou.edu/resources/business-of-practice-blog/prison-violence-statistics-and-insights#item-3)
- [Additional Resources](https://paloaltou.edu/resources/business-of-practice-blog/prison-violence-statistics-and-insights#item-4)

## The Prevalence of Violence in Prisons

Prison violence encompasses a range of behaviors, including physical assaults, sexual violence, and even murders. Incidents of violence within these facilities are not isolated occurrences but part of a bigger systemic issue that reflects on the conditions and management of these institutions.

**Prison Violence Statistics**

Data collected over the years paint a stark picture of an inmate's reality. According to [recent reports](https://www.fdle.state.fl.us/FCJEI/Programs/SLP/Documents/Full-Text/Gibson,-Trenten-paper.aspx#:~:text=One%20of%20the%20reasons%20violence,as%20they%20are%20crammed%20together.), there has been a noticeable increase in violent incidents in prisons. These incidents range from assaults among inmates to attacks on facility staff, indicating a challenging environment. General [data](https://www.prisonpolicy.org/blog/2021/06/08/prison_mortality/) from various years show a pattern of increasing assaults and other forms of violence in prisons.

**Murders in Federal Prison**

While assaults make up a large portion of the violence reported, murders in federal prisons are particularly alarming. These extreme cases serve as grim reminders of the severity of prison violence. Although less frequent than assaults, the impact of these murders goes beyond the victims and affects the safety and security perception of the entire prison system.

**Annual Deaths in Prison**

One of the most sobering aspects of prison violence is the number of lives lost each year. It's not just acts of violence that contribute to these deaths; inadequate healthcare, [mental health crises,](https://paloaltou.edu/course/LIVE-Trauma-Informed-Care-Practices-in-Corrections) and suicide also play significant roles. Understanding how many people die in prison each year involves looking at a complex interplay of factors, including violence, which remains a significant contributor.

## Addressing the Challenges

The persistence of violence in prisons poses significant challenges to the goals of rehabilitation and successful reintegration of inmates into society. It also raises critical questions about the management practices and the effectiveness of strategies intended to reduce violence.

**Reform and Policy Changes**

Addressing the issue of prison violence requires a multifaceted approach. Policy changes, such as the [Humane Alternatives to Solitary Confinement (HALT) Act](https://scoc.ny.gov/system/files/documents/2023/12/scoc-2023-halt-annual-report.pdf#:~:text=On%20March%2031%2C%202021%2C%20Governor,correctional%20facilities%2C%20while%20creating%20alternative), represent steps toward reforming practices that may contribute to reducing violence. This act limits the use of solitary confinement, a practice that has been shown to exacerbate mental health issues and contribute to the cycle of violence.

**Improving Prison Conditions**

Beyond policy reforms, improving the overall conditions in prisons is vital. This includes enhancing [correctional staff training](https://paloaltou.edu/course-4-0/Correctional-Mental-Health), better managing inmate populations and providing [adequate mental health care](https://paloaltou.edu/course/LIVE-Ethical-and-Legal-Issues-in-Correctional-Mental-Health). By improving the environment and treatment of inmates, the stressors that lead to violence can be reduced.

**The Harsh Reality of Life Behind Bars**

Prisons in the U.S. are often hotbeds of violence and trauma, exacerbated by overcrowding and understaffing. For example, recent incidents in Illinois and Los Angeles County jails have shed light on the severe impacts of these conditions, which include frequent inmate abuse and even deaths. Such environments not only worsen mental health issues among inmates but also lead to high rates of [PTSD](https://paloaltou.edu/resources/business-of-practice-blog/what-is-posttraumatic-stress-disorder) among corrections officers. The lack of adequate healthcare and the prevalence of poor hygiene further deteriorate the physical and mental health of those incarcerated, leaving them ill-prepared for reintegration into society upon release.

Efforts to mitigate these harsh conditions include environmental improvements such as better temperature control and enhanced nutrition, which have been linked to reduced violence. Additionally, initiatives like [Vera’s Restoring Promise](https://www.vera.org/ending-mass-incarceration/dignity-behind-bars/living-conditions-in-prison/restoring-promise-initiative) transform prison spaces into environments that foster dignity and healing, significantly decreasing violent incidents. Educational and vocational training programs are also crucial as they equip inmates with essential skills for successful reentry, reducing the likelihood of recidivism.

**Witnessing Violence: A No-Escape Reality**

The trauma of witnessing violence in prison is profound and pervasive. Events in 2024, such as the string of deaths in Mississippi prisons and reports of abuse in Florida and Massachusetts, highlight the severe psychological impact on inmates. Studies by researchers like [Meghan Novisky](https://scholar.google.com/citations?user=lSRa-bwAAAAJ&hl=en) and Donald Andrews illustrate that witnessing violence disrupts rehabilitation efforts and severely harms mental and physical health, much like the trauma experienced by survivors of violence. These studies call for urgent reforms to reduce reliance on incarceration and to improve conditions within prisons to mitigate the extensive harm caused by both witnessed and experienced violence.

**Record Levels of Violence in New York State Prisons**

A report from New York’s Prison Violence Task Force points to a record high in violence levels in state prisons in 2022, with the highest rates of assaults on staff and inmates recorded since tracking began. Implementing the [Humane Alternatives to Solitary Confinement (HALT) Act](https://scoc.ny.gov/system/files/documents/2023/12/scoc-2023-halt-annual-report.pdf#:~:text=On%20March%2031%2C%202021%2C%20Governor,correctional%20facilities%2C%20while%20creating%20alternative) coincided with these increases, although the act aims to introduce more rehabilitative measures rather than punitive solitary confinement. This rise in violence has been attributed to broader national trends of increased violence during the pandemic and demographic shifts within the prison population.

**The Path Forward**

The continuous high levels of violence in prisons necessitate a multifaceted approach to reform. Advocacy plays a critical role in this, aiming to reduce unnecessary pretrial detentions and non-dangerous incarcerations. This approach emphasizes bail and sentencing reforms to alleviate overcrowding and create safer conditions for inmates and staff.

Moreover, adopting trauma-informed care and improving protective policies within prisons are essential to address the cycle of trauma that many incarcerated individuals endure. As these reforms take root, the goal remains clear: to transform prisons from places of punishment to environments of rehabilitation that uphold the dignity of every individual.

## Conclusion

While the challenges are significant, the path to reducing prison violence and enhancing inmate rehabilitation is paved with policies and practices centered on respect for human dignity. By continuing to push for these changes, we can hope to see a reduction in prison violence and a more just correctional system that benefits all of society.

## Additional Resources

**Blog Post**

- [Unlocking Wellness Behind the Bars: Illuminating the Struggles and Triumphs of Mental Health in Prisons](https://paloaltou.edu/resources/business-of-practice-blog/unlocking-wellness-behind-the-bars)
- [Trauma-Focused Therapy Techniques](https://paloaltou.edu/resources/business-of-practice-blog/trauma-focused-therapy-techniques)
- [Destigmatizing Mental Health in Prisons](https://concept.paloaltou.edu/resources/business-of-practice-blog/destigmatizing-mental-health-in-prisons)
- [Prison and Mental Health Reform](https://paloaltou.edu/resources/business-of-practice-blog/prison-and-mental-health-reform)

**Research**

- [Burnout and Empathy in high-stress mental health settings](https://paloaltou.edu/resources/translating-research-into-practice-blog/burnout-and-empathy-in-high-stress-mental-health-settings)
- [Unlocking Meaning: Metacognition as Key to Incarcerated Persons' Mental Health Recovery](https://paloaltou.edu/resources/translating-research-into-practice-blog/unlocking-meaning-metacognition-as-key-to-incarcerated-persons-mental-health-recovery)

**Training**

- [LIVE: Assessment and Treatment of Clinical Care Needs](https://paloaltou.edu/course/LIVE-Assessment-and-Treatment-of-Clinical-Care-Needs)
- [Careers in Correctional Mental Health](https://paloaltou.edu/course-4-0/LIVE-Careers-in-Correctional-Mental-Health)
- [Correctional Mental Health](https://paloaltou.edu/course-4-0/Correctional-Mental-Health)
- [LIVE: Incarcerated Transgender Residents: Considerations for Assessment, Management, and Intervention](https://paloaltou.edu/course/LIVE-Incarcerated-Transgender-Residents-Considerations-for-Assessment-Management-and-Intervention)

**Podcast**

- [Episode 9: Pathways to Impact: Careers in Forensic and Correctional Psychology](https://paloaltou.edu/talking-mental-health-careers/ep9-forensic-correctional)

[![Amanda Beltrani](https://paloaltou.edu/hubfs/Presenter%20Images/Amanda_Beltrani-rnd-350-sq.png)](https://paloaltou.edu/resources/business-of-practice-blog/author/amanda-beltrani)

### [Amanda Beltrani](https://paloaltou.edu/resources/business-of-practice-blog/author/amanda-beltrani)

Amanda Beltrani, Ph.D., is a licensed forensic and clinical psychologist. She obtained a master’s degree in forensic psychology at John Jay College of Criminal Justice and earned a doctoral degree in clinical psychology with an emphasis in forensic psychology at Fairleigh Dickinson University. She completed an APA-accredited internship on the forensic psychology track at New York University-Bellevue Hospital. Dr. Beltrani has published over 15 peer-reviewed journal articles and book chapters on competency to stand trial, clinical assessment and decision-making, serious mental illness, and barriers to implementing evidence-based practices. Currently, she is a staff psychologist at Kirby Forensic Psychiatric Center in New York City, where she conducts forensic psychological evaluations for the courts and provides treatment for patients with complex psychological and legal issues. In addition, Dr. Beltrani works part-time for CONCEPT Continuing & Professional Studies, providing new and aspiring mental health professionals with insights into various aspects of practice to elevate their careers and professional fulfillment. Content authored by Dr. Beltrani reflects her perspectives and is intended for educational purposes. While she draws on her professional experience, she may not be an expert in every topic covered.

## Latest Business of Practice posts

[Browse Business of Practice](https://paloaltou.edu/resources/business-of-practice-blog)

[![Why Must I, As a Forensic Psychologist, Stay Proficient in Violence Risk Assessment Tools like HCR-20v3, SARA, and START Beyond My Initial Certification?](https://paloaltou.edu/hubfs/AdobeStock_1547562761.jpeg)](https://paloaltou.edu/resources/business-of-practice-blog/why-must-i-as-a-forensic-psychologist-stay-proficient-in-violence-risk-assessment-tools-like-hcr-20v3-sara-and-start-beyond-m-1769024259976)

## [Why Must I, As a Forensic Psychologist, Stay Proficient in Violence Risk Assessment Tools like HCR-20v3, SARA, and START Beyond My Initial Certification?](https://paloaltou.edu/resources/business-of-practice-blog/why-must-i-as-a-forensic-psychologist-stay-proficient-in-violence-risk-assessment-tools-like-hcr-20v3-sara-and-start-beyond-m-1769024259976)

Violence risk assessment is a core responsibility of forensic psychologists working in correctional facilities, forensic settings, and civil

[![Amanda Beltrani](https://paloaltou.edu/hubfs/Presenter%20Images/Amanda_Beltrani-rnd-350-sq.png)](https://paloaltou.edu/resources/business-of-practice-blog/author/amanda-beltrani)

[Amanda Beltrani](https://paloaltou.edu/resources/business-of-practice-blog/author/amanda-beltrani)

January 21, 2026

[Content](https://paloaltou.edu/resources/business-of-practice-blog/why-must-i-as-a-forensic-psychologist-stay-proficient-in-violence-risk-assessment-tools-like-hcr-20v3-sara-and-start-beyond-m-1769024259976)

[![How Do I, as a Forensic Psychologist, Prepare Violence Risk Assessments that Support Expert Testimony in Institutional Settings?](https://paloaltou.edu/hubfs/AdobeStock_1847868017.jpeg)](https://paloaltou.edu/resources/business-of-practice-blog/how-do-i-as-a-forensic-psychologist-prepare-violence-risk-assessments-that-support-expert-testimony-in-institutional-settings)

## [How Do I, as a Forensic Psychologist, Prepare Violence Risk Assessments that Support Expert Testimony in Institutional Settings?](https://paloaltou.edu/resources/business-of-practice-blog/how-do-i-as-a-forensic-psychologist-prepare-violence-risk-assessments-that-support-expert-testimony-in-institutional-settings)

Forensic psychologists working in correctional facilities, forensic hospitals, and Sexually Violent Predator (SVP) programs are often tasked with

[![Amanda Beltrani](https://paloaltou.edu/hubfs/Presenter%20Images/Amanda_Beltrani-rnd-350-sq.png)](https://paloaltou.edu/resources/business-of-practice-blog/author/amanda-beltrani)

[Amanda Beltrani](https://paloaltou.edu/resources/business-of-practice-blog/author/amanda-beltrani)

January 21, 2026

[Content](https://paloaltou.edu/resources/business-of-practice-blog/how-do-i-as-a-forensic-psychologist-prepare-violence-risk-assessments-that-support-expert-testimony-in-institutional-settings)

[![What Should I, as a Forensic Psychologist Specializing in Violence Risk Assessment, Understand About Case Law Shaping Assessment Standards?](https://paloaltou.edu/hubfs/AdobeStock_1272286051.jpeg)](https://paloaltou.edu/resources/business-of-practice-blog/what-should-i-as-a-forensic-psychologist-specializing-in-violence-risk-assessment-understand-about-case-law-shaping-assessment-standards)

## [What Should I, as a Forensic Psychologist Specializing in Violence Risk Assessment, Understand About Case Law Shaping Assessment Standards?](https://paloaltou.edu/resources/business-of-practice-blog/what-should-i-as-a-forensic-psychologist-specializing-in-violence-risk-assessment-understand-about-case-law-shaping-assessment-standards)

Violence risk assessment does not occur in a vacuum. As forensic psychologists, we practice within a framework shaped by constitutional law, civil

[![Amanda Beltrani](https://paloaltou.edu/hubfs/Presenter%20Images/Amanda_Beltrani-rnd-350-sq.png)](https://paloaltou.edu/resources/business-of-practice-blog/author/amanda-beltrani)

[Amanda Beltrani](https://paloaltou.edu/resources/business-of-practice-blog/author/amanda-beltrani)

January 15, 2026

[Content](https://paloaltou.edu/resources/business-of-practice-blog/what-should-i-as-a-forensic-psychologist-specializing-in-violence-risk-assessment-understand-about-case-law-shaping-assessment-standards)

![newsletter](https://paloaltou.edu/hubfs/Palo_2021/images/newsletter.jpg)

## Subscribe to our newsletter

Stay up-to-date on the latest trends, with new content shared twice a month.

Professional SpecialtyPsychologyCounselingOther Mental Health Profession

- \*Yes, I'd like to subscribe to the CONCEPT Newsletter

Twitter Widget Iframe",,"Prison violence affects countless lives and poses serious questions about security, rehabilitation, and human rights within correctional facilities. 
",,https://paloaltou.edu/hubfs/Blog-Prison-Violence.png,https://paloaltou.edu/hubfs/PAU-Favicon-Initials.png
"PREA Data Collection Activities, 2024",https://bjs.ojp.gov/document/pdca24.pdf,"# PREA Data Collection Activities, 2024

The Prison Rape Elimination Act of 2003 (PREA; P.L. 108–79) requires the Bureau of Justice Statistics (BJS) to carry out, for each calendar year, a comprehensive statistical review and analysis of the incidence and effects of prison rape. PREA further specifies, “The review and analysis…shall be based on a random sample, or other scientifically appropriate sample, of not less than 10 percent of all Federal, State, and county prisons, and a representative sample of municipal prisons.”

The act requires the Attorney General to submit—no later than June 30 of each year—a report that lists institutions in the sample and ranks them according to incidence of prison rape. To implement requirements under PREA, BJS developed a data collection strategy involving multiple measures and modes. The components of this strategy are described below.

For more information about data collections related to PREA, see BJS’s PREA webpage at [https://bjs.ojp.gov/](https://bjs.ojp.gov/) topics/corrections/prea.

# DATA COLLECTIONS AND DEVELOPMENTAL ACTIVITIES DURING 2024

The Survey of Sexual Victimization (SSV), conducted annually by BJS since 2004, is an administrative data collection based on official records kept by adult correctional and juvenile justice facilities in the United States. BJS administers the SSV to a sample of at least $1 0 %$ of all facilities covered under PREA.

The survey is administered to all federal and state prisons; all private jails; all facilities operated by the U.S. military and U.S. Immigration and Customs Enforcement; and representative samples of public jail jurisdictions, private prisons, and jails holding adults in Indian country. In addition, the survey is administered to all state juvenile systems and a representative sample of locally and privately operated juvenile facilities.

The SSV gathers information on allegations and substantiated incidents that occur within each calendar year. BJS uses uniform definitions to classify each recorded sexual victimization by the type of act and whether the perpetrator was another prisoner or jail inmate, a youth in the facility, or facility staff. In 2013, BJS added and modified certain definitions to align with the PREA standards promulgated in May 2012. In 2024, BJS again modified definitions following a multi-year research and development effort. Behaviors previously recorded as nonconsensual sexual acts or abusive sexual contact were combined into a single measure of inmate-on-inmate or youth-on-youth sexual abuse. All behaviors associated with staff sexual misconduct remain unchanged but the category was renamed ‘staff sexual abuse.’

Data collection for the 2022 reference year was initiated in fall 2023 and completed in spring 2024. As in previous collections, administrators completed the forms via PDF or a web-based interface. The response rates for the Federal Bureau of Prisons, state prison systems, and state juvenile justice systems were $1 0 0 %$ , while $9 3 %$ of sampled local jails, $9 3 %$ of locally or privately operated juvenile justice facilities, and $9 7 %$ of other adult correctional facilities responded to the survey. The overall response rate to the 2022 data collection was $9 4 %$ , up from the $9 0 %$ response rate in 2021. Response rates were higher in 2022 than in 2021 across all sampled facility types. Data collection for the 2023 reference year began in fall 2024.

During 2024, BJS published one report covering data from the SSV summary and substantiated incident forms: Sexual Victimization Reported by Adult Correctional Authorities, 2019–2020 – Statistical Tables (NCJ 308553, BJS, July 2024). This report presents annual estimates of the total numbers and rates of sexual victimization allegations and substantiated incidents reported by adult correctional authorities. It also presents estimates of the characteristics of victims, perpetrators, and incidents during 2019 and 2020. Additionally, BJS analyzed adult data from 2021 and 2022 and juvenile data from 2019 to 2022 and began preparations for reports on these data.

During 2024, BJS also conducted outreach and educational activities to publicize the recent SSV changes and provide guidance on completing the redesigned forms. BJS developed and launched a redesigned web

form for submitting data online and implemented all changes to the sampling designs.

The National Inmate Survey (NIS) gathers data on sexual victimization in adult prison and local jail facilities as reported by state prisoners and local jail inmates. BJS uses these data to generate statistics on the incidence of prison rape, identify facilities with high and low incidence rates, and identify common characteristics of victims, perpetrators, and facilities. BJS administers the NIS to a sample of at least $1 0 %$ of correctional facilities, with a minimum of one prison and one jail facility in each state.

BJS conducted the first NIS (NIS-1) in 2007, followed by the NIS-2 during 2008–09 and the NIS-3 during 2011–12. Data collection for the NIS-4 was scheduled to begin in January 2021. However, the challenges that correctional facilities faced due to the COVID-19 pandemic made it infeasible to survey prisoners and jail inmates during 2021 or 2022. BJS rescheduled data collection for 2023 due to concerns for the safety of prisoners, inmates, correctional staff, and data collection agents, as well as associated operational challenges.

The NIS-4 Jails was conducted from February 2023 to February 2024 and included more than 20,000 inmates from 250 local jail facilities. The NIS-4 Prisons was conducted from March 2023 to March 2024 and included more than 25,000 inmates from 177 state and federal prisons. The survey used audio computer-assisted self-interview (ACASI) technology with a touchscreenenabled laptop to maximize prisoner and jail inmate confidentiality. It also used a simultaneous audio feed to minimize potential literacy issues.

NIS-4 data are undergoing review. The first report from the NIS-4 Jails, Sexual Victimization in Local Jails Reported by Inmates, 2023–24, will include facility estimates and rankings and is scheduled for release in early 2025. BJS also is planning future NIS-4 Jails reports that will examine victim, perpetrator, and incident characteristics and facility characteristics that are

correlated with sexual victimization. BJS plans to release NIS-4 Prisons reports in a similar pattern, with the first report expected in late 2025.

The National Survey of Youth in Custody (NSYC) provides facility-level estimates of youth reporting sexual victimization in juvenile facilities. BJS conducts the NSYC in $1 0 %$ of juvenile facilities nationwide, with a minimum of one facility in each state. Youth interviews are conducted using the previously mentioned ACASI technology.

BJS has conducted the NSYC three times. The first NSYC (NSYC-1) was conducted from June 2008 to April 2009 and included more than 9,000 youth from 195 juvenile justice facilities. The second NSYC (NSYC-2) was conducted from February 2012 to September 2012 and included more than 8,700 youth from 326 facilities. The third NSYC (NSYC-3) was conducted from March 2018 to December 2018 and included more than 6,000 youth from 327 facilities. The NSYC-3 was the first survey iteration conducted since the U.S. Department of Justice’s PREA standards were released in 2012. BJS did not have any activities related to NSYC in 2024.

NSYC results have shown a decrease over time in the percentage of youth reporting sexual victimization. The overall prevalence of sexual victimization was $1 2 . 1 %$ of youth in the NSYC-1,1 $9 . 5 %$ in the NSYC-2,2 and $7 . 1 %$ in the NSYC-3.3 The data show that youth in juvenile justice facilities experienced higher rates of sexual victimization ( $9 . 5 %$ of youth were victimized in 2012) than adults in prisons $4 . 0 %$ during 2011–12) or jails ( $3 . 2 %$ during 2011–12).4

# REPORTS RELEASED IN 2024

 Sexual Victimization Reported by Adult Correctional Authorities, 2019–2020 – Statistical Tables (NCJ 308553, BJS, July 2024)

# PREVIOUSLY RELEASED REPORTS

Visit the Search Publications page on the BJS website at [https://bjs.ojp.gov/library/publications/list](https://bjs.ojp.gov/library/publications/list) for previously published reports in the following series:

PREA Data Collection Activities  PREA Publications

![](https://bjs.ojp.gov/document/images/24259a3494ab11914ab00beaa26145a591da876b1adc5ee43f76de52d67f1514.jpg)

The Bureau of Justice Statistics of the U.S. Department of Justice is the principal federal agency responsible for measuring crime, criminal victimization, criminal offenders, victims of crime, correlates of crime, and the operation of criminal and civil justice systems at the federal, state, tribal, and local levels. BJS collects, analyzes, and disseminates reliable statistics on crime and justice systems in the United States, supports improvements to state and local criminal justice information systems, and participates with national and international organizations to develop and recommend national standards for justice statistics. Kevin M. Scott, PhD, is the acting director.

This report was prepared by statisticians within BJS’s National Prison Rape Statistics Program (NPRSP). NPRSP statisticians include Emily D. Buehler, PhD, Michael B. Field, Rachel Hansen, and Shelby Kottke-Weaver, PhD.

Joshua Hickman edited the report. Jeffrey Link produced the report.

March 2025, NCJ 309976",,,,,
BOP Statistics: Prison Safety,https://www.bop.gov/about/statistics/statistics_prison_safety.jsp,"An official website of the United States government.
_Here's how you know_

![](https://www.bop.gov/images2/icon-dot-gov.svg)

##### **Official websites use .gov**

A **.gov** website belongs to an official
government organization in the United States.


![](https://www.bop.gov/images2/icon-https.svg)

##### **Secure .gov websites use HTTPS**

A **lock** (
LockA locked padlock
) or
**https://** means you've safely connected to the
.gov website. Share sensitive information only on official,
secure websites.


⨯

## [Statistics](https://www.bop.gov/about/statistics/)

Inmate Statistics

- [Age](https://www.bop.gov/about/statistics/statistics_inmate_age.jsp)
- [Citizenship](https://www.bop.gov/about/statistics/statistics_inmate_citizenship.jsp)
- [Covid-19 Data](https://www.bop.gov/about/statistics/statistics_inmate_covid19.jsp)
- [Ethnicity](https://www.bop.gov/about/statistics/statistics_inmate_ethnicity.jsp)
- [Sex](https://www.bop.gov/about/statistics/statistics_inmate_gender.jsp)
- [Offenses](https://www.bop.gov/about/statistics/statistics_inmate_offenses.jsp)
- [Prison Safety](https://www.bop.gov/about/statistics/statistics_prison_safety.jsp)
- [Prison Security Levels](https://www.bop.gov/about/statistics/statistics_inmate_sec_levels.jsp)
- [Race](https://www.bop.gov/about/statistics/statistics_inmate_race.jsp)
- [Release Numbers](https://www.bop.gov/about/statistics/statistics_inmate_releases.jsp)
- [Restricted Housing](https://www.bop.gov/about/statistics/statistics_inmate_shu.jsp)
- [Sentences Imposed](https://www.bop.gov/about/statistics/statistics_inmate_sentences.jsp)

## Prison Safety

How do we assess the relative safety of our institutions?

- We review Chronological Disciplinary Records (CDR), which includes information such as:
  - Serious assaults involving serious physical injury or threat of serious injury (Prohibited Act 101)
  - Less serious assaults (Prohibited Act 224)
- We look at the number of assaults that occur per 5,000 inmates - known as the ""rate of assaults.""
- We look at these numbers throughout different points in time to eliminate any correlation between the rate of assaults and the size of the inmate population.


This data can be accessed by the public below.

**Statistics From:**JanuaryFebruaryMarchAprilMayJuneJulyAugustSeptemberOctoberNovemberDecember2026202520242023202220212020201920182017201620152014201320122011201020092008200720062005

[How to interpret the data](https://www.bop.gov/about/statistics/statistics_prison_safety.jsp#)

[![PDF Icon](https://www.bop.gov/images2/icon_pdf_lrg.png)](https://www.bop.gov/resources/research_projects/assaults/archive/2026-Jan-code224-inmates.pdf)[Less Serious Assaults\\
\\
On Inmates](https://www.bop.gov/resources/research_projects/assaults/archive/2026-Jan-code224-inmates.pdf) from January 2026

[![PDF Icon](https://www.bop.gov/images2/icon_pdf_lrg.png)](https://www.bop.gov/resources/research_projects/assaults/archive/2026-Jan-code101-staff.pdf)[Serious Assaults\\
\\
On Staff](https://www.bop.gov/resources/research_projects/assaults/archive/2026-Jan-code101-staff.pdf) from January 2026

[![PDF Icon](https://www.bop.gov/images2/icon_pdf_lrg.png)](https://www.bop.gov/resources/research_projects/assaults/archive/2026-Jan-code101-inmates.pdf)[Serious Assaults\\
\\
On Inmates](https://www.bop.gov/resources/research_projects/assaults/archive/2026-Jan-code101-inmates.pdf) from January 2026

#### How to interpret the data

##### Monthly Charts (PDF Documents)

The blue line in the charts represents the rates of assaults per 5,000 inmates.


The green line represents the counts (or numbers) of assaults.


##### Raw Data (XSL Documents) - available from year 2009 and earlier

Please refer to the data extract's [Data Dictionary](http://www.bop.gov/resources/research_projects/assaults/assault_documentation/datadictionary_assaults.pdf)

[NIC](https://nicic.gov/) [UNICOR](https://www.unicor.gov/).
[FACEBOOK](https://www.facebook.com/bureauofprisons) [TWITTER](https://twitter.com/officialfbop) [LINKEDIN](https://www.linkedin.com/company/officialfbop) [USAJOBS](https://www.usajobs.gov/Search/Results?a=DJ03)",,,,,https://www.bop.gov/favicon-16.png
Mass Incarceration: The Whole Pie 2025 | Prison Policy Initiative,https://www.prisonpolicy.org/reports/pie2025.html,"- [Home](https://www.prisonpolicy.org/)
- [About](https://www.prisonpolicy.org/about.html)
- [Publications](https://www.prisonpolicy.org/reports.html)  - [Reports](https://www.prisonpolicy.org/reports.html)
  - [Briefings](https://www.prisonpolicy.org/briefings/)
  - [Visuals](https://www.prisonpolicy.org/graphs/)
  - [State Profiles](https://www.prisonpolicy.org/profiles/)
  - [Advocacy Toolkit](https://www.prisonpolicy.org/trainings/)
  - [Fact Sheets](https://www.prisonpolicy.org/factsheets.html)
  - [Journalist Toolkit](https://www.prisonpolicy.org/trainings/journalist.html)
- [Issues](https://www.prisonpolicy.org/expertise.html)
- [Data](https://www.prisonpolicy.org/data/)
- [Blog](https://www.prisonpolicy.org/blog/)
- [Trump Tracker](https://www.prisonpolicy.org/federaltracker.html)
- [Contact](https://www.prisonpolicy.org/contact.html)
- [Careers](https://www.prisonpolicy.org/jobs.html)
- [Donate](https://www.prisonpolicy.org/donate.html)

- [Menu](https://www.prisonpolicy.org/reports/pie2025.html#)
- [Home](https://www.prisonpolicy.org/)
- [About](https://www.prisonpolicy.org/about.html)
- [Publications](https://www.prisonpolicy.org/reports.html)


  - [Reports](https://www.prisonpolicy.org/reports.html)
  - [Briefings](https://www.prisonpolicy.org/briefings/)
  - [Visuals](https://www.prisonpolicy.org/graphs/)
  - [State Profiles](https://www.prisonpolicy.org/profiles/)
  - [Advocacy Toolkit](https://www.prisonpolicy.org/trainings/)
  - [Fact Sheets](https://www.prisonpolicy.org/factsheets.html)
  - [Journalist Toolkit](https://www.prisonpolicy.org/trainings/journalist.html)

- [Issues](https://www.prisonpolicy.org/expertise.html)
- [Data](https://www.prisonpolicy.org/data/)
- [Blog](https://www.prisonpolicy.org/blog/)
- [Trump Tracker](https://www.prisonpolicy.org/federaltracker.html)
- [Contact](https://www.prisonpolicy.org/contact.html)
- [Careers](https://www.prisonpolicy.org/jobs.html)
- [Donate](https://www.prisonpolicy.org/donate.html)

[Home Page](https://www.prisonpolicy.org/) \> [Reports](https://www.prisonpolicy.org/reports.html) \> Mass Incarceration: The Whole Pie 2025


# Mass Incarceration: The Whole Pie 2025

By [Wendy Sawyer](https://www.prisonpolicy.org/staff.html#sawyer) and [Peter Wagner](https://www.prisonpolicy.org/staff.html#wagner) [Tweet this](https://www.twitter.com/intent/tweet?text=The%20U.S.%20incarcerates%20nearly%202%20million%20people%20-%20a%20number%20that%20stands%20out%20globally.%20But%20where%20are%20they%20locked%20up%20and%20why%3F%20See%20the%20latest%20data%3A%20&url=https://www.prisonpolicy.org/reports/pie2025.html&via=prisonpolicy)

March 11, 2025

[Press release](https://www.prisonpolicy.org/blog/2025/03/11/pie-2025/)

[PDF version](https://www.prisonpolicy.org/factsheets/pie2025_allimages.pdf)

Table of Contents[The big picture](https://www.prisonpolicy.org/reports/pie2025.html#bigpicture)[10 Myths](https://www.prisonpolicy.org/reports/pie2025.html#myths)[High costs of low-level offenses](https://www.prisonpolicy.org/reports/pie2025.html#lowlevel)[Youth, immigration & involuntary commitment](https://www.prisonpolicy.org/reports/pie2025.html#smallerslices)[Beyond the Pie: Community supervision, poverty, age, race, and gender](https://www.prisonpolicy.org/reports/pie2025.html#community)[Necessary reforms](https://www.prisonpolicy.org/reports/pie2025.html#reforms)[Sources](https://www.prisonpolicy.org/reports/pie2025.html#datasection)

Can it really be true that most people in jail are legally innocent? How much of mass incarceration is a result of the war on drugs, or the profit motives of private prisons? Have popular reforms really triggered a crime wave? These essential questions are harder to answer than you might expect. The various government agencies involved in the criminal legal system collect a lot of data, but very little is designed to help policymakers or the public understand what’s going on. The uncertainty that results muddies the waters around our society’s use of incarceration, giving lawmakers and lobbyists the opportunity to advance harmful policies that do not make us safe. As criminal legal system reforms become increasingly central to political debate — and are even scapegoated to resurrect old, ineffective “tough on crime” policies — it’s more important than ever that we get the facts straight and understand **the big picture**.

Further complicating matters is the fact that the U.S. doesn’t have _one_ criminal legal system; instead, we have thousands of federal, state, local, and tribal systems. Together, these systems hold **nearly 2 million people** in 1,566 state prisons, 98 federal prisons, 3,116 local jails, 1,277 juvenile correctional facilities, 133 immigration detention facilities, and 80 Indian country jails, as well as in military prisons, civil commitment centers, state psychiatric hospitals, and prisons in the U.S. territories — at a system-wide cost of at least $182 billion each year.Footnote 1[1](https://www.prisonpolicy.org/reports/pie2025.html#fn:1)Footnote 2[2](https://www.prisonpolicy.org/reports/pie2025.html#fn:2)

[![women symbol](https://static.prisonpolicy.org/images/women_ffr_60x60.png)What about women?See the Whole Pie of women’s incarceration](https://www.prisonpolicy.org/reports/pie2024women.html)

This report offers some much-needed clarity by **piecing together the data about this country’s disparate systems of confinement**. It provides a detailed look at where and why people are locked up in the U.S., and dispels some common myths about mass incarceration to focus attention on overlooked issues that urgently require reform. For the first time, we also include a high-level look at changes to confined populations over the past few years.

- ![Pie chart showing the number of people locked up on a given day in the United States by facility type and the underlying offense using the newest data available in March 2025.](https://static.prisonpolicy.org/images/pie2025.png)
- ![Pie chart showing the number of people locked up on a given day in the United States in jails, by convicted and not convicted status, and by the underlying offense, as well as those held in jails for other agencies, using the newest data available in March 2025.](https://static.prisonpolicy.org/images/pie2025_jail_detail.png)
- ![Graph showing the number of people incarcerated in federal prisons and jails by offense type. The War on Drugs is a defining characteristic of the federal prison system. Pretrial detention and public order offenses are the next largest shares.](https://static.prisonpolicy.org/images/pie2025_federal_detail.png)
- ![Graph showing the size and role of different parts of the federal detention system including the Bureau of Prisons, U.S. Marshals Service and Immigration and Customs Enforcement (ICE)](https://static.prisonpolicy.org/images/pie2025_federal_system.png)

**Slideshow 1.** Swipe for more detailed views. For source dates and links, see the [Methodology](https://www.prisonpolicy.org/reports/pie2025.html#datasection).

- ![](https://static.prisonpolicy.org/images/pie2025.png)
- ![](https://static.prisonpolicy.org/images/pie2025_jail_detail.png)
- ![](https://static.prisonpolicy.org/images/pie2025_federal_detail.png)
- ![](https://static.prisonpolicy.org/images/pie2025_federal_system.png)

## Changes and trends in the data over time

Where are carceral populations going up or down? And why? Plus, a table with data for all 50 states

Every year, we caution against year-to-year comparisons of our Whole Pie reports because the data for different systems vary in their consistency over time (as we explain further in the [Methodology](https://www.prisonpolicy.org/reports/pie2025.html#datasection)). However, people engaged in policymaking, analysis, and advocacy related to the criminal legal system understandably look for shifts in each year’s Whole Pie report for clues about where to focus their attention. This year, we have added this new section to make that job a bit easier.

### Notable year-to-year changes, including changes under the Trump administration

The biggest takeaway in terms of changes from last year’s Whole Pie is that many systems of confinement are locking up more people, reversing years of downward trends. In particular:

- **State prisons confined about 27,000 (or 2.5%) more people at the end of 2023** (the most recent year for which data are available) than they did at the end of 2022. Since state prison populations nationwide peaked in 2009, their numbers dropped every year but one until 2022, typically by one or two percent, and of course by an unprecedented 15% in the first year of the COVID-19 pandemic. But in both 2022 and 2023, we have seen year-to-year increases of over 23,000 people per year — more than in any single year since 2006.
- Local city, county, and regional **jail authorities locked up about 12,000 (2%) more people in 2023 than 2022**,Footnote 3[3](https://www.prisonpolicy.org/reports/pie2025.html#fn:3) which is at least slower than the 5.5% growth we saw in 2022.
- Juvenile courts detained and committed over 2,700 (11%) more youth in “residential placement” facilities in 2022 than in 2021 (again, the most recent national data available). This was **the first increase in youth confinement after two decades of steady declines**; [we don’t yet have answers about what’s behind this reversal](https://www.nytimes.com/2025/01/28/magazine/juvenile-prison-crime-rates.html), but advocates are anxious to see whether it continues.
- Overall, the total confined population across all of the slices in the “pie” grew by 38,000 (2%).

Many readers may be wondering about the effects the second Trump administration is having on mass incarceration. Unfortunately, because of the significant lag between data collection and publication (which was [particularly bad](https://www.prisonpolicy.org/blog/2019/11/14/criminal-justice-data/) under the first Trump administration), we won’t be able to measure the full impact for at least another year — except for certain federal agencies that publish much more timely data and for which policy changes have immediate effects. In one alarming example, **we already see a significant increase in immigration detention** for Immigration and Customs Enforcement (ICE): in the first month under the current administration (January 25 to February 23, 2025), ICE detention grew by 4,500 (12%) people. But it will likely take longer for other changes to become evident in criminal legal system data.

### Tracking carceral growth since the early pandemic

The trends in the carceral data since 2019 — that is, since before the COVID-19 pandemic — show that **many of the drops in confined populations are quickly being erased**. Local, state, and federal systems continue to “rebound” from pandemic-related court slowdowns and administrative decisions about expedited releases and diversion. The total confined population is still about 13% smaller than its pre-pandemic size, but new growth across various systems suggests that the savings from reduced confinement — in terms of both financial and social costs — will not be sustained without explicitly decarceral policy changes. Compared to their pre-pandemic levels:

- The average daily population in local jails is about 10% smaller than it was in 2019, after dropping by 17% in the first two years of the pandemic.Footnote 4[4](https://www.prisonpolicy.org/reports/pie2025.html#fn:4)
- ICE detention has already _exceeded_ its early 2020 numbers by 13%.
- State prisons nationwide hold about 13% fewer people than they did at the end of 2019, after shedding almost 17% of their combined populations between 2020 and 2021. Over 2022 and 2023, however, state prisons have added more than 50,000 people, undoing about a quarter (24%) of the decarceration that was sparked by the pandemic.

### Divergent state-level trends after pandemic-related population drops

When we drill down to the individual state level, it’s clear that some states have made purposeful changes to reduce their prison populations and to maintain those drops beyond the early years of the pandemic. All told, **nine states each imprisoned 20% fewer people in 2023 than they did in 2019**. Most dramatically, New Jersey holds 37% fewer people in state prisons than it did in 2019. And even as state prison populations grew nationwide, **ten states reduced their prison populations between 2021 and 2023**; collectively these states reduced their prison populations by about 10,700 people since 2021. California cut its numbers the most, by almost 5,500 people (-5%), followed by Virginia, which cut almost 3,000 (-10%). Oregon and New Jersey both reduced their prison populations by almost 7% over the same time.

**In contrast, other states appear to be eagerly refilling their prisons** after experiencing pandemic-related population drops. Nine states each added over 2,000 people to their prison populations over 2022 and 2023, accounting for 77% of all state prison growth nationwide over that time. Texas alone accounts for almost 31% of all that growth, Florida accounts for 13%, and Georgia 7%. Beyond “rebounding” to near-2019 levels, **seven states actually imprisoned more people in 2023 than they did before the pandemic**, and another 15 states are quickly closing the gap, all within 10% of their 2019 prison population size:

| [State ](https://www.prisonpolicy.org/reports/pie2025.html# ""Click to sort by this column"") | [Prison population change from 2019-2023 ](https://www.prisonpolicy.org/reports/pie2025.html# ""Click to sort by this column"") | [2023 population compared to 2019 ](https://www.prisonpolicy.org/reports/pie2025.html# ""Click to sort by this column"") | [Prison population change from 2021-2023 ](https://www.prisonpolicy.org/reports/pie2025.html# ""Click to sort by this column"") | [Percent change from 2021-2023 ](https://www.prisonpolicy.org/reports/pie2025.html# ""Click to sort by this column"") |
| --- | --- | --- | --- | --- |
| Alabama | -1,123 | 96% | 2,149 | 8.6% |
| Alaska | 3 | 100.1% | -161 | -3.5% |
| Arizona | -7,968 | 81% | 559 | 1.6% |
| Arkansas | 744 | 104% | 1,481 | 8.7% |
| California | -26,725 | 78% | -5,479 | -5.4% |
| Colorado | -2,326 | 88% | 1,594 | 10.0% |
| Connecticut | -1,724 | 87% | 1,210 | 12.2% |
| Delaware | -825 | 86% | 57 | 1.2% |
| Florida | -8,802 | 91% | 6,790 | 8.4% |
| Georgia | -4,391 | 92% | 3,415 | 7.3% |
| Hawaii | -1,337 | 75% | -160 | -3.9% |
| Idaho | 392 | 104% | 922 | 10.4% |
| Illinois | -8,431 | 78% | 1,353 | 4.8% |
| Indiana | -2,092 | 92% | 372 | 1.5% |
| Iowa | -451 | 95% | 269 | 3.1% |
| Kansas | -1,052 | 90% | 604 | 7.1% |
| Kentucky | -3,907 | 83% | 615 | 3.3% |
| Louisiana | -3,423 | 89% | 2,112 | 8.1% |
| Maine | -312 | 86% | 296 | 18.8% |
| Maryland | -2,359 | 87% | 1,102 | 7.3% |
| Massachusetts | -2,203 | 73% | -146 | -2.4% |
| Michigan | -5,067 | 87% | 800 | 2.5% |
| Minnesota | -1,257 | 87% | 722 | 9.0% |
| Mississippi | 109 | 101% | 2,194 | 12.7% |
| Missouri | -1,821 | 93% | 801 | 3.4% |
| Montana | 262 | 106% | 672 | 15.6% |
| Nebraska | 249 | 104% | 331 | 5.9% |
| Nevada | -2,377 | 81% | 261 | 2.6% |
| New Hampshire | -576 | 79% | -12 | -0.6% |
| New Jersey | -6,938 | 63% | -831 | -6.6% |
| New Mexico | -1,137 | 83% | 432 | 8.4% |
| New York | -10,917 | 75% | 2,245 | 7.4% |
| North Carolina | -3,394 | 90% | 1,690 | 5.8% |
| North Dakota | 105 | 106% | 210 | 12.4% |
| Ohio | -3,808 | 92% | 1,501 | 3.3% |
| Oklahoma | -2,750 | 89% | -108 | -0.5% |
| Oregon | -2,645 | 82% | -882 | -6.7% |
| Pennsylvania | -6,842 | 85% | 1,666 | 4.5% |
| Rhode Island | -221 | 92% | 281 | 12.6% |
| South Carolina | -2,155 | 88% | 694 | 4.4% |
| South Dakota | -37 | 99% | 411 | 12.3% |
| Tennessee | -1,941 | 93% | 2,413 | 11.0% |
| Texas | -9,165 | 94% | 15,492 | 11.6% |
| Utah | -269 | 96% | 495 | 8.4% |
| Vermont | -274 | 83% | 47 | 3.7% |
| Virginia | -8,649 | 76% | -2,915 | -9.6% |
| Washington | -4,820 | 75% | 767 | 5.6% |
| West Virginia | -1,000 | 85% | -47 | -0.8% |
| Wisconsin | -1,538 | 94% | 2,216 | 11.0% |
| Wyoming | -267 | 89% | 89 | 4.2% |
| 50 States combined | -157,452 | 87% | 50,589 | 4.8% |

[(expand)](https://www.prisonpolicy.org/reports/pie2025.html#)

This big-picture view is a lens through which the main drivers of mass incarceration come into focus;Footnote 5[5](https://www.prisonpolicy.org/reports/pie2025.html#fn:5) it allows us to identify important, but often ignored, systems of confinement, from immigration detention to involuntary commitment and youth confinement. In particular, local jails often receive short shrift in larger discussions about criminal legal system reform, but they play a critical role as “ [incarceration’s front door](https://www.vera.org/publications/incarcerations-front-door-the-misuse-of-jails-in-america)” and have a far greater impact than the daily population suggests.

## Jails vs. prisons: What’s the difference?

They’ve got a lot in common, but they’re far from the same thing.

**Prisons** are facilities under state or federal control where people who have been convicted (usually of felonies) go to serve their sentences. **Jails** are city- or county-run facilities where a majority of people locked up are there awaiting trial (in other words, still legally innocent), many because they [can’t afford to post bail](https://www.prisonpolicy.org/reports/incomejails.html). To make things a little more complicated, some people do serve their sentences in local jails, either because their sentences are short or because the jail is [renting space](https://www.prisonpolicy.org/blog/2024/04/15/jails_update/#renting) to the state prison system.

[(expand)](https://www.prisonpolicy.org/reports/pie2025.html#)

While this pie chart provides a comprehensive snapshot of our correctional system, the graphic does not capture the **enormous churn** in and out of our correctional facilities, nor the far larger universe of people whose lives are affected by the criminal legal system. In 2022, about [469,000 people](https://bjs.ojp.gov/document/p22st.pdf) entered _prison_ gates, but people went to _jail_ more than [7 million times](https://bjs.ojp.gov/document/ji22st.pdf).Footnote 6[6](https://www.prisonpolicy.org/reports/pie2025.html#fn:6) Some have just been arrested and will make bail within hours or days, while many others are too poor to make bail and remain in jail until their trial ends.Footnote 7[7](https://www.prisonpolicy.org/reports/pie2025.html#fn:7) Only a small number (about 105,000 on any given day) have been convicted, and are generally serving misdemeanors sentences of under a year. At least 1 in 4 people who go to jail will be [arrested again](https://www.prisonpolicy.org/reports/repeatarrests.html) within the same year — often those dealing with poverty, mental illness, and substance use disorders, whose problems only [worsen](https://www.prisonpolicy.org/blog/2021/05/13/mentalhealthimpacts/) [with](https://www.prisonpolicy.org/blog/2016/04/26/wealth/) [incarceration](https://www.thelancet.com/action/showPdf?pii=S2468-2667%2820%2930283-8).

- ![Graph showing the 485,000 people in pretrial detention in the United States with the most recent data available as of March 2025. There are 457,000 people detained before trial in local jails, 14,000 in the federal pretrial system, 1,300 in Indian country jails, and 12,000 youth in youth facilities.](https://static.prisonpolicy.org/images/pie2025_pretrial.png)
- ![Graph showing the number of people in jails from 1983 to 2023 by whether or not they have been convicted. Since 1997, all of the net growth in jails has been from the growth in the pretrial (unconvicted) population. As the graph explains, the cause is gradual changes in our pretrial policies to make detention prior to trial more common. ](https://static.prisonpolicy.org/images/pie2025_jail_growth.png)
- ![Graph showing the pre-incarceration incomes of people who are unable to afford bail with people of similar ages who are not detained, for both men and women. The median bail amount is $10,000; and people detained pre-trial tend to be poor with annual incomes not far above that median bail amount.](https://static.prisonpolicy.org/images/pie2025_bail_income.png)
- ![Pie chart showing the number of people locked up on a given day in the United States in jails, by convicted and not convicted status, and by the underlying offense, as well as those held in jails for other agencies, using the newest data available in March 2025.](https://static.prisonpolicy.org/images/pie2025_jail_detail.png)

**Slideshow 2.** Swipe for more detail on pretrial detention.

- ![](https://static.prisonpolicy.org/images/pie2025_pretrial.png)
- ![](https://static.prisonpolicy.org/images/pie2025_jail_growth.png)
- ![](https://static.prisonpolicy.org/images/pie2025_bail_income.png)
- ![](https://static.prisonpolicy.org/images/pie2025_jail_detail.png)

With a sense of the big picture, the next question is: _why_ are so many people locked up? How many are incarcerated for drug offenses? Are the profit motives of private companies driving incarceration? Or is it really about public safety and keeping dangerous people off the streets? There are a plethora of modern myths about incarceration. Some have a kernel of truth, but these myths distract us from focusing on the most important drivers of incarceration.

## Ten myths about crime and mass incarceration

10 Myths[1\. Crime](https://www.prisonpolicy.org/reports/pie2025.html#firstmyth)[2\. Releasing “non-violent drug offenders” is enough](https://www.prisonpolicy.org/reports/pie2025.html#secondmyth)[3\. Violent crime](https://www.prisonpolicy.org/reports/pie2025.html#thirdmyth)[4\. Releasing people in prison for violent and sexual crimes](https://www.prisonpolicy.org/reports/pie2025.html#fourthmyth)[5\. Treatment and services for people in jail](https://www.prisonpolicy.org/reports/pie2025.html#fifthmyth)[6\. Harsh punishments](https://www.prisonpolicy.org/reports/pie2025.html#sixthmyth)[7\. What crime victims want](https://www.prisonpolicy.org/reports/pie2025.html#seventhmyth)[8\. Private prisons are the corrupt heart of mass incarceration](https://www.prisonpolicy.org/reports/pie2025.html#eighthmyth)[9\. Prisons are “factories behind fences”](https://www.prisonpolicy.org/reports/pie2025.html#ninthmyth)[10\. Expanding community supervision](https://www.prisonpolicy.org/reports/pie2025.html#tenthmyth)

The overcriminalization of drug use, the use of private prisons, and low-paid or unpaid prison labor are among the most contentious issues in the criminal legal system today because they inspire moral outrage. But they do not answer the question of why most people are incarcerated or how we can dramatically — and safely — reduce our use of confinement. Likewise, emotional responses to sexual and violent offenses often derail important conversations about the social, economic, and moral costs of incarceration and lifelong punishment. False notions of what a “violent crime” conviction means about an individual’s dangerousness continue to be used in an attempt to justify long sentences — even though incarceration does not deter crime and more incarceration is not what victims want. At the same time, misguided beliefs about the “services” provided by jails are used to [rationalize the construction](https://www.prisonpolicy.org/blog/2024/02/20/cautionary_jails/) of massive new “mental health jails.” Finally, simplistic solutions to reducing incarceration, such as moving people from jails and prisons to community supervision, ignore the fact that “alternatives” to incarceration often lead to incarceration anyway. Focusing on the policy changes that can end mass incarceration, and not just put a dent in it, requires the public to put these issues into perspective.

### The first myth: Crime is up, and immigration and criminal legal system reforms are to blame

The specter of “rising crime” persists as a central issue among elected officials, political candidates, and in media commentary, and both immigration and popular criminal legal system reforms have been predictably blamed. These explanations and [falsehoods](https://www.cnn.com/2024/04/03/politics/fact-check-trump-falsely-claims-us-crime-stats-are-only-going-up-most-went-down-last-year-including-massive-drop-in-murder/index.html) about recent crime trends don’t add up, but lies about hard-fought reforms have serious consequences nonetheless.

Given the increasing politicalization of criminal legal system facts in recent years, it bears repeating that we do have up-to-date crime statistics from the FBI that affirm that crime remains at historic lows.Footnote 8[8](https://www.prisonpolicy.org/reports/pie2025.html#fn:8) Preliminary data from the first half of 2024 shows that nationwide, the crime rate for all Index crimes likely hit its lowest point since 1961 last year:Footnote 9[9](https://www.prisonpolicy.org/reports/pie2025.html#fn:9)

![A chart showing that across the U.S. crime rates, including violent crime rates, likely hit their lowest level in 2024 since 1961](https://static.prisonpolicy.org/images/crimerates_2014_2024.png)

Contrary to the [misinformation spread by national leaders](https://www.reuters.com/world/us/trump-focuses-migrants-crime-here-is-what-research-shows-2024-04-11/), [multiple](https://www.brennancenter.org/our-work/analysis-opinion/debunking-myth-migrant-crime-wave) [studies](https://www.nber.org/system/files/working_papers/w31440/w31440.pdf) [show](https://www.pnas.org/doi/full/10.1073/pnas.2014704117) that, documented or not, immigrants do not commit more crime than native-born Americans. In fact, the available data suggest that **non-U.S. citizens account for very little crime**. National arrest data are not broken down by citizenship status, but the most recent nationwide data about people in jails — where people are detained after arrest — show that just 3% of people jailed are non-citizens.Footnote 10[10](https://www.prisonpolicy.org/reports/pie2025.html#fn:10) And because most people detained in jails have not been convicted, it’s very likely that only a fraction of that 3% have actually been found guilty of any crime.

Many people have also rushed to [blame](https://www.nytimes.com/2022/09/26/us/politics/republicans-crime-midterms.html) [recent reforms](https://www.foxnews.com/us/houston-crime-democrats-bail) for minor (or imagined) shifts in crime trends in an effort to [resurrect](https://www.prisonpolicy.org/blog/2024/01/24/zombie-politics/) the same “tough on crime” policies that [failed](https://www.nature.com/articles/s41562-019-0604-8.epdf?author_access_token=DkRTKnN52jSa57DJfVSJr9RgN0jAjWel9jnR3ZoTv0N7DXAiRotAfXgj74hPXiD-HZ6bhC4ubDMXB7DKYA3al6M-fCC0R_xN_AocUuu46fM4E15xMiYZ3e27XAy7L-UXmAaZMQeNezpSFXaAdGs_Zw%3D%3D) in the 1980s and 90s. This strategy has even succeeded in rolling back popular [reforms](https://www.prisonpolicy.org/blog/2024/02/15/oregon-110/) that had demonstrated [success](https://www.prisonpolicy.org/blog/2024/10/17/prop-36/). While we most commonly hear these arguments from those [in law enforcement](https://www.nytimes.com/2020/06/06/us/police-unions-minneapolis-kroll.html) and [on the right](https://reason.com/2024/07/17/republicans-have-completely-abandoned-criminal-justice-reform/), they have gained enough traction that [Democrats, too](https://reason.com/2024/08/23/criminal-justice-reform-took-a-back-seat-at-the-2024-dnc/), have pulled back their support for criminal legal system reforms. But in reality, a number of studies have shown:

- No evidence that [progressive prosecutors](https://munkschool.utoronto.ca/research/violent-crime-and-public-prosecution) were to blame for the increase in homicides during the pandemic or in the five years before it.Footnote 11[11](https://www.prisonpolicy.org/reports/pie2025.html#fn:11)
- Murder rates were an average of [33% higher in “red” states](https://www.thirdway.org/report/the-21st-century-red-state-murder-crisis) compared to “blue” states in 2021 and 2022; more broadly, murder rates [over the years 2000-2022](https://www.thirdway.org/report/the-21st-century-red-state-murder-crisis) were 24% higher on average in “red” states.
- [Releasing people pretrial](https://www.prisonpolicy.org/blog/2023/07/06/bail-reform/) [doesn’t harm](https://www.aclu.org/wp-content/uploads/legal-documents/Jones_Final_Report_Signed.pdf) [public safety](https://www.americanprogress.org/article/dont-blame-bail-reform-for-gun-violence/).
- The temporary uptick in homicide during the early pandemic was unrelated to reform efforts: cities that increased police budgets, enacted no bail reforms, and did not elect “progressive” prosecutors [also saw increases in homicides](https://www.naacpldf.org/wp-content/uploads/2022-08-03-TMI-Truth-in-Crime-Statistics-Report-FINAL-2.pdf) in 2020 and 2021.

While crime rates remain near historic lows, what has actually changed most is the public’s [perception](https://fivethirtyeight.com/features/many-americans-are-convinced-crime-is-rising-in-the-u-s-theyre-wrong/) [of crime](https://www.pewresearch.org/short-reads/2024/04/24/what-the-data-says-about-crime-in-the-us/), which is driven less by first-hand experience or data than by the false claims of reform opponents. These false claims are deliberately stoked to undo the [hard-won, evidence supported, common sense reforms](https://www.prisonpolicy.org/reports/winnable2025.html) that have only begun to put a dent in mass incarceration.

### The second myth: Releasing “nonviolent drug offenders” would end mass incarceration

It’s true that police, prosecutors, and judges continue to punish people harshly for nothing more than drug possession. Drug offenses still account for the incarceration of over 360,000 people, and drug convictions remain a [defining feature of the _federal_ prison system](http://apps.urban.org/features/reducing-federal-mass-incarceration/). Even with recent changes to many state drug laws, police still make almost a million drug arrests each year,Footnote 12[12](https://www.prisonpolicy.org/reports/pie2025.html#fn:12) many of which lead to prison sentences. Drug arrests continue to give residents of over-policed communities [criminal records](https://www.brennancenter.org/blog/just-facts-many-americans-have-criminal-records-college-diplomas), hurting their employment prospects and increasing the likelihood of longer sentences for any future offenses.

Nevertheless, 4 out of 5 people in prison or jail are locked up for something other than a drug offense — either a more serious offense or an even _less_ serious one. To end mass incarceration, we will have to change how our society and our criminal legal system respond to crimes more serious than drug possession. We must also stop incarcerating people for behaviors that are even more benign.

- ![Graph showing the 366,000 people in state prisons, local jails, federal prisons, youth prisons, and military prisons for drug offenses. State prisons are the largest slice at 137,000 and local jails at 149,000. The federal system held 88,000.](https://static.prisonpolicy.org/images/pie2025_drugs.png)
- ![Chart showing the number of arrests for drug possession and drug sales/manufacturing from 1980 to 2023. For the last 20 years — except for big drops in 2020 caused by the pandemic — the number of arrests for drug sales have slightly declined, while the number of arrests for posession have grown. ](https://static.prisonpolicy.org/images/pie2025_drug_arrests.png)
- ![Chart showing the portions of New York and South Dakota's state prison populations that are incarcerated for a drug offense from 2000 to 2024. The portion of New York's state prison population that is incarcerated for drug offenses fell consistently from 2000 to 2012 before leveling out and then continuing to drop, while South Dakota's has been growing, starting at less than 14% in 2000, and reaching a peak of 36% in 2023.](https://static.prisonpolicy.org/images/pie2025_war_on_drugs.png)

**Slideshow 3.** Swipe for more detail on the War on Drugs

- ![](https://static.prisonpolicy.org/images/pie2025_drugs.png)
- ![](https://static.prisonpolicy.org/images/pie2025_drug_arrests.png)
- ![](https://static.prisonpolicy.org/images/pie2025_war_on_drugs.png)

### The third myth: By definition, “violent crime” involves physical harm

The distinction between “violent” and “nonviolent” crime means less than you might think; in fact, these terms are so widely misused that they are generally unhelpful in a policy context. In the public discourse about crime, people typically use “violent” and “nonviolent” as substitutes for _serious_ versus _nonserious_ criminal acts. That alone [is a fallacy](https://www.bostonglobe.com/2021/04/01/opinion/fallacy-behind-tougher-penalties-violent-crime/), but worse, these terms are also used as coded (often racialized) language to label individuals as inherently _dangerous_ versus _non-dangerous_.

## Offense categories might not mean what you think

Reported offense data oversimplifies how people interact with the criminal legal system in two important ways.

To understand the main drivers of incarceration, the public needs to see how many people are incarcerated for different offense types. But the reported offense data oversimplifies how people interact with the criminal legal system in two important ways: it reports only one offense category per person, and it reflects the outcome of the legal process, obscuring important details of actual events.

First, when a person is in prison for multiple offenses, only the most serious offense is reported.Footnote 13[13](https://www.prisonpolicy.org/reports/pie2025.html#fn:13) So, for example, there are people in prison for violent offenses who were also convicted of drug offenses, but they are included only in the “violent” category in the data. This makes it hard to grasp the complexity of criminal events, such as the role drugs may have played in violent or property offenses. We must also consider that almost all convictions are the result of plea bargains, where people accused of a crime plead guilty to a lesser offense, possibly in a different category or one that they did not actually commit, in exchange for a more lenient sentence.

Secondly, many of these categories group together people convicted of a [wide range](http://www.justicepolicy.org/uploads/justicepolicy/documents/jpi_definingviolence_final_report_9.7.2016.pdf) of offenses. For violent offenses especially, these labels can distort perceptions of individual “violent offenders” and exaggerate the scale of dangerous, violent crime. Even the seemingly clear-cut offense of “murder” is applied to a variety of situations and individuals: it lumps together the small number of serial killers with people who participated in acts that are unlikely to ever happen again, either due to circumstance or [age](http://scholar.harvard.edu/files/sampson/files/2003_crim_laub_1.pdf?m=1360070471). “Murder” also includes acts that the average person may not consider to be murder at all. In particular, the [felony murder rule](https://theappeal.org/the-lab/explainers/felony-murder-explained/) says that if someone dies during the commission of a felony, everyone involved can be as guilty of murder as the person who directly caused the death. Many may be surprised that a person who was acting as a lookout during a break-in where someone was accidentally killed can be convicted of murder.Footnote 14[14](https://www.prisonpolicy.org/reports/pie2025.html#fn:14)

We discuss this problem in more detail in [The third myth: By definition, “violent crimes” involve physical harm](https://www.prisonpolicy.org/reports/pie2025.html#thirdmyth).

[(expand)](https://www.prisonpolicy.org/reports/pie2025.html#)

In reality, state and federal laws apply the term “violent” to a surprisingly [wide range](https://justicepolicy.org/wp-content/uploads/2022/02/jpi_definingviolence_final_report_9.7.2016.pdf) of criminal acts — including many that don’t involve any physical harm. In some states, purse-snatching, manufacturing methamphetamines, and stealing drugs are [considered violent crimes](https://www.themarshallproject.org/2019/04/03/when-violent-offenders-commit-nonviolent-crimes). Burglary is generally considered a property crime, but an array of state and federal laws classify burglary as a violent crime in certain situations, such as when it occurs at night, in a residence, or with a weapon present. So even if the building was unoccupied, someone convicted of burglary could be punished for a violent crime and end up with a long prison sentence and a “violent” record.

The common misunderstanding of what “violent crime” really refers to — a legal distinction that often has little to do with actual or intended harm — is one of the main barriers to meaningful criminal legal system reform. Reactionary responses to the _idea_ of violent crime often lead policymakers to categorically exclude from reforms people convicted of _legally_“violent” crimes. But almost half (47%) of people in prison and jail are there for offenses classified as “violent,” so these carveouts end up gutting the impact of otherwise well-crafted policies. As we and many others [have explained before](https://www.prisonpolicy.org/reports/violence.html), cutting incarceration rates to anything near international norms will be impossible without changing how we respond to violent crime. To start, we have to be clearer about what that loaded term really means.

### The fourth myth: People in prison for violent or sexual crimes are too dangerous to be released

Of course, many people convicted of violent offenses have caused serious harm to others. But how does the criminal legal system determine the risk that they pose to their communities? Again, the answer is too often “we judge them by their offense type,” rather than “we evaluate their individual circumstances.” This reflects the particularly harmful myth that people who commit violent or sexual crimes are incapable of rehabilitation and thus warrant many decades or even a lifetime of punishment.

## Recidivism: A slippery statistic

How well do different measures of recidivism reflect actual failure or success upon reentry?

As long as we are considering recidivism rates as a measure of public safety risk, we should also consider how recidivism is defined and measured. While this may sound esoteric, this is an issue that affects an important policy question: at what point — and with what measure — do we consider someone’s reentry a success or failure?

The term “recidivism” suggests a relapse in behavior, a return to criminal offending. But what is a valid sign of criminal offending: self-reported behavior, arrest, conviction, or incarceration? Defining recidivism as rearrest casts the widest net and results in the highest rates, but arrest does not suggest conviction, nor actual guilt. [More useful measures](https://www.bjs.gov/content/pub/pdf/rprts05p0510.pdf#page=14) than rearrest include conviction for a new crime, re-incarceration, or a new sentence of imprisonment; the latter may be most relevant, since it measures offenses serious enough to warrant a prison sentence. Importantly, people convicted of violent offenses have the lowest recidivism rates by [each of these measures](https://bjs.ojp.gov/redirect-legacy/content/pub/pdf/rprts05p0510.pdf#page=15). However, the recidivism rate for violent offenses is a whopping 48 percentage points higher when rearrest, rather than imprisonment, is used to define recidivism.

The cutoff point at which recidivism is measured also matters: If someone is arrested for the first time 5, 10, or 20 years after they leave prison, that’s very different from someone arrested within months of release. The most recent government [study of recidivism](https://bjs.ojp.gov/BJS_PUB/rpr24s0810yfup0818/Web%20content/508%20compliant%20PDFs) over 10 years reported that 82% of people incarcerated in state prisons were arrested at some point in the 10 years following their release. However, the vast majority of people in this group were arrested within the first three years, and more than half within the first year. The longer the time period, the higher the reported recidivism rate — but the lower the actual threat to public safety.

A related question is whether the particular post-release offense matters. For example, 69% of people imprisoned for a violent offense are rearrested within five years of release, but only 33% are rearrested for another _violent_ offense in that time; they are [much more likely](https://bjs.ojp.gov/BJS_PUB/rpr24s0810yfup0818/Web%20content/508%20compliant%20PDFs) to be rearrested for a public order offense. If someone convicted of robbery is arrested years later for a liquor law violation, it makes no sense to view this very different, much less serious, offense the same way we would another arrest for robbery. Moreover, public order offenses often include “technical” violations, so in many states, recidivism statistics are inflated by these non-criminal infractions.

A final note about recidivism: while policymakers frequently cite reducing recidivism as a priority, few states collect the data that would allow them to monitor and improve their own performance in real time. For example, the [Council of State Governments](https://50statespublicsafety.us/part-2/strategy-1/) asked correctional systems what kind of recidivism data they collect and publish for people leaving prison and people starting probation. What they found is that states typically track just one measure of post-release recidivism, and few states track recidivism while on probation at all:

[![Chart showing which states track and publish rearrest, reconviction, and/or reincarceration for people released from prison. Almost every state tracks reincarceration, few track either of the other measures.](https://static.prisonpolicy.org/images/state_prison_recidivism.png)](https://www.prisonpolicy.org/graphs/state_prison_recidivism.html)[![Chart showing which states track and publish rearrest, reconviction, or incarceration for people starting probation. Only a handful of states track any probation recidivism data at all.](https://static.prisonpolicy.org/images/state_probation_recidivism.png)](https://www.prisonpolicy.org/graphs/state_probation_recidivism.html)

If state-level advocates and political leaders want to know if their state is even trying to reduce recidivism, we suggest one easy litmus test: Do they collect and publish basic data about the number and causes of people’s interactions with the justice system while on probation, or after release from prison?

[(expand)](https://www.prisonpolicy.org/reports/pie2025.html#)

As lawmakers and the public increasingly agree that past policies have led to unnecessary incarceration, it’s time to consider policy changes that go beyond the low-hanging fruit of “non-non-nons” — people convicted of non-violent, non-serious, non-sexual offenses. Again, if we are serious about ending mass incarceration, we will have to change our responses to more serious and violent crime.

Recidivism data do not support the belief that people who commit violent crimes ought to be locked away for decades for the sake of public safety. People convicted of violent and sexual offenses are actually among the [least likely to be rearrested](https://bjs.ojp.gov/sites/g/files/xyckuh236/files/media/document/rpr34s125yfup1217.pdf), and those convicted of rape or sexual assault have [rearrest rates 20% lower](https://www.prisonpolicy.org/blog/2019/06/06/sexoffenses/) than all other offense categories combined. One reason for the lower rates of recidivism among people convicted of violent offenses: [age](https://www.sagepub.com/sites/default/files/upm-binaries/60294_Chapter_23.pdf) is one of the main predictors of violence. The risk for violence peaks in adolescence or early adulthood and then declines with age, yet we incarcerate people long after their risk has declined.Footnote 15[15](https://www.prisonpolicy.org/reports/pie2025.html#fn:15)

### The fifth myth: Some people need to go to jail to get treatment and services

![Bar chart showing the percent of jails that offer each kind of opioid use disorder treatment. The most effective treatments, initiation and continuation of MAT, are the least available in jails.](https://static.prisonpolicy.org/images/jails_opioid_treatments.png)

It’s absolutely true that people ensnared in the criminal legal system have a lot of unmet needs. But jails and prisons are no place to recover from a mental health crisis or substance use disorder — they are [designed for punishment](https://www.prisonpolicy.org/blog/2024/01/30/punishing-drug-use/), not care. Local jails, especially, are filled with people who need medical care and social services, but [jails consistently](https://www.northcarolinahealthnews.org/2023/11/29/health-care-provided-in-jails-likely-falls-short-of-community-standards-survey-says/) [fail](https://alabamareflector.com/2025/02/03/for-alabamians-with-mental-illness-incarceration-can-be-life-threatening/) to provide these services. For example, while two-thirds of people in local jails have substance use disorders, only a tiny fraction of all jails provide medication-assisted treatment (MAT) for opioid use disorder — the gold standard for care. That means that rather than providing drug treatment, jails more often interrupt drug treatment by cutting patients off from their medications. Between 2000 and 2018, the number of people who [died of intoxication](https://www.prisonpolicy.org/blog/2021/06/23/jail_mortality/) while in jail increased by almost 400%; typically, these individuals died within just one day of admission.Footnote 16[16](https://www.prisonpolicy.org/reports/pie2025.html#fn:16)

[![](https://static.prisonpolicy.org/images/carebehindbars_ffr_60x60.png)Truth of jail servicesJails aren’t good at providing health & social services.](https://www.prisonpolicy.org/blog/2024/01/30/punishing-drug-use/)

Similarly, jails often put people with mental health problems in solitary confinement, provide limited access to counseling, and leave them unmonitored due to constant staffing shortages. The result: [suicide](https://www.prisonpolicy.org/blog/2021/06/23/jail_mortality/) is the leading cause of death in local jails, with death rates far exceeding those found in the general U.S. population. Given this track record, the trend of proposing new “ [mental health jails](https://www.dailynews.com/2019/02/10/a-new-mental-health-jail-vs-community-mental-health-treatment/)” to respond to decades of disinvestment in community-based services is particularly alarming. Jails are not safe detox facilities, nor are they capable of providing the therapeutic environment people require for long-term recovery and healing. Even when other options for providing mental health and substance use treatment are scarce, decisionmakers should not rely on correctional settings to do so.

### The sixth myth: Harsh punishments deter crime, making us safer

Many people mistakenly believe that long sentences, paired with austere and even brutal prison conditions, will have a deterrent effect on crime. But research has consistently found that harsher sentences do not work this way. In 2016, the National Institute of Justice [summarized the research](https://www.ncjrs.gov/pdffiles1/nij/247350.pdf) on deterrence, finding that prison sentences — and long sentences in particular — do little to deter future crime.Footnote 17[17](https://www.prisonpolicy.org/reports/pie2025.html#fn:17) Another study [concluded](https://www.journals.uchicago.edu/doi/10.1086/599202) that, compared to punishments that don’t involve prison or jail time, incarceration has either no effect or — even worse — a “mildly criminogenic impact” on future lawbreaking. In other words, incarceration is counterproductive: while a prison sentence can incapacitate a person in the short term, it actually [increases the risk](https://www.openphilanthropy.org/files/Focus_Areas/Criminal_Justice_Reform/The_impacts_of_incarceration_on_crime_10.pdf) that someone will commit a crime after their release.

As counterintuitive as it may seem, the truth is that harsh punishments make everyone less safe. People face extremely poor living conditions in practically every jail and prison, which negatively impacts their odds of success upon release, their families, and public health at large. The [routine failure](https://www.prisonpolicy.org/reports/healthcare.html) of corrections departments to provide for the [medical needs](https://www.prisonpolicy.org/reports/chronicpunishment.html) of incarcerated people is harmful (even deadly) for those inside, and strains family resources and healthcare infrastructure after they’re released — and nearly everyone _will_ eventually be released. [Poor nutrition](https://www.prisonpolicy.org/blog/2017/03/03/prison-food/) compounds health problems, as does contaminated water, pests, and [exposure to extreme heat and cold](https://www.prisonpolicy.org/blog/2023/07/19/climate_change/). The physical and psychological effects of incarceration, including the PTSD-like [Post-Incarceration Syndrome](https://www.researchgate.net/profile/Marieke-Liem/publication/236636420_Is_there_a_recognizable_post-incarceration_syndrome_among_released_lifers/links/5b17d95fa6fdcca67b5d90aa/Is-there-a-recognizable-post-incarceration-syndrome-among-released-lifers.pdf), make it harder to maintain employment and housing, trapping people in cycles of incarceration. Put simply, when people are released from prison, their health and wellbeing are intertwined with that of the community, so the harms visited upon them inside impact everyone.

### The seventh myth: Crime victims support long prison sentences

Policymakers, judges, and prosecutors often invoke the name of victims to justify long sentences for violent offenses. But contrary to the popular narrative, [most victims of violence want violence prevention, not incarceration](https://allianceforsafetyandjustice.org/wp-content/uploads/2022/09/Alliance-for-Safety-and-Justice-Crime-Survivors-Speak-September-2022.pdf). Again, harsh sentences don’t deter violent crime, and many victims understand that incarceration can make people _more_ of a public safety risk. National survey data show that most victims support violence prevention, social investment, and alternatives to incarceration that address the root causes of crime, not more investment in carceral systems that cause more harm.Footnote 18[18](https://www.prisonpolicy.org/reports/pie2025.html#fn:18) This suggests that they care more about the health and safety of their communities than they do about retribution.

![Chart showing responses from a 2022 survey of violent crime victims. 75% prefer holding people accountable through options beyond imprisonment. 80% prefer investing more in mental health treatment instead of in prisons and jails. 72% prefer offering incentives for pre-release rehabilitation, like time credits toward earlier release, over requiring completion of the full sentence. 71% prefer reducing jail populations through pretrial release, diversion, community service, or treatment programs.](https://static.prisonpolicy.org/images/whatvictimswant_forpie2025.png)Victims and survivors of crime prefer investments in crime prevention rather than long prison sentences.

Moreover, people convicted of crimes are often victims themselves, complicating the moral argument for harsh punishments as “justice.” While conversations about justice tend to treat _perpetrators_ and _victims_ of crime as two entirely separate groups, people who engage in criminal acts are often victims of violence and trauma, too — a fact behind the adage that “hurt people hurt people.”Footnote 19[19](https://www.prisonpolicy.org/reports/pie2025.html#fn:19) As victims of crime know, breaking this cycle of harm will require greater investments in communities, not the carceral system.

### The eighth myth: Private prisons are the corrupt heart of mass incarceration

In fact, just 8% of all incarcerated people are held in private prisons; the vast majority are in publicly-owned prisons and jails.Footnote 20[20](https://www.prisonpolicy.org/reports/pie2025.html#fn:20) Some states have more people in private prisons than others, of course, and the industry _has_ lobbied to maintain high levels of incarceration, but [private prisons are essentially a parasite](https://www.prisonpolicy.org/blog/2015/10/07/private_prisons_parasite/) on the massive publicly-owned system — not the root of it.

[![](https://static.prisonpolicy.org/images/exploitation_ffr_60x60.png)ExploitationLearn about how prisons exploit incarcerated people](https://www.prisonpolicy.org/exploitation.html)

Nevertheless, a range of private industries and even some public agencies continue to profit from mass incarceration. Many city and county jails [rent space to other agencies](https://www.prisonpolicy.org/blog/2024/04/15/jails_update/#renting), including state prison systems,Footnote 21[21](https://www.prisonpolicy.org/reports/pie2025.html#fn:21) the U.S. Marshals Service, and Immigration and Customs Enforcement (ICE). Private companies are frequently granted contracts to operate [prison food](https://prisonjournalismproject.org/2023/09/10/getting-rich-providing-awful-prison-food/) and [health services](https://www.prisonpolicy.org/reports/healthcare.html) (often so bad they result in major lawsuits), and prison and jail [telecom](https://www.prisonpolicy.org/communications.html) and [commissary](https://www.prisonpolicy.org/reports/commissary.html) functions have spawned multi-billion dollar private industries. By privatizing services like phone calls, medical care, and commissary, prisons and jails are offloading the costs of incarceration onto incarcerated people and their families, trimming their budgets at an unconscionable social cost.

![Graph showing that only a small portion of incarcerated people, for all facility types are incarcerated in privately owned prisons and jails. In total, less than 8% are in private prisons, with 81,000 held for state prisons, 19,000 for the Bureau of Prisons and the U.S. Marshals Service, 34,000 for Immigration and Customs Enforcement, 6,000 held for youth systems and 14,000 held for local authorities.](https://static.prisonpolicy.org/images/pie2025_private_facilities.png)Private prisons and jails hold just 8% of all incarcerated people, making them a relatively small part of a mostly publicly-run correctional system.

### The ninth myth: Prisons are “factories behind fences” that exist to provide companies with a huge slave labor force

Simply put, private companies using prison labor [are not what stands in the way](http://www.socialjusticejournal.org/confronting-prison-slave-labor-camps-and-other-myths/) of ending mass incarceration, nor are they the source of most prison jobs. Only about 4,400 people in prison — less than 1% — are employed by private companies through the federal [PIECP](https://www.nationalcia.org/_files/ugd/569cf7_3ded535012cf49ef88550bad3dfefd86.pdf) program, which requires them to pay at least minimum wage before deductions. (A larger portion work for state-owned “correctional industries,” which pay much less, but this still only represents about 6% of people incarcerated in state prisons.)Footnote 22[22](https://www.prisonpolicy.org/reports/pie2025.html#fn:22)

But prisons do rely on the labor of incarcerated people for food service, laundry, and other operations, and they pay incarcerated workers appallingly low wages: [our 2017 study](https://www.prisonpolicy.org/blog/2017/04/10/wages/) found that on average, incarcerated people earn between 86 cents and $3.45 _per day_ for the most common prison jobs.Footnote 23[23](https://www.prisonpolicy.org/reports/pie2025.html#fn:23) In at least five states, those jobs pay nothing at all. Moreover, work in prison is compulsory, with little regulation or oversight, and incarcerated workers have [few rights and protections](https://www.latimes.com/opinion/op-ed/la-oe-bozelko-prison-labor-20171020-story.html). If they refuse to work, incarcerated people face [disciplinary action](https://www.prisonpolicy.org/reports/discipline.html#rules). For those who do work, the paltry wages they receive often go right back to the prison, which charges them for basic necessities like [medical visits](https://www.prisonpolicy.org/blog/2024/08/29/fees-limit-healthcare-access/) and [hygiene items](https://www.prisonpolicy.org/reports/commissary.html). Forcing people to work for low or no pay and no benefits, while charging them for necessities, allows prisons to shift the costs of incarceration to incarcerated people — hiding the true cost of running prisons from most Americans.

### The tenth myth: Expanding community supervision — including electronic monitoring — is the best way to reduce incarceration

Community supervision, which includes probation, parole, and pretrial supervision, is often seen as a “lenient” punishment or as an ideal “alternative” to incarceration. But while remaining in the community is generally preferable to being locked up, the conditionsFootnote 24[24](https://www.prisonpolicy.org/reports/pie2025.html#fn:24) imposed on those under supervision are often so restrictive that they set people up to fail.Footnote 25[25](https://www.prisonpolicy.org/reports/pie2025.html#fn:25) Long supervision terms, [numerous and burdensome requirements](https://www.prisonpolicy.org/reports/probation_conditions.html), and constant surveillance result in frequent “failures,” often for minor infractions like breaking curfew or failing to pay [unaffordable supervision fees.](https://www.prisonpolicy.org/blog/2019/04/09/probation_income/)

At last count, at least 128,000 people were incarcerated for such non-criminal “technical violations” of probation or parole.Footnote 26[26](https://www.prisonpolicy.org/reports/pie2025.html#fn:26) These supervision violations accounted for 27% of all admissions to state and federal prisons. In fact, the Bureau of Justice Statistics [found](https://bjs.ojp.gov/content/pub/pdf/ppi16.pdf) that almost a quarter (24%) of people in state prisons were on probation at the time of their arrest, underscoring how this “alternative to incarceration” often simply _delays_ incarceration.

In addition to delaying incarceration, newer methods of community supervision actually replicate the experience so closely that they amount to “ [e-carceration](https://theappeal.org/abolition-means-no-digital-prisons/)” or “ [electronic prisons](https://issuu.com/gwlawpubs/docs/electronic-prisons-report).”Footnote 27[27](https://www.prisonpolicy.org/reports/pie2025.html#fn:27) The use of technologies like electronic monitoring, in particular — whether via ankle shackle, phone app, or other technology — [has exploded](https://www.vera.org/downloads/publications/Vera-People-On-Electronic-Monitoring-FINAL-120423.pdf) in recent years, especially in the contexts of [pretrial](https://www.prisonpolicy.org/blog/2023/10/30/electronic_monitoring/) supervision and [immigration](https://www.theguardian.com/us-news/2022/mar/08/us-immigrants-isap-ice-bi-ankle-monitor) enforcement.Footnote 28[28](https://www.prisonpolicy.org/reports/pie2025.html#fn:28) Proponents argue the technology improves court compliance and public safety, but [a recent study](https://www.mdrc.org/sites/default/files/PJC_Special_Conditions.pdf) found the practice accomplishes neither of these goals. The technology is unreliable, frequently vulnerable to [security breaches](https://www.vice.com/en/article/3aqagy/contractor-exposed-the-movements-of-people-wearing-ankle-gps-bracelets) and [false alarms](https://captimes.com/news/local/wisconsin-doubles-gps-monitoring-despite-five-years-of-malfunctions-unnecessary-jailings/article_1bca26c5-e3ef-5f5b-87cc-952b53f781ea.html), and it has created yet another path to incarceration via technical violations.Footnote 29[29](https://www.prisonpolicy.org/reports/pie2025.html#fn:29) Like probation before it, electronic monitoring is touted as an “alternative” to incarceration, but in reality it is an expansion of correctional control, not a viable way to reduce the number of people behind bars.

- ![A bar chart showing that people on probation and parole go back to prison or jail overwhelmingly because of tehnical violations, rather than new offenses](https://static.prisonpolicy.org/images/pie2025_technical_violations.png)
- ![A line chart showing the use of electronic monitoring by local, state, federal, and immigration officials has steadily grown since 2015 ](https://static.prisonpolicy.org/images/EM_growth_2015_2024.png)
- ![Two charts shwoing that rather than reducing jail populations, the number of people under surveilillance in San Francisco and Harris County grew after the introduction of electronic monitoring](https://static.prisonpolicy.org/images/em_jailpops.png)

**Slideshow 4.** Swipe for more details about how community supervision and electronic monitoring can lead to more incarceration.

- ![](https://static.prisonpolicy.org/images/pie2025_technical_violations.png)
- ![](https://static.prisonpolicy.org/images/EM_growth_2015_2024.png)
- ![](https://static.prisonpolicy.org/images/em_jailpops.png)

## The high costs of low-level offenses

Most people in the U.S. criminal legal system are not accused of serious crimes; more often, they are charged with misdemeanors or non-criminal violations. Yet even low-level offenses, like technical violations of probation and parole, can lead to incarceration and other serious consequences. Rather than investing in [community-driven safety initiatives](https://www.urban.org/research/publication/public-investment-community-driven-safety-initiatives), cities and counties are still pouring vast amounts of public resources into the processing and punishment of these minor offenses.

### Misdemeanors: Minor offenses with major consequences

The “ [massive misdemeanor system](https://www.basicbooks.com/titles/alexandra-natapoff/punishment-without-crime/9780465093809/)” in the U.S. is an important but overlooked contributor to overcriminalization and mass incarceration. For behaviors as benign as jaywalking or sitting on a sidewalk, an estimated [13 million misdemeanor charges](https://www.basicbooks.com/titles/alexandra-natapoff/punishment-without-crime/9780465093809/) sweep droves of Americans into the criminal legal system each year (and that’s excluding civil violations and speeding). These low-level offenses, along with other non-felony offenses, typically account for [about 25%](https://bjs.ojp.gov/document/ji22st.pdf) of the daily jail population nationally, and much more in [some](https://www.texasappleseed.org/sites/default/files/2023-05/an-analysis-of-texas-jail-bookings-apr-2019.pdf) [states](https://www.courts.michigan.gov/48e562/siteassets/committees,-boards-special-initiatves/jails/jails-task-force-final-report-and-recommendations.pdf) and [counties](https://www.vera.org/empire-state-of-incarceration-2021). The rampant [criminalization of homelessness](https://housingnothandcuffs.org/emergent-threats-homelessness-criminalization/) and aggressive enforcement of these laws — almost all misdemeanors — also contributes to harmful and costly cycles of homelessness and incarceration.

Misdemeanor charges may sound trivial, but they carry serious financial, personal, and social costs, [especially for the accused](https://papers.ssrn.com/sol3/papers.cfm?abstract_id=2809840) but also for broader society, which finances the processing of these court cases and all of the unnecessary incarceration that comes with them. And then there are the moral costs: People charged with misdemeanors are often [not appointed counsel](https://www.miaminewtimes.com/news/two-florida-laws-keep-public-defenders-out-of-misdemeanor-courtrooms-11309207) and are pressured to plead guilty and accept a probation sentence to avoid jail time. This means that innocent people routinely plead guilty and are then burdened with the many [collateral consequences](https://niccc.nationalreentryresourcecenter.org/) that come with a criminal record, as well as the heightened risk of future incarceration for probation violations. A misdemeanor system that pressures innocent people to plead guilty seriously undermines American principles of justice.

### Probation & parole violations and “holds” lead to unnecessary incarceration

Another driver of mass incarceration that is often overlooked are the various “ [holds](https://www.prisonpolicy.org/blog/2020/03/18/detainers/)” that keep people behind bars for administrative reasons. A common example is when people on probation or parole are jailed for violating their supervision, either for a new crime or a non-criminal (or “technical”) violation. If a parole or probation officer suspects that someone has violated supervision conditions, they can file a “detainer” (or “hold”), rendering that person ineligible for release on bail. For people struggling to rebuild their lives after conviction or incarceration, returning to jail for a minor infraction can be profoundly destabilizing. The most recent data show that [nationally](https://bjs.ojp.gov/document/ji22st.pdf), almost 1 in 5 (19%) people in jail are there for a violation of probation or parole, though [in some places](https://bjs.ojp.gov/sites/g/files/xyckuh236/files/media/document/cj0519st.pdf) these violations or detainers account for over one-third of the jail population. This problem is not limited to local jails, either; in 2019, the Council of State Governments found that nearly [1 in 4 people in state prisons](https://csgjusticecenter.org/confinedandcostly/) are incarcerated as a result of supervision violations.

A particularly disturbing type of “hold” is becoming increasingly common: people held in jails while awaiting transfer to psychiatric [facilities](https://www.prisonpolicy.org/reports/pie2025.html#paragraph45). One [recent study](https://www.treatmentadvocacycenter.org/reports_publications/state-psychiatric-hospital-beds/) reports that “thousands of \[people\] with serious mental illness languish in jail for months, or even years, waiting for a state hospital bed to open.”Footnote 30[30](https://www.prisonpolicy.org/reports/pie2025.html#fn:30) Typically, these vulnerable adults are in need of evaluation or restoration of their competency to stand trial. But being held in jails puts them at heightened risk of victimization, self-harm, and even additional criminal charges for behaviors that are actually symptoms of their illness. The result of disinvestment in mental health infrastructure and the criminalization of mental illness, these “holds” are not only unnecessary, but unconscionable.

### “Low-level fugitives” live in fear of incarceration for missed court dates and unpaid fines

People accused of crimes can end up in jail even if their alleged offense is not punishable with jail time. Why? Because if a person [fails to appear in court](https://www.prisonpolicy.org/blog/2023/08/15/fta/) or to pay fines and fees, the judge can issue a “bench warrant” for their arrest, directing law enforcement to jail them in order to bring them to court. While there is currently no national estimate of the number of active bench warrants, their use is widespread and, in some places, incredibly common. In [Monroe County](https://www.rit.edu/liberalarts/sites/rit.edu.liberalarts/files/docs/CRIM%20Resources/Warrants%20Community%20Report%20-%20Final%20for%20Distribution.pdf), N.Y., for example, over 3,000 people have an active bench warrant at any time, more than 3 times the number of people in the county jails.

But bench warrants are often unnecessary. Most people who miss court [are not trying to avoid the law](https://theappeal.org/the-failure-to-appear-fallacy/); more often, they forget, are confused by the court process, or have a schedule conflict. Once a bench warrant is issued, however, people frequently end up living as “ [low-level fugitives](https://www.rit.edu/liberalarts/sites/rit.edu.liberalarts/files/docs/CRIM%20Resources/Warrants%20Community%20Report%20-%20Final%20for%20Distribution.pdf),” quitting their jobs, becoming transient, and/or avoiding public life (even hospitals) to avoid having to go to jail.

## Lessons from the smaller “slices”: Youth, immigration, and involuntary commitment

Looking more closely at incarceration by offense type also exposes some disturbing facts about the 34,000 youth in confinement in the United States: too many are there for a “most serious offense” that is **not even a crime**. For example, there are 3,000 youth behind bars for non-criminal violations of their probation rather than for a new offense. An additional 800 youth are locked up for [“status” offenses](http://www.ojjdp.gov/pubs/246826.pdf), which are “behaviors that are not law violations for adults such as running away, truancy, and incorrigibility.”Footnote 31[31](https://www.prisonpolicy.org/reports/pie2025.html#fn:31) About 1 in 12 youth held for a criminal or delinquent offense is locked in an [adult jail or prison](https://www.sentencingproject.org/reports/youth-in-adult-courts-jails-and-prisons/), and most of the others are held in [juvenile facilities](https://www.prisonpolicy.org/reports/youth2019.html) that look and operate a lot like prisons and jails.

[![](https://www.prisonpolicy.org/images/youth_pie_ffr_60x60.png)Youth ConfinementSee the big picture the incarceration of kids](https://www.prisonpolicy.org/reports/youth2025.html)

We also know that for many children, legal system involvement overlaps with other kinds of “systems” involvement, such as the [child welfare system](https://www.prisonpolicy.org/blog/2024/01/08/punishingfamilies/): [almost half](https://pmc.ncbi.nlm.nih.gov/articles/PMC9568970/) of youth in foster care have an encounter with the criminal legal system by age 17. The criminalization of youth is apparent in the adult prison population: more than one-third (38%) of people in state prisons were first [arrested before they turned 16](https://www.prisonpolicy.org/reports/beyondthecount.html#youth).

- ![Graph showing the number of youth confined in the United States by offense and whether or not they are incarcerated with adults using the most recent data available in March 2025. There were a total of 34,200 confined youth in the United States. The juvenile justice system held 27,600; the adult prison and jail systems held 2,500; and the immigration system held 4,100.](https://static.prisonpolicy.org/images/pie2025_youth.png)
- ![Chart showing the percent of people in prison in 2016 who were first arrested at age 15 or younger, by gender and race. Overall, 38 percent were arrested before they turned 16, but a higher percentage of Black and American Indian or Alaska Native people were arrested that young.](https://static.prisonpolicy.org/images/spi_2016_firstarrest_under16.png)
- ![Chart showing that almost 67,000 people are confined for immigration reasons, with 6,000 in Bureau of Prisons custody on criminal immigration charges, 12,000 in the custody of the U.S. Marshals Service on criminal immigraton charges, and 44,000 in Immigration and Customs Enforcement (ICE) custody on civil detention. About 4% of those in ICE custody are in ICE facilities, about 94% are confined under contract with private prisons, and about 2% are in local jails. Graph is based on the newest data available in March 2025.](https://static.prisonpolicy.org/images/pie2025_immigration.png)
- ![Graph showing the 25,000 people involuntarily committed to psychiatric facilities by the criminal legal system, including civil commitment and detention for sex offenses (6,000) and those held either because a court found them not guilty by reason of insanity or because they are being treated or evaluated as incompetent to stand trial(19,000). Graph is based on the newest data available in March 2025.](https://static.prisonpolicy.org/images/pie2025_involuntary_commitments.png)
- ![Pie chart showing the 2,400 people locked up in Indian country jails and the most significant offense they are charged with. The data is as of June 30, 2023 and is the newest data available as of March 2025.](https://static.prisonpolicy.org/images/pie2025_indian_country.png)

**Slideshow 5.** Swipe for more detail about youth confinement, immigrant confinement, and psychiatric confinement.

- ![](https://static.prisonpolicy.org/images/pie2025_youth.png)
- ![](https://static.prisonpolicy.org/images/spi_2016_firstarrest_under16.png)
- ![](https://static.prisonpolicy.org/images/pie2025_immigration.png)
- ![](https://static.prisonpolicy.org/images/pie2025_involuntary_commitments.png)
- ![](https://static.prisonpolicy.org/images/pie2025_indian_country.png)

Turning to the people who are locked up criminally and civilly for **immigration-related reasons**, we find that over 6,000 people are in federal prisons for criminal convictions of immigration offenses, and 12,000 more are held pretrial or presentence by the U.S. Marshals Service. The vast majority of people incarcerated for criminal immigration offenses are accused of illegal entry or illegal reentry — in other words, for no more serious offense than crossing the border without permission.Footnote 32[32](https://www.prisonpolicy.org/reports/pie2025.html#fn:32)

![Small line graph showing the exponential growth of the Alternatives to Detention program between 2015 and 2024](https://static.prisonpolicy.org/images/ICE_ATD_expansion_2015_2024.png)

Another 44,000 people are civilly detained by U.S. Immigration and Customs Enforcement (ICE) not for any crime, but simply because they are facing deportation.Footnote 33[33](https://www.prisonpolicy.org/reports/pie2025.html#fn:33) People detained by ICE are physically confined in federally-run or privately-run immigration detention facilities, or in local jails under contract with ICE. ICE has also very rapidly expanded its overall surveillance and control over the non-criminal migrant population by growing its [electronic monitoring-based](https://notechforice.com/wp-content/uploads/2022/05/TrackedTrapped_final.pdf) “alternatives to detention” program.Footnote 34[34](https://www.prisonpolicy.org/reports/pie2025.html#fn:34)

An additional 4,000 **unaccompanied children** are held in the custody of the Office of Refugee Resettlement (ORR), awaiting placement with parents, family members, or friends. While these children are not held for any criminal or delinquent offense, most are held in shelters or even juvenile placement facilities under detention-like conditions.Footnote 35[35](https://www.prisonpolicy.org/reports/pie2025.html#fn:35)

Adding to the universe of people who are confined because of criminal legal system involvement, 25,000 people are **involuntarily committed** in [state psychiatric hospitals](https://www.treatmentadvocacycenter.org/reports_publications/state-psychiatric-hospital-beds/)Footnote 36[36](https://www.prisonpolicy.org/reports/pie2025.html#fn:36) and civil commitment centersFootnote 37[37](https://www.prisonpolicy.org/reports/pie2025.html#fn:37) for underlying criminal charges. Many of these people are not even convicted, and some are held indefinitely. These “forensic patients” include people being evaluated or treated for incompetency to stand trial, as well as those found not guilty by reason of insanity or guilty but mentally ill, who may remain hospitalized for decades or for life.Footnote 38[38](https://www.prisonpolicy.org/reports/pie2025.html#fn:38) Roughly 6,000 are people convicted of sex-related crimes who are involuntarily committed or detained after their prison sentences are complete. While the facilities they are held in aren’t typically run by departments of correction, they are in reality [much like prisons](https://www.prisonpolicy.org/blog/2023/05/18/civil-commitment/). Meanwhile, at least 38 states allow involuntary commitment for [substance use disorder treatment](https://www.nytimes.com/2019/09/03/opinion/opioid-jails-treatment-facilities.html), and in many cases, people are sent to actual prisons and jails, which are [inappropriate](https://www.prisonpolicy.org/blog/2024/01/30/punishing-drug-use/) [places](https://www.health.harvard.edu/blog/involuntary-treatment-sud-misguided-response-2018012413180) for treatment. Footnote 39[39](https://www.prisonpolicy.org/reports/pie2025.html#fn:39)

## Beyond the “Whole Pie”: Community supervision, poverty, age, and race and gender disparities

Once we have wrapped our minds around the “whole pie” of mass incarceration, we should zoom out and note that people who are incarcerated are only a fraction of those impacted by the criminal legal system. There are another 671,000 people on parole and a staggering 2.9 million people on probation. Many millions more have completed their sentences but are still living with a criminal record, a stigmatizing label that comes with collateral consequences such as barriers to employment and housing.

![Chart showing how many people in the U.S. are directly impacted by mass incarceration. In addition to the 2 million people incarcerated today, 4.9 million are formerly imprisoned, 19 million have been convicted of a felony, 79 million have a criminal record, and 113 million adults have an immediate family member who has ever been to prison or jail.](https://static.prisonpolicy.org/images/directlyimpacted2025.png)Far more people are impacted by mass incarceration than the 2 million currently confined. An estimated 19 million people are burdened with the collateral consequences of a felony conviction (this includes those currently and formerly incarcerated), and an estimated 79 million have a criminal record of some kind; even this is likely an underestimate, leaving out many people who have been arrested for misdemeanors. Finally, [FWD.us](https://everysecond.fwd.us/#chapter1-6) reports that 113 million adults (45%) have had an immediate family member incarcerated for at least one night.

Beyond identifying how many people are impacted by the criminal legal system, we should also focus on **who is most impacted and who is left behind** by policy change. Poverty, for example, plays a central role in mass incarceration. People in prison and jail are disproportionately poor compared to the overall U.S. population.Footnote 40[40](https://www.prisonpolicy.org/reports/pie2025.html#fn:40) The criminal legal system punishes poverty, beginning with the high price of [money bail](https://www.prisonpolicy.org/reports/bail.html): The median felony bail bond amount ($10,000) is the equivalent of 8 months’ income for the typical person in jail because they can’t afford a bail bond. As a result, people with low incomes are more likely to face the [harms of pretrial detention](https://pubs.aeaweb.org/doi/pdfplus/10.1257/aer.20161503). Poverty is not only [a predictor](https://www.prisonpolicy.org/blog/2018/03/22/brookingsreport_2018/) of incarceration; it is also frequently the outcome, as a criminal record and time spent in prison [destroys wealth](https://www.prisonpolicy.org/blog/2016/04/26/wealth/), creates debt, [initiates](https://www.prisonpolicy.org/reports/housing.html) or [perpetuates](https://www.prisonpolicy.org/blog/2023/09/11/housing-first/) [cycles](https://www.prisonpolicy.org/blog/2023/06/08/atlanta-poverty/) of homelessness, and [decimates job opportunities](https://www.prisonpolicy.org/reports/outofwork.html#figure2).Footnote 41[41](https://www.prisonpolicy.org/reports/pie2025.html#fn:41)

[![](https://static.prisonpolicy.org/images/beyondthecount_furtherreading_60x60.png)Beyond the countYou know the numbers. Now learn about the people.](https://www.prisonpolicy.org/reports/beyondthecount.html)

It’s no surprise that people of color — who face much greater rates of poverty — are dramatically overrepresented in the nation’s prisons and jails. These racial disparities are particularly stark for Black Americans, who make up 41% of the prison and jail populations but only 14% of all U.S residents.Footnote 42[42](https://www.prisonpolicy.org/reports/pie2025.html#fn:42) The same is true for women, whose incarceration rates have for decades risen faster than men’s, and who are often behind bars because of financial obstacles such as an inability to pay bail. As policymakers continue to push for reforms that reduce incarceration, they should avoid changes that will widen disparities, as has happened with [juvenile confinement](https://www.sentencingproject.org/publications/black-disparities-youth-incarceration/) and with [women in state prisons](https://www.prisonpolicy.org/reports/women_overtime.html#statelevel).

Finally, while states have made progress in reducing youth confinement — due to developments in [adolescent brain research](http://clbb.mgh.harvard.edu/juvenilejustice/), [mounting](https://www.hks.harvard.edu/sites/default/files/centers/wiener/programs/pcj/files/ntcc_the_future_of_youth_justice.pdf) [evidence](https://www.aecf.org/resources/no-place-for-kids-full-report/) that confinement leads to worse outcomes, and dogged advocacy to protect youth — the [elder population](https://www.prisonpolicy.org/blog/2023/08/02/aging/) in prison has only grown. Many are stuck serving excessively long sentences, despite the evidence that their incarceration is both extremely costly and unnecessary to ensure public safety.

- ![Pie chart showing that people in correctional facilities are only about a third of the people under correctional control in the United States. Most (2.9 million) are on probation. The remainder are on parole.](https://static.prisonpolicy.org/images/pie2025_correctional_control.png)
- ![Chart comparing the racial and ethnic distribution of the total U.S. population with that of the incarcerated population. White people make up the majority of the total U.S. population, but a minority of the prison population. Black and American Indian and Alaska Native people make up a disproportionately larger share of the incarcerated population than they do the total U.S. population. Data is the newest national data available that includes all types of incarceration and uses data from the 2022 Census Bureau American Community Survey.](https://static.prisonpolicy.org/images/pie2025_race_bar.png)
- ![Pie chart showing the number of women locked up on a given day in the United States by facility type and the underlying offense using the newest data available in March 2024](https://static.prisonpolicy.org/images/pie_2025_women.png)
- ![Graph showing that incarcerated people are poor, and that women and people of color are the poorest. Data is for by race, ethnicty and gender in 2014 dollars and compares people of similar ages. ](https://static.prisonpolicy.org/images/pie2025_income.png)
- ![Chart summarizing the family, housing, economic, and educational challenges faced by people in prison in their youth. One-third had a parent who was incarcerated, 18 percent were in foster care, 12 percent were homeless, and 42 percent came from a family receiving public assistance. ](https://static.prisonpolicy.org/images/spi_2016_youthexperiences.png)
- ![Side-by-side charts showing the number and share of the youngest and oldest people in prison. In 2022, state and federal prisons held 80,000 people aged 24 or younger and 185,000 people 55 or older, and the share of people aged 24 and younger has fallen from 17 to 7 percent since 2002, while the share of people 55 and older grew from 4 to 16 percent. ](https://static.prisonpolicy.org/images/pie2025_age.png)

**Slideshow 6.** Swipe for more detail about race, gender, and income disparities.

- ![](https://static.prisonpolicy.org/images/pie2025_correctional_control.png)
- ![](https://static.prisonpolicy.org/images/pie2025_race_bar.png)
- ![](https://static.prisonpolicy.org/images/pie_2025_women.png)
- ![](https://static.prisonpolicy.org/images/pie2025_income.png)
- ![](https://static.prisonpolicy.org/images/spi_2016_youthexperiences.png)
- ![](https://static.prisonpolicy.org/images/pie2025_age.png)

## Necessary reforms

Equipped with the full picture of how many people are locked up in the United States, where, and why, we all have a better foundation for moving the conversation about criminal legal system reform forward. For example, the data make it clear that ending the war on drugs will not alone end mass incarceration, though the federal government and some states have taken an important step by reducing the number of people incarcerated for drug offenses. Looking at the “whole pie” of mass incarceration opens up conversations about where it makes sense to focus our energies at the local, state, and national levels. For example:

- How can we effectively invest in communities to make it less likely that someone comes into contact with the criminal legal system in the first place? And what measures can help aid successful reentry and end the vicious cycle of re-incarceration that so many individuals and families experience?
- Can we persuade government officials and prosecutors to revisit the reflexive, simplistic policymaking that has served to increase incarceration for “violent” offenses? How can we eliminate policy “carveouts” that exclude broad categories of people from reforms and end up gutting the impact of reforms?
- What will it take to embolden policymakers and the public to do what it takes to shrink the second largest slice of the pie — the thousands of local jails? And what will it take to [redirect public spending](https://www.prisonpolicy.org/reports/jailexpansion.html) to smarter investments like community-based drug treatment and job training?
- While the federal prison system is a small slice of the total pie, how can improved federal policies and financial incentives be used to advance state and county-level reforms? And for their part, how can elected sheriffs, district attorneys, and judges — who all control larger shares of the correctional pie — slow the flow of people into the criminal legal system?
- Given that the companies with the greatest impact on incarcerated people are not private prison operators, but [service providers that contract with public facilities](https://www.prisonpolicy.org/exploitation.html), how can governments end contracts that squeeze money from those behind bars and their families?
- What [reforms](https://www.sentencingproject.org/reports/black-lives-matter-eliminating-racial-inequity-in-the-criminal-justice-system/) can we implement to both reduce the number of people incarcerated in the U.S. and the well-known [racial and ethnic disparities](https://www.prisonpolicy.org/racialjustice.html) in the criminal legal system?
- What lessons can we learn from the pandemic? Are federal, state, and local governments prepared to respond to future pandemics, epidemics, natural disasters, and other emergencies, including with plans to decarcerate? And how can states and the federal government better utilize compassionate release and clemency powers moving forward?

The United States has the dubious distinction of having the [highest incarceration rate](https://www.prisonpolicy.org/global/2021.html) of any independent democracy on earth. Looking at the big picture of the 2 million people locked up in the United States on any given day, we can see that **something needs to change**. Both policymakers and the public have the responsibility to carefully consider each individual slice of the carceral “pie” and ask whether legitimate social goals are served by putting each group behind bars, and whether any benefit really outweighs the social and fiscal costs.

Even narrow policy changes, such as ending incarceration for “technical” violations, can meaningfully reduce our society’s use of incarceration. At the same time, we should be wary of proposed reforms that seem promising but will have only minimal effect, because they simply transfer people from one slice of the correctional “pie” to another or needlessly exclude broad swaths of people. Keeping the big picture in mind is critical if we hope to develop strategies that actually shrink the “whole pie.”

## Get our latest data & analysis in your inbox!

By signing up with this form, you’ll receive our general newsletter, or [get all our newsletters here](https://www.prisonpolicy.org/subscribe/).

## Data sources & methodology

This section covers a lot of ground, from why we attempt to piece together the data ourselves in the first place to where we source the data and how we adjust it to make the various pieces fit together. Read on to learn:

- Why we — and not the government — compile the data  [⤵](https://www.prisonpolicy.org/reports/pie2025.html#dataintro)
- Which data sources we relied on for state and federal prisons and local jail populations  [⤵](https://www.prisonpolicy.org/reports/pie2025.html#prisonsjails)
- Which data sources we used for the smaller slices of the “pie”: youth, immigration, involuntary commitments, U.S. territories, Indian Country jails, and the military [⤵](https://www.prisonpolicy.org/reports/pie2025.html#smallerslicesdata)
- How we calculated the broader “pie” of correctional control, including probation and parole systems  [⤵](https://www.prisonpolicy.org/reports/pie2025.html#probationparole)
- How we determined the number of private facilities  [⤵](https://www.prisonpolicy.org/reports/pie2025.html#privatedata)
- How we adjusted the data to make sure people were only counted once  [⤵](https://www.prisonpolicy.org/reports/pie2025.html#adjustments)
- What data we used to make our racial disparities graph — and why  [⤵](https://www.prisonpolicy.org/reports/pie2025.html#disparitiesdata)

People new to criminal legal issues might reasonably expect that a big picture analysis like this would be produced not by advocates, but by the criminal legal system itself. The unfortunate reality is that there isn’t one centralized system to do such an analysis. Instead, even thinking just about adult corrections, we have a federal system, 50 state systems, 3,000+ county systems, 25,000+ municipal systems, and so on. Each of these systems collects data for its own purposes that may or may not be compatible with data from other systems and that might duplicate or omit people counted by other systems.

This isn’t to discount the work of the Bureau of Justice Statistics, which, despite limited resources, undertakes the Herculean task of organizing and standardizing the data on correctional facilities. And it’s not to say that the FBI doesn’t work hard to aggregate and standardize police arrest and crime report data. But the fact is that the local, state, and federal agencies that carry out the work of the criminal legal system — and are the sources of BJS and FBI data — weren’t set up to answer many of the simple-sounding questions about the “system.”

Similarly, there are systems of confinement that might not consider themselves part of the criminal legal system, but should be included in a holistic view of incarceration. Juvenile justice, immigration detention, civil commitment of people with sex-related convictions, and involuntary commitment to psychiatric hospitals for criminal legal system involvement are examples of this broader universe of confinement that is often ignored. The “whole pie” incorporates data from these systems to provide the most comprehensive view of incarceration possible.

To produce this report, we took the most recent data available for each part of these systems, and, where necessary, adjusted the data to ensure that each person was only counted once, only once, and in the right place. [⤴](https://www.prisonpolicy.org/reports/pie2025.html#datatoc ""Back to methodology table of contents"")

### Data sources

This report uses the most recent data available on the number of people in various types of facilities and the most significant charge or conviction. Because the various systems of confinement collect and report data on different schedules, this report reflects population data collected between 2019 and 2025. Furthermore, because not all types of data are updated each year, we sometimes had to calculate estimates; for example, we applied the percentage distribution of offense types from the previous year to the current year’s total count data. For this reason, we chose to round most labels in the graphics to the nearest thousand, except where rounding to the nearest ten, nearest one hundred, or the nearest 500 was more informative given the context. This rounding process may also result in some parts not adding up precisely to the total.

Our data sources were:

- **State prisons:** Bureau of Justice Statistics, [Prisons Report Series: Preliminary Data Release, 2023](https://bjs.ojp.gov/preliminary-data-release-prisons-2023) Table 2, providing the total population as of December 31, 2023, and [Prisoners in 2022 — Statistical Tables](https://bjs.ojp.gov/document/p22st.pdf) Table 16, providing data (as of December 31, 2021) that we used to calculate the ratio of different offense types.
- **Jails:** Bureau of Justice Statistics, Jails Report Series: 2023 Preliminary Data Release Table 1, reporting the average daily population for the year ending June 30, 2023; Figure 1, reporting the 2023 midyear population by conviction status; and our analysis of the [Survey of Inmates in Local Jails, 2002](http://www.bjs.gov/index.cfm?ty=dcdetail&iid=274).
- Federal:
  - **Bureau of Prisons:** [Federal Bureau of Prisons (BOP) Population Statistics](https://www.bop.gov/about/statistics/population_statistics.jsp), reporting data as of February 13, 2025 (total population of 155,147), and [Prisoners in 2022 — Statistical Tables](https://bjs.ojp.gov/document/p22st.pdf) Table 19, providing the percentage distribution of offense types as of September 30, 2022 that we applied to the 2025 BOP population.

  - **U.S. Marshals Service:** The Marshals Service (USMS) [2025 Facts and Figures Fact Sheet](https://www.usmarshals.gov/sites/default/files/media/document/2025-Facts-and-Figures.pdf), providing its most recent custody population (56,155) for fiscal year 2024 (ending September 30, 2024). Because the USMS does not operate its own facilities, it contracts with other government agencies for space in their facilities. The 2025 Fact Sheet breaks down the average daily population in USMS custody by three broad facility types: state and local facilities (40,652 in state prisons and local jails), directly-contracted private facilities (7,233), and federal Bureau of Prisons facilities (8,079 held mainly in BOP detention facilities); it also reports 191 people held in “other” unspecified facilities.




    To further disaggregate the “state and local” category, we used information from table 8 in the Bureau of Justice Statistics report [Jail Inmates in 2022 — Statistical Tables](https://bjs.ojp.gov/document/ji22st.pdf), which reports 32,300 people held in local jails for USMS as of June 30, 2022. We concluded the rest of those in “state and local” facilities (8,352) were held in state prisons. (It’s worth noting that, in addition to the directly-contracted private facilities, an unknown portion people held for USMS in “state and local” facilities are also in privately-operated facilities; the USMS refers to these as “pass thru” arrangements in which the USMS contracts with a public agency (i.e., sheriff’s office or state Department of Corrections) but that agency in turn contracts with privately-operated facilities which may confine people for USMS.)




    We created our own estimated offense breakdown by applying the ratios of reported offense types (excluding the vague “other new offense” and “writs, holds & transfers” categories”) from a [2023 FOIA response](https://static.prisonpolicy.org/scans/USMS_FOIAresponse_2011_2023.pdf) to the total average daily population in FY2024. (For those interested in the raw data including those categories, see page 9 of that FOIA response.) [⤴](https://www.prisonpolicy.org/reports/pie2025.html#datatoc ""Back to methodology table of contents"")
- **Youth:** Office of Juvenile Justice and Delinquency Prevention, [Juvenile Residential Facility Census Databook](https://ojjdp.ojp.gov/statistical-briefing-book/data-analysis-tools/jrfcdb/us-state-profiles), reporting the number of private and public facilities and youth held for an offense as of October 26, 2022; [Easy Access to the Census of Juveniles in Residential Placement](https://www.ojjdp.gov/ojstatbb/ezacjrp/) (EZACJRP), reporting percentage distribution of offense types as of October 27, 2021. Our data on youth incarcerated in adult prisons comes from [Prisoners in 2022 — Statistical Tables](https://bjs.ojp.gov/document/p22st.pdf) Table 15, reporting data for December 31, 2022, and youth in adult jails from [Jail Inmates in 2022 — Statistical Tables](https://bjs.ojp.gov/document/ji22st.pdf) Table 2, reporting data as of June 30, 2022. The number of youth reported in Indian country jail facilities comes from the Bureau of Justice Statistics report [Jails in Indian Country, 2023](https://bjs.ojp.gov/sites/g/files/xyckuh236/files/media/document/jic23.pdf) Table 6, reporting data as of June 30, 2023. For more information on the geography of the juvenile system, see the [No Kids in Prison campaign](https://www.nokidsinprison.org/).
- **Immigration detention:** The average daily population of 43,759 in Immigration and Customs Enforcement (ICE) detention comes from ICE’s [Detention Management spreadsheet](https://www.ice.gov/doclib/detention/FY25_detentionStats03052025.xlsx), reporting current detention and Alternatives to Detention data as of February 23, 2025. The count of 4,096 youth in Office of Refugee Resettlement (ORR) custody comes from the Unaccompanied Alien Children (UAC) Program [Fact Sheet](https://acf.gov/orr/fact-sheet/programs/uc/fact-sheet), reporting the population as of January 29, 2025. Our estimates of how many ICE detainees are held in federal, private, and local facilities come from our analysis of the same ICE Detention Management spreadsheet. Nine percent were in federal ICE/BOP facilities (which we defined as Service Processing Centers, Staging facilities, and BOP detention centers); 70% in private contract facilities (including Contract Detention Facilities for ICE and U.S. Marshals Service and Dedicated Intergovernmental Service Agreements); 11% in city and county-operated jails (including Intergovernmental Service Agreements for ICE and U.S. Marshals Service), and 10% in other facilities including holds, hospitals, hotels, and [MIRP](https://www.ice.gov/news/releases/us-mexico-resume-voluntary-interior-repatriation-program) facilities.
- Criminal legal system-related involuntary commitment:
  - **State psychiatric hospitals** (people committed to state psychiatric hospitals by courts after being found “not guilty by reason of insanity” (NGRI) or, in some states, “guilty but mentally ill” (GBMI) and others held for pretrial evaluation or for treatment as “incompetent to stand trial” (IST)): The total number (18,948) is from the Treatment Advocacy Center’s 2024 report [Prevention over Punishment](https://www.treatmentadvocacycenter.org/reports_publications/state-psychiatric-hospital-beds/), reporting findings from their 2023 survey. In past years, we used an older source that offered a breakdown by the status of these “forensic” patients; the TAC report does not provide such a breakdown. Also, it’s important to note that this is not a complete view of all involuntary commitments, many of which have nothing to do with underlying criminal charges or convictions.
  - **Civil detention and commitment:** At least 20 states and the federal government operate facilities for the purposes of detaining people convicted of sex-related crimes after their sentences are complete. These facilities and the confinement there are technically civil, but in reality are quite like prisons. People under civil commitment are held in custody continuously from the time they start serving their sentence at a correctional facility through their confinement in the civil facility. The civil commitment counts come from an annual survey conducted by the [Sex Offender Civil Commitment Programs Network](http://soccpn.org/) shared by SOCCPN President Shan Jumper, except for the federal Bureau of Prisons (BOP), where the count comes from a 2020 [Williams Institute report](https://williamsinstitute.law.ucla.edu/wp-content/uploads/SVP-Civil-Commitments-Oct-2020.pdf). Counts for most states are from the 2024 SOCCPN survey, but for states that did not participate in 2024, we included the most recent figures available: Nebraska’s count is from 2018; Texas’ and Wisconsin’s are from 2023; and the BOP count is from 2019. We opted to use the Williams Institute report’s count for the BOP because it was more recent.
- **Territorial prisons** (correctional facilities in the U.S. Territories of American Samoa, Guam, and the U.S. Virgin Islands, and U.S. Commonwealths of the Northern Mariana Islands and Puerto Rico): [Prisoners in 2022 — Statistical Tables](https://bjs.ojp.gov/document/p22st.pdf) Table 25, reporting data for December 31, 2022.
- **Indian country jails** (correctional facilities operated by tribal authorities or the U.S. Department of the Interior’s Bureau of Indian Affairs): [Jails in Indian Country, 2023](https://bjs.ojp.gov/sites/g/files/xyckuh236/files/media/document/jic23.pdf) Table 1, reporting the population as of June 30, 2023.
- **Military:** [Prisoners in 2022 — Statistical Tables](https://bjs.ojp.gov/document/p22st.pdf) Tables 23 (for total population) and 24 (for offense types) reporting data as of December 31, 2022. [⤴](https://www.prisonpolicy.org/reports/pie2025.html#datatoc ""Back to methodology table of contents"")
- **Probation and parole:** Our counts of the number of people on probation and parole are based on the Bureau of Justice Statistics report [Correctional Populations in the United States, 2022 — Statistical Tables](https://bjs.ojp.gov/document/cpus22st.pdf) Table 1, reporting data for December 31, 2022. We adjusted these totals to ensure that people with multiple statuses (e.g., people on probation who were also held in jails) were counted only once in their most restrictive category, using published data on people with dual statuses in Table 10 of the same report. For readers interested in knowing the total number of people on parole and probation, ignoring any double-counting with other forms of correctional control, there were 698,800 people on parole and 2,990,900 people on probation as of December 31, 2022. [⤴](https://www.prisonpolicy.org/reports/pie2025.html#datatoc ""Back to methodology table of contents"")
- **Private facilities:**Except for local jails (which we will explain in the “Adjustments to avoid double counting” section below), our identification of the number of people held in private facilities was as follows:

  - For state prisons, we calculated an estimate based on the percentage of people reported in private facilities in Table 14 in the Bureau of Justice Statistics (BJS) report [Prisoners in 2022 — Statistical Tables](https://bjs.ojp.gov/document/p22st.pdf) (7.4%) and the reported total number of people in state prisons in BJS’ [Prisons Report Series: Preliminary Data Release, 2023](https://bjs.ojp.gov/preliminary-data-release-prisons-2023) Table 2.
  - For the Federal Bureau of Prisons (BOP), we calculated the percentage of the total BOP population (8.2%) that were held in Residential Reentry Centers (halfway houses) or in home confinement as of February 13, 2025, according to the Bureau of Prisons “ [Population Statistics](https://www.bop.gov/about/statistics/population_statistics.jsp).” We then applied that percentage to our total convicted BOP population (removing the 8,079 people held in 12 BOP detention centers being held for the U.S. Marshals Service) to estimate the number of people serving a sentence in a privately-operated setting for the BOP. We chose this method instead of using the number or percentage published in Table 14 of [Prisoners in 2022 — Statistical Tables](https://bjs.ojp.gov/document/p22st.pdf) because as of 2023, the BOP no longer placed sentenced people in private prisons. The inclusion of Residential Reentry Centers and home confinement in our definition of “private” facilities is consistent with the definition used by the Bureau of Justice Statistics in Table 14 of [Prisoners in 2022 — Statistical Tables](https://bjs.ojp.gov/document/p22st.pdf).
  - For the U.S. Marshals Service, we used the [2025 Facts and Figures Fact Sheet](https://www.usmarshals.gov/sites/default/files/media/document/2025-Facts-and-Figures.pdf), reporting the average daily population for fiscal year 2024, including only those held in “private” (directly-contracted) facilities. However, we note that an unknown portion of the 40,652 people held in state prisons and local jails with Intergovernmental Service Agreements (IGAs) are also held in private facilities that are subcontracted by state and local governments; the available data make it impossible to disaggregate these “pass thru” facilities according to status as private or public.
  - For youth, we used the [Juvenile Residential Facility Census Databook](https://ojjdp.ojp.gov/statistical-briefing-book/data-analysis-tools/jrfcdb/us-state-profiles), which provides a breakdown of the number of youth held in publicly and privately operated facilities as of October 26, 2022.
  - For immigration detention, we used the Facility Information provided in ICE’s [Detention](https://www.ice.gov/doclib/detention/FY25_detentionStats03052025.xlsx) Management spreadsheet to calculate the percentage of people detained in facilities categorized as “CDF” (Contract Detention Facilities), “USMS CDF” (Contract Detention Facilities contracted by the U.S. Marshals Service), and “DIGSA” (privately owned and/or operated facilities contracted through Dedicated Intergovernmental Service Agreements for ICE use), and applied that percentage (70%) to the total population detained by immigration authorities (including children held by ORR). [⤴](https://www.prisonpolicy.org/reports/pie2025.html#datatoc ""Back to methodology table of contents"")

### Adjustments to avoid double counting

To avoid counting anyone twice, we performed the following adjustments:

- To avoid anyone in immigration detention being counted twice, we removed the 11% (4,908) of the Immigration and Customs Enforcement (ICE) detained population that is held in local jails under Intergovernmental Service Agreement contracts (IGSAs) from the total jail population. We removed 29.3% of these ICE detainees from the jail convicted population and the balance from the unconvicted population. We based these percentages on the breakdown by criminal status of the ICE “currently detained” as of February 23, 2025 in the [ICE Detention Management](https://www.ice.gov/detention-management) spreadsheet, counting “convicted criminal” as convicted and “pending criminal charges” and “other immigration violator” as unconvicted.
- To avoid anyone in local jails on behalf of state or federal prison authorities from being counted twice, we removed the 65,573 people — reported in Table 14 of [Prisoners in 2022 — Statistical Tables](https://bjs.ojp.gov/document/p22st.pdf) — confined in local jails on behalf of federal or state prison systems from the total jail population and from the numbers we calculated for those in local jails that are convicted. To avoid those being held by the U.S. Marshals Service from being counted twice, we removed from the jail total 32,300 Marshals detainees reported as held in local jails in [Jail Inmates in 2022 — Statistical Tables](https://bjs.ojp.gov/document/ji22st.pdf) Table 8. We removed 75.9% of these people held in jails for the Marshals Service from the jail convicted population, and the balance from the unconvicted jail population. We based these percentages on our analysis of the [Profile of Jail Inmates, 2002](http://www.bjs.gov/content/pub/pdf/pji02.pdf). We are not aware of any more recent source breaking down the U.S. Marshals Service detained population by conviction status.
- Because we removed ICE detainees and people under the jurisdiction of federal and state authorities from the jail population, we had to recalculate the offense distribution reported in [Profile of Jail Inmates, 2002](http://www.bjs.gov/content/pub/pdf/pji02.pdf) who were “convicted” or “not convicted,” excluding the people who reported that they were being held on behalf of state authorities, the Federal Bureau of Prisons, the U.S. Marshals Service, or U.S. Immigration and Customs Enforcement (ICE). Our definition of “convicted” was those who reported that they were “To serve a sentence in this jail,” “To await sentencing for an offense,” or “To await transfer to serve a sentence somewhere else.” Our definition of “not convicted” was “To stand trial for an offense,” “To await arraignment,” or “To await hearing for revocation of probation/parole or community release.”
- For our analysis of people held in private jails for local authorities, we applied the percentage of the total custody population held in private facilities in midyear 2019 (calculated from Table 20 of [Census of Jails, 2005-2019](https://bjs.ojp.gov/sites/g/files/xyckuh236/files/media/document/cj0519st.pdf#page=42)) to our count of people held in jails for local authorities (562,566) in 2023, after making the adjustments described in this section. [⤴](https://www.prisonpolicy.org/reports/pie2025.html#datatoc ""Back to methodology table of contents"")
- **Our [graph of the racial and ethnic disparities](https://www.prisonpolicy.org/reports/pie2025.html#slideshows/slideshow6/2)** in correctional facilities (as shown in Slideshow 6) uses the only data source that has data for all types of adult correctional facilities: the U.S. Census. We used the American Community Survey 2023 1-Year Estimates table [S2603](https://data.census.gov/table/ACSST1Y2023.S2603?q=S2603:+Characteristics+of+the+Group+Quarters+Population+by+Group+Quarters+Type+(5+Types)) and represented the four named racial and ethnic groups that account for at least 2%, nationally, of the population in adult correctional facilities. Not included on the graphic are Asian people, who make up 1.1% of the correctional population, Native Hawaiians and Other Pacific Islanders, who make up 0.3%, people reporting “Some other race,” who account for 7.3%, and those of “Two or more races,” who make up 12.3% of the total national correctional population.
- Note that because Latinos may be of any race and because of how the Census Bureau published race and ethnicity data in the relevant table, we used the Census data for “White alone, Not Hispanic or Latino” for white people, but the Census Bureau’s data for “Black or African American” and “American Indian and Alaska Native” people may include people who identify as both that race and Latino [⤴](https://www.prisonpolicy.org/reports/pie2025.html#datatoc ""Back to methodology table of contents"")

[Read the detailed methodology](https://www.prisonpolicy.org/reports/pie2025.html#)

## How to link to specific images and sections

To help readers link to specific images in this report, we created these special urls:

How many people are locked up in the United States?[https://www.prisonpolicy.org/reports/pie2025.html#slideshows/slideshow1/1](https://www.prisonpolicy.org/reports/pie2025.html#slideshows/slideshow1/1)1 in 3 people behind bars is in a jail. Most have yet to be tried in court.[https://www.prisonpolicy.org/reports/pie2025.html#slideshows/slideshow1/2](https://www.prisonpolicy.org/reports/pie2025.html#slideshows/slideshow1/2)Despite reforms, drug offenses are still a defining characteristic of the federal system[https://www.prisonpolicy.org/reports/pie2025.html#slideshows/slideshow1/3](https://www.prisonpolicy.org/reports/pie2025.html#slideshows/slideshow1/3)Beyond “federal prison,” multiple agencies and thousands of local facilities confine people for the federal government[https://www.prisonpolicy.org/reports/pie2025.html#slideshows/slideshow1/4](https://www.prisonpolicy.org/reports/pie2025.html#slideshows/slideshow1/4)Pretrial Detention[https://www.prisonpolicy.org/reports/pie2025.html#slideshows/slideshow2/1](https://www.prisonpolicy.org/reports/pie2025.html#slideshows/slideshow2/1)Pretrial policies drive jail growth[https://www.prisonpolicy.org/reports/pie2025.html#slideshows/slideshow2/2](https://www.prisonpolicy.org/reports/pie2025.html#slideshows/slideshow2/2)Why are so many people detained in jails before trial? They’re not wealthy enough to afford money bail.[https://www.prisonpolicy.org/reports/pie2025.html#slideshows/slideshow2/3](https://www.prisonpolicy.org/reports/pie2025.html#slideshows/slideshow2/3)1 in 3 people behind bars is in a jail. Most have yet to be tried in court[https://www.prisonpolicy.org/reports/pie2025.html#slideshows/slideshow2/4](https://www.prisonpolicy.org/reports/pie2025.html#slideshows/slideshow2/4)U.S. crime rates continue to fall, and preliminary data indicate crime likely hit a 60-year low in 2023[https://www.prisonpolicy.org/reports/pie2025.html#crimerates](https://www.prisonpolicy.org/reports/pie2025.html#crimerates)1 in 5 incarcerated people is locked up for a drug offense[https://www.prisonpolicy.org/reports/pie2025.html#slideshows/slideshow3/1](https://www.prisonpolicy.org/reports/pie2025.html#slideshows/slideshow3/1)Even with recent changes to drug laws and enforcement, police still make almost a million drug possession arrests each year[https://www.prisonpolicy.org/reports/pie2025.html#slideshows/slideshow3/2](https://www.prisonpolicy.org/reports/pie2025.html#slideshows/slideshow3/2)Some states have largely ended the War on Drugs. Other states, not so much.[https://www.prisonpolicy.org/reports/pie2025.html#slideshows/slideshow3/3](https://www.prisonpolicy.org/reports/pie2025.html#slideshows/slideshow3/3)Most states track and publish just one measure of post-release recidivism[https://www.prisonpolicy.org/reports/pie2025.html#releaserecidivism](https://www.prisonpolicy.org/reports/pie2025.html#releaserecidivism)Very few states track and publish any recidivism data for people on probation[https://www.prisonpolicy.org/reports/pie2025.html#probationrecidivism](https://www.prisonpolicy.org/reports/pie2025.html#releaserecidivism)In jails, the most effective treatment options are the least accessible for people with opioid use disorder[https://www.prisonpolicy.org/reports/pie2025.html#jailtreatment](https://www.prisonpolicy.org/reports/pie2025.html#jailtreatment)What do victims of violent crimes really want?[https://www.prisonpolicy.org/reports/pie2025.html#victimswant](https://www.prisonpolicy.org/reports/pie2025.html#victimswant)Only 8% of confined people are held in private prisons[https://www.prisonpolicy.org/reports/pie2025.html#private\_facilities](https://www.prisonpolicy.org/reports/pie2025.html#private_facilities)Non-criminal (or “technical”) violations are the main reason for incarceration of people on probation and parole[https://www.prisonpolicy.org/reports/pie2025.html#slideshows/slideshow4/1](https://www.prisonpolicy.org/reports/pie2025.html#slideshows/slideshow4/1)The growth of electronic monitoring for the criminal legal and immigration systems, 2015-2024[https://www.prisonpolicy.org/reports/pie2025.html#slideshows/slideshow4/2](https://www.prisonpolicy.org/reports/pie2025.html#slideshows/slideshow4/2)Electronic monitoring doesn’t reduce jail populations[https://www.prisonpolicy.org/reports/pie2025.html#slideshows/slideshow4/3](https://www.prisonpolicy.org/reports/pie2025.html#slideshows/slideshow4/3)Most confined youth are held for non-person offenses, and 1 in 4 is held for an act that is not a “crimes” at all[https://www.prisonpolicy.org/reports/pie2025.html#slideshows/slideshow5/1](https://www.prisonpolicy.org/reports/pie2025.html#slideshows/slideshow5/1)More than 1 in 3 people in state prison were first arrested before their 16th birthday[https://www.prisonpolicy.org/reports/pie2025.html#slideshows/slideshow5/2](https://www.prisonpolicy.org/reports/pie2025.html#slideshows/slideshow5/2)Almost 67,000 people are confined for immigration reasons [https://www.prisonpolicy.org/reports/pie2025.html#slideshows/slideshow5/3](https://www.prisonpolicy.org/reports/pie2025.html#slideshows/slideshow5/3)Psychiatric facilities confine 25,000 people every day for criminal legal system involvement [https://www.prisonpolicy.org/reports/pie2025.html#slideshows/slideshow5/4](https://www.prisonpolicy.org/reports/pie2025.html#slideshows/slideshow5/4)Most people in Indian Country jails are locked up for property, drug, and public order charges[https://www.prisonpolicy.org/reports/pie2025.html#slideshows/slideshow5/5](https://www.prisonpolicy.org/reports/pie2025.html#slideshows/slideshow5/5)The rapid expansion of ICE’s electronic monitoring program[https://www.prisonpolicy.org/reports/pie2025.html#iceexpansion](https://www.prisonpolicy.org/reports/pie2025.html#iceexpansion)Mass incarceration directly impacts millions of people: But just how many, and in what ways?[https://www.prisonpolicy.org/reports/pie2025.html#impacted](https://www.prisonpolicy.org/reports/pie2025.html#impacted)Incarceration is just one piece of the much larger system of correctional control[https://www.prisonpolicy.org/reports/pie2025.html#slideshows/slideshow6/1](https://www.prisonpolicy.org/reports/pie2025.html#slideshows/slideshow6/1)Racial and ethnic disparities in correctional facilities[https://www.prisonpolicy.org/reports/pie2025.html#slideshows/slideshow6/2](https://www.prisonpolicy.org/reports/pie2025.html#slideshows/slideshow6/2)How many women are locked up in the United States?[https://www.prisonpolicy.org/reports/pie2025.html#slideshows/slideshow6/3](https://www.prisonpolicy.org/reports/pie2025.html#slideshows/slideshow6/3)Most people in prison are poor, and the poorest are women and people of color[https://www.prisonpolicy.org/reports/pie2025.html#slideshows/slideshow6/4](https://www.prisonpolicy.org/reports/pie2025.html#slideshows/slideshow6/4)Many people in state prisons grew up facing serious family, housing, economic, and educational challenges[https://www.prisonpolicy.org/reports/pie2025.html#slideshows/slideshow6/5](https://www.prisonpolicy.org/reports/pie2025.html#slideshows/slideshow6/5)The youngest and oldest people in prison[https://www.prisonpolicy.org/reports/pie2025.html#slideshows/slideshow6/6](https://www.prisonpolicy.org/reports/pie2025.html#slideshows/slideshow6/6)

To help readers link to specific report sections or paragraphs, we created these special urls:

Changes and trends in the data over time[https://www.prisonpolicy.org/reports/pie2025.html#trends](https://www.prisonpolicy.org/reports/pie2025.html#trends)Jails vs. prisons: What’s the difference?[https://www.prisonpolicy.org/reports/pie2025.html#jailsvprisons](https://www.prisonpolicy.org/reports/pie2025.html#jailsvprisons)Ten myths about mass incarceration[https://www.prisonpolicy.org/reports/pie2025.html#myths](https://www.prisonpolicy.org/reports/pie2025.html#myths)The first myth: Crime is up, and immigration and criminal legal system reforms are to blame[https://www.prisonpolicy.org/reports/pie2025.html#firstmyth](https://www.prisonpolicy.org/reports/pie2025.html#firstmyth)The second myth: The second myth: Releasing “nonviolent drug offenders” would end mass incarceration[https://www.prisonpolicy.org/reports/pie2025.html#secondmyth](https://www.prisonpolicy.org/reports/pie2025.html#secondmyth)The third myth: The third myth: By definition, “violent crime” involves physical harm[https://www.prisonpolicy.org/reports/pie2025.html#thirdmyth](https://www.prisonpolicy.org/reports/pie2025.html#thirdmyth)Offense categories might not mean what you think[https://www.prisonpolicy.org/reports/pie2025.html#offensecategories](https://www.prisonpolicy.org/reports/pie2025.html#offensecategories)The fourth myth: People in prison for violent or sexual crimes are too dangerous to be released[https://www.prisonpolicy.org/reports/pie2025.html#fourthmyth](https://www.prisonpolicy.org/reports/pie2025.html#fourthmyth)Recidivism: A slippery statistic[https://www.prisonpolicy.org/reports/pie2025.html#recidivism\_measures](https://www.prisonpolicy.org/reports/pie2025.html#recidivism_measures)The fifth myth: Some people need to go to jail to get treatment and services[https://www.prisonpolicy.org/reports/pie2025.html#fifthmyth](https://www.prisonpolicy.org/reports/pie2025.html#fifthmyth)The sixth myth: Harsh punishments deter crime, making us safer[https://www.prisonpolicy.org/reports/pie2025.html#sixthmyth](https://www.prisonpolicy.org/reports/pie2025.html#sixthmyth)The seventh myth: Crime victims support long prison sentences[https://www.prisonpolicy.org/reports/pie2025.html#seventhmyth](https://www.prisonpolicy.org/reports/pie2025.html#seventhmyth)The eighth myth: Private prisons are the corrupt heart of mass incarceration[https://www.prisonpolicy.org/reports/pie2025.html#eighthmyth](https://www.prisonpolicy.org/reports/pie2025.html#eigththmyth)The ninth myth: Prisons are “factories behind fences” that exist to provide companies with a huge slave labor force[https://www.prisonpolicy.org/reports/pie2025.html#ninthmyth](https://www.prisonpolicy.org/reports/pie2025.html#ninhthmyth)The tenth myth: Expanding community supervision — including electronic monitoring - is the best way to reduce incarceration[https://www.prisonpolicy.org/reports/pie2025.html#tenthmyth](https://www.prisonpolicy.org/reports/pie2025.html#tenthmyth)The high costs of low-level offenses[https://www.prisonpolicy.org/reports/pie2025.html#lowlevel](https://www.prisonpolicy.org/reports/pie2025.html#lowlevel)Misdemeanors: Minor offenses with major consequences[/reports/pie2025.html#misdemeanors](https://www.prisonpolicy.org/reports/pie2025.html#misdemeanors)Probation & parole violations and “holds” lead to unnecessary incarceration[https://www.prisonpolicy.org/reports/pie2025.html#holds](https://www.prisonpolicy.org/reports/pie2025.html#holds)“Low-level fugitives” live in fear of incarceration for missed court dates and unpaid fines[https://www.prisonpolicy.org/reports/pie2025.html#benchwarrants](https://www.prisonpolicy.org/reports/pie2025.html#benchwarrants)Lessons from the smaller “slices”: Youth, immigration, and involuntary commitment[https://www.prisonpolicy.org/reports/pie2025.html#smallerslices](https://www.prisonpolicy.org/reports/pie2025.html#smallerslices)Beyond the “Whole Pie”: Community supervision, poverty, age, and race and gender disparities[https://www.prisonpolicy.org/reports/pie2025.html#community](https://www.prisonpolicy.org/reports/pie2025.html#community)Each paragraph is also numbered, so you can use urls in this format:[https://www.prisonpolicy.org/reports/pie2025.html#paragraph1](https://www.prisonpolicy.org/reports/pie2025.html#paragraph1)

[https://www.prisonpolicy.org/reports/pie2025.html#paragraph2](https://www.prisonpolicy.org/reports/pie2025.html#paragraph2)

[https://www.prisonpolicy.org/reports/pie2025.html#paragraph3](https://www.prisonpolicy.org/reports/pie2025.html#paragraph3)

etc…

[Learn how to link to specific images and sections](https://www.prisonpolicy.org/reports/pie2025.html#)

## Acknowledgments

All Prison Policy Initiative reports are collaborative endeavors, but this report builds on the successful collaborations of the [several versions of this report](https://www.prisonpolicy.org/reports.html) we have produced since 2014. For this year’s report, the authors are particularly indebted to Shan Jumper for sharing updated civil detention and commitment data, Jordan Miner for helping with technical improvements, and Ed Epping for help with one of the visuals. Any errors or omissions, and final responsibility for all of the many value judgements required to produce a data visualization and report like this, are the sole responsibility of the authors.

We thank the John D. and Catherine T. MacArthur Foundation [Safety and Justice Challenge](http://www.safetyandjusticechallenge.org/) for their support of our research into the use and misuse of jails in this country. Finally, we’d like to thank each of our individual donors — your commitment to ending mass incarceration makes our work possible.

## About the authors

**Wendy Sawyer** is the Research Director at the Prison Policy Initiative. Along with directing the organization’s research priorities, Wendy is the author (or co-author) of several major reports, including [_Women’s Mass Incarceration: The Whole Pie,_](https://www.prisonpolicy.org/reports/pie2024women.html) [_Beyond the Count: A deep dive into state prison populations,_](https://www.prisonpolicy.org/reports/beyondthecount.html) [_All Profit, No Risk: How the bail industry exploits the justice system_](https://www.prisonpolicy.org/reports/bail.html) and [_Arrest, Release, Repeat: How police and jails are misused to respond to social problems_.](https://www.prisonpolicy.org/reports/repeatarrests.html) Wendy also frequently publishes [briefings](https://www.prisonpolicy.org/briefings/) on recent data releases, academic research, women’s incarceration, pretrial detention, probation, and more.

**Peter Wagner** is an attorney and the Executive Director of the Prison Policy Initiative. He co-founded the Prison Policy Initiative in 2001 in order to spark a national discussion about mass incarceration.

## About the Prison Policy Initiative

The non-profit, non-partisan Prison Policy Initiative was founded in 2001 to expose the broader harm of mass criminalization and spark advocacy campaigns to create a more just society. Alongside reports like this that [help the public more fully engage in criminal justice reform](https://www.prisonpolicy.org/national/), the organization leads the nation’s fight to keep the prison system from exerting undue influence on the political process (a.k.a. [prison gerrymandering](https://www.prisonersofthecensus.org/)) and plays a leading role in protecting the families of incarcerated people from the predatory [prison and jail telephone industry](https://www.prisonpolicy.org/phones/) and the [video visitation industry](https://www.prisonpolicy.org/visitation/).

## Footnotes

01. The number of state facilities is from the [Census of State and Federal Adult Correctional Facilities, 2019](https://bjs.ojp.gov/content/pub/pdf/csfacf19st.pdf) (the private adult facilities are also included in this number); the number of federal facilities is from the list of prison locations on the [Bureau of Prisons website](https://www.bop.gov/locations/list.jsp) (as of February 12, 2025); the number of youth facilities is from the [Juvenile Residential Facility Census Databook](https://www.ojjdp.gov/ojstatbb/jrfcdb/asp/display_profile.asp) (2022); the number of jails from [Census of Jails 2005-2019](https://bjs.ojp.gov/sites/g/files/xyckuh236/files/media/document/cj0519st.pdf) (counting facilities, not jurisdictions); the number of immigration detention facilities from Immigration and Customs Enforcement’s [Dedicated and Non Dedicated Facility List](https://www.ice.gov/doclib/facilityInspections/dedicatedNonDedicatedFacilityList.xlsx) (as of September 9, 2024); and the number of Indian Country jails from [Jails in Indian Country, 2023](https://bjs.ojp.gov/sites/g/files/xyckuh236/files/media/document/jic23.pdf). In addition to these larger systems of confinement, people are incarcerated in 41 prisons in U.S. territories, according to the [World Prison Brief](https://www.prisonstudies.org/world-prison-brief-data) (accessed February 12, 2025), and in 36 military prisons, according to a December 2022 [GAO report](https://www.gao.gov/assets/gao-23-105082.pdf) to Congressional Committees (page 5). We aren’t currently aware of a good source of data on the number of facilities that hold people involuntarily committed to civil commitment centers or psychiatric facilities due to underlying criminal charges or convictions. [↩](https://www.prisonpolicy.org/reports/pie2025.html#lf-fnref:1 ""return to article"")

02. This is undoubtedly a low estimate, as it does not capture the costs of all facilities included in this “whole pie,” and there are several significant types of expenses for which we could not create reliable national estimates, such as fines and fees. Moreover, many costs, such as those related to correctional health care, have also increased since we published the report. For more information including our methodology for calculating the $182 billion figure, see our 2017 report [Following the Money of Mass Incarceration](https://www.prisonpolicy.org/reports/money.html). [↩](https://www.prisonpolicy.org/reports/pie2025.html#lf-fnref:2 ""return to article"")

03. The average daily population of jails nationwide for the 12 months ending June 30, 2023 was 664,800, compared to 652,500 in the 12 months ending June 30, 2022. [↩](https://www.prisonpolicy.org/reports/pie2025.html#lf-fnref:3 ""return to article"")

04. The one-day count held on June 30 of each year tells a clearer story than the annual average daily population: In June of 2020, jail populations were 25% smaller than they were a year before. Within a year, more than half of those emptied beds were filled again, mostly by people detained pretrial. The growth over the past two years has also been driven by the number of _unconvicted_ people in jails, which reached 97% of its 2019 level in 2023, while the number of convicted people remains low at 77% of its 2019 level. [↩](https://www.prisonpolicy.org/reports/pie2025.html#lf-fnref:4 ""return to article"")

05. This is not the only lens through which we should think about mass incarceration, of course. For instance, while this view of the data shows clearly _which government agencies_ are most central to mass incarceration and _which criminalized behaviors_(or “offenses”) result in the most incarceration on a given day, at least some of the same data could instead be presented to emphasize the well-documented _racial and economic disparities_ that characterize mass incarceration. It would be impossible to present all possible “views” of mass incarceration in one report, but we encourage readers to take inspiration from our approach here to create further “big picture” analyses that can help people better understand mass incarceration, its harms, and how to end it. [↩](https://www.prisonpolicy.org/reports/pie2025.html#lf-fnref:5 ""return to article"")

06. The number of annual jail admissions includes multiple admissions of some individuals; it does not mean 7 million unique individuals cycling through jails in a year. We have analyzed two separate datasets to estimate how many unique individuals go to jail in a given year, and how many are booked into jail multiple times in the same year. Most recently, we analyzed unique data from the Jail Data Initiative and found that in 2023, there were 7.6 million jail admissions, but just over 5.6 million unique individuals went to jail. One in four jail admissions was someone returning to jail for at least the second time that year. In 2019, we analyzed the 2017 [National Survey on Drug Use and Health](https://www.drugabuse.gov/related-topics/trends-statistics/national-survey-drug-use-health-nsduh), which includes questions about whether respondents have been booked into jail; from this source, we estimated that of the 10.6 million jail admissions in 2017, [at least 4.9 million were unique individuals](https://www.prisonpolicy.org/reports/repeatarrests.html). [↩](https://www.prisonpolicy.org/reports/pie2025.html#lf-fnref:6 ""return to article"")

07. The local jail population in the main pie chart (562,019) reflects only the population under local jurisdiction; it excludes the people being held in jails for other state and federal agencies. The population under local jurisdiction is smaller than the population (664,800) physically located in jails on an average day [in 2023](https://bjs.ojp.gov/preliminary-data-release-jails-2023), often called the custody population. (For this distinction, see the [second image in the first slideshow](https://www.prisonpolicy.org/reports/pie2025.html#slideshows/slideshow1/2) above.) [↩](https://www.prisonpolicy.org/reports/pie2025.html#lf-fnref:7 ""return to article"")

08. After ticking up slightly in 2020, the violent crime rate (especially murder) [fell dramatically](https://jasher.substack.com/p/crime-in-2024-a-historic-drop-in) in 2023 and 2024. In general, violent crime has remained remarkably [steady](https://www.prisonpolicy.org/graphs/crime_2007_2022.html) in recent years; property crime has trended steeply downward and remains near historic lows. [↩](https://www.prisonpolicy.org/reports/pie2025.html#lf-fnref:8 ""return to article"")

09. Data from 2023 show the Index crime rate was the lowest it had been since 1963 that year, and the latest data show that downward trend continued well into 2024. Using the FBI’s [Crime Data Explorer](https://cde.ucr.cjis.gov/LATEST/webapp/#/pages/explorer/crime/quarterly)’s most recent quarterly crime data for 2024 and Table 1 in the downloadable [Crime in the United States](https://cde.ucr.cjis.gov/LATEST/webapp/#/pages/downloads) estimation tables for 2023, we estimated 2024 crime rates based on the reported percent change in crime rates between the first six months of 2023 and the first six months of 2024. The FBI reported a 10% decrease in violent crime and a 13% decrease in property crime in that period. However, 2024 data should be considered preliminary until annual crime data are reported later this year. [↩](https://www.prisonpolicy.org/reports/pie2025.html#lf-fnref:9 ""return to article"")

10. Our analysis of the 2019 [Census of Jails](https://www.icpsr.umich.edu/web/ICPSR/studies/38323) accounts for non-citizens held for ICE in rented jail beds due to their immigration status, so that we could isolate the number of non-citizens who are jailed after being accused of breaking criminal law. (Undocumented presence in the U.S. [is not a crime in and of itself, but rather a civil matter.)](https://www.aclu.org/sites/default/files/field_document/FINAL_criminalizing_undocumented_immigrants_issue_brief_PUBLIC_VERSION.pdf) The published percentage of non-citizens in jail in 2019 is 5.4%, but that includes those immigration holds; excluding those holds, 3.1% of the jail population with a known citizenship status were non-citizens. [↩](https://www.prisonpolicy.org/reports/pie2025.html#lf-fnref:10 ""return to article"")

11. The [linked 2022 study](https://munkschool.utoronto.ca/research/violent-crime-and-public-prosecution) found that a smaller portion of cities with “progressive” prosecutors saw increases in homicides compared to cities with “traditional” prosecutors (56% versus 68%) between 2015 and 2019, and the relative increase in homicides was lower in places with “progressive” prosecutors than those with “traditional” prosecutors (43% versus 55%). [Another study](https://www.naacpldf.org/wp-content/uploads/2022-08-03-TMI-Truth-in-Crime-Statistics-Report-FINAL-2.pdf) by the Thurgood Marshall Institute at the Legal Defense Fund found no significant difference in pandemic-era increases in homicides between cities with “progressive” versus “traditional” prosecutors. Nevertheless, conservative state legislatures continue to try to [undermine](https://theappeal.org/conservatives-progressive-prosecutors-reform/) these democratically-elected local officials with legislation designed to take their discretionary power away. [↩](https://www.prisonpolicy.org/reports/pie2025.html#lf-fnref:11 ""return to article"")

12. In 2023, there were an estimated 870,874 arrests for drug abuse violations in the U.S., 87.7% (about 763,756) of which were for drug possession. See Crime in the United States Annual Reports, 2023, “Persons Arrested” Tables 29 and 38 (available for download [here](https://cde.ucr.cjis.gov/LATEST/webapp/#/pages/downloads)). [↩](https://www.prisonpolicy.org/reports/pie2025.html#lf-fnref:12 ""return to article"")

13. The federal government defines the hierarchy of offenses with felonies higher than misdemeanors. And “\[w\]ithin these levels, … the hierarchy from most to least serious is as follows: homicide, rape/other sexual assault, robbery, aggravated assault, burglary, larceny/motor vehicle theft, fraud, drug trafficking, drug possession, weapons offense, driving under the influence, other public-order, and other.” See page 13 of [Recidivism of Prisoners Released in 1994](https://bjs.ojp.gov/content/pub/pdf/rpr94.pdf#page=13). [↩](https://www.prisonpolicy.org/reports/pie2025.html#lf-fnref:13 ""return to article"")

14. The felony murder rule has also been applied when the person who died was a participant in the crime. For example, in some jurisdictions, if one of the bank robbers is killed by the police during a chase, the surviving bank robbers can be convicted of felony murder of their colleague. For example see _People v. Hudson_, 222 Ill. 2d 392 (Ill. 2006) and _People v. Klebanowski_, 221 Ill. 2d 538 (Ill. 2006). According to a [_New York Times_ article](https://www.nytimes.com/2018/06/27/us/california-felony-murder.html), the U.S. is currently the only country still using the felony murder rule; other British common law countries abolished it years ago. A small but growing number of states have abolished it at the state level. [↩](https://www.prisonpolicy.org/reports/pie2025.html#lf-fnref:14 ""return to article"")

15. Despite this evidence, people convicted of violent offenses often face decades of incarceration, and those convicted of sexual offenses can be [committed to indefinite confinement](https://www.prisonpolicy.org/blog/2023/05/18/civil-commitment/) or [stigmatized by sex offender registries](https://repository.law.umich.edu/cgi/viewcontent.cgi?article=1078&context=articles) long after completing their sentences. [↩](https://www.prisonpolicy.org/reports/pie2025.html#lf-fnref:15 ""return to article"")

16. Prisons are also [entirely failing to provide people with adequate treatment](https://www.prisonpolicy.org/reports/chronicpunishment.html). 43% of people in state prisons have a diagnosed mental disorder, yet at any given time, only an estimated 6% of people in state prisons are receiving professional help. And while half of people in state prisons had a substance use disorder in the year before their admission to prison, only 10% report having received any clinical treatment while incarcerated. [↩](https://www.prisonpolicy.org/reports/pie2025.html#lf-fnref:16 ""return to article"")

17. Although they’ve failed to deter crime, long sentences _have_ accomplished a barbaric rise in the [incarceration of elderly people](https://www.prisonpolicy.org/blog/2023/08/02/aging/). Older people make up five times as much of the prison population as they did three decades ago: from 3% of the prison population in 1992 to 16% in 2022. This growth is seen even more acutely when looking at people serving life sentences: by 2024, 35% of people [serving life sentences](https://www.sentencingproject.org/reports/a-matter-of-life-the-scope-and-impact-of-life-and-long-term-imprisonment-in-the-united-states/) were at least 55 years old, with more than 69,100 older adults sentenced to die in prison. [↩](https://www.prisonpolicy.org/reports/pie2025.html#lf-fnref:17 ""return to article"")

18. In its [Defining Violence](https://justicepolicy.org/wp-content/uploads/justicepolicy/documents/jpi_definingviolence_final_report_9.7.2016.pdf) report, the Justice Policy Institute cites earlier surveys that found similar preferences. These include the 1997 [Iowa Crime Victimization Survey](https://www.ojp.gov/ncjrs/virtual-library/abstracts/iowa-adult-crime-victimization-survey-1997), in which burglary victims “voiced stronger support for approaches that rely less on incarceration, such as community service (75.7%), regular probation (68.6%), treatment and rehabilitation (53.5%), and intensive probation (43.7%)” and the 2013 first-ever [Survey of California Crime Victims and Survivors](https://www.ncsc.org/__data/assets/pdf_file/0017/1574/ca-crime-victims-voices.ashx.pdf), in which “seven in 10 victims supported directing resources to crime prevention versus towards incarceration (a five-to-one margin).” In a [2019 update](https://allianceforsafetyandjustice.org/wp-content/uploads/2019/04/201904-CSJ-CA-Crime-Survivors-Speak.pdf) to that survey, 75% of victims “support reducing prison terms by 20% for people in prison that are a low risk to public safety and do not have life sentences” and using the savings to fund crime prevention and rehabilitation. The [2024 iteration of the survey](https://asj.allianceforsafetyandjustice.org/crime-survivors-speak-2024/), with a smaller sample of 401 people who reported violent crime victimization in the past 10 years, similarly found that “less than 1 in 4 of all victims of violent crime think that long sentences are the most effective way to stop people from committing repeat crimes,” and 61% support earned time credit policies that incentivize participation in pre-release programming. [↩](https://www.prisonpolicy.org/reports/pie2025.html#lf-fnref:18 ""return to article"")

19. Many people convicted of violent offenses have been chronically exposed to neighborhood and interpersonal violence or trauma as children and into adulthood. As the Square One Project [explains](https://squareonejustice.org/wp-content/uploads/2019/09/executive-session-pdf-Reconsidering-the-violent-offender-report-ONLINE_FINAL.pdf), “Rather than violence being a behavioral tendency among a guilty few who harm the innocent, people convicted of violent crimes have lived in social contexts in which violence is likely. Often growing up in poor communities in which rates of street crime are high, and in chaotic homes which can be risky settings for children, justice-involved people can be swept into violence as victims and witnesses. From this perspective, the violent offender may have caused serious harm, but is likely to have suffered serious harm as well.” Our report [Reforms Without Results](https://www.prisonpolicy.org/reports/violence.html#victimization) summarizes research findings that bear this out. [↩](https://www.prisonpolicy.org/reports/pie2025.html#lf-fnref:19 ""return to article"")

20. For an explanation of how we calculated this, see “private facilities” in the [Methodology](https://www.prisonpolicy.org/reports/pie2025.html#datasection). For those interested in how many _facilities_ are privately operated, in 2019 (the most recent year for which we have national data) only 445 (9%) of the 4,793 [prisons](https://bjs.ojp.gov/content/pub/pdf/csfacf19st.pdf#page=7) and [jails](https://bjs.ojp.gov/sites/g/files/xyckuh236/files/media/document/cj0519st.pdf#page=42) in the U.S. were privately operated. [↩](https://www.prisonpolicy.org/reports/pie2025.html#lf-fnref:20 ""return to article"")

21. At [yearend 2022](https://bjs.ojp.gov/document/p22st.pdf), five states held more than 20% of those incarcerated under the state prison system’s jurisdiction in local jail facilities: Louisiana (53%), Kentucky (47%), Mississippi (33%), Utah (26%), and Tennessee (20%). For more on how renting jail space to other agencies skews priorities and fuels jail expansion, see the “ [Renting jail space](https://www.prisonpolicy.org/blog/2024/04/15/jails_update/#renting)” section in our recent briefing on states’ reliance on excessive jailing. [↩](https://www.prisonpolicy.org/reports/pie2025.html#lf-fnref:21 ""return to article"")

22. According to the most recent [National Correctional Industries Association survey](https://www.auditor.leg.state.mn.us/ped/pedrep/minncor.pdf#page=90) that is publicly available, an average of 6% of all people incarcerated in state prisons work in state-owned prison industries. However, the portion of incarcerated people working in these jobs ranges from 1% (in Connecticut) to 18% (in Minnesota). For a description of other kinds of prison work assignments, see [our 2017 analysis](https://www.prisonpolicy.org/blog/2017/04/10/wages/). [↩](https://www.prisonpolicy.org/reports/pie2025.html#lf-fnref:22 ""return to article"")

23. In 2022, [a report](https://www.aclu.org/report/captive-labor-exploitation-incarcerated-workers) by the ACLU and the University of Chicago Law School Global Human Rights Clinic found that very little has changed since then: Using a similar methodology, they found that prisons paid incarcerated workers a minimum average hourly wage of 13 cents and a maximum of 52 cents. [↩](https://www.prisonpolicy.org/reports/pie2025.html#lf-fnref:23 ""return to article"")

24. Even the [most common parole and probation conditions](https://www.prisonpolicy.org/reports/probation_conditions.html) are often stifling for those reentering society. In many states, for example, “ [association restrictions](https://www.prisonpolicy.org/blog/2023/11/08/association_restrictions/)” prohibit interactions between people on supervision and large swaths of the population, such as those with felony convictions or others on probation or parole. As a result, people must steer clear of certain places altogether, producing a complex web of prohibited activities and relationships that make it even harder to find housing and work, arrange for transportation, participate in treatment programs, or otherwise succeed in reentry. [↩](https://www.prisonpolicy.org/reports/pie2025.html#lf-fnref:24 ""return to article"")

25. A Community Spring program known as Just Income, which is led by formerly incarcerated people, offers a new way to understand these experiences through a simulator they designed called “ [ReEntry: A Look at the Journey Back to Life](https://www.prisonpolicy.org/blog/2023/12/05/reentry-simulator/).” [↩](https://www.prisonpolicy.org/reports/pie2025.html#lf-fnref:25 ""return to article"")

26. According to the most recent data available — Appendix Table 7 in the Bureau of Justice Statistics report [Probation and Parole in the United States, 2022](https://bjs.ojp.gov/document/ppus22.pdf) — 76,050 adults exited probation to incarceration under their current sentence; Appendix Table 11 shows 52,530 adults were returned to incarceration from parole with a revocation. The number of people incarcerated for non-criminal violations may be much higher, however, since over 41,000 people exiting probation and parole to incarceration did so for “other/unknown” reasons. [↩](https://www.prisonpolicy.org/reports/pie2025.html#lf-fnref:26 ""return to article"")

27. Electronic monitoring [restricts](https://www.prisonpolicy.org/blog/2023/10/30/electronic_monitoring/) people’s ability to leave their homes, subjecting them to extremely long and complicated approval processes for job interviews and denying them the flexibility required to work in food service, waste management, construction, and other industries. They are frequently denied permission to go to the doctor or the pharmacy to fill prescriptions. A [survey of people subjected to monitoring by ICE](https://larc.cardozo.yu.edu/cgi/viewcontent.cgi?article=1002&context=faculty-online-pubs) found that an astonishing 90% of people on electronic monitoring experienced harm to their physical health, including open sores and even electrical shocks. Many people report depressive and even suicidal thoughts from the stigma and isolation of wearing a monitor. To make matters worse, the technology can trigger relapse for those managing addiction, potentially leading to new offenses, overdose, and even death. Families and, overwhelmingly, Black and Brown communities [endure these harms](https://www.chicagoappleseed.org/2021/09/22/10-facts-about-pretrial-electronic-monitoring-in-cook-county/) alongside the people on electronic monitoring, as the practice impedes participation in childcare, key family events such as child birth or funerals. Some have also [noted](http://issues.chicagoreader.com/pdf/2021/040121-small.pdf) the technology has been deployed to undermine participation in social justice movements. [↩](https://www.prisonpolicy.org/reports/pie2025.html#lf-fnref:27 ""return to article"")

28. While some of this expansion took place in reaction to the pandemic, the [Vera Institute of Justice](https://www.vera.org/downloads/publications/Vera-People-On-Electronic-Monitoring-FINAL-120423.pdf) also notes that evolving technology is driving increasing electronic monitoring usage. Their report points out that the use of GPS devices increased thirty-fold between 2005 and 2021. Advancing technology has also increased the use of programs like cell phone apps designed to track and monitor people under supervision, which has allowed for rapid expansion of electronic monitoring and raised new areas of concern, such as the potential for highly personal data to be shared and compromised. [↩](https://www.prisonpolicy.org/reports/pie2025.html#lf-fnref:28 ""return to article"")

29. For example, in Los Angeles County between 2015 and 2021, [94%](https://law.ucla.edu/sites/default/files/PDFs/Criminal_Justice_Program/Electronic_Monitoring_in_Los_Angeles_Report-FINAL.pdf) of people who were terminated from the electronic monitoring program were sent back to jail for technical violations rather than for a new arrest or for absconding. [↩](https://www.prisonpolicy.org/reports/pie2025.html#lf-fnref:29 ""return to article"")

30. A medical journal [article](https://www.nejm.org/doi/10.1056/NEJMp2308861) also includes in this group people with developmental disabilities, dementia, and other forms of cognitive impairment. [↩](https://www.prisonpolicy.org/reports/pie2025.html#lf-fnref:30 ""return to article"")

31. In [2022](https://ojjdp.ojp.gov/publications/juvenile-court-statistics-2022.pdf), nearly two-thirds (64%) of juvenile status offense cases were for truancy. Nine percent were for running away, 9% were for being “ungovernable,” 8% were for underage liquor law violations, and 3% were for breaking curfew (the remaining 8% were petitioned for “miscellaneous” offenses). [↩](https://www.prisonpolicy.org/reports/pie2025.html#lf-fnref:31 ""return to article"")

32. As of 2016, [nearly 9 out of 10](https://web.archive.org/web/20221228062555/http:/crimmigration.com/2018/12/04/bulk-of-immigration-prisoners-commit-basic-offenses/) people incarcerated for immigration offenses by the Federal Bureau of Prisons were there for illegal entry and reentry. We know of no newer source of detailed information about these offenses. [↩](https://www.prisonpolicy.org/reports/pie2025.html#lf-fnref:32 ""return to article"")

33. People detained by ICE because they are facing “removal proceedings” and “removal” include longtime permanent residents, authorized foreign workers, and students, as well as those who have crossed U.S. borders. [↩](https://www.prisonpolicy.org/reports/pie2025.html#lf-fnref:33 ""return to article"")

34. [This program](https://www.ice.gov/features/atd) imposes electronic monitoring — whether through GPS ankle monitor, a mobile phone-based app, or other new technologies — on individuals with little or no criminal history, and has expanded from 23,000 people under active surveillance in 2014 to more than 185,500 people in February of 2025 (the number of people being monitored actually peaked in 2022 at almost 323,000 people) . The [Transactional Records Access Clearinghouse (TRAC)](https://tracreports.org/) provides frequently-updated data and analysis on this program, and many other aspects of immigration detention. [↩](https://www.prisonpolicy.org/reports/pie2025.html#lf-fnref:34 ""return to article"")

35. Most children in ORR custody are held in shelters. A small number are in secure juvenile facilities or in short-term or long-term foster care. With the exception of those in foster homes, these children are not free to come and go, and they do not participate in community life (e.g. they do not attend community schools). Their behaviors and interactions are monitored and recorded; any information gathered about them in ORR custody can be used against them later in immigration proceedings. And while the majority of these children came to the U.S. without a parent or legal guardian, those who were separated from parents at the border are, like ICE detainees, confined only because the U.S. has criminalized unauthorized immigration, even by persons lawfully seeking asylum. [↩](https://www.prisonpolicy.org/reports/pie2025.html#lf-fnref:35 ""return to article"")

36. People committed to state psychiatric facilities in the course of criminal legal proceedings are typically called “forensic” patients. Forensic patients are just one portion of the total number of people civilly committed or detained in psychiatric facilities on a given day; according to a recent [Treatment Advocacy Center report](https://www.treatmentadvocacycenter.org/reports_publications/state-psychiatric-hospital-beds/), forensic patients occupied more than half (52%) of available state psychiatric beds nationwide in 2023. Government agencies do not publish accessible, transparent data on the fuller picture of civil commitments (i.e., outside of those charged or convicted of criminal offenses), as the authors of [this 2020 report](https://ps.psychiatryonline.org/doi/10.1176/appi.ps.201900477) helpfully detail. [↩](https://www.prisonpolicy.org/reports/pie2025.html#lf-fnref:36 ""return to article"")

37. “Civil commitment” has a specific, somewhat euphemistic, meaning in the criminal legal context, but is used much more broadly outside of that context. Here, “civil commitment” refers to the involuntary commitment of people convicted of sex-related crimes after completing their prison sentences. While this is not part of their sentences (and therefore “civil”), these individuals are unquestionably there because of their criminal convictions. For more information, see our 2023 briefing [What is civil commitment?](https://www.prisonpolicy.org/blog/2023/05/18/civil-commitment/) [↩](https://www.prisonpolicy.org/reports/pie2025.html#lf-fnref:37 ""return to article"")

38. The Treatment Advocacy Center [reports](https://www.treatmentadvocacycenter.org/reports_publications/state-psychiatric-hospital-beds/) that “\[Not Guilty by Reason of Insanity\] patients also sometimes remain in the hospital years longer than they would have been held in prison for the same crime if they did not have a mental illness. … \[I\]n our survey, Tennessee and Wisconsin said explicitly that NGRI patients often stay in the state hospitals for life.” [↩](https://www.prisonpolicy.org/reports/pie2025.html#lf-fnref:38 ""return to article"")

39. While we have yet to find a national estimate of how many people are civilly committed in prisons, jails, or other facilities for involuntary drug treatment on a given day, and therefore cannot include them in our “whole pie” snapshot of confined populations, Massachusetts reportedly commits [over 6,000 people each year](https://www.wbur.org/news/2022/05/24/massachusetts-section-35-drug-jail-money-debate) under its provision, Section 35. According to Prisoners’ Legal Services of Massachusetts, “Due to insufficient capacity at treatment facilities, [3 out of 4 Section 35 beds are in correctional facilities](https://plsma.org/find-help/civil-commitment/).” [↩](https://www.prisonpolicy.org/reports/pie2025.html#lf-fnref:39 ""return to article"")

40. Our report on the pre-incarceration incomes of those imprisoned in state prisons, [Prisons of Poverty: Uncovering the pre-incarceration incomes of the imprisoned](https://www.prisonpolicy.org/reports/income.html), found that, in 2014 dollars, incarcerated people had a median annual income that is 41% less than non-incarcerated people of similar ages. Our analysis of similar jail data in [Detaining the Poor: How money bail perpetuates an endless cycle of poverty and jail time](https://www.prisonpolicy.org/reports/incomejails.html) found that people in jail who could not afford bail have even lower incomes, with a median annual income that is 54% less than non-incarcerated people of similar ages. [↩](https://www.prisonpolicy.org/reports/pie2025.html#lf-fnref:40 ""return to article"")

41. Even outside of prisons and jails, the elaborate system of criminal legal system [fines and](https://cjdebtreform.org/) [fees](https://endjusticefees.org/fee-surveys/) feeds a cycle of poverty and punishment for many poor Americans. [↩](https://www.prisonpolicy.org/reports/pie2025.html#lf-fnref:41 ""return to article"")

42. The data we collected in 12 [state-specific reports](https://www.prisonpolicy.org/origin/2020report.html) emphasized what we already know: Communities missing the most residents to incarceration are often disproportionately low-income, communities of color, under-resourced and overpoliced. For example, in Los Angeles, the 14 neighborhoods with the highest imprisonment rates are all clustered in [South Central Los Angeles](https://maps.latimes.com/neighborhoods/region/south-la/index.html) — a predominately Black and Latino region of the city with a [median income](https://maps.latimes.com/neighborhoods/income/median/neighborhood/list/index.html#view-park-windsor-hills) far below the city average. [↩](https://www.prisonpolicy.org/reports/pie2025.html#lf-fnref:42 ""return to article"")


[See all the footnotes](https://www.prisonpolicy.org/reports/pie2025.html#)

## Stay Informed

Email:

Get the latest updates:

Prison Policy Initiative newsletter [(?)](https://www.prisonpolicy.org/newsletter/archive.html?nl=general)Research Library [(?)](https://www.prisonpolicy.org/newsletter/archive.html?nl=research)Prison gerrymandering [(?)](https://www.prisonpolicy.org/newsletter/archive.html?nl=gerrymandering)

[Share on 𝕏](https://www.twitter.com/intent/tweet?text=Mass%20Incarceration%3A%20The%20Whole%20Pie%202025&url=https://www.prisonpolicy.org/reports/pie2025.html&via=prisonpolicy)[Donate](https://www.prisonpolicy.org/donate.html) [Now seeking: \\
\\
Creator-in-Residence](https://www.prisonpolicy.org/jobs.html)

# Recommended Reading:

[![](https://static.prisonpolicy.org/css/footer_images/StatesofIncarceration.png)](https://www.prisonpolicy.org/global/2024.html)

# [Incarceration rates for 50 states and 170 countries](https://www.prisonpolicy.org/global/2024.html)

[![](https://static.prisonpolicy.org/css/footer_images/followthemoney_featuredgraphs.png)](https://www.prisonpolicy.org/reports/money.html)

# [Who profits and who pays in the U.S. criminal justice system?](https://www.prisonpolicy.org/reports/money.html)

[![](https://static.prisonpolicy.org/css/footer_images/stateprofilesfooter_200x154.png)](https://www.prisonpolicy.org/profiles/)

# [Detailed charts and facts about incarceration in every state](https://www.prisonpolicy.org/profiles/)

[![](https://static.prisonpolicy.org/css/footer_images/shadowbudgets_200x154.jpg)](https://www.prisonpolicy.org/reports/shadowbudgets.html)

# [How mass incarceration steals from the poor to give to the prison](https://www.prisonpolicy.org/reports/shadowbudgets.html)

↑

Top

Table of

Contents",,The big picture on how many people are locked up in the United States and why - 2025.,,https://static.prisonpolicy.org/images/twitterCards/pie2025_socialcard_opengraph.png,https://static.prisonpolicy.org/favicon.png?v=2
America’s Incarceration Crossroads: Reversing Progress Amid Record-Low Crime Rates – The Sentencing Project,https://www.sentencingproject.org/policy-brief/americas-incarceration-crossroads-reversing-progress-amid-record-low-crime-rates/,"[Skip to main content](https://www.sentencingproject.org/policy-brief/americas-incarceration-crossroads-reversing-progress-amid-record-low-crime-rates/#maincontent) [Donate](https://secure.sentencingproject.org/a/donation)

The U.S. criminal legal system stands at a crossroads. The United States remains a world leader in incarceration, locking up its citizens at a far higher rate than any other industrialized nation.[1](https://www.sentencingproject.org/policy-brief/americas-incarceration-crossroads-reversing-progress-amid-record-low-crime-rates/#footnote-ref-1)

Between 1972 and 2009, the number of people imprisoned grew nearly 700%,[2](https://www.sentencingproject.org/policy-brief/americas-incarceration-crossroads-reversing-progress-amid-record-low-crime-rates/#footnote-ref-2) while crime rates declined dramatically after peaking in 1991.[3](https://www.sentencingproject.org/policy-brief/americas-incarceration-crossroads-reversing-progress-amid-record-low-crime-rates/#footnote-ref-3) Imprisonment levels slowly scaled back, achieving a 25% decline between 2009 and 2021.[4](https://www.sentencingproject.org/policy-brief/americas-incarceration-crossroads-reversing-progress-amid-record-low-crime-rates/#footnote-ref-4) Then, the prison population has resumed its growth, according to the most recently available data. The prison population grew in 2022 and in 2023, 39 states increased their prison populations.[5](https://www.sentencingproject.org/policy-brief/americas-incarceration-crossroads-reversing-progress-amid-record-low-crime-rates/#footnote-ref-5)

The COVID-19 pandemic contributed to a seismic increase in the most serious crime, homicide, which has fortunately declined to pre-pandemic levels. By 2024, homicide rates were 49% lower than their peak level in 1991. Violent and property crime rates overall have reached historic lows: 2024’s violent crime rate was 53% lower than its peak-1991 level and the property crime rate was 66% lower.[6](https://www.sentencingproject.org/policy-brief/americas-incarceration-crossroads-reversing-progress-amid-record-low-crime-rates/#footnote-ref-6)

While crime rates are at historic lows, Americans deserve greater levels of community safety. A growing number of elected officials at the local, state, and federal levels have moved to overturn successful criminal justice reforms and revert to the failed playbook of mass incarceration, while the federal government has cut funding for important crime-prevention programs.[7](https://www.sentencingproject.org/policy-brief/americas-incarceration-crossroads-reversing-progress-amid-record-low-crime-rates/#footnote-ref-7) Instead, policymakers should respond to crime upticks with evidence-based responses, while correcting the counterproductive, costly, and cruel responses of the past.

Excessive reliance on imprisonment in the United States is ineffective at addressing crime, diverts resources from effective public safety investments, upends family stability, contributes to trauma, and disproportionately harms communities of color.[8](https://www.sentencingproject.org/policy-brief/americas-incarceration-crossroads-reversing-progress-amid-record-low-crime-rates/#footnote-ref-8) A vast body of research has established that we can advance community safety while reducing prison admissions as well as scaling back sentences for both those entering prisons and those already there.[9](https://www.sentencingproject.org/policy-brief/americas-incarceration-crossroads-reversing-progress-amid-record-low-crime-rates/#footnote-ref-9)

#### Figure 1. Pace of Growth and Reduction in U.S. Prison Population

![](https://www.sentencingproject.org/app/uploads/2025/11/fig-1-website-950x427.png)

Source: Bureau of Justice Statistics. (1982). Prisoners 1925-81; Bureau of Justice Statistics Corrections Statistical Analysis Tool; Mueller, D., & Kluckow, R. (2023). Prisoners in 2023–Statistical tables. Bureau of Justice Statistics.

### Rapid Buildup, Modest Decline, and Rollbacks

During the buildup of mass incarceration, between 1972 and 2009, the prison population grew an average of 5.8% annually. Since then, the pace of decarceration has been less than one third the rate of growth—averaging 1.7% each year, which includes an anomalous 14% drop in 2020 in response to the COVID-19 pandemic, and increases in the prison population in 2013, 2022, and 2023.[10](https://www.sentencingproject.org/policy-brief/americas-incarceration-crossroads-reversing-progress-amid-record-low-crime-rates/#footnote-ref-10) The recent decarceration trajectory is tenuous given that the U.S. prison population grew by 4.0% between 2021 and 2023.[11](https://www.sentencingproject.org/policy-brief/americas-incarceration-crossroads-reversing-progress-amid-record-low-crime-rates/#footnote-ref-11)

The recent upticks in imprisonment levels follow eight consecutive years of decarceration. If the country were to course correct and resume decarceration at its recent pace of downsizing—averaging 1.7% annually since 2009—it would take 105 years (until 2130) to return to 1972’s imprisonment level—a level that preceded the era of mass incarceration.[12](https://www.sentencingproject.org/policy-brief/americas-incarceration-crossroads-reversing-progress-amid-record-low-crime-rates/#footnote-ref-12)

### Significant Variation Across States

Nationally, a return to 1972’s level of imprisonment would represent an 87% reduction in the prison population since the peak level in 2009. The U.S. youth justice system has already achieved reductions close to this magnitude: the number of youth held in juvenile justice facilities fell from a peak of 108,800 in 2000 to 27,600 in 2022, a 75% decline.[13](https://www.sentencingproject.org/policy-brief/americas-incarceration-crossroads-reversing-progress-amid-record-low-crime-rates/#footnote-ref-13) Some states are well on their way to achieving this level of decarceration in adult prisons as well. Alaska, Connecticut, New Jersey, New York, and Vermont have reduced their prison populations over 50% since reaching peak levels.[14](https://www.sentencingproject.org/policy-brief/americas-incarceration-crossroads-reversing-progress-amid-record-low-crime-rates/#footnote-ref-14) Twenty-one states and the federal prison system[15](https://www.sentencingproject.org/policy-brief/americas-incarceration-crossroads-reversing-progress-amid-record-low-crime-rates/#footnote-ref-15) have reduced their prison populations by over 25% since reaching their peaks, outpacing the national average level of decarceration.

Along with recent prison population reductions, several states have seen significant declines in crime, sometimes outpacing nationwide crime trends.[16](https://www.sentencingproject.org/policy-brief/americas-incarceration-crossroads-reversing-progress-amid-record-low-crime-rates/#footnote-ref-16) For example, between 1999 and 2023, when New York more than halved its prison population, the state’s violent crime rate fell by 34% while the U.S. violent crime rate fell by 28%.[17](https://www.sentencingproject.org/policy-brief/americas-incarceration-crossroads-reversing-progress-amid-record-low-crime-rates/#footnote-ref-17) Decarceration has also helped New York and several other states close, and in some cases repurpose, correctional facilities.[18](https://www.sentencingproject.org/policy-brief/americas-incarceration-crossroads-reversing-progress-amid-record-low-crime-rates/#footnote-ref-18)

Yet dangerous overcrowding persists in many jurisdictions and some policymakers plan to further expand incarceration levels. Alabama, a state with a still-bloated prison system rife with serious constitutional violations, is expected to grow its prison population by almost a third in the next five years, and has begun on a new billion dollar mega prison.[19](https://www.sentencingproject.org/policy-brief/americas-incarceration-crossroads-reversing-progress-amid-record-low-crime-rates/#footnote-ref-19) Prompted by its governor, in 2019 Alaska’s state legislature repealed several aspects of a major criminal justice overhaul, Senate Bill 91.[20](https://www.sentencingproject.org/policy-brief/americas-incarceration-crossroads-reversing-progress-amid-record-low-crime-rates/#footnote-ref-20) In 2022, Tennessee legislators expanded the state’s “truth in sentencing” law, requiring some individuals to serve 100% of their sentences.[21](https://www.sentencingproject.org/policy-brief/americas-incarceration-crossroads-reversing-progress-amid-record-low-crime-rates/#footnote-ref-21)

Given the dire consequences of mass incarceration and the breadth of evidence of its limited, and sometimes counterproductive, impact on public safety, the pace of decarceration has been far too slow in many states, and several jurisdictions have turned in the wrong direction. Ten states have reduced their prison populations by less than 15%.[22](https://www.sentencingproject.org/policy-brief/americas-incarceration-crossroads-reversing-progress-amid-record-low-crime-rates/#footnote-ref-22) An additional five states reached their peak level of imprisonment in 2023: Arkansas, Idaho, Montana, Nebraska, and North Dakota.

### Figure 2. Historical and Projected U.S. State and Federal Prison Population, Based on 2009-2023 Rate of Decline

![](https://www.sentencingproject.org/app/uploads/2025/11/fig-2-website-950x478.png)

Source of historical figures: Bureau of Justice Statistics. (1982). Prisoners 1925-81; Bureau of Justice Statistics Corrections Statistical Analysis Tool; Mueller, D., & Kluckow, R. (2023). Prisoners in 2023–Statistical tables. Bureau of Justice Statistics.

#### Figure 3. U.S. Prison Population Trends Through 2023: Decreases Since Peak Year, Increases Since 2018

![](https://www.sentencingproject.org/app/uploads/2025/11/fig-3-950x1290.png)

Note: See Table 1 for additional details.

\\* Data include jail populations because prisons and jails are an integrated system in these states.

† These states are poised to reverse some of this progress. See page 4 for more details.

Source: Bureau of Justice Statistics Prisoners Series (1999-2023)

### Meaningful Decarceration Requires Reforms for Extreme Sentences

The United States has made only modest progress toward ending mass incarceration amidst a historic crime drop. By year end 2024, violent crime rates reported to the police had plummeted to half of their 1990s levels, and property crime rates fell even further—just as crime rates have fallen in many other countries that did not increase imprisonment levels.[23](https://www.sentencingproject.org/policy-brief/americas-incarceration-crossroads-reversing-progress-amid-record-low-crime-rates/#footnote-ref-23) But U.S. imprisonment levels continued to increase for nearly two decades while crime rates fell, and the modest level of decarceration since appears to be in jeopardy.

In 2020, amidst the COVID-19 pandemic, violent crime rates increased—with homicides spiking—while property crimes continued their decline.[24](https://www.sentencingproject.org/policy-brief/americas-incarceration-crossroads-reversing-progress-amid-record-low-crime-rates/#footnote-ref-24) The most recently available data shows that homicide rates are below their pre-pandemic level and the overall violent and property crime rates are at historic lows.[25](https://www.sentencingproject.org/policy-brief/americas-incarceration-crossroads-reversing-progress-amid-record-low-crime-rates/#footnote-ref-25)

Past reforms have reduced the number of people imprisoned for a drug offense by 46% between peak year 2007 and 2022 (the most recent year of this data). The number of people imprisoned for a property offense has declined 50% between peak year 2007 and 2022. But for the majority (56%) of the prison population imprisoned for a violent crime—which generally ranges from robbery and assault to rape and murder—sentencing relief remains elusive.[26](https://www.sentencingproject.org/policy-brief/americas-incarceration-crossroads-reversing-progress-amid-record-low-crime-rates/#footnote-ref-26) Overall, the number of people imprisoned for a violent offense has declined by only 11% between peak year 2009 and 2022, despite violent crimes falling by 50% between peak year 1991 and 2022.[27](https://www.sentencingproject.org/policy-brief/americas-incarceration-crossroads-reversing-progress-amid-record-low-crime-rates/#footnote-ref-27) Longer prison terms have prevented this segment of the prison population from contracting amidst the historic crime drop.[28](https://www.sentencingproject.org/policy-brief/americas-incarceration-crossroads-reversing-progress-amid-record-low-crime-rates/#footnote-ref-28)

A key driver of mass incarceration has been the dramatic growth in length of imprisonment, including the unprecedented growth in life imprisonment. One in six people in U.S. prisons is serving a life sentence (16% of the prison population).[29](https://www.sentencingproject.org/policy-brief/americas-incarceration-crossroads-reversing-progress-amid-record-low-crime-rates/#footnote-ref-29) The reluctance to scale back extreme sentences is at odds with evidence that long sentences incapacitate older people who pose little public safety threat, produce limited deterrent effects, and detract from more effective investments in public safety.[30](https://www.sentencingproject.org/policy-brief/americas-incarceration-crossroads-reversing-progress-amid-record-low-crime-rates/#footnote-ref-30) Ending mass incarceration will require moderating prison terms for violence as well as minimizing imprisonment and prison terms for non-violent crimes.

#### Figure 4. Reported Violent Crimes, 1985-2024

![](https://www.sentencingproject.org/app/uploads/2025/11/Figure-4-950x537.png)

Source: Federal Bureau of Investigation. (2025). Crime data explorer.

#### Figure 5. U.S Prison Population by Conviction Offense, 1980-2022

![](https://www.sentencingproject.org/app/uploads/2025/11/Figure-5-950x548.png)

Note: Reductions are from years when the prison population for that offense category reached its peak. Chart omits public order and other/unspecified offenses, for which an additional 192,000 people were imprisoned in 2022, a 22% reduction from 2018 when that population reached its peak. Source: Snell, T. L. (1995). Correctional populations in the United States, 1993. Bureau of Justice Statistics; Bureau of Justice Statistics Prisoners Series (1996-2023).

| Jurisdiction | Peak to 2023 | Peak Year |
| --- | --- | --- |
| New Jersey | -62.9% | 1999 |
| New York | -55.3% | 1999 |
| Connecticut\* | -53.9% | 2007 |
| Vermont\* | -53.5% | 2009 |
| Alaska\*† | -52.3% | 2006 |
| Rhode Island\* | -46.9% | 2008 |
| Hawaii\* | -46.7% | 2005 |
| Massachusetts | -45.8% | 2011 |
| California | -44.9% | 2006 |
| Illinois | -39.6% | 2012 |
| Michigan | -36.0% | 2006 |
| Alabama† | -35.8% | 2012 |
| Delaware\* | -31.9% | 2007 |
| South Carolina | -30.9% | 2009 |
| Louisiana | -29.8% | 2012 |
| Maryland | -29.1% | 2007 |
| Virginia | -28.5% | 2015 |
| New Hampshire | -27.8% | 2007 |
| Washington | -27.3% | 2017 |
| Federal | -27.3% | 2011 |
| Missouri | -26.7% | 2017 |
| Colorado | -26.6% | 2008 |
| Oklahoma | -24.8% | 2016 |
| Pennsylvania | -24.4% | 2011 |
| New Mexico | -23.8% | 2017 |
| Nevada | -23.8% | 2017 |
| U.S. total | -22.1% | 2009 |
| Maine | -20.5% | 2007 |
| Indiana | -19.4% | 2013 |
| Oregon | -19.3% | 2018 |
| Minnesota | -19.2% | 2015 |
| West Virginia | -19.0% | 2016 |
| Kentucky | -18.6% | 2017 |
| Arizona | -18.3% | 2015 |
| Florida | -16.4% | 2010 |
| North Carolina | -16.1% | 2014 |
| Tennessee† | -15.8% | 2017 |
| Wyoming | -13.0% | 2018 |
| Mississippi | -11.6% | 2008 |
| Ohio | -10.9% | 2015 |
| Texas | -10.8% | 2010 |
| Georgia | -10.3% | 2009 |
| Wisconsin | -10.1% | 2018 |
| Kansas | -9.8% | 2019 |
| Utah | -9.5% | 2013 |
| Iowa | -6.3% | 2018 |
| South Dakota | -5.5% | 2017 |

Table 1: U.S. Prison Population Trends Through 2023: Decreases Since Peak Year

| Jurisdiction | 2018 to 2023 | Peak Year |
| --- | --- | --- |
| Arkansas | 3.1% | 2023 |
| Nebraska | 8.2% | 2023 |
| North Dakota | 13.1% | 2023 |
| Idaho | 23.2% | 2023 |
| Montana | 32.4% | 2023 |

Table 2: U.S. Prison Population Trends Through 2023: Increases Since 2018

Source: Bureau of Justice Statistics Prisoners Series (1999-2023)

\\* Data include jail populations because prisons and jails are an integrated system in these states.

† These states are poised to reverse some of this progress. See page 4 for more details.

## Footnotes

| [1.](https://www.sentencingproject.org/policy-brief/americas-incarceration-crossroads-reversing-progress-amid-record-low-crime-rates/#footnote-1) | World Prison Brief. (2023). _Highest to lowest – Prison population total_. Retrieved October 6, 2025, from [https://www.prisonstudies.org/highest-to-lowest/prison-population-total](https://www.prisonstudies.org/highest-to-lowest/prison-population-total). |
| [2.](https://www.sentencingproject.org/policy-brief/americas-incarceration-crossroads-reversing-progress-amid-record-low-crime-rates/#footnote-2) | Bureau of Justice Statistics. (1982). _[Prisoners 1925-81](https://bjs.ojp.gov/content/pub/pdf/p2581.pdf)_; Bureau of Justice Statistics [Corrections Statistical Analysis Tool](https://csat.bjs.ojp.gov/); Mueller, D., & Kluckow, R. (2023). [_Prisoners in 2023–Statistical tables_](https://bjs.ojp.gov/library/publications/prisoners-2023-statistical-tables?utm_content=pressrelease&utm_medium=email&utm_source=govdelivery). Bureau of Justice Statistics. |
| [3.](https://www.sentencingproject.org/policy-brief/americas-incarceration-crossroads-reversing-progress-amid-record-low-crime-rates/#footnote-3) | Federal Bureau of Investigation. (2025). [Crime data explorer](https://cde.ucr.cjis.gov/LATEST/webapp/#/pages/explorer/crime/crime-trend). |
| [4.](https://www.sentencingproject.org/policy-brief/americas-incarceration-crossroads-reversing-progress-amid-record-low-crime-rates/#footnote-4) | Mueller, D., & Kluckow, R. (2023). [_Prisoners in 2023–Statistical tables_](https://bjs.ojp.gov/library/publications/prisoners-2023-statistical-tables?utm_content=pressrelease&utm_medium=email&utm_source=govdelivery). Bureau of Justice Statistics. |
| [5.](https://www.sentencingproject.org/policy-brief/americas-incarceration-crossroads-reversing-progress-amid-record-low-crime-rates/#footnote-5) | The prison population grew 4.0% between 2021 and 2023. By 2023, the U.S. prison population had declined 22% since reaching its peak in 2009. Mueller, D., & Kluckow, R. (2023). _[Prisoners in 2023–Statistical tables](https://bjs.ojp.gov/library/publications/prisoners-2023-statistical-tables?utm_content=pressrelease&utm_medium=email&utm_source=govdelivery)_. Bureau of Justice Statistics. |
| [6.](https://www.sentencingproject.org/policy-brief/americas-incarceration-crossroads-reversing-progress-amid-record-low-crime-rates/#footnote-6) | Federal Bureau of Investigation. (2025). [Crime data explorer](https://cde.ucr.cjis.gov/LATEST/webapp/#/pages/explorer/crime/crime-trend). |
| [7.](https://www.sentencingproject.org/policy-brief/americas-incarceration-crossroads-reversing-progress-amid-record-low-crime-rates/#footnote-7) | See for example: Flynn, M., & Gathright, J. (2025, September 5). [House GOP weighing bills to remove elected D.C. AG, overhaul justice policies](https://www.washingtonpost.com/dc-md-va/2025/09/03/house-gop-weighing-bills-remove-elected-dc-ag-overhaul-justice-policies/). _Washington Post_; Solomon, A. L. (2025). _[DOJ funding update: A deeper look at the cuts](https://counciloncj.org/doj-funding-update-a-deeper-look-at-the-cuts/)_. Council on Criminal Justice; McKinley, J., Ashford, G., & Hurubie, M. (2023, April 28). [New York will toughen contentious bail law to give judges more discretion](https://www.nytimes.com/2023/04/28/nyregion/bail-reform-ny.html). _New York Times_. |
| [8.](https://www.sentencingproject.org/policy-brief/americas-incarceration-crossroads-reversing-progress-amid-record-low-crime-rates/#footnote-8) | Ghandnoosh, N. (2023). _[One in five: Ending racial inequity in incarceration](https://www.sentencingproject.org/reports/one-in-five-ending-racial-inequity-in-incarceration/?&emci=b439f2fa-5c78-ee11-b004-00224832eb73&emdi=ea000000-0000-0000-0000-000000000001&ceid=)_. The Sentencing Project; Komar, L., & Porter, N. D. (2023). _[Safety beyond sentencing](https://www.sentencingproject.org/policy-brief/safety-beyond-sentencing/)_. The Sentencing Project; John Jay College Research Advisory Group on Preventing and Reducing Community Violence. (2020). _[Reducing violence without police: A review of the research evidence](https://johnjayrec.nyc/2020/11/09/av2020/)_. John Jay College of Criminal Justice; Sebastian, T., et al. (2022) _[A new community safety blueprint: How the federal government can address violence and harm through a public health approach.](https://www.brookings.edu/articles/a-new-community-safety-blueprint-how-the-federal-government-can-address-violence-and-harm-through-a-public-health-approach/)_ Brookings; Doleac, J. (2018). _[New evidence that access to health care reduces crime](https://www.brookings.edu/articles/new-evidence-that-access-to-health-care-reduces-crime/)_. Brookings. |
| [9.](https://www.sentencingproject.org/policy-brief/americas-incarceration-crossroads-reversing-progress-amid-record-low-crime-rates/#footnote-9) | Petrich, D. M., et al. (2021) Custodial sanctions and reoffending: A meta-analytic review. _Crime and Justice_ (50). [https://doi.org/10.1086/715100](https://doi.org/10.1086/715100); Blumstein, A., & Piquero, A. (2007). Restore rationality to sentencing policy. _Criminology & Public Policy, 6_(4), 679-687. [https://doi.org/10.1111/j.1745-9133.2007.00463.x](https://doi.org/10.1111/j.1745-9133.2007.00463.x); Kazemian, L., & Farrington, D. P. (2018). Advancing knowledge about residual criminal careers: A follow-up to age 56 from the Cambridge Study in Delinquent Development. Journal of Criminal Justice, 57, 1-10. [https://doi.org/10.1016/j.jcrimjus.2018.03.001](https://doi.org/10.1016/j.jcrimjus.2018.03.001); Piquero, A., Hawkins, J., & Kazemian, L. (2012). Criminal career patterns. In R. Loeber & D. P. Farrington (Eds.), _From juvenile delinquency to adult crime: Criminal careers, justice policy, and prevention_ (pp. 14–46). New York, NY: Oxford University Press. |
| [10.](https://www.sentencingproject.org/policy-brief/americas-incarceration-crossroads-reversing-progress-amid-record-low-crime-rates/#footnote-10) | While the 2020 reductions were substantial, they were insufficient against the threat that the pandemic posed to incarcerated individuals. Franco-Paredes, C., et al. (2020). Decarceration and community re-entry in the COVID-19 era. _Lancet Infectious Diseases, 21_(1), 11-16. [https://doi.org/10.1016/S1473-3099(20)30730-1](https://doi.org/10.1016/S1473-3099(20)30730-1) |
| [11.](https://www.sentencingproject.org/policy-brief/americas-incarceration-crossroads-reversing-progress-amid-record-low-crime-rates/#footnote-11) | Mueller, D., & Kluckow, R. (2023). _[Prisoners in 2023–Statistical tables](https://bjs.ojp.gov/library/publications/prisoners-2023-statistical-tables?utm_content=pressrelease&utm_medium=email&utm_source=govdelivery)_. Bureau of Justice Statistics. |
| [12.](https://www.sentencingproject.org/policy-brief/americas-incarceration-crossroads-reversing-progress-amid-record-low-crime-rates/#footnote-12) | The U.S. prison population has grown far beyond the U.S. population, as reflected in imprisonment rates that account for total population size. The imprisonment rate grew from 93 per 100,000 residents in 1972 to 506 per 100,000 in 2008. It then declined by an average of 2.2% annually until 2023, reaching 360 per 100,000. At this rate, it would take 60 years—until 2085—to return to 1972’s imprisonment rate. See Figure 2 for source information. |
| [13.](https://www.sentencingproject.org/policy-brief/americas-incarceration-crossroads-reversing-progress-amid-record-low-crime-rates/#footnote-13) | Rovner, J. (2024). _[Youth justice by the numbers](https://www.sentencingproject.org/policy-brief/youth-justice-by-the-numbers/)_. The Sentencing Project. |
| [14.](https://www.sentencingproject.org/policy-brief/americas-incarceration-crossroads-reversing-progress-amid-record-low-crime-rates/#footnote-14) | Connecticut, Vermont, and Alaska have integrated jail and prison systems, as do Delaware, Hawaii, and Rhode Island. The population counts in this brief therefore include the jail populations of these states. |
| [15.](https://www.sentencingproject.org/policy-brief/americas-incarceration-crossroads-reversing-progress-amid-record-low-crime-rates/#footnote-15) | This figure is based on the number of people serving sentences longer than one year. The Bureau of Prisons reports that the total population under its jurisdiction decreased 29% between peak year 2013 and 2025. This followed a nearly 800% increase in the federal prison population since 1980. Federal Bureau of Prisons. (2023). Statistics – Population statistics. Retrieved October 6, 2025, from [https://www.bop.gov/about/statistics/population\_statistics.jsp](https://www.bop.gov/about/statistics/population_statistics.jsp) |
| [16.](https://www.sentencingproject.org/policy-brief/americas-incarceration-crossroads-reversing-progress-amid-record-low-crime-rates/#footnote-16) | Schrantz, D., DeBor, S., & Mauer, M. (2018). _[Decarceration strategies: How 5 states achieved substantial prison population reductions](https://www.sentencingproject.org/reports/decarceration-strategies-how-5-states-achieved-substantial-prison-population-reductions/)_. The Sentencing Project; Mauer, M. & Ghandnoosh, N. (2014). _[Fewer prisoners, less crime: A tale of three states](https://www.sentencingproject.org/app/uploads/2022/08/Fewer-Prisoners-Less-Crime-A-Tale-of-Three-States.pdf)_. The Sentencing Project. |
| [17.](https://www.sentencingproject.org/policy-brief/americas-incarceration-crossroads-reversing-progress-amid-record-low-crime-rates/#footnote-17) | Federal Bureau of Investigation. (2025). [Crime data explorer](https://cde.ucr.cjis.gov/LATEST/webapp/#/pages/explorer/crime/crime-trend). |
| [18.](https://www.sentencingproject.org/policy-brief/americas-incarceration-crossroads-reversing-progress-amid-record-low-crime-rates/#footnote-18) | Porter, N. (2022). _[Repurposing correctional facilities to strengthen communities](https://www.sentencingproject.org/reports/repurposing-correctional-facilities-to-strengthen-communities/)_. The Sentencing Project. |
| [19.](https://www.sentencingproject.org/policy-brief/americas-incarceration-crossroads-reversing-progress-amid-record-low-crime-rates/#footnote-19) | Chapoco, R. (2025, September 29). Alabama state prison population could rise by a third by 2030. _Alabama Reflector_. [https://alabamareflector.com/2025/09/29/alabama-state-prison-population-could-rise-by-a-third-by-2030/?utm\_source=TMP-Newsletter&utm\_campaign=adaab5bd49-EMAIL\_CAMPAIGN\_2025\_09\_30\_10\_44&utm\_medium=email&utm\_term=0\_5e02cdad9d-adaab5bd49-174282833](https://alabamareflector.com/2025/09/29/alabama-state-prison-population-could-rise-by-a-third-by-2030/?utm_source=TMP-Newsletter&utm_campaign=adaab5bd49-EMAIL_CAMPAIGN_2025_09_30_10_44&utm_medium=email&utm_term=0_5e02cdad9d-adaab5bd49-174282833); Lyman, B. & Roney, M. (2021, October 1). Gov. Kay lvey signs $1.3 billion prison construction bill. _Montgomery Advisor_. [https://www.montgomeryadvertiser.com/story/news/2021/10/01/alabama-senate-approves-1-3-billion-prison-construction-bill/5934851001/](https://www.montgomeryadvertiser.com/story/news/2021/10/01/alabama-senate-approves-1-3-billion-prison-construction-bill/5934851001/); U.S. Department of Justice. (2020, December 9). _Justice Department files lawsuit against the state of Alabama for unconstitutional conditions in state’s prisons for men_ \[Press release\]. [https://www.justice.gov/opa/pr/justice-department-files-lawsuit-against-state-alabama-unconstitutional-conditions-states](https://www.justice.gov/opa/pr/justice-department-files-lawsuit-against-state-alabama-unconstitutional-conditions-states) |
| [20.](https://www.sentencingproject.org/policy-brief/americas-incarceration-crossroads-reversing-progress-amid-record-low-crime-rates/#footnote-20) | Brooks, J. (2019, May 28). Alaska Senate votes to repeal and replace most of SB 91, sending crime bill to governor’s desk. _Anchorage Daily News_. [https://www.adn.com/politics/alaska-legislature/2019/05/29/alaska-senate-votes-to-repeal-and-replace-most-of-sb-91-sending-crime-bill-to-governors-desk/](https://www.adn.com/politics/alaska-legislature/2019/05/29/alaska-senate-votes-to-repeal-and-replace-most-of-sb-91-sending-crime-bill-to-governors-desk/) |
| [21.](https://www.sentencingproject.org/policy-brief/americas-incarceration-crossroads-reversing-progress-amid-record-low-crime-rates/#footnote-21) | Brown, M. (2022, April 21). Tennessee General Assembly passes controversial ‘truth in sentencing’ legislation. _The Tennessean_. [https://www.tennessean.com/story/news/politics/2022/04/21/tennessee-general-assembly-passes-controversial-truth-sentencing-legislation/7400115001/](https://www.tennessean.com/story/news/politics/2022/04/21/tennessee-general-assembly-passes-controversial-truth-sentencing-legislation/7400115001/) |
| [22.](https://www.sentencingproject.org/policy-brief/americas-incarceration-crossroads-reversing-progress-amid-record-low-crime-rates/#footnote-22) | Georgia, Iowa, Kansas, Mississippi, Ohio, South Dakota, Texas, Utah, Wisconsin, and Wyoming. |
| [23.](https://www.sentencingproject.org/policy-brief/americas-incarceration-crossroads-reversing-progress-amid-record-low-crime-rates/#footnote-23) | The rate of reported violent crimes fell from 758 per 100,000 residents in 1991 to 359 in 2024 (53% decline); the rate of reported property crimes rate fell from 5,140 per 100,000 residents in 1991 to 1,760 in 2024 (66% decline). The homicide rate fell from a high of 9.8 per 100,000 residents in 1991 to 5.0 in 2024 (49% decline). Federal Bureau of Investigation. (2025). [Crime data explorer](https://cde.ucr.cjis.gov/LATEST/webapp/#/pages/explorer/crime/crime-trend); Doob, A., & Webster, C. (2006). Countering punitiveness: Understanding stability in Canada’s imprisonment. _Law & Society Review, 40_(2), 325–367. [https://doi.org/10.1111/j.1540-5893.2006.00266.x](https://cde.ucr.cjis.gov/LATEST/webapp/#/pages/explorer/crime/crime-trend); Tseloni, A., Mailley, J. & Garrell, G. (2010). Exploring the international decline in crime rates. _European Journal of Criminology, 7_(5), 375–394. [https://doi.org/10.1177/1477370810367014](https://cde.ucr.cjis.gov/LATEST/webapp/#/pages/explorer/crime/crime-trend). |
| [24.](https://www.sentencingproject.org/policy-brief/americas-incarceration-crossroads-reversing-progress-amid-record-low-crime-rates/#footnote-24) | The rate of reported violent crimes increased 5% in 2020 (increasing from 381 to 399 per 100,000 residents). The homicide rate increased 27% in 2020 (increasing from 5.1 to 6.5 per 100,000 residents), following a 2% increase in 2019. Reported rates of property crimes continued their decline in 2020 (falling 8%, from 2,131 to 1,958 per 100,000). Federal Bureau of Investigation. (2025). [Crime data explorer](https://cde.ucr.cjis.gov/LATEST/webapp/#/pages/explorer/crime/crime-trend). See also Grawert, A. and Kim, N. (2022). _[Myths and realities: Understanding recent trends in violent crime](https://www.brennancenter.org/our-work/research-reports/myths-and-realities-understanding-recent-trends-violent-crime)_. Brennan Center. |
| [25.](https://www.sentencingproject.org/policy-brief/americas-incarceration-crossroads-reversing-progress-amid-record-low-crime-rates/#footnote-25) | Federal Bureau of Investigation. (2025). [Crime data explorer](https://cde.ucr.cjis.gov/LATEST/webapp/#/pages/explorer/crime/crime-trend); Asher, J. (2024, December 18). [Crime in 2024: A historic drop in murder with declining violent and property crime](https://jasher.substack.com/p/crime-in-2024-a-historic-drop-in). _Jeff-alytics_; Asher, J. (2025, September 22). [The FBI will likely report the lowest murder rate ever recorded In 2025](https://jasher.substack.com/p/the-fbi-will-likely-report-the-lowest?utm_source=TMP-Newsletter&utm_campaign=b3c0b9d361-EMAIL_CAMPAIGN_2025_09_23_10_36&utm_medium=email&utm_term=0_5e02cdad9d-b3c0b9d361-174282833). _Jeff-alytics_; Lopez, E., & Boxerman, B. (2025). _[Crime trends in U.S. cities: Year-end 2024 update](https://counciloncj.org/crime-trends-in-u-s-cities-year-end-2024-update/)_. Council on Criminal Justice. |
| [26.](https://www.sentencingproject.org/policy-brief/americas-incarceration-crossroads-reversing-progress-amid-record-low-crime-rates/#footnote-26) | Ghandnoosh, N. (2019). _[The next step: Ending excessive punishment for violent crimes](https://www.sentencingproject.org/webinar/the-next-step-ending-excessive-punishment-for-violent-crimes-2/)_. The Sentencing Project; Mueller, D., & Kluckow, R. (2023). _[Prisoners in 2023–Statistical tables](https://bjs.ojp.gov/library/publications/prisoners-2023-statistical-tables?utm_content=pressrelease&utm_medium=email&utm_source=govdelivery)_. Bureau of Justice Statistics. |
| [27.](https://www.sentencingproject.org/policy-brief/americas-incarceration-crossroads-reversing-progress-amid-record-low-crime-rates/#footnote-27) | Federal Bureau of Investigation. (2025). [Crime data explorer](https://cde.ucr.cjis.gov/LATEST/webapp/#/pages/explorer/crime/crime-trend). |
| [28.](https://www.sentencingproject.org/policy-brief/americas-incarceration-crossroads-reversing-progress-amid-record-low-crime-rates/#footnote-28) | Ghandnoosh, N. & Nellis, A. (2022). _[How many people are spending over a decade in prison?](https://www.sentencingproject.org/policy-brief/how-many-people-are-spending-over-a-decade-in-prison/)_ The Sentencing Project. |
| [29.](https://www.sentencingproject.org/policy-brief/americas-incarceration-crossroads-reversing-progress-amid-record-low-crime-rates/#footnote-29) | Nellis, A. & Barry, C. (2025). _[A matter of life: The scope and impact of life and long term imprisonment in the United States](https://www.sentencingproject.org/app/uploads/2025/01/A-Matter-of-Life-The-Scope-and-Impact-of-Life-and-Long-Term-Imprisonment-in-the-United-States.pdf)_. The Sentencing Project. |
| [30.](https://www.sentencingproject.org/policy-brief/americas-incarceration-crossroads-reversing-progress-amid-record-low-crime-rates/#footnote-30) | Ghandnoosh, N. & Nellis, A. (2022). _[How many people are spending over a decade in prison?](https://www.sentencingproject.org/policy-brief/how-many-people-are-spending-over-a-decade-in-prison/)_ The Sentencing Project. |

World Prison Brief. (2023). _Highest to lowest – Prison population total_. Retrieved October 6, 2025, from [https://www.prisonstudies.org/highest-to-lowest/prison-population-total](https://www.prisonstudies.org/highest-to-lowest/prison-population-total).

Bureau of Justice Statistics. (1982). _[Prisoners 1925-81](https://bjs.ojp.gov/content/pub/pdf/p2581.pdf)_; Bureau of Justice Statistics [Corrections Statistical Analysis Tool](https://csat.bjs.ojp.gov/); Mueller, D., & Kluckow, R. (2023). [_Prisoners in 2023–Statistical tables_](https://bjs.ojp.gov/library/publications/prisoners-2023-statistical-tables?utm_content=pressrelease&utm_medium=email&utm_source=govdelivery). Bureau of Justice Statistics.

Federal Bureau of Investigation. (2025). [Crime data explorer](https://cde.ucr.cjis.gov/LATEST/webapp/#/pages/explorer/crime/crime-trend).

Mueller, D., & Kluckow, R. (2023). [_Prisoners in 2023–Statistical tables_](https://bjs.ojp.gov/library/publications/prisoners-2023-statistical-tables?utm_content=pressrelease&utm_medium=email&utm_source=govdelivery). Bureau of Justice Statistics.

The prison population grew 4.0% between 2021 and 2023. By 2023, the U.S. prison population had declined 22% since reaching its peak in 2009. Mueller, D., & Kluckow, R. (2023). _[Prisoners in 2023–Statistical tables](https://bjs.ojp.gov/library/publications/prisoners-2023-statistical-tables?utm_content=pressrelease&utm_medium=email&utm_source=govdelivery)_. Bureau of Justice Statistics.

Federal Bureau of Investigation. (2025). [Crime data explorer](https://cde.ucr.cjis.gov/LATEST/webapp/#/pages/explorer/crime/crime-trend).

See for example: Flynn, M., & Gathright, J. (2025, September 5). [House GOP weighing bills to remove elected D.C. AG, overhaul justice policies](https://www.washingtonpost.com/dc-md-va/2025/09/03/house-gop-weighing-bills-remove-elected-dc-ag-overhaul-justice-policies/). _Washington Post_; Solomon, A. L. (2025). _[DOJ funding update: A deeper look at the cuts](https://counciloncj.org/doj-funding-update-a-deeper-look-at-the-cuts/)_. Council on Criminal Justice; McKinley, J., Ashford, G., & Hurubie, M. (2023, April 28). [New York will toughen contentious bail law to give judges more discretion](https://www.nytimes.com/2023/04/28/nyregion/bail-reform-ny.html). _New York Times_.

Ghandnoosh, N. (2023). _[One in five: Ending racial inequity in incarceration](https://www.sentencingproject.org/reports/one-in-five-ending-racial-inequity-in-incarceration/?&emci=b439f2fa-5c78-ee11-b004-00224832eb73&emdi=ea000000-0000-0000-0000-000000000001&ceid=)_. The Sentencing Project; Komar, L., & Porter, N. D. (2023). _[Safety beyond sentencing](https://www.sentencingproject.org/policy-brief/safety-beyond-sentencing/)_. The Sentencing Project; John Jay College Research Advisory Group on Preventing and Reducing Community Violence. (2020). _[Reducing violence without police: A review of the research evidence](https://johnjayrec.nyc/2020/11/09/av2020/)_. John Jay College of Criminal Justice; Sebastian, T., et al. (2022) _[A new community safety blueprint: How the federal government can address violence and harm through a public health approach.](https://www.brookings.edu/articles/a-new-community-safety-blueprint-how-the-federal-government-can-address-violence-and-harm-through-a-public-health-approach/)_ Brookings; Doleac, J. (2018). _[New evidence that access to health care reduces crime](https://www.brookings.edu/articles/new-evidence-that-access-to-health-care-reduces-crime/)_. Brookings.

Petrich, D. M., et al. (2021) Custodial sanctions and reoffending: A meta-analytic review. _Crime and Justice_ (50). [https://doi.org/10.1086/715100](https://doi.org/10.1086/715100); Blumstein, A., & Piquero, A. (2007). Restore rationality to sentencing policy. _Criminology & Public Policy, 6_(4), 679-687. [https://doi.org/10.1111/j.1745-9133.2007.00463.x](https://doi.org/10.1111/j.1745-9133.2007.00463.x); Kazemian, L., & Farrington, D. P. (2018). Advancing knowledge about residual criminal careers: A follow-up to age 56 from the Cambridge Study in Delinquent Development. Journal of Criminal Justice, 57, 1-10. [https://doi.org/10.1016/j.jcrimjus.2018.03.001](https://doi.org/10.1016/j.jcrimjus.2018.03.001); Piquero, A., Hawkins, J., & Kazemian, L. (2012). Criminal career patterns. In R. Loeber & D. P. Farrington (Eds.), _From juvenile delinquency to adult crime: Criminal careers, justice policy, and prevention_ (pp. 14–46). New York, NY: Oxford University Press.

While the 2020 reductions were substantial, they were insufficient against the threat that the pandemic posed to incarcerated individuals. Franco-Paredes, C., et al. (2020). Decarceration and community re-entry in the COVID-19 era. _Lancet Infectious Diseases, 21_(1), 11-16. [https://doi.org/10.1016/S1473-3099(20)30730-1](https://doi.org/10.1016/S1473-3099(20)30730-1)

Mueller, D., & Kluckow, R. (2023). _[Prisoners in 2023–Statistical tables](https://bjs.ojp.gov/library/publications/prisoners-2023-statistical-tables?utm_content=pressrelease&utm_medium=email&utm_source=govdelivery)_. Bureau of Justice Statistics.

The U.S. prison population has grown far beyond the U.S. population, as reflected in imprisonment rates that account for total population size. The imprisonment rate grew from 93 per 100,000 residents in 1972 to 506 per 100,000 in 2008. It then declined by an average of 2.2% annually until 2023, reaching 360 per 100,000. At this rate, it would take 60 years—until 2085—to return to 1972’s imprisonment rate. See Figure 2 for source information.

Rovner, J. (2024). _[Youth justice by the numbers](https://www.sentencingproject.org/policy-brief/youth-justice-by-the-numbers/)_. The Sentencing Project.

Connecticut, Vermont, and Alaska have integrated jail and prison systems, as do Delaware, Hawaii, and Rhode Island. The population counts in this brief therefore include the jail populations of these states.

This figure is based on the number of people serving sentences longer than one year. The Bureau of Prisons reports that the total population under its jurisdiction decreased 29% between peak year 2013 and 2025. This followed a nearly 800% increase in the federal prison population since 1980. Federal Bureau of Prisons. (2023). Statistics – Population statistics. Retrieved October 6, 2025, from [https://www.bop.gov/about/statistics/population\_statistics.jsp](https://www.bop.gov/about/statistics/population_statistics.jsp)

Schrantz, D., DeBor, S., & Mauer, M. (2018). _[Decarceration strategies: How 5 states achieved substantial prison population reductions](https://www.sentencingproject.org/reports/decarceration-strategies-how-5-states-achieved-substantial-prison-population-reductions/)_. The Sentencing Project; Mauer, M. & Ghandnoosh, N. (2014). _[Fewer prisoners, less crime: A tale of three states](https://www.sentencingproject.org/app/uploads/2022/08/Fewer-Prisoners-Less-Crime-A-Tale-of-Three-States.pdf)_. The Sentencing Project.

Federal Bureau of Investigation. (2025). [Crime data explorer](https://cde.ucr.cjis.gov/LATEST/webapp/#/pages/explorer/crime/crime-trend).

Porter, N. (2022). _[Repurposing correctional facilities to strengthen communities](https://www.sentencingproject.org/reports/repurposing-correctional-facilities-to-strengthen-communities/)_. The Sentencing Project.

Chapoco, R. (2025, September 29). Alabama state prison population could rise by a third by 2030. _Alabama Reflector_. [https://alabamareflector.com/2025/09/29/alabama-state-prison-population-could-rise-by-a-third-by-2030/?utm\_source=TMP-Newsletter&utm\_campaign=adaab5bd49-EMAIL\_CAMPAIGN\_2025\_09\_30\_10\_44&utm\_medium=email&utm\_term=0\_5e02cdad9d-adaab5bd49-174282833](https://alabamareflector.com/2025/09/29/alabama-state-prison-population-could-rise-by-a-third-by-2030/?utm_source=TMP-Newsletter&utm_campaign=adaab5bd49-EMAIL_CAMPAIGN_2025_09_30_10_44&utm_medium=email&utm_term=0_5e02cdad9d-adaab5bd49-174282833); Lyman, B. & Roney, M. (2021, October 1). Gov. Kay lvey signs $1.3 billion prison construction bill. _Montgomery Advisor_. [https://www.montgomeryadvertiser.com/story/news/2021/10/01/alabama-senate-approves-1-3-billion-prison-construction-bill/5934851001/](https://www.montgomeryadvertiser.com/story/news/2021/10/01/alabama-senate-approves-1-3-billion-prison-construction-bill/5934851001/); U.S. Department of Justice. (2020, December 9). _Justice Department files lawsuit against the state of Alabama for unconstitutional conditions in state’s prisons for men_ \[Press release\]. [https://www.justice.gov/opa/pr/justice-department-files-lawsuit-against-state-alabama-unconstitutional-conditions-states](https://www.justice.gov/opa/pr/justice-department-files-lawsuit-against-state-alabama-unconstitutional-conditions-states)

Brooks, J. (2019, May 28). Alaska Senate votes to repeal and replace most of SB 91, sending crime bill to governor’s desk. _Anchorage Daily News_. [https://www.adn.com/politics/alaska-legislature/2019/05/29/alaska-senate-votes-to-repeal-and-replace-most-of-sb-91-sending-crime-bill-to-governors-desk/](https://www.adn.com/politics/alaska-legislature/2019/05/29/alaska-senate-votes-to-repeal-and-replace-most-of-sb-91-sending-crime-bill-to-governors-desk/)

Brown, M. (2022, April 21). Tennessee General Assembly passes controversial ‘truth in sentencing’ legislation. _The Tennessean_. [https://www.tennessean.com/story/news/politics/2022/04/21/tennessee-general-assembly-passes-controversial-truth-sentencing-legislation/7400115001/](https://www.tennessean.com/story/news/politics/2022/04/21/tennessee-general-assembly-passes-controversial-truth-sentencing-legislation/7400115001/)

Georgia, Iowa, Kansas, Mississippi, Ohio, South Dakota, Texas, Utah, Wisconsin, and Wyoming.

The rate of reported violent crimes fell from 758 per 100,000 residents in 1991 to 359 in 2024 (53% decline); the rate of reported property crimes rate fell from 5,140 per 100,000 residents in 1991 to 1,760 in 2024 (66% decline). The homicide rate fell from a high of 9.8 per 100,000 residents in 1991 to 5.0 in 2024 (49% decline). Federal Bureau of Investigation. (2025). [Crime data explorer](https://cde.ucr.cjis.gov/LATEST/webapp/#/pages/explorer/crime/crime-trend); Doob, A., & Webster, C. (2006). Countering punitiveness: Understanding stability in Canada’s imprisonment. _Law & Society Review, 40_(2), 325–367. [https://doi.org/10.1111/j.1540-5893.2006.00266.x](https://cde.ucr.cjis.gov/LATEST/webapp/#/pages/explorer/crime/crime-trend); Tseloni, A., Mailley, J. & Garrell, G. (2010). Exploring the international decline in crime rates. _European Journal of Criminology, 7_(5), 375–394. [https://doi.org/10.1177/1477370810367014](https://cde.ucr.cjis.gov/LATEST/webapp/#/pages/explorer/crime/crime-trend).

The rate of reported violent crimes increased 5% in 2020 (increasing from 381 to 399 per 100,000 residents). The homicide rate increased 27% in 2020 (increasing from 5.1 to 6.5 per 100,000 residents), following a 2% increase in 2019. Reported rates of property crimes continued their decline in 2020 (falling 8%, from 2,131 to 1,958 per 100,000). Federal Bureau of Investigation. (2025). [Crime data explorer](https://cde.ucr.cjis.gov/LATEST/webapp/#/pages/explorer/crime/crime-trend). See also Grawert, A. and Kim, N. (2022). _[Myths and realities: Understanding recent trends in violent crime](https://www.brennancenter.org/our-work/research-reports/myths-and-realities-understanding-recent-trends-violent-crime)_. Brennan Center.

Federal Bureau of Investigation. (2025). [Crime data explorer](https://cde.ucr.cjis.gov/LATEST/webapp/#/pages/explorer/crime/crime-trend); Asher, J. (2024, December 18). [Crime in 2024: A historic drop in murder with declining violent and property crime](https://jasher.substack.com/p/crime-in-2024-a-historic-drop-in). _Jeff-alytics_; Asher, J. (2025, September 22). [The FBI will likely report the lowest murder rate ever recorded In 2025](https://jasher.substack.com/p/the-fbi-will-likely-report-the-lowest?utm_source=TMP-Newsletter&utm_campaign=b3c0b9d361-EMAIL_CAMPAIGN_2025_09_23_10_36&utm_medium=email&utm_term=0_5e02cdad9d-b3c0b9d361-174282833). _Jeff-alytics_; Lopez, E., & Boxerman, B. (2025). _[Crime trends in U.S. cities: Year-end 2024 update](https://counciloncj.org/crime-trends-in-u-s-cities-year-end-2024-update/)_. Council on Criminal Justice.

Ghandnoosh, N. (2019). _[The next step: Ending excessive punishment for violent crimes](https://www.sentencingproject.org/webinar/the-next-step-ending-excessive-punishment-for-violent-crimes-2/)_. The Sentencing Project; Mueller, D., & Kluckow, R. (2023). _[Prisoners in 2023–Statistical tables](https://bjs.ojp.gov/library/publications/prisoners-2023-statistical-tables?utm_content=pressrelease&utm_medium=email&utm_source=govdelivery)_. Bureau of Justice Statistics.

Federal Bureau of Investigation. (2025). [Crime data explorer](https://cde.ucr.cjis.gov/LATEST/webapp/#/pages/explorer/crime/crime-trend).

Ghandnoosh, N. & Nellis, A. (2022). _[How many people are spending over a decade in prison?](https://www.sentencingproject.org/policy-brief/how-many-people-are-spending-over-a-decade-in-prison/)_ The Sentencing Project.

Nellis, A. & Barry, C. (2025). _[A matter of life: The scope and impact of life and long term imprisonment in the United States](https://www.sentencingproject.org/app/uploads/2025/01/A-Matter-of-Life-The-Scope-and-Impact-of-Life-and-Long-Term-Imprisonment-in-the-United-States.pdf)_. The Sentencing Project.

Ghandnoosh, N. & Nellis, A. (2022). _[How many people are spending over a decade in prison?](https://www.sentencingproject.org/policy-brief/how-many-people-are-spending-over-a-decade-in-prison/)_ The Sentencing Project.

![](https://www.sentencingproject.org/app/themes/sentencingproject/assets/images/resource-fallback.jpg)

Newsletter

### [Top Trends in Criminal Legal Reform, 2025](https://www.sentencingproject.org/newsletter/top-trends-in-criminal-legal-reform-2025/)

At least 10 states adopted criminal legal reforms in 2025 that may contribute to decarceration, guarantee voting rights for legal system-impacted citizens, and advance youth justice reforms.

By Nicole D. Porter on December 30, 2025

![](https://www.sentencingproject.org/app/uploads/2022/10/jenny-master-1-1-scaled-aspect-ratio-650-488.jpg)

Fact Sheet

### [Incarcerated Women and Girls](https://www.sentencingproject.org/fact-sheet/incarcerated-women-and-girls/)

Research on female incarceration is critical to understanding the full consequences of mass incarceration and to unraveling the policies and practices that lead to their criminalization. The female incarcerated population stands over seven times as high than in 1980.

By Kristen M. Budd, Ph.D., Dinesh Napal and Joshua Rovner on December 4, 2025

![](https://www.sentencingproject.org/app/themes/sentencingproject/assets/images/resource-fallback.jpg)

Policy Brief

### [Over-Federalization: Federal Intrusion Into State Criminal Law](https://www.sentencingproject.org/policy-brief/over-federalization-federal-intrusion-into-state-criminal-law/)

The expanding encroachment of federal criminal law on traditionally local offenses threatens justice, equity, and local democracy.

By Liz Komar on October 1, 2025

![](https://www.sentencingproject.org/app/themes/sentencingproject/assets/images/email-subscribe-bg.jpg)

## Stay involved & informed

Stay up-to-date on the latest reports and news from The Sentencing Project.

First Name

Last Name

Email address

Subscribe

### Thanks for subscribing!

Contact Information

First Name

Last Name

Zip Code

Mobile Phone

- United States+1
- Canada+1
- United Kingdom+44
- Afghanistan (‫افغانستان‬‎)+93
- Albania (Shqipëri)+355
- Algeria (‫الجزائر‬‎)+213
- American Samoa+1
- Andorra+376
- Angola+244
- Anguilla+1
- Antigua and Barbuda+1
- Argentina+54
- Armenia (Հայաստան)+374
- Aruba+297
- Ascension Island+247
- Australia+61
- Austria (Österreich)+43
- Azerbaijan (Azərbaycan)+994
- Bahamas+1
- Bahrain (‫البحرين‬‎)+973
- Bangladesh (বাংলাদেশ)+880
- Barbados+1
- Belarus (Беларусь)+375
- Belgium (België)+32
- Belize+501
- Benin (Bénin)+229
- Bermuda+1
- Bhutan (འབྲུག)+975
- Bolivia+591
- Bosnia and Herzegovina (Босна и Херцеговина)+387
- Botswana+267
- Brazil (Brasil)+55
- British Indian Ocean Territory+246
- British Virgin Islands+1
- Brunei+673
- Bulgaria (България)+359
- Burkina Faso+226
- Burundi (Uburundi)+257
- Cambodia (កម្ពុជា)+855
- Cameroon (Cameroun)+237
- Canada+1
- Cape Verde (Kabu Verdi)+238
- Caribbean Netherlands+599
- Cayman Islands+1
- Central African Republic (République centrafricaine)+236
- Chad (Tchad)+235
- Chile+56
- China (中国)+86
- Christmas Island+61
- Cocos (Keeling) Islands+61
- Colombia+57
- Comoros (‫جزر القمر‬‎)+269
- Congo (DRC) (Jamhuri ya Kidemokrasia ya Kongo)+243
- Congo (Republic) (Congo-Brazzaville)+242
- Cook Islands+682
- Costa Rica+506
- Côte d’Ivoire+225
- Croatia (Hrvatska)+385
- Cuba+53
- Curaçao+599
- Cyprus (Κύπρος)+357
- Czech Republic (Česká republika)+420
- Denmark (Danmark)+45
- Djibouti+253
- Dominica+1
- Dominican Republic (República Dominicana)+1
- Ecuador+593
- Egypt (‫مصر‬‎)+20
- El Salvador+503
- Equatorial Guinea (Guinea Ecuatorial)+240
- Eritrea+291
- Estonia (Eesti)+372
- Eswatini+268
- Ethiopia+251
- Falkland Islands (Islas Malvinas)+500
- Faroe Islands (Føroyar)+298
- Fiji+679
- Finland (Suomi)+358
- France+33
- French Guiana (Guyane française)+594
- French Polynesia (Polynésie française)+689
- Gabon+241
- Gambia+220
- Georgia (საქართველო)+995
- Germany (Deutschland)+49
- Ghana (Gaana)+233
- Gibraltar+350
- Greece (Ελλάδα)+30
- Greenland (Kalaallit Nunaat)+299
- Grenada+1
- Guadeloupe+590
- Guam+1
- Guatemala+502
- Guernsey+44
- Guinea (Guinée)+224
- Guinea-Bissau (Guiné Bissau)+245
- Guyana+592
- Haiti+509
- Honduras+504
- Hong Kong (香港)+852
- Hungary (Magyarország)+36
- Iceland (Ísland)+354
- India (भारत)+91
- Indonesia+62
- Iran (‫ایران‬‎)+98
- Iraq (‫العراق‬‎)+964
- Ireland+353
- Isle of Man+44
- Israel (‫ישראל‬‎)+972
- Italy (Italia)+39
- Jamaica+1
- Japan (日本)+81
- Jersey+44
- Jordan (‫الأردن‬‎)+962
- Kazakhstan (Казахстан)+7
- Kenya+254
- Kiribati+686
- Kosovo+383
- Kuwait (‫الكويت‬‎)+965
- Kyrgyzstan (Кыргызстан)+996
- Laos (ລາວ)+856
- Latvia (Latvija)+371
- Lebanon (‫لبنان‬‎)+961
- Lesotho+266
- Liberia+231
- Libya (‫ليبيا‬‎)+218
- Liechtenstein+423
- Lithuania (Lietuva)+370
- Luxembourg+352
- Macau (澳門)+853
- Madagascar (Madagasikara)+261
- Malawi+265
- Malaysia+60
- Maldives+960
- Mali+223
- Malta+356
- Marshall Islands+692
- Martinique+596
- Mauritania (‫موريتانيا‬‎)+222
- Mauritius (Moris)+230
- Mayotte+262
- Mexico (México)+52
- Micronesia+691
- Moldova (Republica Moldova)+373
- Monaco+377
- Mongolia (Монгол)+976
- Montenegro (Crna Gora)+382
- Montserrat+1
- Morocco (‫المغرب‬‎)+212
- Mozambique (Moçambique)+258
- Myanmar (Burma) (မြန်မာ)+95
- Namibia (Namibië)+264
- Nauru+674
- Nepal (नेपाल)+977
- Netherlands (Nederland)+31
- New Caledonia (Nouvelle-Calédonie)+687
- New Zealand+64
- Nicaragua+505
- Niger (Nijar)+227
- Nigeria+234
- Niue+683
- Norfolk Island+672
- North Korea (조선 민주주의 인민 공화국)+850
- North Macedonia (Северна Македонија)+389
- Northern Mariana Islands+1
- Norway (Norge)+47
- Oman (‫عُمان‬‎)+968
- Pakistan (‫پاکستان‬‎)+92
- Palau+680
- Palestine (‫فلسطين‬‎)+970
- Panama (Panamá)+507
- Papua New Guinea+675
- Paraguay+595
- Peru (Perú)+51
- Philippines+63
- Poland (Polska)+48
- Portugal+351
- Puerto Rico+1
- Qatar (‫قطر‬‎)+974
- Réunion (La Réunion)+262
- Romania (România)+40
- Russia (Россия)+7
- Rwanda+250
- Saint Barthélemy+590
- Saint Helena+290
- Saint Kitts and Nevis+1
- Saint Lucia+1
- Saint Martin (Saint-Martin (partie française))+590
- Saint Pierre and Miquelon (Saint-Pierre-et-Miquelon)+508
- Saint Vincent and the Grenadines+1
- Samoa+685
- San Marino+378
- São Tomé and Príncipe (São Tomé e Príncipe)+239
- Saudi Arabia (‫المملكة العربية السعودية‬‎)+966
- Senegal (Sénégal)+221
- Serbia (Србија)+381
- Seychelles+248
- Sierra Leone+232
- Singapore+65
- Sint Maarten+1
- Slovakia (Slovensko)+421
- Slovenia (Slovenija)+386
- Solomon Islands+677
- Somalia (Soomaaliya)+252
- South Africa+27
- South Korea (대한민국)+82
- South Sudan (‫جنوب السودان‬‎)+211
- Spain (España)+34
- Sri Lanka (ශ්‍රී ලංකාව)+94
- Sudan (‫السودان‬‎)+249
- Suriname+597
- Svalbard and Jan Mayen+47
- Sweden (Sverige)+46
- Switzerland (Schweiz)+41
- Syria (‫سوريا‬‎)+963
- Taiwan (台灣)+886
- Tajikistan+992
- Tanzania+255
- Thailand (ไทย)+66
- Timor-Leste+670
- Togo+228
- Tokelau+690
- Tonga+676
- Trinidad and Tobago+1
- Tunisia (‫تونس‬‎)+216
- Turkey (Türkiye)+90
- Turkmenistan+993
- Turks and Caicos Islands+1
- Tuvalu+688
- U.S. Virgin Islands+1
- Uganda+256
- Ukraine (Україна)+380
- United Arab Emirates (‫الإمارات العربية المتحدة‬‎)+971
- United Kingdom+44
- United States+1
- Uruguay+598
- Uzbekistan (Oʻzbekiston)+998
- Vanuatu+678
- Vatican City (Città del Vaticano)+39
- Venezuela+58
- Vietnam (Việt Nam)+84
- Wallis and Futuna (Wallis-et-Futuna)+681
- Western Sahara (‫الصحراء الغربية‬‎)+212
- Yemen (‫اليمن‬‎)+967
- Zambia+260
- Zimbabwe+263
- Åland Islands+358

Sign me up for SMS messages

By submitting your cell phone number, you are agreeing to receive text messages from The Sentencing Project. Messages may include fundraising. 4 msgs/month. Message and data rates may apply. Text HELP for more information. Text STOP to stop receiving messages. [Terms & Conditions](https://www.sentencingproject.org/terms-of-use/). [Privacy Policy](https://www.sentencingproject.org/privacy-policy/).

Add me to the following lists:

Racial Justice

Sentencing Reform

Youth Justice

Voting Rights

I am a(n):

Student

Advocate

Member of the Media

Policymaker

Researcher

Justice-Impacted Person

![](https://secure.everyaction.com/v1/Track/NE1B_Ca9GUC6--eb8lfOCg2)

Save my preferences

### One more thing, !

Please click the link in the email we sent to . Otherwise, we won't be able to contact you.

In the meantime, get social with us! Join our community of over 100,000 followers on [Twitter](https://www.twitter.com/SentencingProj), [Facebook](https://www.facebook.com/thesentencingproject), and [Instagram](https://www.instagram.com/thesentencingproject/).

Close",,"Thirty-nine states increased prison populations in 2023, despite violent and property crime rates hitting historic lows",,https://www.sentencingproject.org/app/uploads/2025/11/decarceration-final-image1-aspect-ratio-1200-630.jpg,https://www.sentencingproject.org/favicon.ico
