title,url,markdown,author,description,date,image,favicon
Religion in Prisons – A 50-State Survey of Prison Chaplains | Pew Research Center,https://www.pewresearch.org/religion/2012/03/22/prison-chaplains-exec/,"- Report

\|

March 22, 2012

# Religion in Prisons – A 50-State Survey of Prison Chaplains

[X](https://www.pewresearch.org/religion/2012/03/22/prison-chaplains-exec/#)
[Facebook](https://www.pewresearch.org/religion/2012/03/22/prison-chaplains-exec/#)
[Threads](https://www.pewresearch.org/religion/2012/03/22/prison-chaplains-exec/#)
[LinkedIn](https://www.pewresearch.org/religion/2012/03/22/prison-chaplains-exec/#)
[WhatsApp](https://www.pewresearch.org/religion/2012/03/22/prison-chaplains-exec/#)

- [Mail](https://%25mail%25/)
- [Print](https://%25print%25/)
[Add Us On Google](https://www.google.com/preferences/source?q=https://www.pewresearch.org)

Table of Contents

01. [Religion in Prisons – A 50-State Survey of Prison Chaplains](https://www.pewresearch.org/religion/2012/03/22/prison-chaplains-exec/)    - [Rehabilitation, Re-entry and Religion](https://www.pewresearch.org/religion/2012/03/22/prison-chaplains-exec/#6085a658c2ab016a043983ac24a1adaa)
    - [Religious Extremism](https://www.pewresearch.org/religion/2012/03/22/prison-chaplains-exec/#2c044243f7cf471100990aad08a1f868)
    - [Muslims, Protestants Seen as Growing Due to Switching](https://www.pewresearch.org/religion/2012/03/22/prison-chaplains-exec/#896aa578e9815562290f4d6145711dbd)
    - [Presence of Various Faith Groups](https://www.pewresearch.org/religion/2012/03/22/prison-chaplains-exec/#80b2af69e9106a38da0d9f2b7f72f747)
    - [Religious Accommodation Requests](https://www.pewresearch.org/religion/2012/03/22/prison-chaplains-exec/#463c04b1e26c4494be82d204be80b1b1)
    - [Need for Volunteers from Particular Faiths](https://www.pewresearch.org/religion/2012/03/22/prison-chaplains-exec/#c7b96b499c21eaf6325e89c28101c894)
    - [What Chaplains Consider Central to their Role](https://www.pewresearch.org/religion/2012/03/22/prison-chaplains-exec/#762e6fe9224e7b6c98873379e9ae8b9e)
    - [Chaplains Themselves Largely Protestant, Evangelical](https://www.pewresearch.org/religion/2012/03/22/prison-chaplains-exec/#82c82d8e2d187bd94a4cc67f81fe1a17)
    - [About the Survey](https://www.pewresearch.org/religion/2012/03/22/prison-chaplains-exec/#a8855434212633cd8496e3b7cdc24234)
    - [Roadmap to the Report](https://www.pewresearch.org/religion/2012/03/22/prison-chaplains-exec/#dc41e7443234f7b8285337b8de5af668)
02. [Preface](https://www.pewresearch.org/religion/2012/03/22/prison-chaplains-preface/)
03. [Profile of State Prison Chaplains](https://www.pewresearch.org/religion/2012/03/22/prison-chaplains-profile/)
04. [What Prison Chaplains Do … and What They Think They Should Do](https://www.pewresearch.org/religion/2012/03/22/prison-chaplains-what-they-do/)
05. [The Role of Religious Volunteers](https://www.pewresearch.org/religion/2012/03/22/prison-chaplains-religious-volunteers/)
06. [Chaplains’ Perspectives on the Religious Lives of Inmates](https://www.pewresearch.org/religion/2012/03/22/prison-chaplains-perspectives/)
07. [Chaplains’ Views on the Correctional System](https://www.pewresearch.org/religion/2012/03/22/prison-chaplains-views-on-correctional-system/)
08. [Appendix A: Survey Methodology](https://www.pewresearch.org/religion/2012/03/22/prison-chaplains-appendix-a/)
09. [Appendix C: The State and Federal Correctional System](https://www.pewresearch.org/religion/2012/03/22/prison-chaplains-appendix-c/)
10. [Appendix D: Glossary](https://www.pewresearch.org/religion/2012/03/22/prison-chaplains-appendix-d/)
11. [Appendix E: External Advisers and Prison Chaplain Working Group](https://www.pewresearch.org/religion/2012/03/22/prison-chaplains-appendix-e/)

From the perspective of the nation’s professional prison chaplains, America’s state penitentiaries are a bustle of religious activity. More than seven-in-ten (73%) state prison chaplains say that efforts by inmates to proselytize or convert other inmates are either very common (31%) or somewhat common (43%). About three-quarters of the chaplains say that a lot (26%) or some (51%) religious switching occurs among inmates in the prisons where they work. Many chaplains report growth from religious switching in the numbers of Muslims and Protestant Christians, in particular.

Overwhelmingly, state prison chaplains consider religious counseling and other religion-based programming an important aspect of rehabilitating prisoners. Nearly three-quarters of the chaplains (73%), for example, say they consider access to religion-related programs in prison to be “absolutely critical” to successful rehabilitation of inmates. And 78% say they consider support from religious groups after inmates are released from prison to be absolutely critical to inmates’ successful rehabilitation and re-entry into society. Among chaplains working in prisons that have religion-related rehabilitation or re-entry programs, more than half (57%) say the quality of such programs has improved over the last three years and six-in-ten (61%) say participation in such programs has gone up.

At the same time, a sizable minority of chaplains say that religious extremism is either very common (12%) or somewhat common (29%) among inmates. Religious extremism is reported by the chaplains as especially common among Muslim inmates (including followers of the Nation of Islam and the Moorish Science Temple of America) and, to a substantial but lesser degree, among followers of pagan or earth-based religions such as Odinism and various forms of Wicca. (See [Glossary](https://www.pewresearch.org/Social-Welfare/prison-chaplains-appendix-d.aspx).) An overwhelming majority of chaplains, however, report that religious extremism seldom poses a threat to the security of the facility in which they work, with only 4% of chaplains saying religious extremism among inmates “almost always” poses a threat to prison security and an additional 19% saying it “sometimes” poses a threat.

These are among the key findings of a survey of prison chaplains in all 50 states by the Pew Research Center’s Forum on Religion & Public Life. The survey was conducted from Sept. 21 to Dec. 23, 2011, using Web and paper questionnaires. The Pew Forum attempted to contact all 1,474 professional chaplains working in state prisons across the country, and 730 chaplains returned completed questionnaires, a response rate of nearly 50%.

Little information is publicly available about the religious lives of the approximately 1.6 million inmates in the U.S. prison system, the vast majority of whom (87%) are under the jurisdiction of state correctional authorities. [8](https://www.pewresearch.org/religion/2012/03/22/prison-chaplains-exec/#_ftn8) The U.S. Bureau of Justice Statistics routinely reports on several characteristics of the U.S. prison population, such as age, gender and racial/ethnic composition, but it does not usually report on the religious affiliation of inmates, and independent surveys of inmates rarely are permitted. [9](https://www.pewresearch.org/religion/2012/03/22/prison-chaplains-exec/#_ftn9) Thus, the Pew Forum survey offers a rare window into the religious lives of inmates through the lens of prison chaplains.

In assessing that lens, it may be helpful to know some characteristics of the chaplains who responded to the survey. They are predominately male (85%), middle-aged (57 years old, on average), white (70%), Christian (85%, including a 44% plurality who are evangelical Protestants) and highly educated (62% with graduate degrees). They describe themselves as conservative on both social issues (53%) and political issues (55%). Most report having a lot of direct contact with inmates: Fully 90% say they have one-on-one contact with at least a quarter of all the inmates in the facility where they work, and two-thirds (66%) say that “personally leading worship services, religious instruction sessions or spiritual counseling sessions” is among the top three activities on which they spend the most time. About half have been on the job for more than a decade, and most report high job satisfaction.

### Rehabilitation, Re-entry and Religion

![chaplains-exec-1](https://assets.pewresearch.org/wp-content/uploads/sites/11/2012/07/chaplains-exec-12.png)

Most chaplains are upbeat about the prisons where they work. About six-in-ten (61%) of those surveyed say their state’s correctional system “works pretty well” and needs only minor changes, while a third (34%) say the system needs major changes and 5% say it needs to be completely re-built.

Asked to rate specific aspects of the system’s performance, chaplains are most positive about the maintenance of discipline. Nine out of 10 chaplains surveyed say the state correctional system where they work does either an excellent job (40%) or a good job (54%) of maintaining order and discipline in prisons. But they are less sanguine about efforts to rehabilitate inmates and prepare them for re-entry into the community. Only 8% say the system where they work is doing an excellent job of preparing inmates for reintegration into the community, while 37% say it is doing a good job and a majority say the system is only fair (37%) or poor (17%) at readying inmates to return to the wider society.

There is strong consensus among the chaplains surveyed about several elements that are important for successful rehabilitation and reintegration into society. These include services provided while in prison as well as support upon release. And, perhaps not surprisingly, chaplains put access to religion-related programs in this mix. More than seven-in-ten chaplains (73%) consider access to high-quality religion-related programs in prison to be “absolutely critical” for successful rehabilitation and re-entry, and an additional 23% say such programs are very important, though not critical.

About six-in-ten chaplains (62%) say that religion-related programs for rehabilitation and re-entry (such as faith-based job training or mentoring programs) are available in the prisons where they work. Most of these chaplains consider the religion-related programs to be thriving both in terms of usage and quality.

Among those working in a prison with a religion-related rehabilitation program, about six-in-ten (61%) say usage has increased over the past three years, 31% say usage has stayed the same and just 6% say usage has gone down. A majority of those working in a prison with a program of this sort also say that the quality of the religion-related rehabilitation programs has improved (57%), while 36% say the quality is about the same and 7% say the program’s quality has declined over the past three years.

### Religious Extremism

![chaplains-exec-2](https://assets.pewresearch.org/wp-content/uploads/sites/11/2012/07/chaplains-exec-21.png)

Since the 9/11 terrorist attacks, religious extremism has been a topic of high public interest in the United States. Some experts specifically have raised concerns that prisons could be a breeding ground for home-grown terrorists and have suggested that prison chaplains and other prison administrators need to monitor religious activity more closely. [10](https://www.pewresearch.org/religion/2012/03/22/prison-chaplains-exec/#_ftn10) The Pew Forum survey devotes several questions to the topic of religious extremism, probing the extent to which prison chaplains perceive it to be common and asking them to describe the kinds of extreme religious views they encounter behind bars.

A majority (58%) of state prison chaplains surveyed say that religious extremism is either not too common (42%) or not at all common (16%) in the facilities where they work, while 12% say that it is very common and 29% say it is somewhat common. At the same time, about three-quarters of the chaplains say that religious extremism poses a threat to the security of the facility either “not too often” (26%) or “rarely or almost never” (50%).

![chaplains-exec-3](https://assets.pewresearch.org/wp-content/uploads/sites/11/2012/07/chaplains-exec-31.png)

A number of factors are likely to influence chaplains’ perceptions of religious extremism, of course, including the experiences of the chaplains in the facility where they work as well as their individual background and perspectives. For example, estimates of how common extreme religious views are tend to vary with the security level of the facility where chaplains work. About four-in-ten chaplains in maximum security (44%) and medium security facilities (42%) say religious extremism is very or somewhat common, compared with 32% among chaplains in minimum security facilities saying the same.

Views on the prevalence of religious extremism among inmates also tend to vary with the religious affiliation and race of the chaplains. Protestant chaplains are more likely than those of the Catholic or Muslim faith to say that religious extremism in the prisons is either very or somewhat common. This tendency is a bit stronger among white evangelical chaplains than it is among white mainline Protestants.

Analysis of these differences is constrained by the modest number of chaplains from some of these faith traditions who are in the survey. For example, 98 respondents are Catholic, and only 53 are Muslim. However, those who are Muslim appear less likely than other chaplains to perceive a lot of religious extremism among inmates. Just 23% of the Muslim chaplains say religious extremism is either very common or somewhat common in the prisons where they work, while 43% of Protestant chaplains take that view. Catholic chaplains fall in between, with 32% saying religious extremism is very or somewhat common in the facilities where they work.

The Pew Forum survey also asked chaplains to rate the prevalence of extremist views among inmates in each of 12 religious groups. (The chaplains were given the option of indicating that the facility in which they work has no inmates belonging to a particular faith. The figures shown here are based on those providing a response.) A majority of respondents to this question say that religious extremism is either very common (22%) or somewhat common (36%) among Muslim inmates (including followers of the Nation of Islam and the Moorish Science Temple of America).

![chaplains-exec-4](https://assets.pewresearch.org/wp-content/uploads/sites/11/2012/07/chaplains-exec-41.png)

A sizable minority of the chaplains responding (39%) also say they encounter extremism among inmates who practice pagan or earth-based religions. Of those answering this question, about six-in-ten (61%) see such views as not too common or not at all common among pagan inmates.

Religious extremism is perceived as less prevalent among other groups of inmates. About a quarter (24%) of chaplains responding to this question say that religious extremism is very or somewhat common among Protestant inmates; 76% say extremism is not too or not at all common among Protestants in the prisons where they work.

About a fifth of chaplains say extremism is very or somewhat common among inmates practicing Native American spirituality (19%) and a host of “other non-Christian religions” (21%), such as the Rastafari movement, Santeria, Voodoo and others. (See [Glossary](https://www.pewresearch.org/Social-Welfare/prison-chaplains-appendix-d.aspx ""Glossary"").) In addition, 17% of chaplains answering the question say that extremism is very or somewhat common among Jewish inmates, and 14% say this about inmates with no religious preference. Fewer than one-in-ten of the chaplains answering say that religious extremism is very or somewhat common among inmates of other religious groups.

![chaplains-exec-5](https://assets.pewresearch.org/wp-content/uploads/sites/11/2012/07/chaplains-exec-51.png)

/

To keep these assessments in perspective, it is important to realize that the religious groups vary in size. Extremism could be very common in a small religious group (such as practitioners of pagan and earth-based religions), but the overall prevalence of extremism in a prison might still be quite small.

It is also helpful to keep in mind that chaplains have differing opinions about what constitutes extremism. One chaplain noted, for example, that in his view “all true religion is extreme” and “therefore none is more ‘extreme’ than the other,” while another chaplain said it is important to differentiate between the mere “strangeness” of certain groups and those that are “threatening to the peace of others.”

To better understand what they mean by “extreme religious views,” the Pew Forum survey asked chaplains to explain, in their own words, the kinds of extremism they encounter. Chaplains offered a wide range of answers to this open-ended question, varying in length and detail. For purposes of analysis, their responses were categorized first in terms of key ideas or themes and, second, in terms of the specific religious groups they cite as espousing extreme views.

Many chaplains mentioned multiple themes, but among the most common was racism disguised as religious dogma. In total, 41% of the chaplains who answered the question referred to some form of racial intolerance or prejudice toward social groups. This includes expressions of racial superiority or supremacy by either black or white inmates (36%) as well as hostility toward gays and lesbians, negative views of women and intolerance toward sex offenders or other inmates based on the nature of their criminal offense.

An almost equal share of the chaplains who responded to the open-ended question about extremism (40%) mentioned instances of religious (as opposed to racial) intolerance. This includes expressions of religious exclusivity as well as attempts to intimidate or coerce others into particular beliefs. (Note that percentages do not add to 100% because multiple responses are allowed.)

A little more than a quarter of the chaplains’ descriptions of extreme views (28%) cited requests for special foods, clothing or rituals – even though, in response to a different question in the survey, many chaplains indicate that such requests for religious accommodation frequently are granted. Some chaplains expressed frustration over requests that they view as bogus or extreme, such as seeking raw meat for a Voodoo ritual or a religious diet consisting of goat’s milk, vegetables and oatmeal with sugar.

About a quarter of those responding described religious extremism in other ways, including the use by prisoners of religious groups as a “cover” for non-religious activities; espousing views that promote violence or rape; and creating new religions. One chaplain noted, for example, that “We have a great deal of difficulty with gang activity in our religious activities, and some gangs even claim to be religious in nature or support their beliefs through religious claims.”

Chaplains also mentioned a wide range of religious groups in connection with extreme views. Among those responding in their own words to the open-ended question about extremism, the most commonly mentioned group was Muslims (54%), including 21% who specifically cited the Nation of Islam. In addition, 34% mentioned Christian groups, including 7% who cited fundamentalist Christians or evangelical Protestants, 6% who mentioned Hebrew Israelites and 4% who specifically referred to the so-called Christian Identity movement. [11](https://www.pewresearch.org/religion/2012/03/22/prison-chaplains-exec/#_ftn11) Other religions were also mentioned; 16% of the chaplains who answered the question mentioned pagan or earth-based religions, and 12% mentioned Satanism. (Note that percentages do not add to 100% because multiple responses were allowed on this open-ended question. See [Glossary](https://www.pewresearch.org/Social-Welfare/prison-chaplains-appendix-d.aspx) for brief definitions of smaller religious groups.)

### Muslims, Protestants Seen as Growing Due to Switching

![chaplains-exec-6](https://assets.pewresearch.org/wp-content/uploads/sites/11/2012/07/chaplains-exec-61.png)

A majority of chaplains surveyed report that the prison where they work has a formal system in place both for documenting the religious affiliation of inmates (84%) and for documenting changes in religious affiliation (76%). However, such records typically are for in-house use only. As previously noted, official statistics on the religious affiliation of the state prison population generally are not publicly available. Thus, the Pew Forum survey provides a unique look —based on the chaplains’ own estimates — at the relative size and growth of religious groups behind bars.

A majority of chaplains say that attempts by inmates to convert or proselytize other inmates are either very common (31%) or somewhat common (43%), while 26% say such attempts are not too or not at all common. [12](https://www.pewresearch.org/religion/2012/03/22/prison-chaplains-exec/#_ftn12)

Of course, attempts at conversion or prosely-tizing do not necessarily succeed. Still, a majority of chaplains say that there is either “a lot” of religious switching (26%) or “some” switching among inmates (51%). About one-fifth (21%) say that switching occurs “not much” or not at all in the prisons where they work.

To get a sense of which religious groups are gaining the most converts, the Pew Forum survey asked chaplains to estimate whether the number of inmates in each of 12 religious groups is increasing, decreasing or staying at about the same level. Among chaplains who report that at least some switching occurs within the correctional facilities where they work, about half (51%) report that Muslims are growing in number, and 47% say the same about Protestant Christians. A sizable minority of chaplains answering this question also say that followers of pagan or earth-based religions are growing (34%).

![chaplains-exec-7](https://assets.pewresearch.org/wp-content/uploads/sites/11/2012/07/chaplains-exec-71.png)

For nine of the 12 religious groups considered, however, a solid majority (61% or more) of chaplains answering the question report that the size of each group is stable. And for several religious groups, the chaplains are as likely, or even more likely, to report shrinkage as to report growth.

For example, one-in-five chaplains answering this question (20%) say that the number of practicing Catholics behind bars is shrinking due to switching, while 14% say the ranks of Catholics are growing. Similarly, 17% say that the number of inmates with no religious preference is shrinking, while 12% say the ranks of the unaffiliated are growing. And about one-in-ten chaplains report a decline in Mormons and Orthodox Christians due to switching, while only 3% say those religious minorities are growing behind bars.

### Presence of Various Faith Groups

The relative size of each faith group within the prison population is difficult to gauge. The Pew Forum survey asked chaplains to estimate the approximate percentage of inmates in the prisons where they work who identify with each of 12 religious groups. _It should be noted, however, that these findings cannot be used to reliably estimate the religious affiliation of the U.S. prison population. They provide only an impressionistic portrait of the religious environment in which chaplains work._

On average, the chaplains surveyed say that Christians as a whole make up about two-thirds of the inmate population in the facilities where they work. Protestants are seen, on average, as comprising 51% of the inmate population, Catholics 15% and other Christian groups less than 2%. The median estimate of the share of Protestants is 50%, meaning that half of the chaplains estimate that Protestants comprise more than 50% of the inmate population where they work, and half of the chaplains estimate the figure to be below that.

The chaplains’ responses also suggest that many other faith groups are represented in the prison population. On average, the chaplains surveyed say that Muslims make up 9% of the inmates in the prisons where they work, with half of the chaplains saying that Muslims comprise 5% or less of the inmate population and half saying that Muslim inmates make up more than 5% of the inmates where they work. On average, other non-Christian groups are perceived as considerably smaller in size.

Chaplains’ perspectives on the religious makeup of inmates may reflect a number of different influences, including their degree of exposure to various groups in the course of their work. But even if the chaplains interviewed had perfect information about the relative distribution of religious groups among inmates in the prisons where they work, the findings would not be weighted in proportion to the size of the overall U.S. prison population. As a result, they would not provide an accurate count of religious affiliation in the U.S. prison population.

### Religious Accommodation Requests

The diversity of faith groups in the inmate population underscores the challenges the prison system faces in meeting the religious needs of all inmates. The Pew Forum survey included several questions designed to probe the kinds of requests that inmates make for accommodation of their religious beliefs and practices, as well as the frequency with which they are granted.

![chaplains-exec-8](https://assets.pewresearch.org/wp-content/uploads/sites/11/2012/07/chaplains-exec-81.png)

An overwhelming majority of chaplains who responded to these questions say that inmates’ requests for religious texts (82%) and for meetings with spiritual leaders of their faith (71%) are usually approved. And about half of chaplains say that requests for a special religious diet (53%) or for permission to have sacred items or religious clothing such as crucifixes, eagle feathers and turbans (51%) also are usually granted.

But one kind of request appears to be less routinely granted. Only about three-in-ten chaplains (28%) say that requests for special accommodations related to hair or grooming are usually approved in the prisons where they work, while 36% say such requests are usually denied and 36% say the decisions can go either way.

### Need for Volunteers from Particular Faiths

![chaplains-exec-9](https://assets.pewresearch.org/wp-content/uploads/sites/11/2012/07/chaplains-exec-91.png)

Another window into the religious diversity of the inmate population is what chaplains say about the number of volunteers who come into the prisons to help meet inmates’ religious needs. About seven-in-ten chaplains (69%) say there are some faith groups for which more volunteers are needed. The picture that clearly emerges is that non-Christian faiths have the greatest need for a larger pool of volunteers to work with inmates.

The religious group most commonly cited as being underserved by volunteers is Muslims, according to the chaplains surveyed. A total of 55% of chaplains say this, including 7% who specifically mention the Moorish Science Temple of America and 6% who mention the Nation of Islam as needing more volunteers. Other commonly named groups include pagan or earth-based religions such as Wicca, Odinism, Asatru and Druidism (35%) and Native American spirituality (32%). (See [Glossary](https://www.pewresearch.org/Social-Welfare/prison-chaplains-appendix-d.aspx ""Glossary"").) About one-in-five chaplains answering this question say that Christian groups lack enough volunteers (22%). The most commonly mentioned Christian group with too few volunteers is Catholics (10%).

By contrast, about a third of chaplains (32%) report that some faith groups have more volunteers than are needed to meet inmates’ spiritual needs. Among the chaplains who say this, the most commonly named groups are Protestants (net of 52%), and an additional 26% say “Christians” with no further specification. A total of 7% mentioned Catholics. No other religion was named by more than 10% of the chaplains responding.

### What Chaplains Consider Central to their Role

![chaplains-exec-10](https://assets.pewresearch.org/wp-content/uploads/sites/11/2012/07/chaplains-exec-101.png)

Chaplains fulfill a wide range of functions in state prisons. The Pew Forum survey listed 10 possible tasks and asked the chaplains to indicate which ones they perform in the course of their work. In addition, the chaplains were asked to rank the top three activities on which they spend the most time and, separately, which activities they personally see as most important.

Nearly all the chaplains (92%) say their work includes personally leading worship services, religious instruction and spiritual counseling sessions. Nearly all (93%) also say they administer or organize religious programs.

In terms of importance, 57% of the chaplains say that personally leading religious worship, instruction and counseling sessions is the single most important activity in which they engage. Yet only a third say this is the activity on which they spend the most time. By contrast, just 18% of chaplains say that administering religious programs is their most important function, yet 38% report that helping to organize such programs is the activity on which they spend the most time.

The survey also offered chaplains an opportunity to specify, in their own words, any other activities that take up a significant amount of their working day. One kind of activity dominated the responses to this open-ended question: paperwork and administrative tasks. Fully 45% of those responding cited administrative tasks, including 28% who specifically mentioned paperwork, reports, mail, correspondence or data entry.

### Chaplains Themselves Largely Protestant, Evangelical

![chaplains-exec-11](https://assets.pewresearch.org/wp-content/uploads/sites/11/2012/07/chaplains-exec-111.png)

The overwhelming majority of state prison chaplains (85%) identify themselves as Christians, and about seven-in-ten are Protestants (71%). Fully 44% of all the chaplains surveyed say their denomination is part of the evangelical Protestant tradition, while 15% belong to a mainline Protestant tradition and 7% say they are associated with the historically black Protestant tradition. [13](https://www.pewresearch.org/religion/2012/03/22/prison-chaplains-exec/#_ftn13) Catholics make up 13% of the chaplains. The remainder either belong to non-Christian traditions (including 7% who are Muslim and 3% who are Jewish) or did not specify a religious preference.

Most chaplains also describe themselves as holding theologically conservative views. Six-in-ten (60%) say their religion should “preserve its traditional beliefs and practices,” while only 2% say it should “adopt modern beliefs and practices.” Three-in-ten (30%) take a middle stance, saying their religious tradition should “make some adjustments to traditional beliefs and practices in light of modern beliefs and practices.” A majority of chaplains describe their political as well as their social views as either conservative or very conservative.

The chaplains surveyed are overwhelmingly male (85%) and middle-aged (82% are 50 or older). A majority are white (70%), 18% are black, 5% are Hispanic, 5% are Asian or other and 2% did not specify their racial or ethnic background. [14](https://www.pewresearch.org/religion/2012/03/22/prison-chaplains-exec/#_ftn14) They are also a well-educated group, with about six-in-ten (62%) holding either a master’s or doctoral graduate degree and an additional 21% holding a bachelor’s degree. A majority of the state prison chaplains (56%) have a graduate degree in religion or a ministry-related field, and about half have experience working as a chaplain for some other kind of institution, such as a hospital or the military (49%).

Other key findings from the survey include:

- About two-thirds (64%) of chaplains say they are very satisfied with their job, and an additional 30% are somewhat satisfied. Only 6% are very or somewhat dissatisfied.
- Among the chaplains who express an opinion on the performance of volunteers, most favorably assess how volunteers lead worship services or other religious rituals; more than nine-in-ten rate volunteers as excellent (42%) or good (50%) leaders of worship services, and more than eight-in-ten say volunteers are excellent (33%) or good (52%) at running prayer and meditation groups.
- But chaplains are less positive about volunteers as mentors for inmates. About a third of the chaplains who offer an opinion say that volunteers do only a fair (26%) or poor (8%) job of mentoring inmates.
- About half (49%) of the chaplains say they have heard about the Second Chance Act, which provides federal funding for re-entry services in state prisons and local jails as well as juvenile facilities. Among this group, 57% say the federal legislation has been either very effective (8%) or somewhat effective (50%) in improving re-entry services and promoting the successful return of inmates to their communities, while a third (33%) say it has been not too effective or not at all effective.
- There is near consensus among chaplains on several ways to cut prison costs. Nearly all the chaplains surveyed either favor (46%) or strongly favor (46%) dealing with non-violent, first-time offenders through alternative sentencing (such as community service or mandatory substance-abuse counseling) rather than prison terms. Nearly all the chaplains also favor (57%) or strongly favor (35%) allowing inmates to earn early release based on good behavior and completion of rehabilitation programs. On the other hand, there is near-unanimity among chaplains against one idea: 94% oppose cutting correctional staff and programs.

### About the Survey

This survey was conducted between Sept. 21 and Dec. 23, 2011, among professional chaplains and religious services coordinators working in state prisons (both titles are used in state prisons, and they are treated as interchangeable in this report). Correctional authorities in all 50 states granted permission for the Pew Research Center’s Forum on Religion & Public Life to contact state prison chaplains and request their voluntary participation in the survey. The state departments of corrections also provided email addresses or other contact information solely for the purposes of this survey, which was endorsed by the American Correctional Chaplains Association. Of 1,474 chaplains who were sent Web and paper questionnaires, 730 returned completed questionnaires, a response rate of nearly 50%.

### Roadmap to the Report

The remainder of this report is divided into five parts. The next section provides a [religious and socio-demographic profile of state prison chaplains](https://www.pewresearch.org/Social-Welfare/prison-chaplains-profile.aspx ""religious and socio-demographic profile of state prison chaplains""). It is followed by [a look at what chaplains do in the course of their work](https://www.pewresearch.org/2012/03/22/prison-chaplains-what-they-do/ ""a look at what chaplains do in the course of their work"") and by [their assessments of religious volunteers](https://www.pewresearch.org/Social-Welfare/prison-chaplains-religious-volunteers.aspx ""theirassessments of religious volunteers""). The fourth section presents [chaplains’ perspectives on the religious lives of inmates](https://www.pewresearch.org/Social-Welfare/prison-chaplains-perspectives.aspx ""chaplains’perspectives on the religious lives of inmates""), including proselytizing, religious switching and concerns about extremism. The final section summarizes [chaplains’ views of the correctional system](https://www.pewresearch.org/Social-Welfare/prison-chaplains-views-on-correctional-system.aspx ""chaplains’ views of the correctional system""). Details about how the survey was conducted can be found in [Appendix A (Methodology)](https://www.pewresearch.org/2012/03/22/prison-chaplains-appendix-a/ ""Appendix A (Methodology)""). [Appendix B (Topline PDF)](https://assets.pewresearch.org/wp-content/uploads/sites/11/2012/03/Chaplains_topline1.pdf ""Appendix B (Topline)"") contains the full wording of the questionnaire and a summary of results. [Appendix C](https://www.pewresearch.org/Social-Welfare/prison-chaplains-appendix-c.aspx ""Appendix C"") provides background statistics on the state and federal prison system, [Appendix D](https://www.pewresearch.org/Social-Welfare/prison-chaplains-appendix-d.aspx ""Appendix D"") is a glossary of terms and [Appendix E](https://www.pewresearch.org/Social-Welfare/prison-chaplains-appendix-e.aspx ""Appendix E"") is a list of advisers.

* * *

**Footnotes:**

8 For more details, see [Appendix C: The State and Federal Correctional System](https://www.pewresearch.org/Social-Welfare/prison-chaplains-appendix-c.aspx). [(return to text)](https://www.pewresearch.org/religion/2012/03/22/prison-chaplains-exec/#_ftnref8)

9 Prisoners are rarely allowed to participate in research studies of any kind, partly because of prior abuses of their involuntary availability for such studies. To be permitted, studies usually must demonstrate a clear cost-benefit calculation in the prisoners’ favor, such as the benefit from receiving a specific medical treatment. The possible “psychic rewards” to inmates of being able to express their opinions and describe their experiences on a survey questionnaire, or the value of the information to the public, generally are not considered sufficient by correctional authorities to justify a survey of inmates. [(return to text)](https://www.pewresearch.org/religion/2012/03/22/prison-chaplains-exec/#_ftnref9)

10 A 2010 article in the FBI Law Enforcement Bulletin, for example, argued that “Prisons literally provide a captive audience of disaffected young men easily influenced by charismatic extremist leaders” and that “The shortage of qualified religious providers in prisons heightens the threat of inmate radicalization.” See Dennis A. Ballas, “ [Prisoner Radicalization](http://www.fbi.gov/stats-services/publications/law-enforcement-bulletin/October-2010/confronting-science-and-market-positioning),” FBI Law Enforcement Bulletin, October 2010. [(return to text)](https://www.pewresearch.org/religion/2012/03/22/prison-chaplains-exec/#_ftnref10)

11 The classification of some of these groups is difficult. Hebrew Israelites, also known as Black Hebrew Israelites and Black Hebrews, are categorized in this report as a Christian group because, historically, they arose from U.S. Christian denominations. It should be noted, however, that Hebrew Israelites often identify themselves as Jews and that some prison chaplains may view them as Jews rather than as Christians. In addition, some chaplains indicated that they view Hebrew Israelites and the Christian Identity movement as racist groups rather than as bona fide religious groups. [(return to text)](https://www.pewresearch.org/religion/2012/03/22/prison-chaplains-exec/#_ftnref11)

12 The survey asks, “And in your opinion how common is it, if at all, for inmates to attempt to convert or proselytize other inmates?” without defining either term. The American Correctional Chaplains Association, however, distinguishes between legitimate sharing of faith and proselytizing, which it defines as “unwanted or forceful” attempts at conversion. [(return to text)](https://www.pewresearch.org/religion/2012/03/22/prison-chaplains-exec/#_ftnref12)

13 These results are based on chaplains’ self-identification of their particular denomination as evangelical, mainline or historically black Protestant. The figures are based on all chaplains surveyed, although the denominational breakdown question was asked only of Protestant chaplains. [(return to text)](https://www.pewresearch.org/religion/2012/03/22/prison-chaplains-exec/#_ftnref13)

14 By contrast, a majority of inmates in U.S. prisons are black (38%) or Hispanic (22%), according to the U.S. Bureau of Justice Statistics. For more information on the demographic characteristics of the inmate population, see [Appendix C: The State and Federal Correctional System](https://www.pewresearch.org/Social-Welfare/prison-chaplains-appendix-c.aspx). [(return to text)](https://www.pewresearch.org/religion/2012/03/22/prison-chaplains-exec/#_ftnref14)

Photo Credit: © Illustration Works/Corbis

[Next: Preface](https://www.pewresearch.org/religion/2012/03/22/prison-chaplains-preface/)

← Prev Page

1 [2](https://www.pewresearch.org/religion/2012/03/22/prison-chaplains-preface/ ""Preface"") [3](https://www.pewresearch.org/religion/2012/03/22/prison-chaplains-profile/ ""Profile of State Prison Chaplains"") [4](https://www.pewresearch.org/religion/2012/03/22/prison-chaplains-what-they-do/ ""What Prison Chaplains Do … and What They Think They Should Do"") [5](https://www.pewresearch.org/religion/2012/03/22/prison-chaplains-religious-volunteers/ ""The Role of Religious Volunteers"") [6](https://www.pewresearch.org/religion/2012/03/22/prison-chaplains-perspectives/ ""Chaplains’ Perspectives on the Religious Lives of Inmates"")… [11](https://www.pewresearch.org/religion/2012/03/22/prison-chaplains-appendix-e/ ""Appendix E: External Advisers and Prison Chaplain Working Group"")

[Next Page →](https://www.pewresearch.org/religion/2012/03/22/prison-chaplains-preface/)

- [Report PDF](https://www.pewresearch.org/wp-content/uploads/sites/7/2012/03/Religion-in-Prisons.pdf)
- [Topline](https://www.pewresearch.org/wp-content/uploads/sites/7/2012/03/Chaplains_topline.pdf)

![Icon for promotion number 1](https://www.pewresearch.org/var/www/wp-content/plugins/prc-block-library/src/promo/assets/weekly.svg)

### Sign up for our weekly newsletter

Fresh data delivered Saturday mornings

Submit

Thank you for subscribing!

Processing…

Topics

- [Criminal Justice](https://www.pewresearch.org/topic/politics-policy/political-issues/criminal-justice/)
- [Religion & Government](https://www.pewresearch.org/topic/politics-policy/government/religion_government-3/)
- [Religion & Government](https://www.pewresearch.org/topic/politics-policy/political-issues/religion-government-2/)
- [Religion & Government](https://www.pewresearch.org/topic/religion/religion-government-1/)
- [Religion & Politics](https://www.pewresearch.org/topic/religion/religion-politics-1/)
- [Religious Leaders & Institutions](https://www.pewresearch.org/topic/religion/religious-leaders-institutions/)

Share This Link:

[X](https://www.pewresearch.org/religion/2012/03/22/prison-chaplains-exec/#)
[Facebook](https://www.pewresearch.org/religion/2012/03/22/prison-chaplains-exec/#)
[Threads](https://www.pewresearch.org/religion/2012/03/22/prison-chaplains-exec/#)
[LinkedIn](https://www.pewresearch.org/religion/2012/03/22/prison-chaplains-exec/#)
[WhatsApp](https://www.pewresearch.org/religion/2012/03/22/prison-chaplains-exec/#)

### Related

reportAug 27, 2025

data essayMay 7, 2025

short readsFeb 10, 2025

short readsFeb 7, 2025

short readsDec 12, 2024

### Most Popular

## Report Materials

- [Report PDF](https://www.pewresearch.org/wp-content/uploads/sites/7/2012/03/Religion-in-Prisons.pdf)
- [Topline](https://www.pewresearch.org/wp-content/uploads/sites/7/2012/03/Chaplains_topline.pdf)

## Table of Contents

01. [Religion in Prisons – A 50-State Survey of Prison Chaplains](https://www.pewresearch.org/religion/2012/03/22/prison-chaplains-exec/)    - [Rehabilitation, Re-entry and Religion](https://www.pewresearch.org/religion/2012/03/22/prison-chaplains-exec/#6085a658c2ab016a043983ac24a1adaa)
    - [Religious Extremism](https://www.pewresearch.org/religion/2012/03/22/prison-chaplains-exec/#2c044243f7cf471100990aad08a1f868)
    - [Muslims, Protestants Seen as Growing Due to Switching](https://www.pewresearch.org/religion/2012/03/22/prison-chaplains-exec/#896aa578e9815562290f4d6145711dbd)
    - [Presence of Various Faith Groups](https://www.pewresearch.org/religion/2012/03/22/prison-chaplains-exec/#80b2af69e9106a38da0d9f2b7f72f747)
    - [Religious Accommodation Requests](https://www.pewresearch.org/religion/2012/03/22/prison-chaplains-exec/#463c04b1e26c4494be82d204be80b1b1)
    - [Need for Volunteers from Particular Faiths](https://www.pewresearch.org/religion/2012/03/22/prison-chaplains-exec/#c7b96b499c21eaf6325e89c28101c894)
    - [What Chaplains Consider Central to their Role](https://www.pewresearch.org/religion/2012/03/22/prison-chaplains-exec/#762e6fe9224e7b6c98873379e9ae8b9e)
    - [Chaplains Themselves Largely Protestant, Evangelical](https://www.pewresearch.org/religion/2012/03/22/prison-chaplains-exec/#82c82d8e2d187bd94a4cc67f81fe1a17)
    - [About the Survey](https://www.pewresearch.org/religion/2012/03/22/prison-chaplains-exec/#a8855434212633cd8496e3b7cdc24234)
    - [Roadmap to the Report](https://www.pewresearch.org/religion/2012/03/22/prison-chaplains-exec/#dc41e7443234f7b8285337b8de5af668)
02. [Preface](https://www.pewresearch.org/religion/2012/03/22/prison-chaplains-preface/)
03. [Profile of State Prison Chaplains](https://www.pewresearch.org/religion/2012/03/22/prison-chaplains-profile/)
04. [What Prison Chaplains Do … and What They Think They Should Do](https://www.pewresearch.org/religion/2012/03/22/prison-chaplains-what-they-do/)
05. [The Role of Religious Volunteers](https://www.pewresearch.org/religion/2012/03/22/prison-chaplains-religious-volunteers/)
06. [Chaplains’ Perspectives on the Religious Lives of Inmates](https://www.pewresearch.org/religion/2012/03/22/prison-chaplains-perspectives/)
07. [Chaplains’ Views on the Correctional System](https://www.pewresearch.org/religion/2012/03/22/prison-chaplains-views-on-correctional-system/)
08. [Appendix A: Survey Methodology](https://www.pewresearch.org/religion/2012/03/22/prison-chaplains-appendix-a/)
09. [Appendix C: The State and Federal Correctional System](https://www.pewresearch.org/religion/2012/03/22/prison-chaplains-appendix-c/)
10. [Appendix D: Glossary](https://www.pewresearch.org/religion/2012/03/22/prison-chaplains-appendix-d/)
11. [Appendix E: External Advisers and Prison Chaplain Working Group](https://www.pewresearch.org/religion/2012/03/22/prison-chaplains-appendix-e/)

### Help us improve our website

We’d love your feedback. Our questions take about 5-10 minutes to answer.

[Share website feedback](https://www.surveymonkey.com/r/GSFFD9V?vURL=https%3A%2F%2Fwww.pewresearch.org%2Freligion%2F2012%2F03%2F22%2Fprison-chaplains-exec%2F&vDevice=desktop&vWing=a&vVLY=no&vLIB=no&vRef=https%3A%2F%2Fwww.google.com%2F&vCtry=US&vRS=X0&vC=false)",,"According to a survey of professional prison chaplains, America’s state penitentiaries are a bustle of religious activity. Chaplains say that efforts by inmates to convert other inmates are common and that at least some religious switching occurs. And chaplains overwhelmingly consider religion-based programming an important aspect of rehabilitating prisoners.",,https://www.pewresearch.org/wp-content/uploads/sites/20/2012/07/PF_12.03.16_PrisonChaplins_web_3004.png?w=300&h=200&crop=1,https://www.pewresearch.org/wp-content/images/symbol-alt.svg
Religion in United States prisons - Wikipedia,https://en.wikipedia.org/wiki/Religion_in_United_States_prisons,"[Jump to content](https://en.wikipedia.org/wiki/Religion_in_United_States_prisons#bodyContent)

From Wikipedia, the free encyclopedia

Inmates incarcerated in the [United States penal system](https://en.wikipedia.org/wiki/Prisons_in_the_United_States ""Prisons in the United States"") practice a variety of [religions](https://en.wikipedia.org/wiki/Religion ""Religion""). Their basic constitutional right to worship has been reinforced by decades of court decisions and more recently by the [Religious Land Use and Institutionalized Persons Act](https://en.wikipedia.org/wiki/Religious_Land_Use_and_Institutionalized_Persons_Act ""Religious Land Use and Institutionalized Persons Act""). However, several of these court rulings have also set limitations on these rights when prisoner demands are seen to impede prison safety and function.

## Organizations and programs

\[ [edit](https://en.wikipedia.org/w/index.php?title=Religion_in_United_States_prisons&action=edit&section=1 ""Edit section: Organizations and programs"")\]

While inmates often worship as individuals they also frequently do so within the structure provided by the programs of religious groups and denominations tending to the incarcerated. Nearly all correctional facilities provide support for at least the [Abrahamic religions](https://en.wikipedia.org/wiki/Abrahamic_religions ""Abrahamic religions""): Christianity, Islam and Judaism. Chaplains, volunteers and other representatives of these groups may organize religious services as often as daily in large prisons, while also providing pastoral care to inmates and staff.[\[1\]](https://en.wikipedia.org/wiki/Religion_in_United_States_prisons#cite_note-1)

### Contemplative programs

\[ [edit](https://en.wikipedia.org/w/index.php?title=Religion_in_United_States_prisons&action=edit&section=2 ""Edit section: Contemplative programs"")\]

Further information: [Prison contemplative programs](https://en.wikipedia.org/wiki/Prison_contemplative_programs ""Prison contemplative programs"")

Some U.S. prisons offer contemplative programs for inmates and staff, which may include [meditation](https://en.wikipedia.org/wiki/Meditation ""Meditation""), [yoga](https://en.wikipedia.org/wiki/Yoga_as_exercise ""Yoga as exercise"") or [contemplative prayer](https://en.wikipedia.org/wiki/Contemplative_prayer ""Contemplative prayer""). While these programs are sometimes [secular](https://en.wikipedia.org/wiki/Secular ""Secular"") they are also frequently sponsored by religious organizations[\[2\]](https://en.wikipedia.org/wiki/Religion_in_United_States_prisons#cite_note-2)[\[3\]](https://en.wikipedia.org/wiki/Religion_in_United_States_prisons#cite_note-3) and interfaith groups. Such programs have an established history. In the 19th century [Quaker](https://en.wikipedia.org/wiki/Quaker ""Quaker"") ideas,[\[4\]](https://en.wikipedia.org/wiki/Religion_in_United_States_prisons#cite_note-4)[\[5\]](https://en.wikipedia.org/wiki/Religion_in_United_States_prisons#cite_note-5) were co-opted by [Pennsylvania prisons](https://en.wikipedia.org/wiki/Pennsylvania_prisons ""Pennsylvania prisons"") which had inmates meditate upon their crimes as a key component of rehabilitation.[\[6\]](https://en.wikipedia.org/wiki/Religion_in_United_States_prisons#cite_note-6)[\[7\]](https://en.wikipedia.org/wiki/Religion_in_United_States_prisons#cite_note-7) In the 1970s organizations such as the [Prison-Ashram Project](https://en.wikipedia.org/wiki/Prison-Ashram_Project ""Prison-Ashram Project"")[\[8\]](https://en.wikipedia.org/wiki/Religion_in_United_States_prisons#cite_note-joiner-8) and [SYDA Foundation](https://en.wikipedia.org/wiki/Siddha_Yoga ""Siddha Yoga"") began programs to offer meditation or yoga instruction to inmates.[\[9\]](https://en.wikipedia.org/wiki/Religion_in_United_States_prisons#cite_note-9)[\[10\]](https://en.wikipedia.org/wiki/Religion_in_United_States_prisons#cite_note-infinityfoundation-10) In subsequent years more religious groups have begun meditation programs, such as the [Prison Dharma Network](https://en.wikipedia.org/wiki/Prison_Dharma_Network ""Prison Dharma Network"") in 1989.[\[8\]](https://en.wikipedia.org/wiki/Religion_in_United_States_prisons#cite_note-joiner-8) Modern meditation programs are thought to help inmates deal with the stress of confinement.[\[11\]](https://en.wikipedia.org/wiki/Religion_in_United_States_prisons#cite_note-11) One recent study has suggested that such programs help to reduce a host of undesirable and unhealthy behaviors, like drug use, violence and risk taking.[\[12\]](https://en.wikipedia.org/wiki/Religion_in_United_States_prisons#cite_note-12) Not all prisons allow contemplative programs, leading some to use religious freedom provisions as a way to gain access to the programs.[\[13\]](https://en.wikipedia.org/wiki/Religion_in_United_States_prisons#cite_note-Queen355-13) For instance, court actions recognizing [Zen Buddhism](https://en.wikipedia.org/wiki/Zen_Buddhism ""Zen Buddhism"") as an ""acceptable religion"" have secured meditation programs in [New York prisons](https://en.wikipedia.org/wiki/New_York_prisons ""New York prisons"").[\[13\]](https://en.wikipedia.org/wiki/Religion_in_United_States_prisons#cite_note-Queen355-13)

## Traditions

\[ [edit](https://en.wikipedia.org/w/index.php?title=Religion_in_United_States_prisons&action=edit&section=3 ""Edit section: Traditions"")\]

### Protestantism

\[ [edit](https://en.wikipedia.org/w/index.php?title=Religion_in_United_States_prisons&action=edit&section=4 ""Edit section: Protestantism"")\]

A Pew study found that the majority of US inmates are Protestant Christians.[\[14\]](https://en.wikipedia.org/wiki/Religion_in_United_States_prisons#cite_note-14)

### Catholicism

\[ [edit](https://en.wikipedia.org/w/index.php?title=Religion_in_United_States_prisons&action=edit&section=5 ""Edit section: Catholicism"")\]

| [![](https://upload.wikimedia.org/wikipedia/commons/thumb/4/44/SaintDismas.png/208px-SaintDismas.png)](https://en.wikipedia.org/wiki/File:SaintDismas.png) |
| Established | 2000; 26 years ago (2000) |
| President | George Williams |
| Director | Ron Zeilinger |
| Affiliations | [Catholic](https://en.wikipedia.org/wiki/Catholic_church ""Catholic church"") |
| Website | [dismasministry.org](https://dismasministry.org/) |

Saint Dismas Prison Ministry

**Saint Dismas Prison Ministry** was founded in [Milwaukee](https://en.wikipedia.org/wiki/Milwaukee ""Milwaukee""), Wisconsin, in 2000 to offer spiritual services for [Catholic](https://en.wikipedia.org/wiki/Catholic_church ""Catholic church"") prisoners in the United States.[\[15\]](https://en.wikipedia.org/wiki/Religion_in_United_States_prisons#cite_note-15) The president is George Williams, a priest.[\[16\]](https://en.wikipedia.org/wiki/Religion_in_United_States_prisons#cite_note-16)

It was named after [Dismas](https://en.wikipedia.org/wiki/Dismas ""Dismas""), the repentant thief. The ministry was founded in 2000 by Ron Zeilinger who found no ""Catholic organization of a national scope providing Catholic materials”.[\[17\]](https://en.wikipedia.org/wiki/Religion_in_United_States_prisons#cite_note-17)[\[18\]](https://en.wikipedia.org/wiki/Religion_in_United_States_prisons#cite_note-18) The ministry distributes [bibles](https://en.wikipedia.org/wiki/Bible ""Bible"") to prisoners.[\[19\]](https://en.wikipedia.org/wiki/Religion_in_United_States_prisons#cite_note-19)

In 2006, [Scott Jensen](https://en.wikipedia.org/wiki/Scott_Jensen_(Wisconsin_politician) ""Scott Jensen (Wisconsin politician)"") chose to remain on the ministry board after he was forced to leave the [Wisconsin State Assembly](https://en.wikipedia.org/wiki/Wisconsin_State_Assembly ""Wisconsin State Assembly"") following a felony conviction that was later overturned.[\[20\]](https://en.wikipedia.org/wiki/Religion_in_United_States_prisons#cite_note-20)

### Islam

\[ [edit](https://en.wikipedia.org/w/index.php?title=Religion_in_United_States_prisons&action=edit&section=6 ""Edit section: Islam"")\]

Further information: [Conversion to Islam in prisons](https://en.wikipedia.org/wiki/Conversion_to_Islam_in_prisons ""Conversion to Islam in prisons"") and [Conversion to Islam in U.S. prisons](https://en.wikipedia.org/wiki/Conversion_to_Islam_in_U.S._prisons ""Conversion to Islam in U.S. prisons"")

In addition to immigration, the state, federal and local [prisons](https://en.wikipedia.org/wiki/Prisons ""Prisons"") of the United States contribute to the growth of [Islam](https://en.wikipedia.org/wiki/Islam_in_the_United_States ""Islam in the United States"") in the country.[\[21\]](https://en.wikipedia.org/wiki/Religion_in_United_States_prisons#cite_note-21) According to the then Director of the [Federal Bureau of Prisons](https://en.wikipedia.org/wiki/Federal_Bureau_of_Prisons ""Federal Bureau of Prisons""), Harley G. Lappin, not counting members of the [Nation of Islam](https://en.wikipedia.org/wiki/Nation_of_Islam ""Nation of Islam""), there were 9,600 Muslim inmates in federal prisons in 2003.[\[22\]](https://en.wikipedia.org/wiki/Religion_in_United_States_prisons#cite_note-22) However, J. Michael Waller claims that roughly 80% of the prisoners who find faith while in prison convert to Islam and that these converts made up 17–20% (around 350,000) of the total (state and federal) prison population, in 2003.[\[23\]](https://en.wikipedia.org/wiki/Religion_in_United_States_prisons#cite_note-23)

### Neopaganism

\[ [edit](https://en.wikipedia.org/w/index.php?title=Religion_in_United_States_prisons&action=edit&section=7 ""Edit section: Neopaganism"")\]

Further information: [Religious discrimination against Neopagans § In prisons](https://en.wikipedia.org/wiki/Religious_discrimination_against_Neopagans#In_prisons ""Religious discrimination against Neopagans"")

There are a variety of [Neopagan](https://en.wikipedia.org/wiki/Neopagan ""Neopagan"") practitioners in the prison population many of whom are served by a variety of prison outreach programs. [Mattias Gardell](https://en.wikipedia.org/wiki/Mattias_Gardell ""Mattias Gardell"") indicates that ""a pagan revival among the white prison population, including the conversion of whole prison gangs to the ancestral religion.""[\[24\]](https://en.wikipedia.org/wiki/Religion_in_United_States_prisons#cite_note-24) In 2001 there were prison groups associated with [Wotansvolk](https://en.wikipedia.org/wiki/Wotansvolk ""Wotansvolk"") in all [states of the nation](https://en.wikipedia.org/wiki/U.S._state ""U.S. state"") supporting more than 5000 prisoners.\[ _[citation needed](https://en.wikipedia.org/wiki/Wikipedia:Citation_needed ""Wikipedia:Citation needed"")_\] The women's group Sigrdrifa, which has chapters in the United States and Canada, also runs an ""Odinism in Prison"" project, while the [Odinic Rite](https://en.wikipedia.org/wiki/Odinic_Rite ""Odinic Rite"") and the [Ásatrú Alliance](https://en.wikipedia.org/wiki/%C3%81satr%C3%BA_Alliance ""Ásatrú Alliance"") have prisoner outreach programs as well.\[ _[citation needed](https://en.wikipedia.org/wiki/Wikipedia:Citation_needed ""Wikipedia:Citation needed"")_\]

The ability of Neopagans to practice their religion in U.S. prisons has been shaped by the outcome of two significant court cases. In 1985, Virginia prisoner Herbert Daniel Dettmer sued Robert Landon, the Director of the Virginia Department of Corrections, in federal court to get access to objects he claimed were necessary for his [Wiccan](https://en.wikipedia.org/wiki/Wicca ""Wicca"") religious practice. The district court for the Eastern District of Virginia decided in Dettmer's favor, although on appeal, in _[Dettmer v. Landon](https://en.wikipedia.org/wiki/Dettmer_v._Landon ""Dettmer v. Landon"")_ the [United States Court of Appeals for the Fourth Circuit](https://en.wikipedia.org/wiki/United_States_Court_of_Appeals_for_the_Fourth_Circuit ""United States Court of Appeals for the Fourth Circuit"") ruled that while Wicca was a religion, it was not a violation of the First Amendment to keep a religious practitioner from accessing ritual objects. In 2005 _[Cutter v. Wilkinson](https://en.wikipedia.org/wiki/Cutter_v._Wilkinson ""Cutter v. Wilkinson"")_ came down on the side of at least three Neopagan prison inmates protesting the denial of access to ceremonial items and opportunities for group worship. Yet in their decision the court reinforced the notion that ""should inmate requests for religious accommodations become excessive, impose unjustified burdens on other institutionalized persons, or jeopardize an institution's effective functioning, the facility would be free to resist the imposition.""[\[25\]](https://en.wikipedia.org/wiki/Religion_in_United_States_prisons#cite_note-25)

## Relevant court cases

\[ [edit](https://en.wikipedia.org/w/index.php?title=Religion_in_United_States_prisons&action=edit&section=8 ""Edit section: Relevant court cases"")\]

- 1964 – _[Cooper v. Pate](https://en.wikipedia.org/wiki/Cooper_v._Pate ""Cooper v. Pate"")_
- 1972 – _[Cruz v. Beto](https://en.wikipedia.org/wiki/Cruz_v._Beto ""Cruz v. Beto"")_
- 1986 – _[Dettmer v. Landon](https://en.wikipedia.org/wiki/Dettmer_v._Landon ""Dettmer v. Landon"")_
- 1987 – _[Turner v. Safley](https://en.wikipedia.org/wiki/Turner_v._Safley ""Turner v. Safley"")_
- 1987 – _[O'Lone v. Estate of Shabazz](https://en.wikipedia.org/wiki/O%27Lone_v._Estate_of_Shabazz ""O'Lone v. Estate of Shabazz"")_
- 1997 – _[City of Boerne v. Flores](https://en.wikipedia.org/wiki/City_of_Boerne_v._Flores ""City of Boerne v. Flores"")_
- 2005 – _[Cutter v. Wilkinson](https://en.wikipedia.org/wiki/Cutter_v._Wilkinson ""Cutter v. Wilkinson"")_
- 2014 – _[Holt v. Hobbs](https://en.wikipedia.org/wiki/Holt_v._Hobbs ""Holt v. Hobbs"")_

## See also

\[ [edit](https://en.wikipedia.org/w/index.php?title=Religion_in_United_States_prisons&action=edit&section=9 ""Edit section: See also"")\]

- [![icon](https://upload.wikimedia.org/wikipedia/commons/thumb/1/17/Balance%2C_by_David.svg/40px-Balance%2C_by_David.svg.png)](https://en.wikipedia.org/wiki/File:Balance,_by_David.svg)[Law portal](https://en.wikipedia.org/wiki/Portal:Law ""Portal:Law"")
- [![icon](https://upload.wikimedia.org/wikipedia/commons/thumb/2/28/P_religion_world.svg/40px-P_religion_world.svg.png)](https://en.wikipedia.org/wiki/File:P_religion_world.svg)[Religion portal](https://en.wikipedia.org/wiki/Portal:Religion ""Portal:Religion"")
- ![flag](https://upload.wikimedia.org/wikipedia/en/thumb/a/a4/Flag_of_the_United_States.svg/40px-Flag_of_the_United_States.svg.png)[United States portal](https://en.wikipedia.org/wiki/Portal:United_States ""Portal:United States"")

- [International Network of Prison Ministries](https://en.wikipedia.org/wiki/International_Network_of_Prison_Ministries ""International Network of Prison Ministries"")
- [Religious Freedom Restoration Act](https://en.wikipedia.org/wiki/Religious_Freedom_Restoration_Act ""Religious Freedom Restoration Act"")
- [Religion in the United States](https://en.wikipedia.org/wiki/Religion_in_the_United_States ""Religion in the United States"")
- [Prisons in the United States](https://en.wikipedia.org/wiki/Prisons_in_the_United_States ""Prisons in the United States"")
- [Prison Fellowship International](https://en.wikipedia.org/wiki/Prison_Fellowship_International ""Prison Fellowship International"")
- [Prison religion](https://en.wikipedia.org/wiki/Prison_religion ""Prison religion"")

## Notes

\[ [edit](https://en.wikipedia.org/w/index.php?title=Religion_in_United_States_prisons&action=edit&section=10 ""Edit section: Notes"")\]

01. **[^](https://en.wikipedia.org/wiki/Religion_in_United_States_prisons#cite_ref-1 ""Jump up"")**Dammer, Harry R. (2006) ""Religion in prison."" In _Encyclopedia of American Prisons_, edited by Marylin D. McShane and Frank P. Williams III. New York: Garland Publishing. pg. 400
02. **[^](https://en.wikipedia.org/wiki/Religion_in_United_States_prisons#cite_ref-2 ""Jump up"")**[""World Community of Christian Meditation prison Ministry""](https://web.archive.org/web/20101130124853/http://wccm.org/item.asp?recordid=prisons&pagestyle=default). Archived from [the original](http://www.wccm.org/item.asp?recordid=prisons&pagestyle=default) on 2010-11-30. Retrieved 2008-05-29.
03. **[^](https://en.wikipedia.org/wiki/Religion_in_United_States_prisons#cite_ref-3 ""Jump up"")**[""Fr. Thomas Keating's Centering Prayer program at Folsom State Prison""](https://web.archive.org/web/20080726181723/http://www.centeringprayer.com/newsltrs/Spring01/1-01Prison.htm). Archived from [the original](http://www.centeringprayer.com/newsltrs/Spring01/1-01Prison.htm) on 2008-07-26. Retrieved 2008-05-29.
04. **[^](https://en.wikipedia.org/wiki/Religion_in_United_States_prisons#cite_ref-4 ""Jump up"")**Adamson, Christopher (2001). ""Evangelical Quakerism and the Early American Penitentiary Revisited: The Contributions of Thomas Eddy, Robers Vaux, John Griscom, Stephen Grellet, Elisha Bates, and Isaac Hopper"". _Quaker History_. **90** (2): 35–58\. [doi](https://en.wikipedia.org/wiki/Doi_(identifier) ""Doi (identifier)""): [10.1353/qkh.2001.0016](https://doi.org/10.1353%2Fqkh.2001.0016). [S2CID](https://en.wikipedia.org/wiki/S2CID_(identifier) ""S2CID (identifier)"") [159619264](https://api.semanticscholar.org/CorpusID:159619264).
05. **[^](https://en.wikipedia.org/wiki/Religion_in_United_States_prisons#cite_ref-5 ""Jump up"")**Dumm, Thomas L. (1985). ""Friendly Persuasion: Quakers, Liberal Toleration, and the Birth of the Prison"". _[Political Theory](https://en.wikipedia.org/wiki/Political_Theory_(journal) ""Political Theory (journal)"")_. **13** (3): 387–407\. [doi](https://en.wikipedia.org/wiki/Doi_(identifier) ""Doi (identifier)""): [10.1177/0090591785013003006](https://doi.org/10.1177%2F0090591785013003006). [S2CID](https://en.wikipedia.org/wiki/S2CID_(identifier) ""S2CID (identifier)"") [145020327](https://api.semanticscholar.org/CorpusID:145020327).
06. **[^](https://en.wikipedia.org/wiki/Religion_in_United_States_prisons#cite_ref-6 ""Jump up"")**[Sutherland, Edwin H.](https://en.wikipedia.org/wiki/Sutherland,_Edwin_H. ""Sutherland, Edwin H."") and Cressey, Donald Ray and Luckenbill, David F. (1992) _Principles of Criminology_ pp.502-503
07. **[^](https://en.wikipedia.org/wiki/Religion_in_United_States_prisons#cite_ref-7 ""Jump up"")**[Knapp, Samuel Lorenzo](https://en.wikipedia.org/wiki/Samuel_Lorenzo_Knapp ""Samuel Lorenzo Knapp"") (1834) _The Life of Thomas Eddy_ pp.71-72 [direct page view](https://books.google.com/books?id=RaMDAAAAYAAJ&pg=PA72&vq=meditation&source=gbs_search_r&cad=1_1)
08. ^ [Jump up to: _**a**_](https://en.wikipedia.org/wiki/Religion_in_United_States_prisons#cite_ref-joiner_8-0) [_**b**_](https://en.wikipedia.org/wiki/Religion_in_United_States_prisons#cite_ref-joiner_8-1)[""New York Times review of The Dhamma Brothers by Whitney Joiner""](https://www.nytimes.com/2007/09/13/movies/13dhar.html?_r=1&ref=movies). _The New York Times_. September 13, 2007. Retrieved May 22, 2010.
09. **[^](https://en.wikipedia.org/wiki/Religion_in_United_States_prisons#cite_ref-9 ""Jump up"")**Brooks, Douglas Renfrew (2000) _Meditation Revolution: A History and Theology of the Siddha Yoga Lineage_ pp.109, 154
10. **[^](https://en.wikipedia.org/wiki/Religion_in_United_States_prisons#cite_ref-infinityfoundation_10-0 ""Jump up"")**[""Prison Meditation and Yoga Conference Report""](http://www.infinityfoundation.com/mandala/i_pr/is_pr_prison_frameset.htm). _www.infinityfoundation.com_.
11. **[^](https://en.wikipedia.org/wiki/Religion_in_United_States_prisons#cite_ref-11 ""Jump up"")**Bartollas, Clemens (1985) _Correctional Treatment: Theory and Practice_ p.141
12. **[^](https://en.wikipedia.org/wiki/Religion_in_United_States_prisons#cite_ref-12 ""Jump up"")**Murty, Komanduri and Owens, Angela and Vyas, Ashwin (2004) _Voices from Prison: An Ethnographic Study of Black Male Prisoners_ p.237
13. ^ [Jump up to: _**a**_](https://en.wikipedia.org/wiki/Religion_in_United_States_prisons#cite_ref-Queen355_13-0) [_**b**_](https://en.wikipedia.org/wiki/Religion_in_United_States_prisons#cite_ref-Queen355_13-1)Queen, Christopher S. (2000) _Engaged Buddhism in the West_ pp.355-357
14. **[^](https://en.wikipedia.org/wiki/Religion_in_United_States_prisons#cite_ref-14 ""Jump up"")**[Inmate Religious Affiliation](https://assets.pewresearch.org/wp-content/uploads/sites/11/2012/07/chaplains-chp4-2.png)
15. **[^](https://en.wikipedia.org/wiki/Religion_in_United_States_prisons#cite_ref-15 ""Jump up"")**[""Milwaukee Archdiocese forms Catholic ministry group for inmates""](https://www.newspapers.com/image/353071093). _Daily Citizen_. Beaver Dam, WI. August 12, 2008. p. 18.
16. **[^](https://en.wikipedia.org/wiki/Religion_in_United_States_prisons#cite_ref-16 ""Jump up"")**[""Board of Directors""](https://dismasministry.org/board-of-directors/). Dismas Ministry. Retrieved May 22, 2018.
17. **[^](https://en.wikipedia.org/wiki/Religion_in_United_States_prisons#cite_ref-17 ""Jump up"")**[""Dismas Ministry: Spreading God's Word in prisons""](https://angelusnews.com/news/dismas-ministry-spreading-god-s-word-in-prisons). _Tilma_. Retrieved 2018-10-02.
18. **[^](https://en.wikipedia.org/wiki/Religion_in_United_States_prisons#cite_ref-18 ""Jump up"")**Everett, Paul F. (2005). _The Prisoner: An Invitation to Hope_. New York: Paulist Press. p. 180. [ISBN](https://en.wikipedia.org/wiki/ISBN_(identifier) ""ISBN (identifier)"") [9780809143016](https://en.wikipedia.org/wiki/Special:BookSources/9780809143016 ""Special:BookSources/9780809143016"").
19. **[^](https://en.wikipedia.org/wiki/Religion_in_United_States_prisons#cite_ref-19 ""Jump up"")**Linonis, Linda (August 26, 2010). [""Ministry for inmates receives $41K grant \| vindy.com""](http://www.vindy.com/news/2010/aug/26/ministry-for-inmates-receives-41k-grant/). _[Youngstown Vindicator](https://en.wikipedia.org/wiki/Youngstown_Vindicator ""Youngstown Vindicator"")_.
20. **[^](https://en.wikipedia.org/wiki/Religion_in_United_States_prisons#cite_ref-20 ""Jump up"")**Richmond, Todd (March 22, 2006). [""Jensen leaves the Assembly""](https://www.newspapers.com/image/407665364). _Wisconsin State Journal_. p. B1.
21. **[^](https://en.wikipedia.org/wiki/Religion_in_United_States_prisons#cite_ref-21 ""Jump up"")**[""American Prisons: A Critical Primer on Culture and Conversion to Islam - Kindle edition by SpearIt. Religion & Spirituality Kindle eBooks @ Amazon.com""](https://www.amazon.com/American-Prisons-Critical-Culture-Conversion-ebook/dp/B074MJBP65/ref=sr_1_12?ie=UTF8&qid=1502416327&sr=8-12&keywords=spearit). _www.amazon.com_.
22. **[^](https://en.wikipedia.org/wiki/Religion_in_United_States_prisons#cite_ref-22 ""Jump up"")**United States Senate, Committee on the Judiciary, Testimony of Mr. Harly G. Lappin, Director, Federal Bureau of Prisons, October 14, 2003 [\[1\]](http://judiciary.senate.gov/testimony.cfm?id=960&wit_id=2318)
23. **[^](https://en.wikipedia.org/wiki/Religion_in_United_States_prisons#cite_ref-23 ""Jump up"")**[United States Senate, Committee on the Judiciary, Testimony of Dr. J. Michael Waller](http://judiciary.senate.gov/hearings/testimony.cfm?id=4f1e0899533f7680e78d03281ff19bc6&wit_id=4f1e0899533f7680e78d03281ff19bc6-2-1) [Archived](https://web.archive.org/web/20120527173646/http://www.judiciary.senate.gov/hearings/testimony.cfm?id=4f1e0899533f7680e78d03281ff19bc6&wit_id=4f1e0899533f7680e78d03281ff19bc6-2-1) 2012-05-27 at the [Wayback Machine](https://en.wikipedia.org/wiki/Wayback_Machine ""Wayback Machine"") October 12, 2003
24. **[^](https://en.wikipedia.org/wiki/Religion_in_United_States_prisons#cite_ref-24 ""Jump up"")**Gardell (2003), p. 217
25. **[^](https://en.wikipedia.org/wiki/Religion_in_United_States_prisons#cite_ref-25 ""Jump up"")**[""CUTTER V. WILKINSON""](https://www.law.cornell.edu/supct/html/03-9877.ZS.html).

| hide<br>[Incarceration](https://en.wikipedia.org/wiki/Imprisonment ""Imprisonment"") |
| --- |
| Science | - [Criminology](https://en.wikipedia.org/wiki/Criminology ""Criminology"")<br>- [Penology](https://en.wikipedia.org/wiki/Penology ""Penology"")<br>- [Prison healthcare](https://en.wikipedia.org/wiki/Prison_healthcare ""Prison healthcare"")<br>  - [Australia](https://en.wikipedia.org/wiki/Prison_healthcare_in_Australia ""Prison healthcare in Australia"")<br>- [Punishment](https://en.wikipedia.org/wiki/Punishment ""Punishment"")<br>- [Stanford prison experiment](https://en.wikipedia.org/wiki/Stanford_prison_experiment ""Stanford prison experiment"") |
| [Prisoners](https://en.wikipedia.org/wiki/Prisoner ""Prisoner"") | - [Asylum seeker](https://en.wikipedia.org/wiki/Asylum_seeker ""Asylum seeker"")<br>- [Convict](https://en.wikipedia.org/wiki/Convict ""Convict"")<br>- [Criminal](https://en.wikipedia.org/wiki/Crime ""Crime"")<br>- [Detainee](https://en.wikipedia.org/wiki/Detention_(imprisonment) ""Detention (imprisonment)"")<br>- [Hostage](https://en.wikipedia.org/wiki/Hostage ""Hostage"")<br>- [Political prisoner](https://en.wikipedia.org/wiki/Political_prisoner ""Political prisoner"")<br>- [Prisoner of conscience](https://en.wikipedia.org/wiki/Prisoner_of_conscience ""Prisoner of conscience"")<br>- [Prisoner of war](https://en.wikipedia.org/wiki/Prisoner_of_war ""Prisoner of war"")<br>- [Slave](https://en.wikipedia.org/wiki/Slavery ""Slavery"") |
| [Prisons](https://en.wikipedia.org/wiki/Prison ""Prison"") | | Types | - [Black site](https://en.wikipedia.org/wiki/Black_site ""Black site"")<br>- [Concentration camp](https://en.wikipedia.org/wiki/Concentration_camp ""Concentration camp"")<br>- [Corrective labor colony](https://en.wikipedia.org/wiki/Corrective_labor_colony ""Corrective labor colony"")<br>- [Debtors'](https://en.wikipedia.org/wiki/Debtors%27_prison ""Debtors' prison"")<br>- [Extermination camp](https://en.wikipedia.org/wiki/Extermination_camp ""Extermination camp"")<br>- [Halfway house](https://en.wikipedia.org/wiki/Halfway_house ""Halfway house"")<br>- [Farm](https://en.wikipedia.org/wiki/Prison_farm ""Prison farm"")<br>- [Internment](https://en.wikipedia.org/wiki/Internment ""Internment"")<br>- [Island](https://en.wikipedia.org/wiki/Prison_island ""Prison island"")<br>- [Labor camp](https://en.wikipedia.org/wiki/Labor_camp ""Labor camp"")<br>  - [Battalion](https://en.wikipedia.org/wiki/Labour_battalion ""Labour battalion"")<br>  - [Chain gang](https://en.wikipedia.org/wiki/Chain_gang ""Chain gang"")<br>- [Military](https://en.wikipedia.org/wiki/Military_prison ""Military prison"")<br>- [Penal colony](https://en.wikipedia.org/wiki/Penal_colony ""Penal colony"")<br>- [Prisoner-of-war camp](https://en.wikipedia.org/wiki/Prisoner-of-war_camp ""Prisoner-of-war camp"")<br>- [Private](https://en.wikipedia.org/wiki/Private_prison ""Private prison"")<br>- [Ship](https://en.wikipedia.org/wiki/Prison_ship ""Prison ship"")<br>- [Youth detention center](https://en.wikipedia.org/wiki/Youth_detention_center ""Youth detention center"") |
| Security levels | - [House arrest](https://en.wikipedia.org/wiki/House_arrest ""House arrest"")<br>- [Administrative detention](https://en.wikipedia.org/wiki/Administrative_detention ""Administrative detention"")<br>- [Open](https://en.wikipedia.org/wiki/Open_prison ""Open prison"")<br>- [Maximum security](https://en.wikipedia.org/wiki/Prison#Security_levels ""Prison"")<br>- [Supermax](https://en.wikipedia.org/wiki/Supermax_prison ""Supermax prison"")<br>- [Death row](https://en.wikipedia.org/wiki/Death_row ""Death row"") |
| Components | - [Cell](https://en.wikipedia.org/wiki/Prison_cell ""Prison cell"")<br>- [Cemetery](https://en.wikipedia.org/wiki/Prison_cemetery ""Prison cemetery"")<br>- [Commissary](https://en.wikipedia.org/wiki/Prison_commissary ""Prison commissary"")<br>- [Drug Detox](https://en.wikipedia.org/wiki/Opioid_addiction_treatment_in_United_States_prisons ""Opioid addiction treatment in United States prisons"")<br>- [Employment](https://en.wikipedia.org/wiki/Penal_labour ""Penal labour"")<br>- [Food](https://en.wikipedia.org/wiki/Prison_food ""Prison food"")<br>- [Library](https://en.wikipedia.org/wiki/Prison_library ""Prison library"")<br>- [Military conscription](https://en.wikipedia.org/wiki/Penal_military_unit ""Penal military unit"")<br>- [Nursery](https://en.wikipedia.org/wiki/Prison_nursery ""Prison nursery"")<br>- [Officer](https://en.wikipedia.org/wiki/Prison_officer ""Prison officer"")<br>- [Sally port](https://en.wikipedia.org/wiki/Sally_port ""Sally port"")<br>- [Trusty system](https://en.wikipedia.org/wiki/Trusty_system_(prison) ""Trusty system (prison)"")<br>- [Warden](https://en.wikipedia.org/wiki/Prison_warden ""Prison warden"")<br>- [Visitation](https://en.wikipedia.org/wiki/Conjugal_visit ""Conjugal visit"") |
| [Escape](https://en.wikipedia.org/wiki/Prison_escape ""Prison escape"") | - [Prison escapes](https://en.wikipedia.org/wiki/List_of_prison_escapes ""List of prison escapes"")<br>  - [Helicopter](https://en.wikipedia.org/wiki/List_of_helicopter_prison_escapes ""List of helicopter prison escapes"")<br>- [Prisoner-of-war escapes](https://en.wikipedia.org/wiki/List_of_prisoner-of-war_escapes ""List of prisoner-of-war escapes"") | |
| Culture | - [Art](https://en.wikipedia.org/wiki/Prison_art ""Prison art"")<br>- [Film](https://en.wikipedia.org/wiki/Prison_film ""Prison film"")<br>- [Gang](https://en.wikipedia.org/wiki/Prison_gang ""Prison gang"")<br>  - [United States](https://en.wikipedia.org/wiki/Prison_gangs_in_the_United_States ""Prison gangs in the United States"")<br>- [Literature](https://en.wikipedia.org/wiki/Prison_literature ""Prison literature"")<br>  - [American](https://en.wikipedia.org/wiki/American_prison_literature ""American prison literature"")<br>- [Ring](https://en.wikipedia.org/wiki/Prison_ring ""Prison ring"")<br>- [Slang](https://en.wikipedia.org/wiki/Prison_slang ""Prison slang"")<br>- [Tattooing](https://en.wikipedia.org/wiki/Prison_tattooing ""Prison tattooing"") |
| Social issues | - [Abuse](https://en.wikipedia.org/wiki/Prisoner_abuse ""Prisoner abuse"")<br>  - [United States](https://en.wikipedia.org/wiki/Prisoner_abuse_in_the_United_States ""Prisoner abuse in the United States"")<br>- [Contemplative programs](https://en.wikipedia.org/wiki/Prison_contemplative_programs ""Prison contemplative programs"")<br>- [Death in custody](https://en.wikipedia.org/wiki/Death_in_custody ""Death in custody"")<br>  - [List](https://en.wikipedia.org/wiki/List_of_prison_deaths ""List of prison deaths"")<br>- [Education](https://en.wikipedia.org/wiki/Prison_education ""Prison education"")<br>- [Gang](https://en.wikipedia.org/wiki/Prison_gang ""Prison gang"")<br>- [Incarceration and health](https://en.wikipedia.org/wiki/Incarceration_and_health ""Incarceration and health"")<br>- [Informants](https://en.wikipedia.org/wiki/Jailhouse_informants ""Jailhouse informants"")<br>- [LGBTQ](https://en.wikipedia.org/wiki/LGBTQ_people_in_prison ""LGBTQ people in prison"")<br>- [Mentally ill people in the United States](https://en.wikipedia.org/wiki/Mentally_ill_people_in_United_States_jails_and_prisons ""Mentally ill people in United States jails and prisons"")<br>- [Mobile phones](https://en.wikipedia.org/wiki/Mobile_phones_in_prison ""Mobile phones in prison"")<br>- [Pay-to-stay](https://en.wikipedia.org/wiki/Pay-to-stay_(imprisonment) ""Pay-to-stay (imprisonment)"")<br>- [Prison overcrowding](https://en.wikipedia.org/wiki/Prison_overcrowding ""Prison overcrowding"")<br>  - [United States](https://en.wikipedia.org/wiki/Prison_overcrowding_in_the_United_States ""Prison overcrowding in the United States"")<br>- [Prisoners' rights](https://en.wikipedia.org/wiki/Prisoners%27_rights ""Prisoners' rights"")<br>  - [International law](https://en.wikipedia.org/wiki/Prisoners%27_rights_in_international_law ""Prisoners' rights in international law"")<br>- [Private prisons](https://en.wikipedia.org/wiki/Private_prison ""Private prison"")<br>  - [United States](https://en.wikipedia.org/wiki/Incarceration_in_the_United_States#Privatization ""Incarceration in the United States"")<br>- [Protective custody](https://en.wikipedia.org/wiki/Protective_custody ""Protective custody"")<br>- [Rape](https://en.wikipedia.org/wiki/Prison_rape ""Prison rape"")<br>  - [United States](https://en.wikipedia.org/wiki/Prison_rape_in_the_United_States ""Prison rape in the United States"")<br>- [Religion](https://en.wikipedia.org/wiki/Prison_religion ""Prison religion"")<br>  - United States<br>- [Riots](https://en.wikipedia.org/wiki/Prison_riot ""Prison riot"")<br>- [Sexuality](https://en.wikipedia.org/wiki/Prison_sexuality ""Prison sexuality"")<br>- [Social hierarchy](https://en.wikipedia.org/wiki/Prison_social_hierarchy ""Prison social hierarchy"")<br>- [Solitary confinement](https://en.wikipedia.org/wiki/Solitary_confinement ""Solitary confinement"")<br>- [Strikes](https://en.wikipedia.org/wiki/Prison_strike ""Prison strike"")<br>- [Suicide](https://en.wikipedia.org/wiki/Prisoner_suicide ""Prisoner suicide"")<br>- [Violence](https://en.wikipedia.org/wiki/Prison_violence ""Prison violence"")<br>- [Women in prison](https://en.wikipedia.org/wiki/Incarceration_of_women ""Incarceration of women"")<br>  - [United States](https://en.wikipedia.org/wiki/Incarceration_of_women_in_the_United_States ""Incarceration of women in the United States"") |
| Organizations | - [Association for the Protection and Assistance of the Convicted](https://en.wikipedia.org/wiki/Association_for_the_Protection_and_Assistance_of_the_Convicted ""Association for the Protection and Assistance of the Convicted"") (Brazil)<br>- [Black and Pink](https://en.wikipedia.org/wiki/Black_and_Pink ""Black and Pink"")<br>- [Books to Prisoners](https://en.wikipedia.org/wiki/Books_to_Prisoners ""Books to Prisoners"")<br>- [Florida Justice Institute](https://en.wikipedia.org/wiki/Florida_Justice_Institute ""Florida Justice Institute"")<br>- [International Network of Prison Ministries](https://en.wikipedia.org/wiki/International_Network_of_Prison_Ministries ""International Network of Prison Ministries"")<br>- [Justice Action](https://en.wikipedia.org/wiki/Justice_Action ""Justice Action"")<br>- [Justice Defenders](https://en.wikipedia.org/wiki/Justice_Defenders ""Justice Defenders"")<br>- [Mount Tamalpais College](https://en.wikipedia.org/wiki/Mount_Tamalpais_College ""Mount Tamalpais College"")<br>- [POA](https://en.wikipedia.org/wiki/POA_(trade_union) ""POA (trade union)"")<br>- [Prison abolition movement](https://en.wikipedia.org/wiki/Prison_abolition_movement ""Prison abolition movement"")<br>- [Prison Advice and Care Trust](https://en.wikipedia.org/wiki/Prison_Advice_and_Care_Trust ""Prison Advice and Care Trust"")<br>- [Prison-Ashram Project](https://en.wikipedia.org/wiki/Prison-Ashram_Project ""Prison-Ashram Project"")<br>- [Prison Fellowship](https://en.wikipedia.org/wiki/Prison_Fellowship ""Prison Fellowship"")<br>- [Prison Fellowship International](https://en.wikipedia.org/wiki/Prison_Fellowship_International ""Prison Fellowship International"")<br>- _[Prison Legal News](https://en.wikipedia.org/wiki/Prison_Legal_News ""Prison Legal News"")_<br>- [Prison Officers' Association (Ireland)](https://en.wikipedia.org/wiki/Prison_Officers%27_Association_(Ireland) ""Prison Officers' Association (Ireland)"")<br>- [The Prison Phoenix Trust](https://en.wikipedia.org/wiki/The_Prison_Phoenix_Trust ""The Prison Phoenix Trust"")<br>- [Prison Radio](https://en.wikipedia.org/wiki/Prison_Radio ""Prison Radio"")<br>- [Prison Reform Trust](https://en.wikipedia.org/wiki/Prison_Reform_Trust ""Prison Reform Trust"")<br>- [Prisoners Rights Union](https://en.wikipedia.org/wiki/Prisoners_Rights_Union ""Prisoners Rights Union"")<br>- [Prisoners' Union (Russia)](https://en.wikipedia.org/wiki/Prisoners%27_Union_(Russia) ""Prisoners' Union (Russia)"")<br>- [WriteAPrisoner.com](https://en.wikipedia.org/wiki/WriteAPrisoner.com ""WriteAPrisoner.com"") |
| Leaving prison | - [Recidivism](https://en.wikipedia.org/wiki/Recidivism ""Recidivism"")<br>- [Rehabilitation](https://en.wikipedia.org/wiki/Rehabilitation_(penology) ""Rehabilitation (penology)"")<br>- [Restorative justice](https://en.wikipedia.org/wiki/Restorative_justice ""Restorative justice"")<br>- [Work release](https://en.wikipedia.org/wiki/Work_release ""Work release"") |
| Lists | - [Countries by incarceration rate](https://en.wikipedia.org/wiki/List_of_countries_by_incarceration_rate ""List of countries by incarceration rate"")<br>- [Prisons](https://en.wikipedia.org/wiki/List_of_prisons ""List of prisons"")<br>- [Films featuring prisons](https://en.wikipedia.org/wiki/List_of_prison_films ""List of prison films"") |
| [By country](https://en.wikipedia.org/wiki/Category:Penal_systems_by_country ""Category:Penal systems by country"") | - [Australia](https://en.wikipedia.org/wiki/Punishment_in_Australia ""Punishment in Australia"")<br>- [Chile](https://en.wikipedia.org/wiki/Prisons_in_Chile ""Prisons in Chile"")<br>- [China](https://en.wikipedia.org/wiki/Penal_system_in_China ""Penal system in China"")<br>- [Estonia](https://en.wikipedia.org/wiki/Prisons_in_Estonia ""Prisons in Estonia"")<br>- [Germany](https://en.wikipedia.org/wiki/Prisons_in_Germany ""Prisons in Germany"")<br>- [Iceland](https://en.wikipedia.org/wiki/List_of_prisons_in_Iceland ""List of prisons in Iceland"")<br>- [India](https://en.wikipedia.org/wiki/Prisons_in_India ""Prisons in India"")<br>- [Ireland, Republic of](https://en.wikipedia.org/wiki/Prisons_in_the_Republic_of_Ireland ""Prisons in the Republic of Ireland"")<br>- [Jamaica](https://en.wikipedia.org/wiki/List_of_prisons_in_Jamaica ""List of prisons in Jamaica"")<br>- [Japan](https://en.wikipedia.org/wiki/Penal_system_of_Japan ""Penal system of Japan"")<br>- [New Zealand](https://en.wikipedia.org/wiki/List_of_prisons_in_New_Zealand ""List of prisons in New Zealand"")<br>- [North Korea](https://en.wikipedia.org/wiki/Prisons_in_North_Korea ""Prisons in North Korea"")<br>- [Norway](https://en.wikipedia.org/wiki/Incarceration_in_Norway ""Incarceration in Norway"")<br>- [Peru](https://en.wikipedia.org/wiki/National_Penitentiary_Institute_(Peru) ""National Penitentiary Institute (Peru)"")<br>- [Russia](https://en.wikipedia.org/wiki/Prisons_in_Russia ""Prisons in Russia"")<br>- [Soviet Union](https://en.wikipedia.org/wiki/Category:Prisons_in_the_Soviet_Union ""Category:Prisons in the Soviet Union"")<br>  - [Gulag](https://en.wikipedia.org/wiki/Gulag ""Gulag"")<br>- [Turkey](https://en.wikipedia.org/wiki/Prisons_in_Turkey ""Prisons in Turkey"")<br>- [Ukraine](https://en.wikipedia.org/wiki/Prisons_in_Ukraine ""Prisons in Ukraine"")<br>- United Kingdom and British overseas territories <br>  - [Bermuda](https://en.wikipedia.org/wiki/Bermuda_Department_of_Corrections ""Bermuda Department of Corrections"")<br>  - [England and Wales](https://en.wikipedia.org/wiki/His_Majesty%27s_Prison_Service ""His Majesty's Prison Service"")<br>  - [Northern Ireland](https://en.wikipedia.org/wiki/Northern_Ireland_Prison_Service ""Northern Ireland Prison Service"")<br>  - [Scotland](https://en.wikipedia.org/wiki/Scottish_Prison_Service ""Scottish Prison Service"")<br>  - [Prisoner security categories in the United Kingdom](https://en.wikipedia.org/wiki/Prisoner_security_categories_in_the_United_Kingdom ""Prisoner security categories in the United Kingdom"")<br>- [United States](https://en.wikipedia.org/wiki/Incarceration_in_the_United_States ""Incarceration in the United States"") |
| - ![](https://upload.wikimedia.org/wikipedia/en/thumb/9/96/Symbol_category_class.svg/20px-Symbol_category_class.svg.png)[Imprisonment and detention](https://en.wikipedia.org/wiki/Category:Imprisonment_and_detention ""Category:Imprisonment and detention"")<br>- [![](https://upload.wikimedia.org/wikipedia/en/thumb/4/4a/Commons-logo.svg/20px-Commons-logo.svg.png)](https://en.wikipedia.org/wiki/File:Commons-logo.svg ""Commons page"")[Commons](https://commons.wikimedia.org/wiki/Category:Imprisonment_and_detention ""commons:Category:Imprisonment and detention"") |

Retrieved from "" [https://en.wikipedia.org/w/index.php?title=Religion\_in\_United\_States\_prisons&oldid=1281001141](https://en.wikipedia.org/w/index.php?title=Religion_in_United_States_prisons&oldid=1281001141)""

[Categories](https://en.wikipedia.org/wiki/Help:Category ""Help:Category""):

- [Religion and society in the United States](https://en.wikipedia.org/wiki/Category:Religion_and_society_in_the_United_States ""Category:Religion and society in the United States"")
- [Prisons in the United States](https://en.wikipedia.org/wiki/Category:Prisons_in_the_United_States ""Category:Prisons in the United States"")
- [Prison religion](https://en.wikipedia.org/wiki/Category:Prison_religion ""Category:Prison religion"")
- [History of religion in the United States](https://en.wikipedia.org/wiki/Category:History_of_religion_in_the_United_States ""Category:History of religion in the United States"")

Hidden categories:

- [Webarchive template wayback links](https://en.wikipedia.org/wiki/Category:Webarchive_template_wayback_links ""Category:Webarchive template wayback links"")
- [Articles with short description](https://en.wikipedia.org/wiki/Category:Articles_with_short_description ""Category:Articles with short description"")
- [Short description with empty Wikidata description](https://en.wikipedia.org/wiki/Category:Short_description_with_empty_Wikidata_description ""Category:Short description with empty Wikidata description"")
- [Pages using infobox mapframe with missing coordinates](https://en.wikipedia.org/wiki/Category:Pages_using_infobox_mapframe_with_missing_coordinates ""Category:Pages using infobox mapframe with missing coordinates"")
- [All articles with unsourced statements](https://en.wikipedia.org/wiki/Category:All_articles_with_unsourced_statements ""Category:All articles with unsourced statements"")
- [Articles with unsourced statements from May 2008](https://en.wikipedia.org/wiki/Category:Articles_with_unsourced_statements_from_May_2008 ""Category:Articles with unsourced statements from May 2008"")

Search

Search

Religion in United States prisons

Add languages[Add topic](https://en.wikipedia.org/wiki/Religion_in_United_States_prisons#)",,,,,https://en.wikipedia.org/static/favicon/wikipedia.ico
"
            Religion and Rehabilitation as Moral Reform: Conceptualization and Preliminary Evidence - PMC
        ",https://pmc.ncbi.nlm.nih.gov/articles/PMC9748388/,"[Skip to main content](https://pmc.ncbi.nlm.nih.gov/articles/PMC9748388/#main-content)

![](https://pmc.ncbi.nlm.nih.gov/static/img/icon-dot-gov.svg)

**Official websites use .gov**

A
**.gov** website belongs to an official
government organization in the United States.


![](https://pmc.ncbi.nlm.nih.gov/static/img/icon-https.svg)

**Secure .gov websites use HTTPS**

A **lock** (
Lock
Locked padlock icon
) or **https://** means you've safely
connected to the .gov website. Share sensitive
information only on official, secure websites.


[Home](https://pmc.ncbi.nlm.nih.gov/ ""Home"")

Search PMC Full-Text Archive

Search in PMC![Search](https://pmc.ncbi.nlm.nih.gov/static/img/usa-icons-bg/search--white.svg)

- [Journal List](https://pmc.ncbi.nlm.nih.gov/journals/)
- [User Guide](https://pmc.ncbi.nlm.nih.gov/about/userguide/)

- [View on publisher site](https://doi.org/10.1007/s12103-022-09707-3) View on publisher site
- [Download PDF](https://pmc.ncbi.nlm.nih.gov/articles/PMC9748388/pdf/12103_2022_Article_9707.pdf) Download PDF
- Add to Collections
- Cite
- Permalink




## PERMALINK



Copy


As a library, NLM provides access to scientific literature. Inclusion in an NLM database does not imply endorsement of, or agreement with,
the contents by NLM or the National Institutes of Health.

Learn more:
[PMC Disclaimer](https://pmc.ncbi.nlm.nih.gov/about/disclaimer/)
\|
[PMC Copyright Notice](https://pmc.ncbi.nlm.nih.gov/about/copyright/)

![Springer Nature - PMC COVID-19 Collection logo](https://cdn.ncbi.nlm.nih.gov/pmc/banners/logo-phenaturepg.png)

Am J Crim Justice

. 2022 Dec 14:1–27. Online ahead of print. doi: [10.1007/s12103-022-09707-3](https://doi.org/10.1007/s12103-022-09707-3)

# Religion and Rehabilitation as Moral Reform: Conceptualization and Preliminary Evidence

[Sung Joon Jang](https://pubmed.ncbi.nlm.nih.gov/?term=%22Jang%20SJ%22[Author])

### Sung Joon Jang

1Institute for Studies of Religion, Baylor University, Waco, TX USA

2Institute for Studies of Religion, Baylor University, One Bear Place #97236, Waco, TX 76798 USA

Find articles by [Sung Joon Jang](https://pubmed.ncbi.nlm.nih.gov/?term=%22Jang%20SJ%22[Author])

1,2,✉, [Byron R Johnson](https://pubmed.ncbi.nlm.nih.gov/?term=%22Johnson%20BR%22[Author])

### Byron R Johnson

1Institute for Studies of Religion, Baylor University, Waco, TX USA

Find articles by [Byron R Johnson](https://pubmed.ncbi.nlm.nih.gov/?term=%22Johnson%20BR%22[Author])

1

- Author information
- Article notes
- Copyright and License information

1Institute for Studies of Religion, Baylor University, Waco, TX USA

2Institute for Studies of Religion, Baylor University, One Bear Place #97236, Waco, TX 76798 USA

✉

Corresponding author.

Received 2022 May 27; Accepted 2022 Nov 5.

© Southern Criminal Justice Association 2022, Springer Nature or its licensor (e.g. a society or other partner) holds exclusive rights to this article under a publishing agreement with the author(s) or other rightsholder(s); author self-archiving of the accepted manuscript version of this article is solely governed by the terms of such publishing agreement and applicable law.

This article is made available via the PMC Open Access Subset for unrestricted research re-use and secondary analysis in any form or by any means with acknowledgement of the original source. These permissions are granted for the duration of the World Health Organization (WHO) declaration of COVID-19 as a global pandemic.

[PMC Copyright notice](https://pmc.ncbi.nlm.nih.gov/about/copyright/)

PMCID: PMC9748388  PMID: [36531536](https://pubmed.ncbi.nlm.nih.gov/36531536/)

## Abstract

We examine how religion contributes to rehabilitation, which we conceptualize as moral reform and operationalize in terms of self-identity, existential belief, and character. We hypothesize that religion contributes to identity transformation, a sense of meaning and purpose in life, and virtue development. We also hypothesize that faith-based rehabilitation reduces negative emotions and the risk of interpersonal aggression. We conducted a quasi-experiment on a faith-based program in a state jail and a maximum-security prison in Texas, using a convenience sample of male inmates. To test our hypotheses, we compare inmates who graduated the program with those who did not and applied manifest-variable structural equation modeling to analyze data from pretest and posttest surveys. Program participation was linked to an increase in religiosity, which contributed to identity transformation (cognitive and emotional transformations and crystallization of discontent), the perceived presence of meaning and purpose in life, and virtues (including self-control, compassion, and forgiveness). Faith-based rehabilitation in turn reduced state depression and anxiety and the probability of engaging in aggression toward another inmate. This study provides preliminary evidence of religion’s rehabilitative effect on offenders; findings which hold promise for prison administrators looking for creative ways to support evidence-based and cost-effective approaches to rehabilitation within the correctional system.

### Supplementary Information

The online version contains supplementary material available at 10.1007/s12103-022-09707-3.

**Keywords:** Prison ⋅ Rehabilitation ⋅ Religion ⋅ Moral Reform

## Introduction

About two-thirds of state prisoners released are rearrested for a new crime within three years (Alper et al., [2018](https://pmc.ncbi.nlm.nih.gov/articles/PMC9748388/#CR1); Durose et al., [2014](https://pmc.ncbi.nlm.nih.gov/articles/PMC9748388/#CR15)), and the 3-year rearrest rate has not changed much for several decades (Beck & Shipley, [1989](https://pmc.ncbi.nlm.nih.gov/articles/PMC9748388/#CR6); Langan & Levin, [2002](https://pmc.ncbi.nlm.nih.gov/articles/PMC9748388/#CR52)). High recidivism among ex-prisoners seem to confirm the limited rehabilitative impact of incarceration. This is consistent with an assessment of prison chaplains in a national survey, where less than half (45.0%) of them reported a positive view on how their state correctional system was doing to prepare inmates for reintegration into the community (Boddie & Funk, [2012](https://pmc.ncbi.nlm.nih.gov/articles/PMC9748388/#CR7)). Almost three-quarters (73.0%) said that access to religious programs in prison was “absolutely critical” to successful rehabilitation of inmates (see also Sundt & Cullen, [2002](https://pmc.ncbi.nlm.nih.gov/articles/PMC9748388/#CR77)). This opinion is worthy of attention in a time of ever-tightening budgets, especially since volunteer-led and externally funded faith-based programs tend to be one of the few remaining resources available for promoting rehabilitation in prison.

Prior research shows that inmate involvement in religion or religiosity and participation in faith-based programs tend to be positively related to subjective well-being and inversely to prison misconduct (Clear et al., [2000](https://pmc.ncbi.nlm.nih.gov/articles/PMC9748388/#CR8); Dammer, [2002](https://pmc.ncbi.nlm.nih.gov/articles/PMC9748388/#CR12); Johnson, [2011](https://pmc.ncbi.nlm.nih.gov/articles/PMC9748388/#CR41); Kerley, Matthews, & Schulz, [2005](https://pmc.ncbi.nlm.nih.gov/articles/PMC9748388/#CR46); Kerley et al., [2011a](https://pmc.ncbi.nlm.nih.gov/articles/PMC9748388/#CR44); O’Connor & Perreyclear, [2002](https://pmc.ncbi.nlm.nih.gov/articles/PMC9748388/#CR9)). These relationships—based mostly on cross-sectional data—imply the salutary effects of religion: cognitive, affective, and behavioral _consequences_ of faith-based rehabilitation or reform that seek to change character traits, motivations, or disposition. These effects, however, are not the _indicators_ or _measures_ of rehabilitation itself, so the concept needs to be explicitly defined and observed separately from its outcomes. In this paper, we conceptualize rehabilitation as moral reform or “moral improvement” (Forsberg & Douglas, [2020](https://pmc.ncbi.nlm.nih.gov/articles/PMC9748388/#CR21)) and operationalize the concept in terms of self-identity, existential belief, and character.

To empirically examine how religion contributes to reforming offenders, we conducted a quasi-experiment on a faith-based program, using a sample of male inmates housed at two correctional facilities in Texas: a state jail and a maximum-security prison. We hypothesized that program-increased religiosity contributes to inmate rehabilitation: that is, identity transformation, a new sense of meaning and purpose in life, and virtue development. We also hypothesized about key affective and behavioral outcomes of rehabilitation: religion-based reform reduces negative emotional states and the risk (i.e., probability) of interpersonal aggression among program graduates. To test these hypotheses, we applied manifest-variable structural equation modeling to analyze data from pretest and posttest surveys. Before describing our methodology and presenting findings, we begin with a conceptual discussion of the key concept, rehabilitation.

## The Concept of Rehabilitation

Noting that offender rehabilitation (henceforth, rehabilitation) has not been adequately defined in the criminological as well as philosophical literature, McNeill ( [2012](https://pmc.ncbi.nlm.nih.gov/articles/PMC9748388/#CR60); [2014](https://pmc.ncbi.nlm.nih.gov/articles/PMC9748388/#CR61)) offered a typology that consists of four forms of rehabilitation. _Psychological_ or _personal rehabilitation_ seeks to promote positive individual-level change in an offender by developing new skills or abilities and addressing deficits or problems, whereas _legal_ or _judicial rehabilitation_ concerns addressing the collateral consequences of the offender’s conviction by setting aside a criminal record and removing the stigma so they can requalify as a citizen (Maruna, [2011](https://pmc.ncbi.nlm.nih.gov/articles/PMC9748388/#CR54)). Barriers to restoring social position as a citizen are moral as well as legal in that crime is not simply a legal but moral offense. Thus, the offender has to both improve moral capacities and seek redress for a wrongdoing as redemption is to be earned, which is the main concern of _moral rehabilitation_. The last form, _social rehabilitation_, is perhaps the most challenging to achieve because it involves not only “the restoration of the citizen’s formal social status and the availability of the personal and social means to do so” but also “the informal _social recognition and acceptance_ of the reformed ex-offender” (McNeill, [2012](https://pmc.ncbi.nlm.nih.gov/articles/PMC9748388/#CR60):15; _emphasis_ added).

More recently, Forsberg and Douglas ( [2020](https://pmc.ncbi.nlm.nih.gov/articles/PMC9748388/#CR21)) developed an alternative taxonomy that distinguished five conceptions of rehabilitation based on the aims of rehabilitative measure and the means to achieve the intended end: rehabilitation as (1) anti-recidivism, (2) harm-reduction, (3) therapy, (4) moral improvement, and (5) restoration. The first two conceptions aim to reduce the likelihood of reoffending or engaging in conduct harmful to the well-being of others and an offender, using other means than reducing the offender’s capacity to reoffend or engage in such conduct (e.g., incapacitation), disincentivizing the offender’s reoffending or harmful conduct (e.g., deterrence), or incentivizing non-offending or less harmful conduct by the offender. The next conception intends “to cure or ameliorate a mental deficit … \[whether\] a mental illness or disorder, or … some defect in the capacities relevant for criminal responsibility” that caused an offender’s past offense and predisposes the offender to further offending.

The fourth and fifth conceptions correspond to McNeill’s last two forms of rehabilitation, though not exactly the same. McNeill’s “moral rehabilitation” includes an offender offering moral redress to the victim or the community, but, for Forsberg and Douglas, reparation is a part of _rehabilitation as restoration_ that overlaps with McNeill’s “social rehabilitation.” On the other hand, their conception of _rehabilitation as moral improvement_ focuses on making an offender morally better, while the nature and scope of moral improvement vary among the proponents of rehabilitation intended to have offenders become morally better. For example, Morris ( [1981](https://pmc.ncbi.nlm.nih.gov/articles/PMC9748388/#CR63):265) favors measures that help an offender develop an “identity as a morally autonomous person attached to … a moral good … that one feel contrite, that one feel the guilt that is appropriate to one’s wrongdoing, that one be repentant, that one be self-forgiving and that one have reinforced one’s conception of oneself as a responsible being.” Other scholars suggest that the scope should be narrower, like fortifying the moral capacities of offenders to reduce the likelihood of reoffending or targeting moral improvements relevant to crime that has been committed (Duff, [2001](https://pmc.ncbi.nlm.nih.gov/articles/PMC9748388/#CR14); Hampton, [1984](https://pmc.ncbi.nlm.nih.gov/articles/PMC9748388/#CR31); Howard, [2017](https://pmc.ncbi.nlm.nih.gov/articles/PMC9748388/#CR33)).

In this paper, we conceptualize rehabilitation as moral reform—consistent with Forsberg and Douglas’ ( [2020](https://pmc.ncbi.nlm.nih.gov/articles/PMC9748388/#CR21)) conception of rehabilitation as moral improvement—and suggest religion as a source of moral reform is well-positioned to have a wide-ranging rehabilitative impact on various domains of an offender’s life, including physical health and social relationships. We thus focus on three life domains: self-identity, existential belief, and character.

## Religion and Rehabilitation

In our conceptualization of rehabilitation as moral reform, the term _moral_ refers to “an orientation toward understandings about what is right and wrong, good and bad, worthy and unworthy, just and unjust, that are not established by our own actual desires, decisions, or preferences but instead believed to exist apart from them” (Smith, [2003](https://pmc.ncbi.nlm.nih.gov/articles/PMC9748388/#CR73):8). Since the matter of rightness, goodness, worthiness, and justice is determined by something outside of self, moral reform needs to be based on a system of self-transcendence rather than expediency or self-interest. Religion provides one such system and thus becomes a potential source of moral reform.

### Self-Identity: Identity Transformation

Our conception of rehabilitation as moral reform assumes that offenders as humans are moral beings in that they are moral agents, one of whose “central and fundamental motivations for human action is to act out and sustain moral order” (Smith, [2003](https://pmc.ncbi.nlm.nih.gov/articles/PMC9748388/#CR73):8). [1](https://pmc.ncbi.nlm.nih.gov/articles/PMC9748388/#Fn1) Of course, people do not always act morally or consistently live up to their own or others’ moral standards. Offenders are those who have failed to demonstrate reasonable firmness in response to criminogenic pressures they faced (Howard, [2017](https://pmc.ncbi.nlm.nih.gov/articles/PMC9748388/#CR33)). This failure, especially when repeated, is likely to distort their understanding of who they are (i.e., moral beings) and lead them to adopt a criminal identity, while struggling to rationalize or make some sense of their own action by blaming others and society instead of owning moral responsibility. As a result, offenders may end up accepting that they are an automaton at the mercy of external forces rather than a morally autonomous person. Thus, rehabilitation as moral reform should aim at helping offenders discover their “true self” or “real me” (Maruna, [2001](https://pmc.ncbi.nlm.nih.gov/articles/PMC9748388/#CR53):88) in place of a criminal identity.

Religion offers an opportunity to replace an “old self” with a “new self” (James, [2007](https://pmc.ncbi.nlm.nih.gov/articles/PMC9748388/#CR34)), helping offenders write a “redemption script,” a narrative that allows a new start built on the new self (Hallett & McCoy, [2015](https://pmc.ncbi.nlm.nih.gov/articles/PMC9748388/#CR30)). Identity transformation via religion is a cognitive process that involves self-reflection and a change in self-concept, based on a new “living narrative” religion provides (Smith, [2003](https://pmc.ncbi.nlm.nih.gov/articles/PMC9748388/#CR73)). It is also an affective process, which includes introspection and dealing with feelings of guilt over their wrongdoing and negative emotions (e.g., depression and anxiety) associated with criminal punishment (e.g., imprisonment) and the losses it caused (Clear et al., [2000](https://pmc.ncbi.nlm.nih.gov/articles/PMC9748388/#CR8)). Identity transformation is the focus of identity theories of desistance from crime.

Giordano et al.’s ( [2002](https://pmc.ncbi.nlm.nih.gov/articles/PMC9748388/#CR23)) symbolic interactionist theory posits that four types of “cognitive transformations” are necessary for desistance: (1) one’s openness to change (a general cognitive readiness for change), (2) one’s exposure to a particular hook (or set of hooks) for change, (3) one’s construction of a conventional “replacement self” or new identity, and (4) one’s perception of crime to be negative, unviable, or personally irrelevant. Identity transformation also involves “emotional transformations” that lead to “an increased ability to regulate their emotions in socially acceptable ways,” thereby reducing the likelihood to identify oneself with negative emotions (Giordano et al., [2007](https://pmc.ncbi.nlm.nih.gov/articles/PMC9748388/#CR25):1610). For Giordano et al. ( [2002](https://pmc.ncbi.nlm.nih.gov/articles/PMC9748388/#CR23)), religion is a major hook for change among offenders, as it functions as a catalyst that provides a conventional replacement self and positive emotions (Giordano et al., [2008](https://pmc.ncbi.nlm.nih.gov/articles/PMC9748388/#CR24)).

Paternoster and Bushway’s (2009) rational choice theory of desistance posits that offenders are committed to a criminal identity until they determine the cost of this commitment is greater than the benefit and perceive what they fear may become (“the feared self”) to be more likely than what they hope to become (“the positive possible self”). This perception is assisted by the “crystallization of discontent” (Baumeister, [1994](https://pmc.ncbi.nlm.nih.gov/articles/PMC9748388/#CR5)), in which offenders see “failures or dissatisfactions across many aspects of \[their\] life \[being\] _linked together_ and attributed to the criminal identity itself” (Paternoster & Bushway, [2009](https://pmc.ncbi.nlm.nih.gov/articles/PMC9748388/#CR67):1123). This cognitive process provides the initial motivation to change the self, and religion contributes to the process by helping offenders attribute their failures to their old self and offering a new self for a new start.

In a rare quantitative test of identity theories of desistance, using survey data from 2,249 inmates at America’s largest maximum-security prison, the Louisiana State Penitentiary (a.k.a., “Angola”), Jang et al. ( [2018b](https://pmc.ncbi.nlm.nih.gov/articles/PMC9748388/#CR40)) found that religion played a role in contributing to identity transformation (see also Hallett et al., [2017](https://pmc.ncbi.nlm.nih.gov/articles/PMC9748388/#CR29)). Specifically, they found religious conversion was positively related to cognitive transformation and crystallization of discontent, whereas inmate involvement in religion was positively related to emotional transformation. More recently, inmate participation in a faith-based program was found to increase religiosity, which in turn contributed to crystallization of discontent among prisoners in Colombia and South Africa (Jang et al., [2022a](https://pmc.ncbi.nlm.nih.gov/articles/PMC9748388/#CR36); Jang et al., [2022b](https://pmc.ncbi.nlm.nih.gov/articles/PMC9748388/#CR39); Johnson et al., [2021](https://pmc.ncbi.nlm.nih.gov/articles/PMC9748388/#CR43)). In addition, in their qualitative study of 63 male inmates who had undergone a religious conversion, Kerley and Copes ( [2009](https://pmc.ncbi.nlm.nih.gov/articles/PMC9748388/#CR47)) found that religion helped those inmates maintain their new identity through support networks (i.e., friendships with other religious individuals, whether inmates or local volunteers), formal and informal group activities (e.g., chapel services and Bible study or prayer meetings), “sharing” (whether evangelistic or altruistic), and personal reflection (e.g., “quiet time”).

### Existential Belief: A Sense of Meaning and Purpose in Life

Offenders as moral beings have an orientation toward understanding what is worthy (Smith, [2003](https://pmc.ncbi.nlm.nih.gov/articles/PMC9748388/#CR73)) or significant because humans are existential beings that have an innate need for a meaningful life, which largely derives from having purpose (a goal or goals) in life. A life of crime, particularly, common-law crime is hard to justify as meaningful given its destructiveness to others and the self, no matter how it is neutralized or rationalized (Sykes & Matza, [1957](https://pmc.ncbi.nlm.nih.gov/articles/PMC9748388/#CR78)). As a result, offenders tend to lack a sense of meaning and purpose in life, which contributes to their criminal continuity. Thus, rehabilitation as moral reform should aim to help offenders how they can find a meaning and purpose in life for a change. According to Frankl ( [1984](https://pmc.ncbi.nlm.nih.gov/articles/PMC9748388/#CR22)), the “true meaning of life” should be self-transcendent. While religion is a source of such meaning, self-transcendent meaning can also come from outside of religion, like close relationships with others (Costin & Vignoles, [2020](https://pmc.ncbi.nlm.nih.gov/articles/PMC9748388/#CR10)) or a commitment to a cause, like environmental care or patriotism. In correctional institutions, however, religion is readily available to offer a time-honored system of meaning to offenders, helping them develop a new sense of meaning and purpose in life.

Prior research shows a positive association between religiosity and a sense of meaning and purpose in life among offenders. For example, in a study of male inmates at three maximum-security prisons in Texas, Jang et al. ( [2018a](https://pmc.ncbi.nlm.nih.gov/articles/PMC9748388/#CR37)) found that inmate religiosity was positively related to perceived meaning in life (see also Jang et al., [2018b](https://pmc.ncbi.nlm.nih.gov/articles/PMC9748388/#CR40)). Using data collected in a non-Western country, Jang et al. ( [2021](https://pmc.ncbi.nlm.nih.gov/articles/PMC9748388/#CR38)) replicated the positive relationship (see also Jang et al., [2022a](https://pmc.ncbi.nlm.nih.gov/articles/PMC9748388/#CR36); Jang et al., [2022b](https://pmc.ncbi.nlm.nih.gov/articles/PMC9748388/#CR39)). Specifically, analyzing data from a survey with male and female inmates housed in four South African prisons, they found that more religious inmates were more likely to report a sense of meaning and purpose in life than their less or non-religious peers. This positive relationship was found among both male and female inmates, showing that the relationship was gender neutral as well as cross-cultural.

### Virtue Development

To the extent that crime is a result of limited moral capacities (Howard, [2017](https://pmc.ncbi.nlm.nih.gov/articles/PMC9748388/#CR33)), rehabilitation as moral reform needs to aim at developing virtues among offenders. Since most religious traditions promote virtues like forgiveness, gratitude, accountability, and self-control (Emmons & McCullough, [2004](https://pmc.ncbi.nlm.nih.gov/articles/PMC9748388/#CR18); Evans, [2019](https://pmc.ncbi.nlm.nih.gov/articles/PMC9748388/#CR20); Rye et al., [2000](https://pmc.ncbi.nlm.nih.gov/articles/PMC9748388/#CR71)), religious involvement is expected to increase virtues. First, religion not only emphasizes but also reveres virtues, teaching adherents to adopt and practice divine-like qualities (Rye et al., [2000](https://pmc.ncbi.nlm.nih.gov/articles/PMC9748388/#CR71)). In Judaism, Christianity, and Islam, for example, forgiveness is a way to imitate God who forgives, carry out God’s plan beyond self-pity and resentment, and enhance one’s relationship with God. In Hinduism and Buddhism, forgiveness is a way to attain divinity or reach nirvana. Second, religion provides adherents with a spiritual or self-transcendent narrative, whereby virtue (e.g., self-sacrifice or forgiveness) has meaning even when it goes against human instincts (e.g., self-preservation) or counteracts a natural tendency (e.g., vengefulness). Finally, religious communities strive to stimulate virtue development as they collectively engage in practices (e.g., worship) that promote the connection between a transcendental narrative and virtuous behavior (Schnitker et al., [2019](https://pmc.ncbi.nlm.nih.gov/articles/PMC9748388/#CR72)).

Prior research provides evidence that religion fosters virtues among individuals in the general population (Batson et al., [1999](https://pmc.ncbi.nlm.nih.gov/articles/PMC9748388/#CR4); Emmons & Paloutzian, [2003](https://pmc.ncbi.nlm.nih.gov/articles/PMC9748388/#CR16); Krause, [2018](https://pmc.ncbi.nlm.nih.gov/articles/PMC9748388/#CR50); McCullough et al., [2000](https://pmc.ncbi.nlm.nih.gov/articles/PMC9748388/#CR57); Rye et al., [2000](https://pmc.ncbi.nlm.nih.gov/articles/PMC9748388/#CR71)). While research on religion and virtues among offenders is scant, Jang et al. ( [2018a](https://pmc.ncbi.nlm.nih.gov/articles/PMC9748388/#CR37)) found that more religious inmates reported higher levels of forgiveness, compassion, and gratitude than their less or non-religious counterparts. Similarly, religiosity was found to be positively related to forgiveness, accountability, gratitude, and self-control among prisoners in Colombia and South Africa, both males and females (Jang et al., [2021](https://pmc.ncbi.nlm.nih.gov/articles/PMC9748388/#CR38); Jang et al., [2022a](https://pmc.ncbi.nlm.nih.gov/articles/PMC9748388/#CR36); Jang et al., [2022b](https://pmc.ncbi.nlm.nih.gov/articles/PMC9748388/#CR39)).

## Consequences of Rehabilitation

Faith-based rehabilitation as moral reform is likely to have affective and behavioral outcomes. First, identity transformation is expected to reduce negative emotions and deviant act among offenders, as it enables offenders to disassociate themselves from negative emotions that they used to identify with and to behave, consistent with the new self (Giordano et al., [2002](https://pmc.ncbi.nlm.nih.gov/articles/PMC9748388/#CR23); Giordano et al., [2007](https://pmc.ncbi.nlm.nih.gov/articles/PMC9748388/#CR25); Paternoster & Bushway, [2009](https://pmc.ncbi.nlm.nih.gov/articles/PMC9748388/#CR67)). Second, a new sense of meaning and purpose in life is likely to decrease an offender’s negative emotions and misconduct as the new existential belief leads them to strive for conventional life goals and to manage their behaviors accordingly (Jang, [2016](https://pmc.ncbi.nlm.nih.gov/articles/PMC9748388/#CR35); McKnight & Kashdan, [2009](https://pmc.ncbi.nlm.nih.gov/articles/PMC9748388/#CR59); Steger & Frazier, [2005](https://pmc.ncbi.nlm.nih.gov/articles/PMC9748388/#CR75); Vanhooren et al., [2017](https://pmc.ncbi.nlm.nih.gov/articles/PMC9748388/#CR80)). Finally, fostering virtues among offenders is expected to not only decrease deviance but also enhance emotional well-being (Emmons & McCullough, [2003](https://pmc.ncbi.nlm.nih.gov/articles/PMC9748388/#CR17); McCullough, [2000](https://pmc.ncbi.nlm.nih.gov/articles/PMC9748388/#CR56)), since moral character is a central component of “eudaemonic” happiness (Ward & Maruna, [2007](https://pmc.ncbi.nlm.nih.gov/articles/PMC9748388/#CR81)).

Research on rehabilitation as moral reform and its affective and behavioral consequences is limited, but three recent studies provide supportive evidence. First, Jang et al. ( [2018a](https://pmc.ncbi.nlm.nih.gov/articles/PMC9748388/#CR37)) found crystallization of discontent and emotional transformation were inversely related to disciplinary convictions among prison inmates. They also found that inmates’ perceived presence of meaning in life and virtues (forgiveness, compassion, and gratitude) were inversely related to negative emotional states (depression and anxiety) and the likelihood of aggression toward another inmate. Second, the virtue of self-control was also inversely related to negative emotional states and the risk of aggressive misconduct (Jang et al., [2021](https://pmc.ncbi.nlm.nih.gov/articles/PMC9748388/#CR38); Jang et al., [2022b](https://pmc.ncbi.nlm.nih.gov/articles/PMC9748388/#CR39)).

## The Present Study: Hypotheses

To examine whether religion contributes to rehabilitation as moral reform, we conducted a quasi-experiment on a part of faith-based program, which is operating in seven units of Texas Department of Criminal Justice. The program, sponsored by a non-profit organization, called “Restoration Outreach of Dallas (ROD) Ministries,” consists of four in-prison Bible study classes (ROD I to IV) and aftercare following release from prison (ROD Ministries, [2015](https://pmc.ncbi.nlm.nih.gov/articles/PMC9748388/#CR70)). The classes—each of which meets weekly for three months and cover 12 to 13 sessions—are facilitated not only by volunteers from local churches but also inmates who have both completed the classes and been trained to lead it. To complete each ROD class, inmates must attend at least nine sessions and are required to do homework. Following successful completion of a class and requirements, inmates participate in gradation and receive a certificate, becoming eligible for enrolling in the next class (e.g., ROD II after ROD I). The present study focuses on the first class (ROD I, henceforth, ROD program or, in short, ROD), comparing between inmates who completed the class (graduates) and those who did not complete (incompletes). [2](https://pmc.ncbi.nlm.nih.gov/articles/PMC9748388/#Fn2)

First, the ROD program was a Bible study and thus expected to increase inmate involvement in religion or religiosity, so we hypothesize the following.

### • Hypothesis 1

• ROD graduates are more likely to report an increase in religiosity than the incompletes.

Next, based on the literature reviewed above, we expect ROD-increased religiosity to contribute to rehabilitation. Since rehabilitation is a _process_ of moral reform in terms of self-identity, existential belief, and character, it can be observed in terms of _degree_. Thus, inmates ahead of others in their progress in moral reform are likely to show signs of positive change compared to those who are making less progress. Thus, we hypothesize as follows:

### • Hypothesis 2

• A change in religiosity is positively related to a change in (a) identity transformation, (b) a sense of meaning and purpose in life, and (c) virtues.

Finally, we hypothesize about affective and behavioral consequences of religion-based rehabilitation as moral reform as follows:

### • Hypothesis 3

• A change in identity transformation, a sense of meaning and purpose in life, and virtues are inversely related to a change in negative emotional states and the risk (i.e., probability) of interpersonal aggression.

## Methods

### Sample

We conducted a quasi-experimental study based on one-group pretest-posttest design to assess the effectiveness of ROD between July 2019 and March 2020. Two male-only units of the Texas Department of Criminal Justice (TDCJ) were selected for the study because the program had been operating there longer than other units. One was a state jail near the city of Dallas, and the other was a maximum-security prison, southeast of Dallas about 100 miles from the city.

Recruitment for the first ROD class was based on the facility-wide distribution of promotional flyers, which introduced inmates to the faith-based program and explained prerequisites for the class, including having at least six months left on their sentence and planning to reside in Dallas area upon release given that ROD aftercare is available only in that area. We visited the research sites to invite inmates screened and enrolled in the class to participate in our study. If they agreed, they signed a consent form and then completed a pretest survey. [3](https://pmc.ncbi.nlm.nih.gov/articles/PMC9748388/#Fn3) After completing the class, graduates were asked to participate in a posttest survey, while those who failed to complete ROD were also asked to do the second survey. We obtained information about inmate’s sociodemographic and justice-related backgrounds from TDCJ.

A convenience sample of 231 inmates participated in the pretest survey, and 132 (57.1%) of them graduated with 99 not graduating. [4](https://pmc.ncbi.nlm.nih.gov/articles/PMC9748388/#Fn4) Nearly half of them (109, 47.2%, 81 graduates and 28 incompletes) did the posttest. [5](https://pmc.ncbi.nlm.nih.gov/articles/PMC9748388/#Fn5) Thus, the sample size for hypothesis testing was 109.

### Measurement

The key exogenous variable, the ROD _program completion_, is dichotomous (0 = incomplete, 1 = graduate). Other exogenous variables were inmate’s backgrounds, including sociodemographic variables: _age_, race (dummy variables of _Black_, _Hispanic_, and _Asian_ with the reference category of White), _education_ (1 = 8th grade or less, 2 = 9th grade, 3 = 10th grade, 4 = 11th grade, 5 = 12th grade or GED, 6 = some college, 7 = college degree), intelligence ( _IQ score_), marital status (dummy variables of being _married_ including common-law marriage and divorced/separated/widowed \[ _D/S/W_\] with the omitted category of being single), and religion (dummy variables of being _Protestant_, _Catholic_, _Muslim_, _Jewish_, an adherent of _Eastern religion_, and a follower of _other religion_ with the omitted category of having no religion). Also included were justice-related backgrounds: a total number of prior incarcerations in prison ( _prior prison_) and jail ( _prior jail_) and current _sentence length_ in year. In addition, a dummy variable, _state jail_, was created to control for any differences between the two research sites not only because one is a state jail and the other is a prison but also because ROD classes in the state jail were facilitated by local volunteers, whereas the program in the prison was led by inmates.

A first endogenous variable is inmate’s religious involvement or _religiosity_, which was measured by creating a scale summing standardized scores of five items (see Appendix [A](https://pmc.ncbi.nlm.nih.gov/articles/PMC9748388/#Sec150)): two items of religious beliefs (perceived closeness to God and importance of religion) and three items of religious behaviors (frequency of religious service attendance, praying outside of religious services, and reading the Bible or other sacred text in private). Exploratory factor analysis generated a single-factor solution with moderate-to-high loadings, ranging from 0.490 to 0.779 at the pretest and from 0.545 to 0.759 at the posttest, and good inter-item reliability with Cronbach’s α being 0.827 and 0.780 at the pretest and posttest, respectively.

The next endogenous variables involve three domains of rehabilitation as moral reform: identity transformation, a sense of meaning and purpose in life, and virtues. First, identity transformation was operationalized by _cognitive transformation_, _emotional transformation_, and _crystallization of discontent_. The first and the last were measured by three items, whereas four items were used to measure the second (see Appendix [A](https://pmc.ncbi.nlm.nih.gov/articles/PMC9748388/#Sec150)). Items of cognitive and emotional transformations loaded on a single factor with moderate-to-high factor loadings and acceptable-to-high internal reliability at both tests. On the other hand, the crystallization of discontent items had a poor internal reliability at both tests perhaps due to one item that had a low factor loading.

Second, to measure an inmate’s sense of meaning and purpose in life, we used Steger et al.’s ( [2006](https://pmc.ncbi.nlm.nih.gov/articles/PMC9748388/#CR76)) four items of _presence of meaning_, which had a single-factor solution with high loadings and high-to-excellent internal reliability (see Appendix [A](https://pmc.ncbi.nlm.nih.gov/articles/PMC9748388/#Sec150)).

Third, we created measures of seven virtues. To measure _self-control_, we used reverse-coded four items of Grasmick et al.’s ( [1993](https://pmc.ncbi.nlm.nih.gov/articles/PMC9748388/#CR27)) Low Self-Control Scale, which had moderate-to-high loadings on a single factor and acceptable internal reliability at both pretest (from 0.472 to 0.709, α = 0.695) and posttest (from 0.498 to 0.651, α = 0.621). _Compassion_ was measured by five items (Krause et al., [2016](https://pmc.ncbi.nlm.nih.gov/articles/PMC9748388/#CR51)), which had a single-factor solution with moderate-to-high loadings and good inter-item reliability at both pretest (from 0.550 to 0.780, α = 0.795) and posttest (from 0.528 to 0.794, α = 0.777). Emmons et al.’s ( [2003](https://pmc.ncbi.nlm.nih.gov/articles/PMC9748388/#CR19)) three items were used to measure _gratitude_ based on the items that loaded on a single factor with moderate-to-high loadings and had acceptable-to-high internal reliability at both pretest (from 0.681 to 0.883, α = 0.835) and posttest (from 0.543 to 0.966, α = 0.692), whereas _gratitude to God_ was measured by Krause’s ( [2006](https://pmc.ncbi.nlm.nih.gov/articles/PMC9748388/#CR49)) two items that had an excellent inter-item reliability at both tests (α = 0.904 and 0.933).

The virtue of accountability (Evans, [2019](https://pmc.ncbi.nlm.nih.gov/articles/PMC9748388/#CR20)) was measured separately for other people (human accountability) and God or a higher power (transcendent accountability), using 11- and 10-item scales, respectively (Witvlietet al., [2022a](https://pmc.ncbi.nlm.nih.gov/articles/PMC9748388/#CR83); Witvliet et al., [2022b](https://pmc.ncbi.nlm.nih.gov/articles/PMC9748388/#CR84)). Items of _human accountability_ loaded on a single factor with loadings higher than 0.600 with one exception (see Appendix [A](https://pmc.ncbi.nlm.nih.gov/articles/PMC9748388/#Sec150)) and an excellent internal reliability at both tests (α = 0.890 and 0.923), whereas those of _transcendent accountability_ had a single-factor solution with loadings higher than 0.800 with inter-item reliability being 0.964 and 0.961. To measure _forgiveness_ of others, we used a single item asking inmates whether they had forgiven a person who recently hurt them. Regarding the person, we also measured their _vengefulness_, using five items of McCullough et al.’s ( [1998](https://pmc.ncbi.nlm.nih.gov/articles/PMC9748388/#CR58)) Transgression-Related Interpersonal Motivations (TRIM) Inventory (see Appendix [A](https://pmc.ncbi.nlm.nih.gov/articles/PMC9748388/#Sec150)), which loaded on a single factor with moderate-to-high loadings and high-to-excellent internal reliability at both pretest (from 0.594 to 0.842, α = 0.844) and posttest (from 0.775 to 0.921, α = 0.925).

Lastly, the ultimate endogenous variables, affective and behavioral outcomes of religion-based rehabilitation were measured in terms of two negative emotional states and behavioral intention. _State depression_ was the average of six items from the CES-Depression Scale (Radloff, [1977](https://pmc.ncbi.nlm.nih.gov/articles/PMC9748388/#CR68)), which loaded on a single factor with moderate-to-high loadings and had high internal reliability at both pretest (from 0.531 to 0.827, α = 0.849) and posttest (from 0.548 to 0.856, α = 0.862). Spitzer et al.’s ( [2006](https://pmc.ncbi.nlm.nih.gov/articles/PMC9748388/#CR74)) 7-item generalized anxiety disorder scale (GAD-7) was used to measure _state anxiety_, and the items had a single-factor solution with moderate-to-high loadings and excellent inter-item reliability at both pretest (from 0.731 to 0.900, α = 0.929) and posttest (from 0.536 to 0.901, α = 0.909).

Behavioral intention was measured by an inmate’s self-reported probability of engaging in interpersonal aggression or, in short, _intended aggression_. To measure this construct, we used the vignette method, in which inmates were first asked to read the following scenario.

> _It’s Sunday afternoon. Mike is watching an NFL football game in the prison dayroom with other inmates. During a halftime break, Mike goes to the restroom. To reserve his seat, he asks a friend to “hold it down” for him. When Mike comes back, Joe is in his seat. Mike asks Joe to leave because it is his seat. Joe says he can sit anywhere he wants. Mike asks Joe to leave one more time. This time Joe ignores Mike. Meanwhile, everyone is watching what’s going on. Feeling not only dissed but also that he is right, Mike gets into an argument with Joe_.

Then inmates were asked to indicate how likely it was that they would do the same as Mike (1 = not likely at all \[0%\], 2 = very unlikely, 3 = unlikely, 4 = likely, 5 = very likely, 6 = certainly \[100%\]). [6](https://pmc.ncbi.nlm.nih.gov/articles/PMC9748388/#Fn6)

### Analytic Strategy

To test our hypotheses, we applied a manifest-variable structural equation modeling (SEM) approach to analyze data from the pretest and posttest. The modeling approach enabled us to not only simultaneously estimate for 16 endogenous variables (i.e., 12 mediating and three ultimate endogenous variables as well as religiosity), but also directly test the statistical significance of mediation, which path analysis would have not allowed us to. For model estimation, we employed Mplus 8 that incorporates Muthén’s ( [1983](https://pmc.ncbi.nlm.nih.gov/articles/PMC9748388/#CR64)) “general structural equation model” and full information maximum likelihood (FIML) estimation. As concepts were measured by ordered categorical and continuous variables, we used the estimation option of MLR, which generates maximum likelihood estimates with standard errors that are robust to non-normality and non-independence of observations.

Next, to treat missing data, we used FIML, which tends to produce unbiased estimates similar to multiple imputation (Baraldi & Enders, [2010](https://pmc.ncbi.nlm.nih.gov/articles/PMC9748388/#CR3); Graham, [2009](https://pmc.ncbi.nlm.nih.gov/articles/PMC9748388/#CR26)). Because of this missing data treatment method, the total number of observations Mplus used for model estimation was 321, who participated in the pretest survey, although 109 was the number of inmates who also participated in posttest survey. While SEM is a “large sample” method, either number indicated that our sample size was appropriate given that 100 to 150 is usually considered a minimum sample size for conducting SEM (Anderson & Gerbing, [1988](https://pmc.ncbi.nlm.nih.gov/articles/PMC9748388/#CR2); Ding et al., [1995](https://pmc.ncbi.nlm.nih.gov/articles/PMC9748388/#CR13); Tinsley & Tinsley, [1987](https://pmc.ncbi.nlm.nih.gov/articles/PMC9748388/#CR79)). Finally, statistical significance (α = 0.05) was generally assessed using two-tailed tests, but we also applied one-tailed tests for the hypothesized relationships since their directions were _a priori_ predicted.

## Results

Table [1](https://pmc.ncbi.nlm.nih.gov/articles/PMC9748388/#Tab1) presents descriptive statistics of variables measured at the pretest. The total sample ( _n_ = 109) included more ROD graduates (81, 74.3%) than incompletes (28, 25.7%). They were, on average, about 44 (44.06) years of age, with the youngest and oldest being 21 and 65, respectively (not shown in the table), and their racial backgrounds were White (37.6%), Black (40.4%), Hispanic (21.1%), and Asian (0.9%). The average education (5.69) fell between “12th grade or GED” and “some college,” and the inmates had, on average, a score (92.60) close to the lower end of “average intelligence” range (90–109) according to Wechsler Adult Intelligence Scale (Wechsler, [2008](https://pmc.ncbi.nlm.nih.gov/articles/PMC9748388/#CR82)). While most (45.4%) of them were single, about a quarter (26.0%) were married or in common law marriage, whereas the remainder (28.6%) had post-marital status. Nine out of ten (89.6%) had Christian (77.3%) or other religion (3.8% Islam, 2.8% Judaism, 0.9% Eastern religion, and 4.7% “other religion”) with 10.4% reporting no religion.

### Table 1.

Descriptive Statistics of Variables Measured at the Pretest

| Variable | Total sample ( _n_ = 109) | Graduates ( _n_ = 81) | Incompletes ( _n_ = 28) |  |
| :-- | :-- | :-- | :-- | :-- |
| _n/f_ | Mean/% | S.D. | _n/f_ | Mean/% | S.D. | _n/f_ | Mean/% | S.D. | _p_ |
| :-- | :-- | :-- | :-- | :-- | :-- | :-- | :-- | :-- | :-- |
| Program completion | 109 | 0.74 | 0.44 | 81 | 1.00 | 0.00 | 28 | 0.00 | 0.00 |  |
| Age | 109 | 44.06 | 10.13 | 81 | 44.37 | 9.93 | 28 | 43.14 | 10.82 | 0.58 |
| Education | 102 | 5.69 | 1.36 | 74 | 5.70 | 1.40 | 28 | 5.64 | 1.28 | 0.84 |
| IQ score | 109 | 92.60 | 13.95 | 81 | 92.21 | 13.00 | 28 | 93.71 | 16.62 | 0.63 |
| State jail | 109 | 0.55 | 0.50 | 81 | 0.62 | 0.49 | 28 | 0.36 | 0.49 | 0.02 |
| Prior prison | 109 | 1.93 | 1.21 | 81 | 1.99 | 1.08 | 28 | 1.75 | 1.53 | 0.37 |
| Prior jail | 109 | 0.47 | 0.97 | 81 | 0.53 | 1.07 | 28 | 0.29 | 0.54 | 0.12 |
| Sentence length | 109 | 24.09 | 27.15 | 81 | 19.98 | 22.21 | 28 | 36.00 | 35.91 | 0.03 |
| Religiosity | 108 | 0.05 | 0.73 | 80 | 0.08 | 0.68 | 28 | − 0.03 | 0.88 | 0.48 |
| Cognitive transformation | 109 | 3.57 | 0.51 | 81 | 3.53 | 0.52 | 28 | 3.68 | 0.47 | 0.17 |
| Emotional transformation | 108 | 2.90 | 0.78 | 80 | 2.89 | 0.76 | 28 | 2.92 | 0.84 | 0.87 |
| Crystallization of discontent | 109 | 3.61 | 0.44 | 81 | 3.57 | 0.45 | 28 | 3.73 | 0.39 | 0.07 |
| Presence of meaning | 109 | 5.46 | 1.30 | 81 | 5.37 | 1.32 | 28 | 5.72 | 1.20 | 0.21 |
| Self-control | 109 | 3.69 | 0.57 | 81 | 3.70 | 0.59 | 28 | 3.64 | 0.52 | 0.61 |
| Compassion | 109 | 2.85 | 0.49 | 81 | 2.82 | 0.48 | 28 | 2.92 | 0.52 | 0.38 |
| Gratitude | 109 | 5.79 | 1.41 | 81 | 5.72 | 1.44 | 28 | 5.99 | 1.31 | 0.39 |
| Gratitude to God | 108 | 4.64 | 0.68 | 80 | 4.66 | 0.68 | 28 | 4.59 | 0.71 | 0.63 |
| Human accountability | 109 | 4.20 | 0.53 | 81 | 4.16 | 0.52 | 28 | 4.32 | 0.54 | 0.16 |
| Transcendent accountability | 108 | 4.24 | 0.62 | 80 | 4.25 | 0.60 | 28 | 4.23 | 0.70 | 0.88 |
| Forgiveness | 107 | 3.79 | 1.08 | 81 | 3.70 | 1.10 | 26 | 4.08 | 0.98 | 0.13 |
| Vengefulness | 108 | 2.02 | 1.01 | 80 | 2.06 | 0.98 | 28 | 1.89 | 1.10 | 0.43 |
| State depression | 109 | 2.57 | 0.82 | 81 | 2.55 | 0.78 | 28 | 2.63 | 0.94 | 0.66 |
| State anxiety | 109 | 2.69 | 0.98 | 81 | 2.61 | 0.94 | 28 | 2.93 | 1.08 | 0.14 |
| Intended aggression | 109 | 3.05 | 1.69 | 81 | 3.07 | 1.65 | 28 | 2.96 | 1.84 | 0.77 |
| Race |  |  |  |  |  |  |  |  |  | 0.36 |
| White | 41 | 37.6% |  | 31 | 38.3% |  | 10 | 35.7% |  |  |
| Black | 44 | 40.4% |  | 35 | 43.2% |  | 9 | 32.1% |  |  |
| Hispanic | 23 | 21.1% |  | 14 | 17.3% |  | 9 | 32.1% |  |  |
| Asian | 1 | 0.9% |  | 1 | 1.2% |  | 0 | 0.0% |  |  |
| Total | 109 | 100.0% |  | 81 | 100.0% |  | 28 | 100.0% |  |  |
| Marital status |  |  |  |  |  |  |  |  |  | 0.74 |
| Single | 49 | 45.4% |  | 35 | 43.2% |  | 14 | 51.9% |  |  |
| Married | 22 | 20.4% |  | 19 | 23.5% |  | 3 | 11.1% |  |  |
| Common law marriage | 6 | 5.6% |  | 4 | 4.9% |  | 2 | 7.4% |  |  |
| Divorced | 21 | 19.4% |  | 16 | 19.8% |  | 5 | 18.5% |  |  |
| Separated | 9 | 8.3% |  | 6 | 7.4% |  | 3 | 11.1% |  |  |
| Widowed | 1 | 0.9% |  | 1 | 1.2% |  | 0 | 0.0% |  |  |
| Total | 108 | 100.0% |  | 81 | 100.0% |  | 27 | 100.0% |  |  |
| Religion |  |  |  |  |  |  |  |  |  | 0.11 |
| Protestant | 65 | 61.3% |  | 51 | 65.4% |  | 14 | 50.0% |  |  |
| Catholic | 17 | 16.0% |  | 13 | 16.7% |  | 4 | 14.3% |  |  |
| Islam | 4 | 3.8% |  | 2 | 2.6% |  | 2 | 7.1% |  |  |
| Judaism | 3 | 2.8% |  | 3 | 3.8% |  | 0 | 0.0% |  |  |
| Eastern religion | 1 | 0.9% |  | 0 | 0.0% |  | 1 | 3.6% |  |  |
| Other religion | 5 | 4.7% |  | 4 | 5.1% |  | 1 | 3.6% |  |  |
| No religion | 11 | 10.4% |  | 5 | 6.4% |  | 6 | 21.4% |  |  |
| Total | 106 | 100.0% |  | 78 | 100.0% |  | 28 | 100.0% |  |  |

[Open in a new tab](https://pmc.ncbi.nlm.nih.gov/articles/PMC9748388/table/Tab1/)

Note. _n_ = number of observations, _f_ = frequency, S.D = standard deviation. Using Bonferroni correction (i.e., α = 0.00185185…), no mean or group difference was statistically significant.

\\* _p_ < .05

In addition, 55% of the sample were housed at the state jail at the time of pretest, and the study participants had been in prison, on average, about twice (1.93) prior to the current incarceration. Their average length of sentence was 24 (24.09) years. Results from _t_-test showed that graduates were serving shorter sentence than incompletes (19.98 vs. 36.00) because they were more likely to be inmates housed at the state jail (61.7%) than maximum-security prison (38.3%, not shown in the table) as we found earlier in the sample of pretest participants ( _n_ = 321; see footnote 4). However, these differences were found to be not significant, using the Bonferroni correction (α = 0.00185185…). Thus, the two groups were statistically equivalent at the pretest, that is, before they participated in the program.

Table [2](https://pmc.ncbi.nlm.nih.gov/articles/PMC9748388/#Tab2) shows our model estimated for hypothesis testing (standardized coefficients are presented). [7](https://pmc.ncbi.nlm.nih.gov/articles/PMC9748388/#Fn7) We found completion of ROD was positively related to religiosity at the posttest or Time 2 (0.206). Since religiosity’s Time 1 or previous (pretest) measure (religiosity T1) was controlled for, the positive relationship can be interpreted in terms of change: that is, the program completion _increased_ inmate involvement in religion between the pretest and posttest. In other words, graduates were more likely to report an increase in religiosity than incompletes. Thus, Hypothesis [1](https://pmc.ncbi.nlm.nih.gov/articles/PMC9748388/#FPar1) received empirical support. Next, the increased religiosity (religiosity T2) was positively related to a change in all three indicators of identity transformation—cognitive (0.275) and emotional transformations (0.479) and crystallization of discontent (0.349), perceived presence of meaning (0.554), and all seven virtues: self-control (0.502), compassion (0.335), gratitude (0.497), gratitude to God (0.481), human accountability (0.295), transcendent accountability (0.368), and forgiveness (0.382). In addition, the ROD-associated increase in religiosity was inversely related to vengefulness (‒0.495). That is, as hypothesized (Hypothesis [2](https://pmc.ncbi.nlm.nih.gov/articles/PMC9748388/#FPar2)), we found that the program had rehabilitative effects on inmates by increasing their religiosity, which in turn contributed to identity transformation, a sense of meaning and purpose in life, and virtue development.

### Table 2.

Estimated Structural Equation Model of Program Completion, Indicators of Rehabilitation, Negative Emotional States, and the Risk of Interpersonal Aggression ( _n_ = 109)

| Variable | Religiosity<br>T2 | Cognitive transformation T2 | Emotional transformation T2 | Crystallization of discontent T2 | Presence of meaning<br>T2 | Self-control T2 | Compassion<br>T2 | Gratitude<br>T2 |
| :-- | :-- | :-- | :-- | :-- | :-- | :-- | :-- | :-- |
| Program completion | 0.206\* | − 0.218\* | − 0.146 | − 0.150 | 0.052 | − 0.160\* | − 0.196\* | − 0.141 |
| Religiosity T1 | 0.513\* | − 0.120 | − 0.072 | − 0.228 | 0.083 | − 0.243 | 0.027 | 0.147 |
| Cognitive transformation T1 | − 0.012 | 0.248\* | 0.141\* | − 0.067 | 0.085 | 0.051 | 0.124+ | 0.137+ |
| Emotional transformation T1 | − 0.112 | 0.350\* | 0.402\* | − 0.218 | 0.221\* | 0.166 | 0.235\* | 0.226\* |
| Crystallization of discontent T1 | 0.026 | − 0.052 | 0.077 | 0.342\* | 0.106 | 0.153+ | − 0.061 | 0.119 |
| Presence of meaning T1 | − 0.012 | − 0.127 | 0.144 | − 0.155 | 0.338\* | − 0.203\* | − 0.141 | − 0.126 |
| Self-control T1 | − 0.114 | − 0.173 | 0.009 | 0.022 | 0.029 | 0.483\* | 0.256\* | − 0.177 |
| Compassion T1 | − 0.062 | − 0.040 | − 0.051 | 0.065 | − 0.002 | 0.063 | 0.639\* | 0.204\* |
| Gratitude T1 | − 0.112 | − 0.204\* | − 0.243\* | 0.372\* | 0.026 | − 0.013 | − 0.074 | 0.139 |
| Gratitude to God T1 | 0.222\* | 0.196\* | 0.192+ | − 0.257\* | − 0.061 | − 0.090 | 0.197+ | 0.122 |
| Human accountability T1 | 0.129 | − 0.069 | − 0.073 | 0.001 | 0.105 | − 0.080 | 0.040 | − 0.052 |
| Transcendent accountability T1 | 0.041 | − 0.019 | − 0.452\* | 0.052 | − 0.340\* | − 0.066 | − 0.389\* | − 0.228 |
| Forgiveness T1 | 0.061 | 0.013 | − 0.042 | − 0.260\* | − 0.145 | 0.178\* | − 0.197\* | − 0.247\* |
| Vengefulness T1 | − 0.009 | − 0.175+ | − 0.127 | 0.038 | − 0.082 | 0.066 | − 0.036 | − 0.003 |
| State depression T1 | − 0.007 | 0.118 | 0.046 | 0.018 | 0.047 | 0.096 | 0.357\* | 0.162 |
| State anxiety T1 | − 0.010 | − 0.072 | − 0.309+ | − 0.158 | − 0.005 | − 0.260+ | 0.005 | − 0.133 |
| Intended aggression T1 | − 0.116+ | 0.063 | 0.237\* | 0.030 | 0.241\* | 0.121 | 0.015 | − 0.152+ |
| Religiosity T2 |  | 0.275\* | 0.479\* | 0.349\* | 0.554\* | 0.502\* | 0.335\* | 0.497\* |
| Cognitive transformation T2 |  | _1.000_ |  |  |  |  |  |  |
| Emotional transformation T2 |  | _− 0.072_ | _1.000_ |  |  |  |  |  |
| Crystallization of discontent T2 |  | _0.271_\* | _0.118_ | _1.000_ |  |  |  |  |
| Presence of meaning T2 |  | _0.291_\* | _0.108_ | _0.086_ | _1.000_ |  |  |  |
| Self-control T2 |  | _− 0.123_ | _0.259_\* | _0.030_ | _0.223_\* | _1.000_ |  |  |
| Compassion T2 |  | _0.079_ | _0.078_ | _− 0.003_ | _0.237_\* | _0.005_ | _1.000_ |  |
| Gratitude T2 |  | _− 0.033_ | _0.111_ | _0.087_ | _0.265_ + | _0.034_ | _0.293_\* | _1.000_ |
| Gratitude to God T2 |  | _0.090_ | _− 0.031_ | _− 0.046_ | _0.454_\* | _0.202_\* | _0.092_ | _0.173_ |
| Human accountability T2 |  | _0.486_\* | _0.090_ | _0.188_ | _0.361_\* | _0.056_ | _0.350_\* | _0.020_ |
| Transcendent accountability T2 |  | _0.271_\* | _0.159_ + | _0.183_ | _0.423_\* | _0.146_ | _0.337_\* | _0.099_ |
| Forgiveness T2 |  | _− 0.114_ | _0.178_ + | _0.063_ | _0.172_\* | _0.104_ | _0.204_\* | _0.151_\* |
| Vengefulness T2 |  | _0.040_ | _− 0.198_\* | _− 0.181_ | _− 0.073_ | _− 0.241_\* | _− 0.118_ | _− 0.248_\* |
| _R_ 2 | 0.689 | 0.523 | 0.652 | 0.538 | 0.573 | 0.651 | 0.610 | 0.488 |
| Variable | Gratitude to God<br>T2 | Human accountability T2 | Transcendent accountability T2 | Forgiveness T2 | Vengefulness T2 | State depression<br>T2 | State anxiety T2 | Intended aggression<br>T2 |
| Program completion | 0.169\* | − 0.308\* | − 0.040 | 0.021 | − 0.020 | − 0.013 | − 0.114 | − 0.246\* |
| Religiosity T1 | 0.075 | 0.189 | 0.116 | − 0.189 | 0.182 | − 0.019 | 0.028 | 0.045 |
| Cognitive transformation T1 | − 0.049 | − 0.008 | − 0.008 | 0.162+ | − 0.091 | − 0.006 | − 0.118 | 0.084 |
| Emotional transformation T1 | 0.196\* | 0.238 | 0.110 | − 0.028 | 0.025 | − 0.099 | 0.096 | 0.500\* |
| Crystallization of discontent T1 | 0.209\* | 0.062 | 0.114 | 0.004 | − 0.191\* | 0.049 | 0.015 | − 0.080 |
| Presence of meaning T1 | 0.113 | − 0.309\* | 0.030 | − 0.138 | 0.132 | − 0.063 | − 0.006 | − 0.188 |
| Self-control T1 | − 0.013 | − 0.011 | − 0.060 | − 0.132 | 0.104 | − 0.202 | 0.088 | 0.195\* |
| Compassion T1 | 0.027 | 0.097 | 0.049 | 0.110 | − 0.133 | 0.196\* | 0.052 | 0.217\* |
| Gratitude T1 | 0.162\* | 0.110 | − 0.125 | 0.053 | 0.232\* | − 0.022 | 0.177 | 0.101 |
| Gratitude to God T1 | 0.204 | 0.062 | 0.323\* | 0.071 | − 0.059 | 0.034 | 0.079 | − 0.090 |
| Human accountability T1 | − 0.242\* | 0.379\* | − 0.179\* | − 0.207 | 0.041 | − 0.051 | − 0.033 | 0.116 |
| Transcendent accountability T1 | − 0.132 | − 0.413\* | 0.285\* | 0.004 | 0.055 | 0.215 | 0.021 | − 0.231+ |
| Forgiveness T1 | − 0.026 | − 0.221\* | − 0.111 | 0.178+ | − 0.352\* | 0.222\* | − 0.036 | − 0.119 |
| Vengefulness T1 | − 0.018 | − 0.127 | − 0.169\* | − 0.226\* | 0.229\* | 0.029 | 0.114\* | − 0.052 |
| State depression T1 | − 0.083 | − 0.025 | 0.184 | 0.018 | 0.016 | 0.166 | − 0.023 | 0.267\* |
| State anxiety T1 | 0.234\* | 0.155 | − 0.041 | − 0.192 | 0.134 | − 0.085 | 0.446\* | 0.019 |
| Intended aggression T1 | 0.017 | 0.011 | 0.070 | − 0.163+ | − 0.048 | − 0.085 | − 0.038 | 0.472\* |
| Religiosity T2 | 0.481\* | 0.295\* | 0.368\* | 0.382\* | − 0.495\* | − 0.009 | 0.010 | 0.194 |
| Cognitive transformation T2 |  |  |  |  |  | − 0.141 | − 0.093 | − 0.020 |
| Emotional transformation T2 |  |  |  |  |  | − 0.233\* | − 0.369\* | − 0.339\* |
| Crystallization of discontent T2 |  |  |  |  |  | 0.078 | 0.072 | − 0.015 |
| Presence of meaning T2 |  |  |  |  |  | − 0.207\* | − 0.009 | 0.360\* |
| Self-control T2 |  |  |  |  |  | − 0.183+ | − 0.177\* | − 0.139 |
| Compassion T2 |  |  |  |  |  | − 0.057 | − 0.086 | − 0.136+ |
| Gratitude T2 |  |  |  |  |  | − 0.180 | 0.023 | − 0.110+ |
| Gratitude to God T2 | _1.000_ |  |  |  |  | 0.042 | − 0.164 | − 0.304\* |
| Human accountability T2 | _− 0.054_ | _1.000_ |  |  |  | 0.048 | − 0.086 | − 0.368\* |
| Transcendent accountability T2 | _0.247_\* | _0.324_\* | _1.000_ |  |  | 0.086 | 0.153 | 0.070 |
| Forgiveness T2 | _0.057_ | _0.188_\* | _0.198_\* | _1.000_ |  | − 0.006 | 0.056 | 0.065 |
| Vengefulness T2 | _− 0.165_ + | _− 0.109_ | _− 0.197_\* | _− 0.520_\* | _1.000_ | 0.068 | 0.142 | 0.107 |
| _R_ 2 | 0.741 | 0.428 | 0.756 | 0.549 | 0.648 | 0.719 | 0.771 | 0.780 |

[Open in a new tab](https://pmc.ncbi.nlm.nih.gov/articles/PMC9748388/table/Tab2/)

Note. Standardized coefficients are presented (those in _italics_ are residual correlations among the secondary endogenous variables), and sociodemographic and criminal justice background variables were controlled for but not shown in the table (see Supplemental Table [3](https://pmc.ncbi.nlm.nih.gov/articles/PMC9748388/#MOESM2) for the coefficients of control variables); T1 = Time 1 (pretest), T2 = Time 2 (posttest).

\+ _p_ < .05 (one-tailed test), \* _p_ < .05 (two-tailed test).

The last three columns show that the religion-based rehabilitation significantly reduced negative emotional states and the probability of interpersonal aggression. Specifically, state depression was decreased by emotional transformation (‒0.233), presence of meaning (‒0.207), and self-control (‒0.183), and state anxiety was reduced by emotional transformation (‒0.369) and self-control (‒0.177). Next, the likelihood of engaging in aggression toward another inmate was lowered by an increase in emotional transformation (‒0.339) and the virtues of compassion (‒0.136), gratitude (‒0.110), gratitude to God (‒0.304), and human accountability (‒0.368). [8](https://pmc.ncbi.nlm.nih.gov/articles/PMC9748388/#Fn8) In sum, Hypothesis [3](https://pmc.ncbi.nlm.nih.gov/articles/PMC9748388/#FPar3) received partial support. It is worth noting that the program completion was inversely related to the probability of aggression (‒0.246), which indicates that ROD had rehabilitative effects that remained to be explained by other than what we included in the model.

A supplemental analysis was conducted to test the significance of indirect effects of the program completion and the program-increased religiosity on the secondary mediating and/or ultimate endogenous variables. We found that ROD significantly contributed to identity transformation, a sense of meaning and purpose in life, and the development of all seven virtues, while reducing vengefulness toward a person who caused pain in the past, by increasing inmate involvement in religion (see the first panel of Supplemental Table [4](https://pmc.ncbi.nlm.nih.gov/articles/PMC9748388/#MOESM2)). Next, the increased religiosity significantly decreased negative emotional states and the risk of interpersonal aggression: specifically, state depression via religiosity-increased emotional transformation and perceived presence of meaning, state anxiety via emotional transformation and self-control, and intended aggression via emotional transformation, gratitude, gratitude to God, and human accountability (see the second panel). Taken together, the program was found to significantly decrease the negative emotional states and the risk of aggression by increasing religiosity, which in turn contributed to rehabilitation as moral reform: emotional transformation, presence of meaning, gratitude to God, and human accountability (see the bottom panel).

Another supplemental analysis was conducted to examine potential selection bias. Since ROD is a faith-based program, more religious inmates might have been drawn to and benefitted by the program than those less or not religious. To explore this issue, we used the medium of religiosity T1 (0.335) to divide the pretest sample ( _n_ = 229; two missing cases on religiosity T1) into low ( _n_ = 114) and high religiosity groups ( _n_ = 115), which included 53 and 55 inmates of the total sample ( _n_ = 108; one missing case), respectively. First, we found that the two groups had the same number of graduates (40 each) and did not significantly differ in graduation rate, while the low religiosity group’s rate (75.5%) was slightly higher than the high religiosity group’s (72.7%). Next, results from multi-group analysis revealed that the program completion increased religiosity among inmates who were not very religious at the pretest but had no significant effect among relatively religious, and religiosity was more likely to have rehabilitative effects on self-identity and character in the low than high religiosity group (see Supplemental Table [5](https://pmc.ncbi.nlm.nih.gov/articles/PMC9748388/#MOESM2)). In sum, the faith-based program tended to contribute to rehabilitation by increasing religiosity among inmates who were not religious before the program compared to those who were already religious.

## Discussion

Both rehabilitation and religion have long been linked to the original purpose of American penal system (Cullen et al., [2014](https://pmc.ncbi.nlm.nih.gov/articles/PMC9748388/#CR11)). In 1790, Quakers pressured the Pennsylvania legislature to call for a renovation of local county jails, which eventually resulted in the creation of a separate wing of Philadelphia’s Walnut Street Jail to house felons in solitary cells, called “the penitentiary house.” This was a forerunner of the Pennsylvania state prisons—the Western and Eastern Penitentiaries, built in the early 19th century, and the penitentiary was a place for penance as inmates were meant to reflect on their wrongdoings and seek reform. Since the Pennsylvania system ended by the 1870s, however, prison reform efforts have not included religion because of the secularization of American society and the development of scientific disciplines concerned with human behavior, such as psychiatry, psychology, and sociology.

Nevertheless, religion remains an invaluable resource for American corrections, as religiously motivated volunteers continue to provide prisoners with non-religious (e.g., adult basic education, anger management, and entrepreneurship) as well as religious programs when prison administrators find it increasingly difficult to fund educational, vocational, and rehabilitative programs due to constricting budgets. Furthermore, correctional research empirically demonstrates the benefits of faith-based programs (Johnson, [2011](https://pmc.ncbi.nlm.nih.gov/articles/PMC9748388/#CR41)), and an emerging body of evidence shows that inmate involvement in religion is related positively with emotional well-being and inversely with prison misconduct (Clear & Sumter, [2002](https://pmc.ncbi.nlm.nih.gov/articles/PMC9748388/#CR9); Jang et al., [2021](https://pmc.ncbi.nlm.nih.gov/articles/PMC9748388/#CR38); Kerley et al., [2011b](https://pmc.ncbi.nlm.nih.gov/articles/PMC9748388/#CR48); Kerley, Matthews, & Blanchard, [2005](https://pmc.ncbi.nlm.nih.gov/articles/PMC9748388/#CR45)).

Despite the increasing evidence of rehabilitative effects of religion, prior research has been limited to examining the _consequences_ of religion-based rehabilitation (e.g., a reduction in negative emotions and misconduct) rather than the rehabilitation _per se_, that is, how religion rehabilitates prison inmates and what changes happen to them. To address this gap in research, we conceptualized rehabilitation as moral reform and operationalized it in terms of positive changes in self-identity, existential belief, and character. To test hypotheses about religion-based rehabilitation and its consequences, we analyzed data from pretest and posttest surveys with male inmates who participated in a faith-based program operating in two correctional facilities in Texas. Results generally supported these hypotheses.

First, as expected, program graduates tended to report an increased involvement in religion between the two tests compared to inmates who participated but did not complete the program. Next, consistent with a second hypothesis, the program-increased religiosity was found to contribute to rehabilitation, enhancing identity transformation (cognitive and emotional transformations and a motivation for self-change à la crystallization of discontent), a sense of meaning and purpose in life, and virtues (self-control, compassion, gratitude, gratitude to God, human accountability, transcendent accountability, and forgiveness), while decreasing the vice of vengefulness. Finally, some indicators of faith-based rehabilitation were found to reduce state depression and anxiety and the probability of aggression toward another inmate, which provided partial support for the last hypothesis. A supplemental analysis revealed that the program’s indirect effects on rehabilitation via religiosity and on the emotional states and the risk of aggression via religiosity and its associated rehabilitation were statistically significant.

The notion that offenders need rehabilitation presumes that there is something wrong with them or they lack something, which led them to commit an offense. Consequently, rehabilitative measures aim to address the issue one way or the other. For example, McNeill’s ( [2012](https://pmc.ncbi.nlm.nih.gov/articles/PMC9748388/#CR60); [2014](https://pmc.ncbi.nlm.nih.gov/articles/PMC9748388/#CR61)) “psychological or personal rehabilitation” and Forsberg and Douglas’ ( [2020](https://pmc.ncbi.nlm.nih.gov/articles/PMC9748388/#CR21)) “rehabilitation as therapy” are concerned with fixing the problem (e.g., a mental illness or deficit) and having offenders develop new skills or abilities through job training or education. Our conception of rehabilitation as moral reform overlaps with their “moral rehabilitation” or “rehabilitation as moral improvement,” which is intended to morally improve offender who did not have “moral power” (Rawls, [2005](https://pmc.ncbi.nlm.nih.gov/articles/PMC9748388/#CR69)). Specifically, it intends to address the two components of moral failure, epistemic (mistaken conclusions about whether certain conduct is permissible or wrongful) and motivational (non-compliance with moral duties).

Religion is a viable option to morally reform offenders because it provides them with philosophical reasons for not reoffending as well as teaching justice-related moral duties. For example, Christianity— from which the ROD program is based—teaches inmates that they are redeemable by the grace of God, and the redemption comes with a new identity (e.g., a child of God) that enables them to start a life anew. Inmates are also told that God has a specific plan for their lives, and that God’s purpose for their life will provide meaning and replace the desire for reoffending. In addition, the religion contributes to developing virtues among inmates because the religion teaches inmates to imitate God’s character, being compassionate and forgiving toward those who hurt them rather than taking revenge upon them, but the purpose-driven life is also likely to motivate inmates to practice self-control and be grateful for the gift of second chance and willing to be held accountable for their life by others as well as God. The present findings provide preliminary evidence for the rehabilitative effects of religion on prison inmates.

Our conception of rehabilitation as moral reform is based on two key premises: one concerns crime, and the other human nature. First, crime is not simply a legal but moral offense in that it is a violation of collective morality as well as a criminal law. However, the relationship between morality and criminal law is anything but straightforward because, while no behavior can become criminal without any moral basis or justification, behaviors deemed immoral cannot be criminalized without a certain level of moral consensus (Meier et al., [2006](https://pmc.ncbi.nlm.nih.gov/articles/PMC9748388/#CR62)). Depending on the degree of agreement about immorality or seriousness of an act, crimes are distinguished between _mala in se_ and _mala prohibita_ or “consensus crimes” (e.g., murder or burglary) and “conflict crimes” (e.g., drug use or prostitution) (Hagan, [1985](https://pmc.ncbi.nlm.nih.gov/articles/PMC9748388/#CR28)). Since the immorality of conflict crimes is contested (e.g., a nationwide debate over the legalization of marijuana), we acknowledge that our premise about crime being a “moral” offense is not politically neutral when it comes to conflict crimes. A relevant question here is whether rehabilitation as moral reform is more applicable to offenders incarcerated for consensus than conflict crimes given that the former offenders violated moral codes largely accepted in society, whereas the latter committed an act whose immorality is questioned by many (including the offenders themselves), thereby seeing no need to morally improve themselves. Although this is an empirical question for future research, we expect our concept of rehabilitation as moral reform to benefit both types of offenders because it focuses on positive changes in self-identity, existential belief, and character rather than targeting moral improvements relevant to reducing the likelihood of repeating crime that has been committed (Duff, [2001](https://pmc.ncbi.nlm.nih.gov/articles/PMC9748388/#CR14); Hampton, [1984](https://pmc.ncbi.nlm.nih.gov/articles/PMC9748388/#CR31); Howard, [2017](https://pmc.ncbi.nlm.nih.gov/articles/PMC9748388/#CR33)), unlike “rehabilitation as anti-recidivism” (Forsberg & Douglas, [2020](https://pmc.ncbi.nlm.nih.gov/articles/PMC9748388/#CR21)). [9](https://pmc.ncbi.nlm.nih.gov/articles/PMC9748388/#Fn9)

Next, we assumed that offenders as humans are morally autonomous beings, although they made a morally wrong choice by yielding to criminogenic pressures: thus, “contemptuous” punishment that fails to respect offenders as “moral persons,” who are capable of self-reform, undermines the prospect of their rehabilitation (Hoskins, [2013](https://pmc.ncbi.nlm.nih.gov/articles/PMC9748388/#CR32)). Based on the same assumption, decrying the contemporary amoral penology, Cullen et al., ( [2014](https://pmc.ncbi.nlm.nih.gov/articles/PMC9748388/#CR11):74) proposed “the virtuous prison” to restore the moral purpose of American corrections—restorative rehabilitation—by using “offenders’ time of incarceration to cultivate moral awareness and the capacity to act virtuously.” For example, productive activities with a moral purpose that provide opportunities to be virtuous (e.g., using inmate wages to compensate victims and making toys for poor children) would help inmates redefine who they are, believe in meaning and purpose in life, and build character. Although a virtuous prison does not require religion, Cullen et al. illustrated the prospect of creating one with a faith-based prison (Johnson, [2014](https://pmc.ncbi.nlm.nih.gov/articles/PMC9748388/#CR42); see also Johnson et al., [2021](https://pmc.ncbi.nlm.nih.gov/articles/PMC9748388/#CR43)). We agree that a virtuous prison can be based on a secular entity but cannot think of any better system ready to fill that space than religion.

While this study provides empirical evidence of how religion is likely to contribute to rehabilitation, it is necessary to acknowledge key limitations. First, we had no control group as our research was prematurely ended by the COVID-19 lockdown. Thus, we could not examine the rehabilitative effect of the ROD class based on observed differences between inmates who participated in the program and those who did not. Instead, we compared inmates who graduated the class with those who did not complete it. However, given that the graduates and incompletes were likely to have been similar in their motivation to participate in the program since they all voluntarily applied and that they were statistically equivalent at the pretest, the present findings provide at least preliminary evidence of the rehabilitative effect of religion.

A second limitation is nontrivial attrition: that is, about a half of pretest participants were not available for the posttest. While it was not surprising that posttest participants tended to be the program graduates and higher on self-control at the pretest compared to the non-participants, ROD’s impact on rehabilitation might have been overestimated to the extent that the former were more motivated to change themselves than the latter. Third, while we explored the possibility of rehabilitation as moral reform being more applicable to offenders who committed consensus than conflict crimes, we could not formally test whether the rehabilitative effect varies among offenders who committed different types of crimes because of our small sample size, which is a worthy topic for future research. Finally, while studying gender differences in the rehabilitative effect of religion is an important topic given that women tend to be more religious than men (Sherkat & Ellison, 1999), we could study only male inmates because the ROD program has not been extended yet to female facilities.

Despite these limitations, we believe our study contributes to the literature on offender rehabilitation by providing empirical evidence, though preliminary, of the rehabilitative effects of religion on inmate’s self-identity, existential belief, and character. The present study suggests that it would be prudent for correctional policy makers and prison administrators to be open to religious programs like the ROD class to not only protect an inmate’s constitutional right to practice religion but also help them achieve reform before returning to society.

## Electronic Supplementary Material

Below is the link to the electronic supplementary material.

[Supplementary Material 1](https://pmc.ncbi.nlm.nih.gov/articles/instance/9748388/bin/12103_2022_9707_MOESM1_ESM.sav) (191.5KB, sav)

[Supplementary Material 2](https://pmc.ncbi.nlm.nih.gov/articles/instance/9748388/bin/12103_2022_9707_MOESM2_ESM.docx) (49.3KB, docx)

## Acknowledgements

The authors are grateful to Restoration Outreach of Dallas (ROD) Ministries and its administration (including Dr. Jeffery Parker, Mr. Dick LeBlanc, Mr. Ken Sandstad, Mr. Butch McCaslin, and Ms. Salena Williams), the two participating units of the Texas Department of Criminal Justice and their wardens and staff, as well as all participants in this study.

### Appendix A. Items Used for Analysis

| Item (Response categories) | Factor loading (α) |
| :-- | :-- |
| Pretest | Posttest |
| :-- | :-- |
| **Religiosity** | (0.827) | (0.780) |
| In general, how important is religion (or relationship with God) to you?<br>(1 = not at all, 2 = somewhat, 3 = fairly, 4 = very, 5 = extremely) | 0.729 | 0.565 |
| How close do you feel to God most of time?<br>(1 = not close at all, 2 = not very close, 3 = somewhat close, 4 = pretty close, 5 = extremely close) | 0.762 | 0.585 |
| How often do you currently attend religious services at a place of worship?<br>(1 = never, 2 = less than once a year, 3 = once or twice a year, 4 = several times a year, 5 = once a month, 6 = 2–3 times a month, 7 = about weekly, 8 = several times a week) | 0.490 | 0.545 |
| About how often do you currently pray outside of religious services?<br>(1 = never, 2 = only on certain occasions, 3 = once a week or less, 4 = a few times a week, 5 = once a day, 6 = several times a day) | 0.779 | 0.745 |
| Outside of attending religious services, about how often do you currently spend private time reading the Bible, Koran, Torah, or other sacred book?<br>(1 = never, 2 = less than once a year, 3 = once to several times a year, 4 = once a month, 5 = 2–3 times a month, 6 = about weekly, 7 = several times a week, 8 = everyday) | 0.746 | 0.759 |
| **Cognitive transformation** | (0.680) | (0.697) |
| How strongly do you agree or disagree with the following statements?<br>(1 = strongly disagree, 2 = disagree, 3 = agree, 4 = strongly agree) |  |  |
| 1\. I am open for change. | 0.764 | 0.875 |
| 2\. I have a good new self that replaced my old bad self. | 0.556 | 0.657 |
| 3\. I am willing to have myself changed completely. | 0.650 | 0.549 |
| **Emotional transformation** | (0.829) | (0.862) |
| How likely is it you would use each of the following words to describe yourself in general (e.g., “Angry John” or “Depressed Bob”), regardless of how you feel at this moment?<br>(1 = very unlikely, 2 = unlikely, 3 = likely, 4 = very likely) |  |  |
| 1\. Depressed | 0.773 | 0.796 |
| 2\. Angry | 0.655 | 0.708 |
| 3\. Nervous | 0.765 | 0.837 |
| 4\. Frustrated | 0.770 | 0.782 |
| **Crystallization of discontent** | (0.590) | (0.542) |
| How strongly do you agree or disagree with the following statements?<br>(1 = strongly disagree, 2 = disagree, 3 = agree, 4 = strongly agree) |  |  |
| 1\. I would face a miserable future if I do not change. | 0.451 | 0.349 |
| 2\. A life of offending will do more harm than good to me. | 0.801 | 0.520 |
| 3\. I have made a conscious decision to improve myself. | 0.507 | 0.921 |
| **Presence of meaning** | (0.900) | (0.826) |
| We would like you to take a moment to think about what makes your life feel important to you. Please respond to the following statements as truthfully and accurately as you can.<br>(1 = strongly disagree, 2 = disagree, 3 = agree, 4 = strongly agree) |  |  |
| 1\. I understand my life’s meaning. | 0.770 | 0.626 |
| 2\. My life has a clear sense of purpose. | 0.855 | 0.601 |
| 3\. I have a good sense of what makes my life meaningful. | 0.890 | 0.835 |
| 4\. I have discovered a satisfying life purpose. | 0.819 | 0.895 |
| **Self-control** | (0.695) | (0.621) |
| How often would you say you do each of the following?<br>(1 = never, 2 = rarely, 3 = sometimes, 4 = often, 5 = always) |  |  |
| 1\. Act on the spur of the moment without stopping to think\* | 0.709 | 0.498 |
| 2\. Test myself by doing something a little risky\* | 0.472 | 0.513 |
| 3\. Try to get what I want even if it causes problems for others\* | 0.663 | 0.651 |
| 4\. Lose my temper\* | 0.599 | 0.562 |
| **Compassion** | (0.795) | (0.777) |
| How strongly do you agree or disagree with the following statements?<br>(1 = strongly disagree, 2 = disagree, 3 = agree, 4 = strongly agree) |  |  |
| 1\. When I see someone in a difficult situation, I try to imagine how they feel. | 0.550 | 0.591 |
| 2\. I feel compelled to help someone even when doing so requires me to go out of my way. | 0.598 | 0.711 |
| 3\. It’s not enough to feel sorry for someone who is in trouble. Whenever it is possible, I must also do something to help them. | 0.780 | 0.794 |
| 4\. I feel sorry for someone who is in trouble even when they caused the problem that faces them. | 0.748 | 0.599 |
| 5\. I feel sorry for someone even when they’ve done something that hurts me. | 0.661 | 0.528 |
| **Gratitude** | (0.835) | (0.692) |
| Please indicate how much you agree with each of the statements, using the scale below.<br>(1 = strongly disagree, 2 = disagree, 3 = slightly disagree, 4 = neutral, 5 = slightly agree, 6 = agree, 7 = strongly agree) |  |  |
| 1\. If had to list everything that I felt grateful for, it would be a very long list. | 0.681 | 0.553 |
| 2\. I am grateful to a wide variety of people. | 0.883 | 0.966 |
| 3\. As I get older, I find myself more able to appreciate the people, events, and situations that have been part of my life history. | 0.834 | 0.543 |
| **Gratitude to God** | (0.904) | (0.933) |
| Please indicate how much you agree with each of the statements, using the scale below.<br>(1 = strongly disagree, 2 = disagree, 3 = neutral, 4 = agree, 5 = strongly agree) |  |  |
| 1\. I am grateful to God for all He has done for me. |  |  |
| 2\. I am grateful to God for all He has done for my family members and close friends. |  |  |
| **Human accountability** | (0.890) | (0.923) |
| Think about how you usually respond to people who hold you accountable. Think about people to whom you owe a response for your actions or lack of action. Please select a response to indicate how much you honestly disagree or agree with each statement based on how you typically are in real life.<br>(1 = disagree strongly, 2 = disagree, 3 = neither agree nor disagree, 4 = agree, 5 = agree strongly) |  |  |
| 1\. I try to understand the perspectives of people who evaluate me. | 0.625 | 0.603 |
| 2\. I am comfortable showing the details of my work. | 0.612 | 0.747 |
| 3\. Being accountable helps me do my best. | 0.681 | 0.777 |
| 4\. I welcome corrective feedback from people who evaluate me. | 0.694 | 0.713 |
| 5\. I willingly explain my work on a project to people I am responsible to. | 0.697 | 0.777 |
| 6\. I usually welcome being accountable to others. | 0.695 | 0.691 |
| 7\. I take responsibility for my actions even if it costs me. | 0.654 | 0.793 |
| 8\. I care about the people affected by what I do. | 0.666 | 0.784 |
| 9\. I am willing to be held responsible for my contributions on tasks. | 0.743 | 0.823 |
| 10\. I feel responsible for my work with others. | 0.725 | 0.855 |
| 11\. I care a lot about whether the people I am accountable to are fair. | 0.416 | 0.486 |
| **Transcendent accountability** | (0.964) | (0.961) |
| Think about how you usually respond to God (or the Divine, the Sacred, a higher power, etc.) for living your life. Please select a response to indicate how much you honestly disagree or agree with each statement based on how you typically are in real life.<br>(1 = disagree strongly, 2 = disagree, 3 = neither agree nor disagree, 4 = agree, 5 = agree strongly) |  |  |
| 1\. I value being accountable to God in living my life. | 0.838 | 0.829 |
| 2\. I seek God’s guidance for my life (e.g., through prayer, meditation, study, or counsel). | 0.877 | 0.876 |
| 3\. I willingly live with accountability to God. | 0.876 | 0.853 |
| 4\. I try to be honest about my actions in light of God’s standards. | 0.824 | 0.909 |
| 5\. I consider whether advice is consistent with God’s standards before going along with it. | 0.819 | 0.747 |
| 6\. I am motivated to live according to God’s ideals. | 0.845 | 0.828 |
| 7\. I care about God’s perspective on my actions. | 0.859 | 0.923 |
| 8\. I welcome correction that helps me live according to God’s standards. | 0.847 | 0.809 |
| 9\. When I mess up, I want to make things right by following God’s values. | 0.891 | 0.850 |
| 10\. I grow as a person by being accountable to God. | 0.880 | 0.876 |
| **Vengefulness** | (0.844) | (0.925) |
| Please indicate your current thoughts and feelings about the person who recently hurt you? Use the following scale to indicate your agreement with each of the statement.<br>(1 = strongly disagree, 2 = disagree, 3 = neutral, 4 = agree, 5 = strongly agree) |  |  |
| 1\. I’ll make him/her pay. | 0.842 | 0.845 |
| 2\. I wish that something bad would happen to him/her. | 0.594 | 0.921 |
| 3\. I want him/her to get what he/she deserves. | 0.790 | 0.775 |
| 4\. I’m going to get even with him/her. | 0.781 | 0.911 |
| 5\. I want to see him/her hurt and miserable. | 0.811 | 0.826 |
| **State depression** | (0.849) | (0.862) |
| During the past week, how often have you felt or experienced the following?<br>(1 = never, 2 = rarely, 3 = sometimes, 4 = often, 5 = very often) |  |  |
| 1\. I felt I could not shake off the blues, even with the help of others | 0.675 | 0.548 |
| 2\. I felt depressed. | 0.827 | 0.856 |
| 3\. I did not feel like eating, and my appetite was poor. | 0.531 | 0.707 |
| 4\. My sleep was restless. | 0.627 | 0.696 |
| 5\. I could not get going. | 0.683 | 0.763 |
| 6\. I felt sad. | 0.816 | 0.727 |
| **State anxiety** | (0.929) | (0.909) |
| Over the last 2 weeks, how often have you been bothered by any of the following problems?<br>(1 = never, 2 = rarely, 3 = sometimes, 4 = often, 5 = very often) |  |  |
| 1\. Feeling nervous, anxious | 0.755 | 0.536 |
| 2\. Not being able to stop or control worrying | 0.900 | 0.859 |
| 3\. Trouble relaxing | 0.818 | 0.901 |
| 4\. Being so restless that it is hard to sit still | 0.777 | 0.791 |
| 5\. Worrying too much about different things | 0.875 | 0.895 |
| 6\. Becoming easily annoyed or irritable | 0.731 | 0.700 |
| 7\. Feeling afraid as if something awful might happen | 0.789 | 0.752 |

[Open in a new tab](https://pmc.ncbi.nlm.nih.gov/articles/PMC9748388/table/Taba/)

\*Reverse-coded item

## Statements and Declarations

This study was funded by Restoration Outreach of Dallas (ROD) Ministries. The research contained in this document was coordinated in part by the Texas Department of Criminal Justice (TDCJ) (793-AR18). The contents of this document reflect the views of the authors and do not necessarily reflect the views or policies of the TDCJ or ROD Ministries.

## Footnotes

1

Moral order refers to “intersubjectively and institutionally shared social structurings of moral system that are derived from … larger narratives and belief systems” (Smith, [2003](https://pmc.ncbi.nlm.nih.gov/articles/PMC9748388/#CR73):10).

2

We originally planned to study all four classes (ROD I to IV) and create control group, but the Texas Department of Criminal Justice locked down all units after the outbreak of COVID-19, while we were collecting data from experimental group inmates after ROD I ended. So, we had to end our project early without knowing how long the lockdown would last.

3

Survey was prepared in Spanish as well as English because the class was offered in both languages.

4

To see whether inmates who graduated and those who did not complete the program were different at the pretest, we conducted _t_-tests and crosstabulation analysis. The results showed that graduates tended to be the state jail inmates, thereby serving a shorter sentence, and report higher levels of religiosity and self-control than incompletes (see Supplemental Table [1](https://pmc.ncbi.nlm.nih.gov/articles/PMC9748388/#MOESM2)). However, none of these differences was significant using the Bonferroni correction (α = 0.00192308…). Thus, graduates and incompletes were statistically equivalent before participating in the program.

5

To compare the posttest participants and non-participants, we conducted _t_-tests (see Supplemental Table [2](https://pmc.ncbi.nlm.nih.gov/articles/PMC9748388/#MOESM2)). While the participants tended to be ROD graduates, inmates housed at the prison, higher on self-control, and serving a longer sentence compared to the non-participants at the conventional significance level (α = 0.05), the Bonferroni correction revealed that they were not significantly different except that the graduates were more likely to participate in the second survey than the incompletes. This difference needs to be kept in mind when interpreting our results.

6

We acknowledge that intended aggression was not the same as actual aggression since it might have been a biased, specifically, socially desirable response. The vignette method, however, has been used in criminological research, and previous studies found a strong correlation between intended and actual behaviors when a scenario was created to reflect locally relevant details (Mazerolle et al., [2003](https://pmc.ncbi.nlm.nih.gov/articles/PMC9748388/#CR55); Nagin & Paternoster, [1993](https://pmc.ncbi.nlm.nih.gov/articles/PMC9748388/#CR65)). We created a vignette of a specific situation likely to happen in prison and found reported probability was distributed across the six response options, though somewhat positively skewed—not likely at all (22.1%), very unlikely (14.7%), unlikely (24.2%), likely (20.3%), very likely (8.2%), and certainly (10.4%), implying that their responses were not completely biased.

7

Sociodemographic and criminal justice-related background variables were controlled for but are not presented in the table (see Supplemental Table [3](https://pmc.ncbi.nlm.nih.gov/articles/PMC9748388/#MOESM2) for the coefficients of control variables).

8

Presence of meaning was also significantly related to intended aggression but in the opposite direction (0.360). They were significantly correlated at the pretest in the expected direction ( _r_ = ‒.183), but their zero-order correlation at the posttest was not significant ( _r_ = ‒.081, _p_ = .402). Their partial correlation, controlling for their pretest measures, was not significant, either ( _r_ = ‒.114, _p_ = .243). So, while it is difficult to explain this counter-intuitive finding without additional data, it might be a methodological artifact.

9

A supplemental, crosstabulation analysis showed that the graduates and incompletes were not significantly different in the type of offense they were incarcerated for, including the _mala prohibita_ or conflict crime of drug offense, in both pretest (χ2 = 0.729, _d.f._ = 5, _p_ = .981) and posttest samples (χ2 = 1.835, _d.f._ = 4, _p_ = .766). This finding implied that offense type was unlikely to have affected motivation (or lack thereof) for completing the program. We also conducted paired-samples _t_-tests to explore whether a reduction in the risk of interpersonal aggression between the two tests differed across types of offense. A significant reduction was observed among inmates incarcerated for conflict (drug offense) as well as consensus crimes (violent and property offenses), while no significant reduction was found among sex offenders (see Supplemental Table [6](https://pmc.ncbi.nlm.nih.gov/articles/PMC9748388/#MOESM2)).

**Publisher’s Note**

Springer Nature remains neutral with regard to jurisdictional claims in published maps and institutional affiliations.

## References

01. Alper, M., Durose, M. R., & Markman, J. (2018). _2018 update on prisoner recidivism: A 9-year follow-up period (2005–2014)_ Washington, D.C.: U.S. Department of Justice, Office of Justice Programs, Bureau of Justice Statistics.
02. Anderson JC, Gerbing DW. Structural equation modeling in practice: A review and recommended two-step approach. Psychological Bulletin. 1988;103(3):411–423. doi: 10.1037/0033-2909.103.3.411. \[ [DOI](https://doi.org/10.1037/0033-2909.103.3.411)\] \[ [Google Scholar](https://scholar.google.com/scholar_lookup?journal=Psychological%20Bulletin&title=Structural%20equation%20modeling%20in%20practice:%20A%20review%20and%20recommended%20two-step%20approach&author=JC%20Anderson&author=DW%20Gerbing&volume=103&issue=3&publication_year=1988&pages=411-423&doi=10.1037/0033-2909.103.3.411&)\]
03. Baraldi AN, Enders CK. An introduction to modern missing data analyses. Journal of School Psychology. 2010;48(1):5–37. doi: 10.1016/j.jsp.2009.10.001. \[ [DOI](https://doi.org/10.1016/j.jsp.2009.10.001)\] \[ [PubMed](https://pubmed.ncbi.nlm.nih.gov/20006986/)\] \[ [Google Scholar](https://scholar.google.com/scholar_lookup?journal=Journal%20of%20School%20Psychology&title=An%20introduction%20to%20modern%20missing%20data%20analyses&author=AN%20Baraldi&author=CK%20Enders&volume=48&issue=1&publication_year=2010&pages=5-37&pmid=20006986&doi=10.1016/j.jsp.2009.10.001&)\]
04. Batson CD, Floyd RB, Meyer JM, Winner AL. ""And Who Is My Neighbor?“: Intrinsic Religion as a Source of Universal Compassion. Journal for the Scientific Study of Religion. 1999;38(4):445–457. doi: 10.2307/1387605. \[ [DOI](https://doi.org/10.2307/1387605)\] \[ [Google Scholar](https://scholar.google.com/scholar_lookup?journal=Journal%20for%20the%20Scientific%20Study%20of%20Religion&title=%22And%20Who%20Is%20My%20Neighbor?%E2%80%9C:%20Intrinsic%20Religion%20as%20a%20Source%20of%20Universal%20Compassion&author=CD%20Batson&author=RB%20Floyd&author=JM%20Meyer&author=AL%20Winner&volume=38&issue=4&publication_year=1999&pages=445-457&doi=10.2307/1387605&)\]
05. Baumeister, R. F. (1994). The crystallization of discontent in the process of major life change. In T. F. Heatherton, & J. L. Weinberger (Eds.), _Can personality change?_ (pp. 281–297). American Psychological Association.
06. Beck, A. J., & Shipley, B. E. (1989). _Recidivism of prisoners released in 1983_. US Department of Justice, Office of Justice Programs, Bureau of Justices.
07. Boddie SC, Funk C. Religion in prisons: A 50-state survey of prison chaplains. Washington, D.C.: Pew Research Center: No. NCJ #238819); 2012.  \[ [Google Scholar](https://scholar.google.com/scholar_lookup?title=Religion%20in%20prisons:%20A%2050-state%20survey%20of%20prison%20chaplains&author=SC%20Boddie&author=C%20Funk&publication_year=2012&)\]
08. Clear TR, Hardyman PL, Stout B, Lucken K, Dammer HR. The value of religion in prison: An inmate perspective. Journal of Contemporary Criminal Justice. 2000;16(1):53–74. doi: 10.1177/1043986200016001004. \[ [DOI](https://doi.org/10.1177/1043986200016001004)\] \[ [Google Scholar](https://scholar.google.com/scholar_lookup?journal=Journal%20of%20Contemporary%20Criminal%20Justice&title=The%20value%20of%20religion%20in%20prison:%20An%20inmate%20perspective&author=TR%20Clear&author=PL%20Hardyman&author=B%20Stout&author=K%20Lucken&author=HR%20Dammer&volume=16&issue=1&publication_year=2000&pages=53-74&doi=10.1177/1043986200016001004&)\]
09. Clear TR, Sumter MT. Prisoners, prison, and religion: Religion and adjustment to prison. Journal of Offender Rehabilitation. 2002;35(3–4):125–156. doi: 10.1300/J076v35n03\_07. \[ [DOI](https://doi.org/10.1300/J076v35n03_07)\] \[ [Google Scholar](https://scholar.google.com/scholar_lookup?journal=Journal%20of%20Offender%20Rehabilitation&title=Prisoners,%20prison,%20and%20religion:%20Religion%20and%20adjustment%20to%20prison&author=TR%20Clear&author=MT%20Sumter&volume=35&issue=3%E2%80%934&publication_year=2002&pages=125-156&doi=10.1300/J076v35n03_07&)\]
10. Costin V, Vignoles VL. Meaning is about mattering: Evaluating coherence, purpose, and existential mattering as precursors of meaning in life judgments. Journal of Personality and Social Psychology. 2020;118(4):864–884. doi: 10.1037/pspp0000225. \[ [DOI](https://doi.org/10.1037/pspp0000225)\] \[ [PubMed](https://pubmed.ncbi.nlm.nih.gov/30614732/)\] \[ [Google Scholar](https://scholar.google.com/scholar_lookup?journal=Journal%20of%20Personality%20and%20Social%20Psychology&title=Meaning%20is%20about%20mattering:%20Evaluating%20coherence,%20purpose,%20and%20existential%20mattering%20as%20precursors%20of%20meaning%20in%20life%20judgments&author=V%20Costin&author=VL%20Vignoles&volume=118&issue=4&publication_year=2020&pages=864-884&pmid=30614732&doi=10.1037/pspp0000225&)\]
11. Cullen, F. T., Sundt, J. L., & Wozniak, J. F. (2014). The virtuous prison: Toward a restorative rehabilitation. In F. T. Cullen, C. L. Jonson & M. K. Stohr (Eds.), _The American Prison: Imagining a Different Future_ (pp. 61–84). Sage (Original work published in 2001).
12. Dammer HR. The reasons for religious involvement in the correctional environment. Journal of Offender Rehabilitation. 2002;35(3–4):35–58. doi: 10.1300/J076v35n03\_03. \[ [DOI](https://doi.org/10.1300/J076v35n03_03)\] \[ [Google Scholar](https://scholar.google.com/scholar_lookup?journal=Journal%20of%20Offender%20Rehabilitation&title=The%20reasons%20for%20religious%20involvement%20in%20the%20correctional%20environment&author=HR%20Dammer&volume=35&issue=3%E2%80%934&publication_year=2002&pages=35-58&doi=10.1300/J076v35n03_03&)\]
13. Ding L, Velicer WF, Harlow LL. Effects of estimation methods, number of indicators per factor, and improper solutions on structural equation modeling fit indices. Structural Equation Modeling: A Multidisciplinary Journal. 1995;2(2):119–143. doi: 10.1080/10705519509540000. \[ [DOI](https://doi.org/10.1080/10705519509540000)\] \[ [Google Scholar](https://scholar.google.com/scholar_lookup?journal=Structural%20Equation%20Modeling:%20A%20Multidisciplinary%20Journal&title=Effects%20of%20estimation%20methods,%20number%20of%20indicators%20per%20factor,%20and%20improper%20solutions%20on%20structural%20equation%20modeling%20fit%20indices&author=L%20Ding&author=WF%20Velicer&author=LL%20Harlow&volume=2&issue=2&publication_year=1995&pages=119-143&doi=10.1080/10705519509540000&)\]
14. Duff, A. (2001). _Punishment, communication, and community_. Oxford University Press.
15. Durose, M. R., Cooper, A. D., & Snyder, H. N. (2014). _Recidivism of prisoners released in 30 states in 2005: Patterns from 2005 to 2010_. U.S. Department of Justice.
16. Emmons RA, Paloutzian RF. The psychology of religion. Annual Review of Psychology. 2003;54:377–402. doi: 10.1146/annurev.psych.54.101601.145024. \[ [DOI](https://doi.org/10.1146/annurev.psych.54.101601.145024)\] \[ [PubMed](https://pubmed.ncbi.nlm.nih.gov/12171998/)\] \[ [Google Scholar](https://scholar.google.com/scholar_lookup?journal=Annual%20Review%20of%20Psychology&title=The%20psychology%20of%20religion&author=RA%20Emmons&author=RF%20Paloutzian&volume=54&publication_year=2003&pages=377-402&pmid=12171998&doi=10.1146/annurev.psych.54.101601.145024&)\]
17. Emmons RA, McCullough ME. Counting blessings versus burdens: an experimental investigation of gratitude and subjective well-being in daily life. Journal of Personality and Social Psychology. 2003;84(2):377–389. doi: 10.1037/0022-3514.84.2.377. \[ [DOI](https://doi.org/10.1037/0022-3514.84.2.377)\] \[ [PubMed](https://pubmed.ncbi.nlm.nih.gov/12585811/)\] \[ [Google Scholar](https://scholar.google.com/scholar_lookup?journal=Journal%20of%20Personality%20and%20Social%20Psychology&title=Counting%20blessings%20versus%20burdens:%20an%20experimental%20investigation%20of%20gratitude%20and%20subjective%20well-being%20in%20daily%20life&author=RA%20Emmons&author=ME%20McCullough&volume=84&issue=2&publication_year=2003&pages=377-389&pmid=12585811&doi=10.1037/0022-3514.84.2.377&)\]
18. Emmons, R. A., & McCullough, M. E. (Eds.). (2004). _The psychology of gratitude_. Oxford University Press.
19. Emmons, R. A., McCullough, M. E., & Tsang, J. (2003). The assessment of gratitude. In S. J. Lopez, & C. R. Snyder (Eds.), _Positive Psychological Assessment: A Handbook of Models and Measures_ (pp. 327–341). American Psychological Association.
20. Evans, C. S. (2019). _Kierkegaard and spirituality: Accountability as the meaning of human existence_. Wm. B. Eerdmans Publishing.
21. Forsberg L, Douglas T. What is criminal rehabilitation? Criminal Law and Philosophy. 2020 doi: 10.1007/s11572-020-09547-4. \[ [DOI](https://doi.org/10.1007/s11572-020-09547-4)\] \[ [PMC free article](https://pmc.ncbi.nlm.nih.gov/articles/PMC9034978/)\] \[ [PubMed](https://pubmed.ncbi.nlm.nih.gov/35530429/)\] \[ [Google Scholar](https://scholar.google.com/scholar_lookup?journal=Criminal%20Law%20and%20Philosophy&title=What%20is%20criminal%20rehabilitation?&author=L%20Forsberg&author=T%20Douglas&publication_year=2020&pmid=35530429&doi=10.1007/s11572-020-09547-4&)\]
22. Frankl, V. E. (1984). _Man’s Search for Meaning_. Pocket Books.
23. Giordano PC, Cernkovich SA, Rudolph JL. Gender, Crime, and Desistance: Toward a Theory of Cognitive Transformation. American Journal of Sociology. 2002;107(4):990–1064. doi: 10.1086/343191. \[ [DOI](https://doi.org/10.1086/343191)\] \[ [Google Scholar](https://scholar.google.com/scholar_lookup?journal=American%20Journal%20of%20Sociology&title=Gender,%20Crime,%20and%20Desistance:%20Toward%20a%20Theory%20of%20Cognitive%20Transformation&author=PC%20Giordano&author=SA%20Cernkovich&author=JL%20Rudolph&volume=107&issue=4&publication_year=2002&pages=990-1064&doi=10.1086/343191&)\]
24. Giordano PC, Longmore MA, Schroeder RD, Seffrin PM. A life-course perspective on spirituality and desistance from crime. Criminology. 2008;46(1):99–132. doi: 10.1111/j.1745-9125.2008.00104.x. \[ [DOI](https://doi.org/10.1111/j.1745-9125.2008.00104.x)\] \[ [Google Scholar](https://scholar.google.com/scholar_lookup?journal=Criminology&title=A%20life-course%20perspective%20on%20spirituality%20and%20desistance%20from%20crime&author=PC%20Giordano&author=MA%20Longmore&author=RD%20Schroeder&author=PM%20Seffrin&volume=46&issue=1&publication_year=2008&pages=99-132&doi=10.1111/j.1745-9125.2008.00104.x&)\]
25. Giordano PC, Schroeder RD, Cernkovich SA. Emotions and crime over the life course: A neo-Meadian perspective on criminal continuity and change. American Journal of Sociology. 2007;112(6):1603–1661. doi: 10.1086/512710. \[ [DOI](https://doi.org/10.1086/512710)\] \[ [Google Scholar](https://scholar.google.com/scholar_lookup?journal=American%20Journal%20of%20Sociology&title=Emotions%20and%20crime%20over%20the%20life%20course:%20A%20neo-Meadian%20perspective%20on%20criminal%20continuity%20and%20change&author=PC%20Giordano&author=RD%20Schroeder&author=SA%20Cernkovich&volume=112&issue=6&publication_year=2007&pages=1603-1661&doi=10.1086/512710&)\]
26. Graham JW. Missing data analysis: Making it work in the real world. Annual Review of Psychology. 2009;60:549–576. doi: 10.1146/annurev.psych.58.110405.085530. \[ [DOI](https://doi.org/10.1146/annurev.psych.58.110405.085530)\] \[ [PubMed](https://pubmed.ncbi.nlm.nih.gov/18652544/)\] \[ [Google Scholar](https://scholar.google.com/scholar_lookup?journal=Annual%20Review%20of%20Psychology&title=Missing%20data%20analysis:%20Making%20it%20work%20in%20the%20real%20world&author=JW%20Graham&volume=60&publication_year=2009&pages=549-576&pmid=18652544&doi=10.1146/annurev.psych.58.110405.085530&)\]
27. Grasmick HG, Tittle CR, Bursik RJ, Arneklev BJ. Testing the core empirical implications of Gottfredson and Hirschi’s general theory of crime. Journal of Research in Crime and Delinquency. 1993;30(1):5–29. doi: 10.1177/0022427893030001002. \[ [DOI](https://doi.org/10.1177/0022427893030001002)\] \[ [Google Scholar](https://scholar.google.com/scholar_lookup?journal=Journal%20of%20Research%20in%20Crime%20and%20Delinquency&title=Testing%20the%20core%20empirical%20implications%20of%20Gottfredson%20and%20Hirschi%E2%80%99s%20general%20theory%20of%20crime&author=HG%20Grasmick&author=CR%20Tittle&author=RJ%20Bursik&author=BJ%20Arneklev&volume=30&issue=1&publication_year=1993&pages=5-29&doi=10.1177/0022427893030001002&)\]
28. Hagan, J. (1985). _Modern Criminology: Crime, Criminal Behavior, and Its Control_. McGraw-Hill.
29. Hallett, M., Hays, J., Johnson, B. R., Jang, S. J., & Duwe, G. (2017). _The Angola Prison Seminary: Effects of Faith-based Ministry on Identity Transformation, Desistance, and Rehabilitation_. Routledge.
30. Hallett M, McCoy JS. Religiously Motivated Desistance: An Exploratory Study. International Journal of Offender Therapy and Comparative Criminology. 2015;59(8):855–872. doi: 10.1177/0306624X14522112. \[ [DOI](https://doi.org/10.1177/0306624X14522112)\] \[ [PubMed](https://pubmed.ncbi.nlm.nih.gov/24535949/)\] \[ [Google Scholar](https://scholar.google.com/scholar_lookup?journal=International%20Journal%20of%20Offender%20Therapy%20and%20Comparative%20Criminology&title=Religiously%20Motivated%20Desistance:%20An%20Exploratory%20Study&author=M%20Hallett&author=JS%20McCoy&volume=59&issue=8&publication_year=2015&pages=855-872&pmid=24535949&doi=10.1177/0306624X14522112&)\]
31. Hampton J. The moral education theory of punishment. Philosophy & Public Affairs. 1984;13(3):208–238. \[ [Google Scholar](https://scholar.google.com/scholar_lookup?journal=Philosophy%20&%20Public%20Affairs&title=The%20moral%20education%20theory%20of%20punishment&author=J%20Hampton&volume=13&issue=3&publication_year=1984&pages=208-238&)\]
32. Hoskins Z. Punishment, contempt, and the prospect of moral reform. Criminal Justice Ethics. 2013;32(1):1–18. doi: 10.1080/0731129X.2013.777250. \[ [DOI](https://doi.org/10.1080/0731129X.2013.777250)\] \[ [Google Scholar](https://scholar.google.com/scholar_lookup?journal=Criminal%20Justice%20Ethics&title=Punishment,%20contempt,%20and%20the%20prospect%20of%20moral%20reform&author=Z%20Hoskins&volume=32&issue=1&publication_year=2013&pages=1-18&doi=10.1080/0731129X.2013.777250&)\]
33. Howard JW. Punishment as moral fortification. Law and Philosophy. 2017;36(1):45–75. doi: 10.1007/s10982-016-9272-2. \[ [DOI](https://doi.org/10.1007/s10982-016-9272-2)\] \[ [PMC free article](https://pmc.ncbi.nlm.nih.gov/articles/PMC6962052/)\] \[ [PubMed](https://pubmed.ncbi.nlm.nih.gov/31942085/)\] \[ [Google Scholar](https://scholar.google.com/scholar_lookup?journal=Law%20and%20Philosophy&title=Punishment%20as%20moral%20fortification&author=JW%20Howard&volume=36&issue=1&publication_year=2017&pages=45-75&pmid=31942085&doi=10.1007/s10982-016-9272-2&)\]
34. James, W. (2007). _The Varieties of Religious Experience: A Study of Human Nature_. BiblioBazaar.
35. Jang SJ. Existential Spirituality, Religiosity, and Symptoms of Anxiety-Related Disorders: A Study of Belief in Ultimate Truth and Meaning in Life. Journal of Psychology and Theology. 2016;44(3):213–229. doi: 10.1177/009164711604400304. \[ [DOI](https://doi.org/10.1177/009164711604400304)\] \[ [Google Scholar](https://scholar.google.com/scholar_lookup?journal=Journal%20of%20Psychology%20and%20Theology&title=Existential%20Spirituality,%20Religiosity,%20and%20Symptoms%20of%20Anxiety-Related%20Disorders:%20A%20Study%20of%20Belief%20in%20Ultimate%20Truth%20and%20Meaning%20in%20Life&author=SJ%20Jang&volume=44&issue=3&publication_year=2016&pages=213-229&doi=10.1177/009164711604400304&)\]
36. Jang, S. J., Johnson, B. R., & Anderson, M. L. (2022a). Religion and rehabilitation in Colombian prisons: New insights for desistance. _Advancing Corrections Journal_ 14(Article 2):29-43.
37. Jang SJ, Johnson BR, Hays J, Hallett M, Duwe G. Existential and Virtuous Effects of Religiosity on Mental Health and Aggressiveness among Offenders. Religions. 2018;9(6):182. doi: 10.3390/rel19060182. \[ [DOI](https://doi.org/10.3390/rel19060182)\] \[ [Google Scholar](https://scholar.google.com/scholar_lookup?journal=Religions&title=Existential%20and%20Virtuous%20Effects%20of%20Religiosity%20on%20Mental%20Health%20and%20Aggressiveness%20among%20Offenders&author=SJ%20Jang&author=BR%20Johnson&author=J%20Hays&author=M%20Hallett&author=G%20Duwe&volume=9&issue=6&publication_year=2018&pages=182&doi=10.3390/rel19060182&)\]
38. Jang SJ, Johnson BR, Anderson ML, Booyens K. The effect of religion on emotional well-being among offenders in Correctional Centers of South Africa: Explanations and gender differences. Justice Quarterly. 2021;38(6):1154–1181. doi: 10.1080/07418825.2019.1689286. \[ [DOI](https://doi.org/10.1080/07418825.2019.1689286)\] \[ [Google Scholar](https://scholar.google.com/scholar_lookup?journal=Justice%20Quarterly&title=The%20effect%20of%20religion%20on%20emotional%20well-being%20among%20offenders%20in%20Correctional%20Centers%20of%20South%20Africa:%20Explanations%20and%20gender%20differences&author=SJ%20Jang&author=BR%20Johnson&author=ML%20Anderson&author=K%20Booyens&volume=38&issue=6&publication_year=2021&pages=1154-1181&doi=10.1080/07418825.2019.1689286&)\]
39. Jang SJ, Johnson BR, Anderson ML, Booyens K. Religion and Rehabilitation in Colombian and South African Prisons: A Human Flourishing Approach. International Criminal Justice Review. 2022 doi: 10.1177/10575677221123249. \[ [DOI](https://doi.org/10.1177/10575677221123249)\] \[ [Google Scholar](https://scholar.google.com/scholar_lookup?journal=International%20Criminal%20Justice%20Review&title=Religion%20and%20Rehabilitation%20in%20Colombian%20and%20South%20African%20Prisons:%20A%20Human%20Flourishing%20Approach&author=SJ%20Jang&author=BR%20Johnson&author=ML%20Anderson&author=K%20Booyens&publication_year=2022&doi=10.1177/10575677221123249&)\]
40. Jang SJ, Johnson BR, Hays J, Hallett M, Duwe G. Religion and Misconduct in “Angola” Prison: Conversion, Congregational Participation, Religiosity, and Self-Identities. Justice Quarterly. 2018;35(3):412–442. doi: 10.1080/07418825.2017.1309057. \[ [DOI](https://doi.org/10.1080/07418825.2017.1309057)\] \[ [Google Scholar](https://scholar.google.com/scholar_lookup?journal=Justice%20Quarterly&title=Religion%20and%20Misconduct%20in%20%E2%80%9CAngola%E2%80%9D%20Prison:%20Conversion,%20Congregational%20Participation,%20Religiosity,%20and%20Self-Identities&author=SJ%20Jang&author=BR%20Johnson&author=J%20Hays&author=M%20Hallett&author=G%20Duwe&volume=35&issue=3&publication_year=2018&pages=412-442&doi=10.1080/07418825.2017.1309057&)\]
41. Johnson, B. R. (2011). _More God, Less Crime: Why Faith Matters and How It Could Matter More_. Templeton Press.
42. Johnson, B. R. (2014). The faith-based prison. In F. T. Cullen, C. L. Jonson, & M. K. Stohr (Eds.), _The American Prison: Imagining a Different Future_ (pp. 35–60). Sage.
43. Johnson, B. R., Hallett, M., & Jang, S. J. (2021). _The Restorative Prisons: Essays on Inmate Peer Ministry and Prosocial Corrections_. Routledge.
44. Kerley KR, Copes H, Tewksbury R, Dabney DA. Examining the Relationship Between Religiosity and Self-Control as Predictors of Prison Deviance. International Journal of Offender Therapy and Comparative Criminology. 2011;55(8):1251–1271. doi: 10.1177/0306624X11387523. \[ [DOI](https://doi.org/10.1177/0306624X11387523)\] \[ [PubMed](https://pubmed.ncbi.nlm.nih.gov/22114169/)\] \[ [Google Scholar](https://scholar.google.com/scholar_lookup?journal=International%20Journal%20of%20Offender%20Therapy%20and%20Comparative%20Criminology&title=Examining%20the%20Relationship%20Between%20Religiosity%20and%20Self-Control%20as%20Predictors%20of%20Prison%20Deviance&author=KR%20Kerley&author=H%20Copes&author=R%20Tewksbury&author=DA%20Dabney&volume=55&issue=8&publication_year=2011&pages=1251-1271&pmid=22114169&doi=10.1177/0306624X11387523&)\]
45. Kerley KR, Matthews TL, Blanchard TC. Religiosity, religious participation, and negative prison behaviors. Journal for the Scientific Study of Religion. 2005;44(4):443–457. doi: 10.1111/j.1468-5906.2005.00296.x. \[ [DOI](https://doi.org/10.1111/j.1468-5906.2005.00296.x)\] \[ [Google Scholar](https://scholar.google.com/scholar_lookup?journal=Journal%20for%20the%20Scientific%20Study%20of%20Religion&title=Religiosity,%20religious%20participation,%20and%20negative%20prison%20behaviors&author=KR%20Kerley&author=TL%20Matthews&author=TC%20Blanchard&volume=44&issue=4&publication_year=2005&pages=443-457&doi=10.1111/j.1468-5906.2005.00296.x&)\]
46. Kerley KR, Matthews TL, Schulz JT. Participation in operation starting line, experience of negative emotions, and incidence of negative behavior. International Journal of Offender Therapy and Comparative Criminology. 2005;49(4):410–426. doi: 10.1177/0306624X04271195. \[ [DOI](https://doi.org/10.1177/0306624X04271195)\] \[ [PubMed](https://pubmed.ncbi.nlm.nih.gov/15983055/)\] \[ [Google Scholar](https://scholar.google.com/scholar_lookup?journal=International%20Journal%20of%20Offender%20Therapy%20and%20Comparative%20Criminology&title=Participation%20in%20operation%20starting%20line,%20experience%20of%20negative%20emotions,%20and%20incidence%20of%20negative%20behavior&author=KR%20Kerley&author=TL%20Matthews&author=JT%20Schulz&volume=49&issue=4&publication_year=2005&pages=410-426&pmid=15983055&doi=10.1177/0306624X04271195&)\]
47. Kerley KR, Copes H. “Keepin’ My Mind Right” Identity Maintenance and Religious Social Support in the Prison Context. International Journal of Offender Therapy and Comparative Criminology. 2009;53(2):228–244. doi: 10.1177/0306624X08315019. \[ [DOI](https://doi.org/10.1177/0306624X08315019)\] \[ [PubMed](https://pubmed.ncbi.nlm.nih.gov/18332177/)\] \[ [Google Scholar](https://scholar.google.com/scholar_lookup?journal=International%20Journal%20of%20Offender%20Therapy%20and%20Comparative%20Criminology&title=%E2%80%9CKeepin%E2%80%99%20My%20Mind%20Right%E2%80%9D%20Identity%20Maintenance%20and%20Religious%20Social%20Support%20in%20the%20Prison%20Context&author=KR%20Kerley&author=H%20Copes&volume=53&issue=2&publication_year=2009&pages=228-244&pmid=18332177&doi=10.1177/0306624X08315019&)\]
48. Kerley KR, Copes H, Linn AJ, Eason L, Nguyen MH, Stone AM. Understanding personal change in a women’s faith-based transitional center. Religions. 2011;2(2):184–197. doi: 10.3390/rel2020184. \[ [DOI](https://doi.org/10.3390/rel2020184)\] \[ [Google Scholar](https://scholar.google.com/scholar_lookup?journal=Religions&title=Understanding%20personal%20change%20in%20a%20women%E2%80%99s%20faith-based%20transitional%20center&author=KR%20Kerley&author=H%20Copes&author=AJ%20Linn&author=L%20Eason&author=MH%20Nguyen&volume=2&issue=2&publication_year=2011&pages=184-197&doi=10.3390/rel2020184&)\]
49. Krause N. Gratitude Toward God, Stress, and Health in Late Life. Research on Aging. 2006;28(2):163–183. doi: 10.1177/0164027505284048. \[ [DOI](https://doi.org/10.1177/0164027505284048)\] \[ [Google Scholar](https://scholar.google.com/scholar_lookup?journal=Research%20on%20Aging&title=Gratitude%20Toward%20God,%20Stress,%20and%20Health%20in%20Late%20Life&author=N%20Krause&volume=28&issue=2&publication_year=2006&pages=163-183&doi=10.1177/0164027505284048&)\]
50. Krause N. Assessing the Relationships among Religion, Humility, Forgiveness, and Self-Rated Health. Research in Human Development. 2018;15(1):33–49. doi: 10.1080/15427609.2017.1411720. \[ [DOI](https://doi.org/10.1080/15427609.2017.1411720)\] \[ [Google Scholar](https://scholar.google.com/scholar_lookup?journal=Research%20in%20Human%20Development&title=Assessing%20the%20Relationships%20among%20Religion,%20Humility,%20Forgiveness,%20and%20Self-Rated%20Health&author=N%20Krause&volume=15&issue=1&publication_year=2018&pages=33-49&doi=10.1080/15427609.2017.1411720&)\]
51. Krause N, Pargament K, Hill P, Ironson G. Sanctification of life and health: Insights from the landmark spirituality and health survey. Mental Health Religion & Culture. 2016;19(7):660–673. doi: 10.1080/13674676.2016.1224823. \[ [DOI](https://doi.org/10.1080/13674676.2016.1224823)\] \[ [Google Scholar](https://scholar.google.com/scholar_lookup?journal=Mental%20Health%20Religion%20&%20Culture&title=Sanctification%20of%20life%20and%20health:%20Insights%20from%20the%20landmark%20spirituality%20and%20health%20survey&author=N%20Krause&author=K%20Pargament&author=P%20Hill&author=G%20Ironson&volume=19&issue=7&publication_year=2016&pages=660-673&doi=10.1080/13674676.2016.1224823&)\]
52. Langan, P. A., & Levin, D. J. (2002). _Recidivism of Prisoners Released in 1994_ (No. NCJ 193427). Washington, DC: Bureau of Justice Statistics.
53. Maruna, S. (2001). _Making Good: How Ex-convicts Reform and Rebuild Their Lives_. American Psychological Association.
54. Maruna S. Judicial rehabilitation and the ‘Clean Bill of Health’ in criminal justice. European Journal of Probation. 2011;3(1):97–117. doi: 10.1177/206622031100300108. \[ [DOI](https://doi.org/10.1177/206622031100300108)\] \[ [Google Scholar](https://scholar.google.com/scholar_lookup?journal=European%20Journal%20of%20Probation&title=Judicial%20rehabilitation%20and%20the%20%E2%80%98Clean%20Bill%20of%20Health%E2%80%99%20in%20criminal%20justice&author=S%20Maruna&volume=3&issue=1&publication_year=2011&pages=97-117&doi=10.1177/206622031100300108&)\]
55. Mazerolle P, Piquero AR, Capowich GE. Examining the Links between Strain, Situational and Dispositional Anger, and Crime: Further Specifying and Testing General Strain Theory. Youth &amp; Society. 2003;35(2):131–157. doi: 10.1177/0044118X03255029. \[ [DOI](https://doi.org/10.1177/0044118X03255029)\] \[ [Google Scholar](https://scholar.google.com/scholar_lookup?journal=Youth%20&amp;%20Society&title=Examining%20the%20Links%20between%20Strain,%20Situational%20and%20Dispositional%20Anger,%20and%20Crime:%20Further%20Specifying%20and%20Testing%20General%20Strain%20Theory&author=P%20Mazerolle&author=AR%20Piquero&author=GE%20Capowich&volume=35&issue=2&publication_year=2003&pages=131-157&doi=10.1177/0044118X03255029&)\]
56. McCullough ME. Forgiveness as human strength: Theory, measurement, and links to well-being. Journal of Social and Clinical Psychology. 2000;19(1):43–55. doi: 10.1521/jscp.2000.19.1.43. \[ [DOI](https://doi.org/10.1521/jscp.2000.19.1.43)\] \[ [Google Scholar](https://scholar.google.com/scholar_lookup?journal=Journal%20of%20Social%20and%20Clinical%20Psychology&title=Forgiveness%20as%20human%20strength:%20Theory,%20measurement,%20and%20links%20to%20well-being&author=ME%20McCullough&volume=19&issue=1&publication_year=2000&pages=43-55&doi=10.1521/jscp.2000.19.1.43&)\]
57. McCullough, M. E., Pargament, K. I., & Thoresen, C. E. (2000). The psychology of forgiveness. In M. E. McCullough, K. I. Pargament, & C. E. Thoresen (Eds.), _Forgiveness: Theory, research, and practice_ (pp. 1–14). Guilford Press.
58. McCullough ME, Rachal KC, Sandage SJ, Worthington EL, Jr, Brown SW, Hight TL. Interpersonal forgiving in close relationships: II. Theoretical elaboration and measurement. Journal of Personality and Social Psychology. 1998;75(6):1586. doi: 10.1037/0022-3514.75.6.1586. \[ [DOI](https://doi.org/10.1037/0022-3514.75.6.1586)\] \[ [PubMed](https://pubmed.ncbi.nlm.nih.gov/9914668/)\] \[ [Google Scholar](https://scholar.google.com/scholar_lookup?journal=Journal%20of%20Personality%20and%20Social%20Psychology&title=Interpersonal%20forgiving%20in%20close%20relationships:%20II.%20Theoretical%20elaboration%20and%20measurement&author=ME%20McCullough&author=KC%20Rachal&author=SJ%20Sandage&author=EL%20Worthington&author=SW%20Brown&volume=75&issue=6&publication_year=1998&pages=1586&pmid=9914668&doi=10.1037/0022-3514.75.6.1586&)\]
59. McKnight PE, Kashdan TB. Purpose in life as a system that creates and sustains health and well-being: An integrative, testable theory. Review of General Psychology. 2009;13(3):242–251. doi: 10.1037/a0017152. \[ [DOI](https://doi.org/10.1037/a0017152)\] \[ [Google Scholar](https://scholar.google.com/scholar_lookup?journal=Review%20of%20General%20Psychology&title=Purpose%20in%20life%20as%20a%20system%20that%20creates%20and%20sustains%20health%20and%20well-being:%20An%20integrative,%20testable%20theory&author=PE%20McKnight&author=TB%20Kashdan&volume=13&issue=3&publication_year=2009&pages=242-251&doi=10.1037/a0017152&)\]
60. McNeill F. Four forms of ‘offender’ rehabilitation: Towards an interdisciplinary perspective. Legal and Criminological Psychology. 2012;17(1):18–36. doi: 10.1111/j.2044-8333.2011.02039.x. \[ [DOI](https://doi.org/10.1111/j.2044-8333.2011.02039.x)\] \[ [Google Scholar](https://scholar.google.com/scholar_lookup?journal=Legal%20and%20Criminological%20Psychology&title=Four%20forms%20of%20%E2%80%98offender%E2%80%99%20rehabilitation:%20Towards%20an%20interdisciplinary%20perspective&author=F%20McNeill&volume=17&issue=1&publication_year=2012&pages=18-36&doi=10.1111/j.2044-8333.2011.02039.x&)\]
61. McNeill F. Punishment as Rehabilitation. In: Bruinsma G, Weisburd D, editors. Encyclopedia of Criminology and Criminal Justice. New York: Springer; 2014. pp. 4195–4206. \[ [Google Scholar](https://scholar.google.com/scholar_lookup?title=Encyclopedia%20of%20Criminology%20and%20Criminal%20Justice&author=F%20McNeill&publication_year=2014&)\]
62. Meier, R. F., Beirne, P., & Geis, G. (2006). _Criminal Justice and Moral Issues_. Roxbury.
63. Morris H. A paternalistic theory of punishment. American Philosophical Quarterly. 1981;18(4):263–271. \[ [Google Scholar](https://scholar.google.com/scholar_lookup?journal=American%20Philosophical%20Quarterly&title=A%20paternalistic%20theory%20of%20punishment&author=H%20Morris&volume=18&issue=4&publication_year=1981&pages=263-271&)\]
64. Muthén BO. Latent variable structural equation modeling with categorical data. Journal of Econometrics. 1983;22(1–2):43–65. doi: 10.1016/0304-4076(83)90093-3. \[ [DOI](https://doi.org/10.1016/0304-4076(83)90093-3)\] \[ [Google Scholar](https://scholar.google.com/scholar_lookup?journal=Journal%20of%20Econometrics&title=Latent%20variable%20structural%20equation%20modeling%20with%20categorical%20data&author=BO%20Muth%C3%A9n&volume=22&issue=1%E2%80%932&publication_year=1983&pages=43-65&doi=10.1016/0304-4076(83)90093-3&)\]
65. Nagin DS, Paternoster R. Enduring Individual Differences and Rational Choice Theories of Crime. Law and Society Review. 1993;27(3):467–496. doi: 10.2307/3054102. \[ [DOI](https://doi.org/10.2307/3054102)\] \[ [Google Scholar](https://scholar.google.com/scholar_lookup?journal=Law%20and%20Society%20Review&title=Enduring%20Individual%20Differences%20and%20Rational%20Choice%20Theories%20of%20Crime&author=DS%20Nagin&author=R%20Paternoster&volume=27&issue=3&publication_year=1993&pages=467-496&doi=10.2307/3054102&)\]
66. O’Connor TP, Perreyclear M. Prison Religion in Action and Its Influence on Offender Rehabilitation. Journal of Offender Rehabilitation. 2002;35(3):11–33. doi: 10.1300/J076v35n03\_02. \[ [DOI](https://doi.org/10.1300/J076v35n03_02)\] \[ [Google Scholar](https://scholar.google.com/scholar_lookup?journal=Journal%20of%20Offender%20Rehabilitation&title=Prison%20Religion%20in%20Action%20and%20Its%20Influence%20on%20Offender%20Rehabilitation&author=TP%20O%E2%80%99Connor&author=M%20Perreyclear&volume=35&issue=3&publication_year=2002&pages=11-33&doi=10.1300/J076v35n03_02&)\]
67. Paternoster R, Bushway SD. Desistance and the “Feared Self”: Toward an Identity Theory of Criminal Desistance. Journal of Criminal Law and Criminology. 2009;99(4):1103–1156. \[ [Google Scholar](https://scholar.google.com/scholar_lookup?journal=Journal%20of%20Criminal%20Law%20and%20Criminology&title=Desistance%20and%20the%20%E2%80%9CFeared%20Self%E2%80%9D:%20Toward%20an%20Identity%20Theory%20of%20Criminal%20Desistance&author=R%20Paternoster&author=SD%20Bushway&volume=99&issue=4&publication_year=2009&pages=1103-1156&)\]
68. Radloff LS. The CES-D scale: A self-report depression scale for research in the general population. Applied Psychological Measurement. 1977;1(3):385–401. doi: 10.1177/014662167700100306. \[ [DOI](https://doi.org/10.1177/014662167700100306)\] \[ [Google Scholar](https://scholar.google.com/scholar_lookup?journal=Applied%20Psychological%20Measurement&title=The%20CES-D%20scale:%20A%20self-report%20depression%20scale%20for%20research%20in%20the%20general%20population&author=LS%20Radloff&volume=1&issue=3&publication_year=1977&pages=385-401&doi=10.1177/014662167700100306&)\]
69. Rawls, J. (2005). _Political Liberalism_. Columbia University Press.
70. ROD Ministries (2015). _ROD Ministries_ ROD Ministries. Retrieved Mar 11, 2022, from [https://www.rodministries.org](https://www.rodministries.org/)
71. Rye, M. S., Pargament, K. I., Ali, M. A., Beck, G. L., Dorff, E. N., Hallisey, C., Narayanan, V., & Williams, J. G. (2000). Religious perspectives on forgiveness. In M. E. McCullough, K. I. Pargament, & C. E. Thoresen (Eds.), _Forgiveness: theory, research, and practice_ (pp. 17–40). The Guilford Press.
72. Schnitker SA, King PE, Houltberg B. Religion, spirituality, and thriving: Transcendent narrative, virtue, and telos. Journal of Research on Adolescence. 2019;29(2):276–290. doi: 10.1111/jora.12443. \[ [DOI](https://doi.org/10.1111/jora.12443)\] \[ [PubMed](https://pubmed.ncbi.nlm.nih.gov/31206886/)\] \[ [Google Scholar](https://scholar.google.com/scholar_lookup?journal=Journal%20of%20Research%20on%20Adolescence&title=Religion,%20spirituality,%20and%20thriving:%20Transcendent%20narrative,%20virtue,%20and%20telos&author=SA%20Schnitker&author=PE%20King&author=B%20Houltberg&volume=29&issue=2&publication_year=2019&pages=276-290&pmid=31206886&doi=10.1111/jora.12443&)\]
73. Smith, C. (2003). _Moral, Believing Animals: Human Personhood and Culture_. Oxford University Press.
74. Spitzer RL, Kroenke K, Williams JB, Löwe B. A brief measure for assessing generalized anxiety disorder: the GAD-7. Archives of Internal Medicine. 2006;166(10):1092–1097. doi: 10.1001/archinte.166.10.1092. \[ [DOI](https://doi.org/10.1001/archinte.166.10.1092)\] \[ [PubMed](https://pubmed.ncbi.nlm.nih.gov/16717171/)\] \[ [Google Scholar](https://scholar.google.com/scholar_lookup?journal=Archives%20of%20Internal%20Medicine&title=A%20brief%20measure%20for%20assessing%20generalized%20anxiety%20disorder:%20the%20GAD-7&author=RL%20Spitzer&author=K%20Kroenke&author=JB%20Williams&author=B%20L%C3%B6we&volume=166&issue=10&publication_year=2006&pages=1092-1097&pmid=16717171&doi=10.1001/archinte.166.10.1092&)\]
75. Steger MF, Frazier P. Meaning in Life: One Link in the Chain from Religiousness to Well-Being. Journal of Counseling Psychology. 2005;52(4):574–582. doi: 10.1037/0022-0167.52.4.574. \[ [DOI](https://doi.org/10.1037/0022-0167.52.4.574)\] \[ [Google Scholar](https://scholar.google.com/scholar_lookup?journal=Journal%20of%20Counseling%20Psychology&title=Meaning%20in%20Life:%20One%20Link%20in%20the%20Chain%20from%20Religiousness%20to%20Well-Being&author=MF%20Steger&author=P%20Frazier&volume=52&issue=4&publication_year=2005&pages=574-582&doi=10.1037/0022-0167.52.4.574&)\]
76. Steger MF, Frazier P, Oishi S, Kaler M. The meaning in life questionnaire: Assessing the presence of and search for meaning in life. Journal of Counseling Psychology. 2006;53(1):80–93. doi: 10.1037/0022-0167.53.1.80. \[ [DOI](https://doi.org/10.1037/0022-0167.53.1.80)\] \[ [Google Scholar](https://scholar.google.com/scholar_lookup?journal=Journal%20of%20Counseling%20Psychology&title=The%20meaning%20in%20life%20questionnaire:%20Assessing%20the%20presence%20of%20and%20search%20for%20meaning%20in%20life&author=MF%20Steger&author=P%20Frazier&author=S%20Oishi&author=M%20Kaler&volume=53&issue=1&publication_year=2006&pages=80-93&doi=10.1037/0022-0167.53.1.80&)\]
77. Sundt JL, Cullen FT. The correctional ideology of prison chaplains: A national survey. Journal of Criminal Justice. 2002;30(5):369–385. doi: 10.1016/S0047-2352(02)00152-6. \[ [DOI](https://doi.org/10.1016/S0047-2352(02)00152-6)\] \[ [Google Scholar](https://scholar.google.com/scholar_lookup?journal=Journal%20of%20Criminal%20Justice&title=The%20correctional%20ideology%20of%20prison%20chaplains:%20A%20national%20survey&author=JL%20Sundt&author=FT%20Cullen&volume=30&issue=5&publication_year=2002&pages=369-385&doi=10.1016/S0047-2352(02)00152-6&)\]
78. Sykes GM, Matza D. Techniques of neutralization: A theory of delinquency. American Sociological Review. 1957;22(6):664–670. doi: 10.2307/2089195. \[ [DOI](https://doi.org/10.2307/2089195)\] \[ [Google Scholar](https://scholar.google.com/scholar_lookup?journal=American%20Sociological%20Review&title=Techniques%20of%20neutralization:%20A%20theory%20of%20delinquency&author=GM%20Sykes&author=D%20Matza&volume=22&issue=6&publication_year=1957&pages=664-670&doi=10.2307/2089195&)\]
79. Tinsley HE, Tinsley DJ. Uses of factor analysis in counseling psychology research. Journal of Counseling Psychology. 1987;34(4):414. doi: 10.1037/0022-0167.34.4.414. \[ [DOI](https://doi.org/10.1037/0022-0167.34.4.414)\] \[ [Google Scholar](https://scholar.google.com/scholar_lookup?journal=Journal%20of%20Counseling%20Psychology&title=Uses%20of%20factor%20analysis%20in%20counseling%20psychology%20research&author=HE%20Tinsley&author=DJ%20Tinsley&volume=34&issue=4&publication_year=1987&pages=414&doi=10.1037/0022-0167.34.4.414&)\]
80. Vanhooren S, Leijssen M, Dezutter J. Loss of Meaning as a Predictor of Distress in Prison. International Journal of Offender Therapy and Comparative Criminology. 2017;61(13):1411–1432. doi: 10.1177/0306624X15621984. \[ [DOI](https://doi.org/10.1177/0306624X15621984)\] \[ [PubMed](https://pubmed.ncbi.nlm.nih.gov/26706865/)\] \[ [Google Scholar](https://scholar.google.com/scholar_lookup?journal=International%20Journal%20of%20Offender%20Therapy%20and%20Comparative%20Criminology&title=Loss%20of%20Meaning%20as%20a%20Predictor%20of%20Distress%20in%20Prison&author=S%20Vanhooren&author=M%20Leijssen&author=J%20Dezutter&volume=61&issue=13&publication_year=2017&pages=1411-1432&pmid=26706865&doi=10.1177/0306624X15621984&)\]
81. Ward, T., & Maruna, S. (2007). _Rehabilitation_. Routledge.
82. Wechsler D. Wechsler adult intelligence scale–Fourth Edition (WAIS–IV). San Antonio. TX: NCS Pearson. 2008;22(498):816–827. \[ [Google Scholar](https://scholar.google.com/scholar_lookup?journal=TX:%20NCS%20Pearson&title=Wechsler%20adult%20intelligence%20scale%E2%80%93Fourth%20Edition%20(WAIS%E2%80%93IV).%20San%20Antonio&author=D%20Wechsler&volume=22&issue=498&publication_year=2008&pages=816-827&)\]
83. Witvliet CVO, Jang SJ, Johnson BR, Evans CS, Berry JW, Leman J, Roberts RC, Peteet J, Torrance A, Hayden AN. Accountability: Construct definition and measurement of a virtue vital to flourishing. Journal of Positive Psychology. 2022 doi: 10.1080/17439760.2022.2109203. \[ [DOI](https://doi.org/10.1080/17439760.2022.2109203)\] \[ [Google Scholar](https://scholar.google.com/scholar_lookup?journal=Journal%20of%20Positive%20Psychology&title=Accountability:%20Construct%20definition%20and%20measurement%20of%20a%20virtue%20vital%20to%20flourishing&author=CVO%20Witvliet&author=SJ%20Jang&author=BR%20Johnson&author=CS%20Evans&author=JW%20Berry&publication_year=2022&doi=10.1080/17439760.2022.2109203&)\]
84. Witvliet, C. V. O., Jang, S. J., Johnson, B. R., Evans, C. S., Berry, J. W., Torrance, A., Roberts, R. C., Peteet, J., Leman, J., & Bradshaw, M. (2022b). Transcendent accountability: Construct and measurement of a virtue that connects religion, spirituality, and positive psychology. Manuscript submitted for publication.

## Associated Data

_This section collects any data citations, data availability statements, or supplementary materials included in this article._

### Supplementary Materials

[Supplementary Material 1](https://pmc.ncbi.nlm.nih.gov/articles/instance/9748388/bin/12103_2022_9707_MOESM1_ESM.sav) (191.5KB, sav)

[Supplementary Material 2](https://pmc.ncbi.nlm.nih.gov/articles/instance/9748388/bin/12103_2022_9707_MOESM2_ESM.docx) (49.3KB, docx)

![Close](https://pmc.ncbi.nlm.nih.gov/static/img/usa-icons/close.svg)

## ACTIONS

- [View on publisher site](https://doi.org/10.1007/s12103-022-09707-3)
- [PDF (1.6 MB)](https://pmc.ncbi.nlm.nih.gov/articles/PMC9748388/pdf/12103_2022_Article_9707.pdf)
- Cite
- Collections
- Permalink




## PERMALINK



Copy


## RESOURCES

### Similar articles

- [Assessing a Faith-Based Program for Trauma Healing Among Jail Inmates: A Quasi-Experimental Study.](https://pubmed.ncbi.nlm.nih.gov/35833446/)


Int J Offender Ther Comp Criminol. 2024.



- [Prisoners Helping Prisoners Change: A Study of Inmate Field Ministers Within Texas Prisons.](https://pubmed.ncbi.nlm.nih.gov/32126867/)


Int J Offender Ther Comp Criminol. 2020.



- [Religion and Misconduct Among Prison Inmates in South Korea.](https://pubmed.ncbi.nlm.nih.gov/34784817/)


Int J Offender Ther Comp Criminol. 2023.



- [\[Burnout and victimisation: impact of inmates' aggression towards prison guards\].](https://pubmed.ncbi.nlm.nih.gov/21981889/)


Encephale. 2011.



- [Culture, spirituality, religion and health: looking at the big picture.](https://pubmed.ncbi.nlm.nih.gov/17516885/)


Med J Aust. 2007.




[See all in PubMed](https://www.ncbi.nlm.nih.gov/pubmed/?linkname=pubmed_pubmed&from_uid=36531536 ""Similar PubMed articles, obtained by matching text and MeSH terms"")

### Cited by other articles

No results available.


### Links to NCBI Databases

No results available.


Back to Top",,"We examine how religion contributes to rehabilitation, which we conceptualize as moral reform and operationalize in terms of self-identity, existential belief, and character. We hypothesize that religion contributes to identity transformation, a ...",,,https://pmc.ncbi.nlm.nih.gov/static/img/favicons/favicon-48x48.png
Interesting disparity between US population and prison system beliefs,https://www.facebook.com/groups/737107324441723/posts/801589167993538/,,,Roughly 63% of the U.S. Population claims Christian. 23% claim Athiest but of the 1.6 million or so prisoners in the U.S. prison system only ...,,,
What Do Correctional Leaders Think About Faith-Based Programs? Results From a National Survey,https://mickhallett.domains.unf.edu/wp-content/uploads/2023/11/Correc-Leader-Survey.pdf,"# What Do Correctional Leaders Think About Faith-Based Programs? Results From a National Survey

Grant Duwe1 , Byron R. Johnson2 , and Michael Hallett3

# Abstract

While religious programs and services have long been a staple of the American prison experience, existing research has yet to examine how correctional administrators perceive their importance and effectiveness. Of the 50 states invited to participate in the survey, most of the 27 respondents reported that faith-based programming provides a critically important resource that yields successful outcomes and positively influences prison culture. Nearly half indicated that interest in programming exceeds the resources available, while two-thirds reported that programming access should be expanded. The vast majority cited a lack of physical space and security staff as barriers to increased programming access.

# Keywords

faith-based programming, religious services, prison, survey

# Introduction

Religious faith and spirituality have long been embedded within the American prison experience. Near the turn of the 19th century, the advent of the prison reform movement was heavily influenced by religious faith (O’Connor, 2002). Indeed, religious programs remain a common feature of prisons, and research confirms that participation in religious services and programs is one of the most common activities reported by inmates.1

Beyond the fact that religious programs and services remain a staple in prisons as well as prison life more generally, it is important to understand what effects, if any, can be attributed to participation in faith-based programs. For example, is participation in faith-based programs associated with improved behavior and a reduction in prison misconduct? Can participation in religion be linked to prosocial behavior and rehabilitation? Is it possible that regular religious involvement may lead to the identity transformation of people in prison? Finally, is there evidence to support the notion that increasing religiosity of incarcerated individuals is correlated with recidivism reduction following release from prison? To answer these questions, we review the relevant research literature.

# Literature Review

Over the last several decades a mounting body of evidence documents that higher levels of religiosity or religious commitment have been linked to reductions in crime and delinquency (Baier & Wright, 2001; Duwe & Johnson, 2016; Johnson, 2011). Multiple systematic reviews and several meta-analytic studies also confirm increasing religiosity tends to be associated with lower rates of crime (Baier & Wright, 2001; Johnson, De Li, et al., 2000; Kelly et al., 2015). But does the religion-crime nexus hold when research focuses on individuals who have been confined and released from prison?

A series of multivariate studies examining the effectiveness of Prison Fellowship (PF) programs tend to support the notion that PF participants fare significantly better. In the first study of a faith-based program, Young and his coauthors investigated long-term recidivism among a group of incarcerated individuals trained as volunteer prison ministers and found that the PF group had a significantly lower rate of recidivism than the matched group (Young et al., 1995). In a second study of PF, Johnson et al. examined the impact of PF religious programs on institutional adjustment and recidivism rates in two matched groups of people from four adult male prisons in New York State. After controlling for the level of involvement in

PF-sponsored programs, individuals who were most active in Bible studies were significantly less likely to be rearrested during the year-long follow-up period (Johnson et al., 1997). In a follow-up to this study, Johnson extended the research on formerly incarcerated individuals from New York by increasing the length of study from 1 to 8 years and found that frequent Bible study participants were less likely to be rearrested 2 and 3 years after their release (Johnson, 2004).

In another longitudinal study, Johnson and Larson completed a six-year evaluation of PF’s expressly Christian, faith-based prerelease program known as the InnerChange Freedom Initiative (IFI). Among the study’s key findings are the following: (a) IFI program graduates were significantly less likely than the matched comparison group to be arrested and (b) IFI program graduates were significantly less likely than the matched comparison group to be reincarcerated during the two-year follow-up period (Johnson, 2011; Johnson & Larson, 2003).

In another study of PF, Kerley and associates explored the relationship between participation in Operation Starting Line (OSL), a faith-based prison event, and the subsequent experience of negative emotions and incidence of negative behaviors (Kerley et al., 2005). OSL participants were less likely to experience negative emotions and to engage in fights and arguments with other inmates or prison staff. The results from this study are consistent with previous research and were supported in a second study where Kerley surveyed incarcerated individuals in order to determine whether levels of reported religiosity were associated with reduced levels of arguing and fighting. The study found that religiosity directly reduces the likelihood of arguing and indirectly reduces the likelihood of fighting (Kerley et al., 2005).

This line of research continued as Duwe and King (2013) completed a longitudinal evaluation of the effectiveness of PF’s IFI by examining recidivism outcomes among 732 individuals released from Minnesota prisoners between 2003 and 2009. A series of regression analyses showed that participation in IFI significantly reduced the likelihood of rearrest $( 2 6 % )$ , reconviction $( 3 5 % )$ , and reincarceration $( 4 0 % )$ . A follow-up study extended the research on IFI by conducting a cost-benefit analysis of the program. Because IFI relies heavily on volunteers and program costs are privately funded, the program involves no additional expense for the State of Minnesota. This investigation focused on estimating the program’s benefits by examining recidivism and postrelease employment. The findings showed that during its first six years of operation in Minnesota, IFI produced an estimated benefit of $$ 3$ million, which amounts to nearly $$ 8,300$ per participant (Duwe & Johnson, 2016).

# Religion, Rehabilitation, and Recidivism Reduction

Religious practices and activities have been found to foster the development of, and integration into, personal networks that provide both social and emotional support (Jang & Johnson, 2004; Putnam & Campbell, 2010). When these personal networks overlap with other networks, they may not only constrain illegal behavior, but may also protect individuals from the effects of living in disadvantaged environments (Krohn & Thornberry, 1993). Stated differently, an individual’s integration into a religious network may serve to weaken the effects of other factors that might otherwise promote deviant behavior. Indeed, religious networks have been found to buffer or shield people from the effects of harmful influences (Johnson, 2006).

These networks also hold the potential to encourage appropriate behavior as well as emphasize concern for others’ welfare. Such processes can contribute to the acquisition of positive attributes that give those affiliated with religious networks a greater sense of empathy toward others, which in turn makes them less likely to commit illegal or harmful acts. Consistent with this line of research, studies in the emerging subfield labeled “positive criminology” (Ronel & Elisha, 2011), suggest that positive and restorative approaches— including those that foster social connectedness and support, service to others, spiritual experience, personal integrity, and identity change—may be more effective than the prevailing punitive tactics (Ronel & Segev, 2015). Consistent with traditional and contemporary restorative justice practices, these approaches seek to develop active responsibility on the part of individuals who have been living a lifestyle of irresponsibility.

From this perspective, it seems reasonable that correctional practices should be intentionally designed to promote virtue. Moreover, the goal of punishment should not be about exacting revenge, but rather to reconstruct and make better (Thompson & Jenkins, 1993). Examples of this kind of approach to corrections are regrettably uncommon, though the Louisiana State Penitentiary, located in Angola, Louisiana, provides a contemporary and unlikely example. Once known as perhaps the most violent and corrupt prison in America, Angola2 has more recently become known for its many inmate-led congregations as well as a fully operational seminary (Hallett et al., 2016).

Previous research on religion within prisons had focused largely on faithbased programs administered by faith-motivated volunteers and generally confirms that these programs can increase prosocial behavior inside of prison and even reduce recidivism following release from prison (Johnson, 2011). However, very little was known about what happens when incarcerated individuals form and lead their own religious groups, interpret theology from inside of prison, and practice their faith communally inside the cellblocks. Over a period of five years, researchers analyzed survey data from 2,200 men confined at the Louisiana State Penitentiary and conducted more than 100 life-history interviews of incarcerated individuals and staff. They found significant linkages between participation in the prison seminary and inmate-led churches on disciplinary convictions, crime desistance, rehabilitation, and prosocial behavior within the prison environment. The research demonstrated the central role of inmate-led efforts to bring about these salutary findings (Hallett et al., 2016).

Inmate ministers established congregations and participate in a variety of lay ministries including hospice, cellblock visitation, tier ministry, officiating funerals, and through tithing with “care packages” for incarcerated individuals who are indigent. Despite the fact that many are serving life sentences without the possibility of parole, ministers are able to find meaning and purpose in their lives. They assist others in finding purpose and hope, thereby providing others with the human grace and dignity they may have thought they lost or perhaps never had.

This research confirms that the freedom to embrace religion provides a unique opportunity for incarcerated individuals to choose a better self, transform their lives, come to care about others, and display their humanity on a daily basis. Several themes of positive criminology emerge from inmate narratives: (a) the importance of respectful treatment by correctional administrations, (b) the value of building trusting relationships for prosocial modeling and improved self-perception, (c) repairing harm through faith-based intervention, and (d) spiritual practice as a blueprint for positive self-identity and social integration (Hallett et al., 2016).

Additional prison research on religion has focused on the topic of identity transformation and rehabilitation. Religion offers an opportunity to replace an “old self” with a “new self” (James, 2007), thereby helping individuals write “redemption scripts,” narratives that allow a new start built on the new self (Hallett & McCoy, 2015). Identity transformation via religion is a cognitive process that involves self-reflection and a change in self-concept, based on a new “living narrative” facilitated by religion (Smith, 2003). Consequently, identity transformation has become the recent focus of identity theories of desistance from crime.

In a test of identity theories of desistance, using survey data from 2,249 men at the Louisiana State Penitentiary, Jang et al. (2018a) found that religion played a key role in contributing to identity transformation (see also Hallett et al., 2016). Specifically, they found religious conversion was positively related to cognitive transformation and crystallization of discontent, whereas involvement in religion was positively related to emotional transformation. More recently, participation in a faith-based program was found to increase religiosity, which in turn contributed to the crystallization of discontent among individuals incarcerated in Colombia (Johnson et al., 2021).

Prior research shows a positive association between religiosity and a sense of meaning and purpose in life among people in prison. For example, in a study of men confined at three maximum-security prisons in Texas, Jang et al. (2018b) found that religiosity was positively related to perceived meaning in life. Using data collected in a non-Western country, Jang et al. (2021) replicated the positive relationship. Specifically, analyzing data from a survey with men and women housed in four South African prisons, they found that more religious individuals were more likely to report a sense of meaning and purpose in life than their less or nonreligious peers. This positive relationship was found among both men and women, showing that the relationship was gender-neutral as well as cross-cultural.

Prior research provides evidence that religion fosters virtues among individuals in the general population (Emmons & Paloutzian, 2003; Krause, 2018; McCullough et al., 2000; Rye et al., 2000). Although research on religion and virtues among incarcerated individuals is scant, Jang et al. (2018a) found that those who are more religious reported higher levels of forgiveness, compassion, and gratitude than their less or nonreligious counterparts. Similarly, religiosity was shown to be positively related to forgiveness, gratitude, and selfcontrol among both men and women in South Africa (Jang et al., 2021).

Taken together, recent research confirms that religion-based rehabilitation is likely to have affective as well as behavioral consequences. First, identity transformation is expected to reduce negative emotions and deviant acts among offenders, as it enables offenders to disassociate themselves from negative emotions that they used to identify with and to behave, consistent with the new self (Giordano et al., 2002, 2007; Paternoster & Bushway, 2009). Second, a new sense of meaning and purpose in life is likely to decrease an incarcerated individual’s negative emotions and misconduct as the new existential belief leads them to strive for conventional life goals and to manage their behaviors accordingly (Jang, 2016; McKnight & Kashdan, 2009; Steger & Frazier, 2005; Vanhooren et al., 2017). Finally, fostering virtues among correctional populations is expected to not only decrease deviance but also enhance emotional well-being (Emmons & McCullough, 2004; McCullough, 2000; Ward & Maruna, 2007).

# Religious Services and Programming in Prison

Prior research on religious faith in prison has focused primarily on prison chaplains and incarcerated individuals. After all, they are directly involved in the delivery and receipt of religious services and programming. The results from a nationwide survey administered a little more than a decade ago revealed that nearly all of the 1,100 state and federal prisons in the United States employed a chaplain.3 Nearly three-fourths of the prison chaplains surveyed indicated that religious services and programming were “absolutely critical” to the rehabilitation of people in prison (Boddie & Funk, 2012). Moreover, results from the 2004 Survey of Prison Inmates (previously known as the Survey of Inmates in State and Federal Correctional Facilities) administered by the federal government showed that $5 7 %$ of people in state prisons reported involvement in religious activities within the prior week (Beatty & Snell, 2004).

One perspective that has been conspicuously absent from research on religious faith and services in prison is that of the individuals entrusted to run correctional systems. To be sure, there have been studies on correctional leaders that have examined their vision, philosophy, attitudes, and values (Waters, 1992); the relationship between their emotional intelligence and leadership self-efficacy (Harper, 2016); the association between their leadership skills and job stress (Atkin-Plunk & Armstrong, 2013); the unique experiences of women in a male-dominated field (Collica-Cox & Schulz, 2019); and their perceptions of technology (Mufarreh et al., 2022). There has not been any research to date, however, that has evaluated the beliefs and attitudes of correctional leaders toward religious services and faith-based programming.

# Present Study

To better understand the beliefs and perceptions that correctional leaders have about the presence and effectiveness of religious services and programs within their prison systems, we designed and administered a survey in November 2022. The survey was distributed to departments of corrections from all 50 states, and correctional leaders from 27 states completed the survey, resulting in a response rate of $54 %$ . We analyze the results from the survey and discuss the implications of the findings for correctional policy and practice.

# Data and Method

We constructed a survey that was designed to measure the beliefs and perceptions that correctional leaders across the United States have about religious services and programs within prisons. To this end, our survey focused on five main areas: (1) identifying the types and variety of programming and services that each state’s prison system provides, (2) the level of resources devoted to faith-based programming, (3) the perceived level of interest and participation in faith-based programming from people in prison, (4) the perceived impact and effectiveness of faith-based programming, and (5) potential barriers to the availability and delivery of programming and services. The survey, which included five skip questions, contained a total of 16 items (See Appendix).

Our survey was administered through Survey Monkey by the Correctional Leaders Association (CLA), whose membership includes executive-level staff from departments of corrections in all 50 states. The survey was distributed in early November 2022, and CLA members were given two weeks to complete the survey. Each state was given discretion in assigning their appropriate staff person to complete the survey. Of the 50 states that were invited to participate, correctional staff from 27 states completed the survey, resulting in a response rate of $54 %$ .

# Results

As noted above, correctional leaders for 27 $( 5 4 % )$ of the 50 state departments of corrections responded to the invitation to complete the survey. As shown in Figure 1, the 27 respondents represented each of the major geographic regions within the United States, although most were from the Eastern and Southern portions of the United States. Fifteen $( 5 6 % )$ of the respondents were directors of programming or they held executive-level staff positions (e.g., assistant commissioner or commissioner). The remaining 12 respondents $( 4 4 % )$ held administrative positions in which they were responsible for overseeing chaplains and/or religious services.

As shown in Table 1, all 27 respondents reported providing worship services and pastoral care and counseling, while all but one offered Bible study groups and all but two had a chaplain at every facility. The consensus among the respondents is that religious activities are either critically important $( 8 1 % )$ or very important $( 1 9 % )$ . All of the respondents agreed that faithbased programming changes prison culture in a positive way, with more than half $( 5 8 % )$ expressing strong agreement. All respondents also reported that faith-based programming offers prison systems with valuable resources. Because faith-based programming is often delivered by volunteers from the community, more than $90 %$ of the respondents indicated that it provides their prison systems with resources they could not otherwise afford.

The vast majority $( 9 6 % )$ indicated that people in their prison systems have access to faith-based programming. Approximately $60 %$ reported providing access to faith-based mentoring $( 6 3 % )$ and Bible colleges $( 5 9 % )$ , while about one-fifth $( 2 2 % )$ offered faith-based dorms. Approximately four-fifths of the respondents believed the presence of faith-based programming has increased over the last decade.

![](https://mickhallett.domains.unf.edu/wp-content/uploads/2023/11/images/5a62f5e3738f1ce6837aef18896a4b15fd7c8a49811cd96fa1581d03504a673c.jpg)

Figure 1. Geographic distribution of survey respondents.

Despite the perceived increase, nearly half $( 4 6 % )$ reported that interest among incarcerated individuals in faith-based programming exceeds the resources available. Meanwhile, $50 %$ believed that faith-based resources are commensurate with the level of interest from people in prison. Those who believed resources are insufficient were more likely to estimate the level of interest from their prison population is greater than $50 %$ ( $6 4 %$ vs. $3 3 %$ ).

Overall, nearly half of the respondents $( 4 6 % )$ reported that a majority of their prison population had an interest in faith-based programming. A little more than one-third $( 3 5 % )$ believed that about half of their population was interested, whereas $1 9 %$ reported the interest level was less than half. Notably, $3 6 %$ of the respondents indicated that less than one-fourth of their population participates in faith-based programming.

In general, the respondents expressed a relatively high degree of confidence in the ability of faith-based programming to achieve good outcomes. Correctional leaders indicated that faith-based programs were effective at nourishing spiritual development $( 1 0 0 % )$ , reducing misconduct $( 9 2 % )$ , and lowering recidivism $( 8 9 % )$ . More than $80 %$ reported that faith-based interventions were effective at fostering sobriety $( 8 5 % )$ and improving mental health $( 8 5 % )$ , while $73 %$ indicated it reduced the likelihood of suicide. A little more than half $( 5 8 % )$ reported that faith-based programming improved postrelease employment, whereas about one-fourth believed it has a beneficial impact on physical health.

Table 1. Descriptive Statistics for Survey Responses.

|     |     |
| --- | --- |
| Survey items and responses | N (%) |
| Position |  |
| Program director/assistant commissioner | 15 (56) |
| Director of chaplains/religious services | 12 (44) |
| People in prison are provided access to... |  |
| Worship services | 27 (100) |
| Pastoral care/counseling | 27 (100) |
| Bible study groups | 26 (96) |
| Bible college/seminary | 16 (59) |
| Faith-based programs | 26 (96) |
| Each facility has assigned chaplain or spiritual advisor | 25 (93) |
| Faith-based volunteers are a valuable resource | 26 (100) |
| Importance of religious activities for prison population |  |
| Critically important |  |
| Very important | 21 (81) |
| Faith-based programming transforms prison culture in a positive way | 5 (19) |
| Strongly agree | 15 (58) |
| Agree | II (42) |
| Importance of faith-based programming for prison population |  |
| Critically important | 20 (77) |
| Very important | 5 (19) |
| Somewhat important | \| (4) |
| Faith-based programs provide resources that could not be afforded |  |
|  | 23 (92) |
| Agree Disagree |  |
| Presence of faith-based programs have... | 2 (8) |
| Increased over last decade | 21 (81) |
| Stayed about the same | 3 (12) |
| Decreased over last decade | 2 (7) |
| Types of faith-based programs provided... |  |
| Bible college | 16 (59) |
| Faith-based mentoring | 17(63) |
| Faith-based dorm | 6 (22) |
| Overall level of interest in faith-based programming |  |
| More than half | 12 (46) |
| About half | 9 (35) |
| Less than half | 5 (19) |
| Interest in faith-based programming is... |  |
| Greater than the amount of programming provided | II (46) |

Table 1. (continued)

|     |     |
| --- | --- |
| Survey items and responses | N (%) |
| Equal to the amount of programming provided | 12 (50) |
| Less than the amount of programming provided | \| (4) |
| Percentage of facilities that provide faith-based programming |  |
| More than half | 22 (88) |
| Less than half | 3 (12) |
| Percentage of population that participates in faith-based programming |  |
| More than 25% Between 5 and 25% | 16 (64) |
| Faith-based programs are effective at... | 9 (36) |
|  |  |
| Spiritual development | 26 (100) |
| Reducing prison misconduct | 24 (92) |
| Reducing recidivism | 23 (89) |
| Reducing likelihood of suicide | 19 (73) |
| Helping sobriety | 22 (85) |
| Improving post-release employment | 15 (58) |
| Improving mental health | 22 (85) |
| Improving physical health Should there be greater access to faith-based programming? | 7 (27) |
|  |  |
| Yes | 17 (65) |
| No | 3 (12) |
| Unsure | 6 (23) |
| What would be needed to increased access? |  |
| More physical space | 21 (81) |
| More security staff | 23 (89) |
| Increased funding/financial support | 13 (50) |
| More community interest | 12 (46) |
| More interest from people in prison | 5 (19) |
| More research | 10 (39) |

Two-thirds of the respondents reported that people in their prison systems should be provided with greater access to religious services and faith-based programs. To increase access to faith-based programming and services, approximately $20 %$ indicated that incarcerated people would need to show more interest, while more than $40 %$ reported that more interest would need to come from the community. A similar percentage $( 3 9 % )$ noted that more research would be needed to expand access, while half $( 5 0 % )$ believed that additional funding would be necessary. The vast majority, however, reported that more physical space $( 8 1 % )$ and security staff $( 8 9 % )$ within correctional facilities would be needed to increase access to faith-based programming.

# Conclusion

Religious services and programming have been central to America’s prison systems ever since they originated, and our findings show that correctional administrators generally view these resources as critically important. Nearly every state correctional agency that responded provides worship services, pastoral care, and Bible study groups, while availability is more limited for faith-based mentoring, dorms, and Bible colleges. Most of the respondents indicated that faith-based programming not only positively influences the culture of prison, but it also has a salutary effect on a multitude of outcomes.

While there was broad consensus about the importance and effectiveness of faith-based programming and services, one area where respondents differed was whether the resources available were sufficient to meet the needs and interests of people in prison. Roughly half believed their resources were sufficient, whereas the other half did not. Those who reported their resources were insufficient were also much more likely to believe that more than half of their prison populations were interested in participating in faith-based programming. Stated a little differently, respondents who indicated that a majority had an interest in faith-based programming and services generally believed the resources available could not meet this level of interest.

Regardless of this difference, two-thirds of the correctional leaders surveyed believed that access to faith-based programming should be expanded. Among the barriers to increased access to this type of programming, only two were cited by a majority of respondents: (1) lack of physical space and (2) lack of security staff. The recognition of these two barriers reflects the fact that providing programming to people confined in prison is contingent not only on the availability of programming resources but also on having enough physical space and security staff to deliver it.

The importance of security staff and physical space for program delivery may also help reveal why reforming America’s prisons involves overcoming systemic, structural barriers. Although the nation’s prison population has dropped since the late 2000s, many state prison systems remain underfunded and understaffed. While the emergence of COVID-19 recently led to further reductions in the number of people in prison, it has also been difficult for state corrections agencies to achieve adequate staffing levels. Moreover, most prisons in the United States were built decades ago, and very few, if any, were designed to accommodate the delivery of programming. Instead, the design and operation of prisons have emphasized isolation, security, and control.

Faith-based organizations and programs continue to play an important role in American prisons, and this positive effect can be found in even the most challenging and volatile prison settings in America. The results of our survey confirm that correctional leaders are aware of the vital role played by faith-based organizations and faith-motivated volunteers in the delivery of much-needed programs within the prison environment. Indeed, we find the overwhelming openness of correctional leaders to faithbased interventions signals not only a favorable view of the value of religious freedom within correctional settings, but also provides compelling support to the notion that religion can contribute to positive and lasting change in the U.S. prison system.

# Declaration of Conflicting Interests

The authors declared no potential conflicts of interest with respect to the research, authorship, and/or publication of this article.

# Funding

The authors received no financial support for the research, authorship, and/or publication of this article.

# Notes

1. Data based on face-to-face interviews with 13,986 inmates in 1991 and published by the Bureau of Justice Statistics. Similar surveys were conducted in 1974, 1979, and 1986.
2. Housing over 6,300 inmates in five separate complexes spread over 18,000 acres of a working prison farm. Cellblock and dormitory units are still called “camps” at Angola, a remnant of the traditional assignment of slaves to “work camps” across various locations of the property, which is itself a former slave plantation. The property first became known as “Angola” because it was this region of Africa that supplied its slaves. Roughly $7 5 %$ of inmates currently serving time at Angola are serving life sentences (see Louisiana Department of Corrections, 2015).
3. While the vast majority of U.S. correctional facilities employ chaplains, a recent report by the U.S. Inspector General (2021) found the Federal Bureau of Prisons lacks adequate chaplaincy resources to meet the demand for religious services. This gap in resources is particularly acute for Catholics and Muslims—the second and third largest faith groups in the federal prison population.

# References

Krohn, M. D., & Thornberry, T. P. (1993). Network theory: A model for understanding drug abuse among African-American and Hispanic youth. In M. R. De La Rosa & J. R. Adrados (Eds.), Drug abuse among minority youth: Advances in research and methodology (pp. 102–128). NIDA Research Monograph 130. U.S. Department of Health and Human Services.

McCullough, M. E. (2000). Forgiveness as human strength: Theory, measurement, and links to well-being. Journal of Social and Clinical Psychology, 19(1), 43–55. [https://doi.org/10.1521/jscp.2000.19.1.43](https://doi.org/10.1521/jscp.2000.19.1.43)

McCullough, M. E., Pargament, K. I., & Thoresen, C. E. (2000). The psychology of forgiveness. In M. E. McCullough, K. I. Pargament, & C. E. Thoresen (Eds.), Forgiveness: Theory, research, and practice (pp. 1–14). Guilford Press.

McKnight, P. E., & Kashdan, T. B. (2009). Purpose in life as a system that creates and sustains health and well-being: An integrative, testable theory. Review of General Psychology, 13(3), 242–251. [https://doi.org/10.1037/a0017152](https://doi.org/10.1037/a0017152)

Mufarreh, A., Waitkus, J., & Booker, T. A. (2022). Prison official perceptions of technology in prison. Punishment & Society, 24(3), 410–432. [https://doi.org/10.1177/](https://doi.org/10.1177/) 1462474521990777

O’Connor, T. P. (2002). Religion, community, and the rehabilitation of criminal offenders. Routledge.

Paternoster, R., & Bushway, S. D. (2009). Desistance and the “feared self"": Toward an identity theory of criminal desistance. Journal of Criminal Law and Criminology, 99(4), 1103–1156.

Putnam, R. D., & Campbell, D. E. (2010). American grace: How religion divides and unites us. Simon & Schuster.

Ronel, N., & Elisha, E. (2011). A different perspective: Introducing positive criminology. International Journal of Offender Therapy and Comparative Criminology, 55(2), 305–325. [https://doi.org/10.1177/0306624X09357772](https://doi.org/10.1177/0306624X09357772)

Ronel, N., & Segev, D. (Eds.). (2015). Positive criminology. Routledge.

Rye, M. S., Pargament, K. I., Ali, M. A., Beck, G. L., Dorff, E. N., Hallisey, C., Narayanan, V., & Williams, J. G. (2000). Religious perspectives on forgiveness. In M. E. McCullough, K. I. Pargament, & C. E. Thoresen (Eds.), Forgiveness: Theory, research, and practice (pp. 17–40). The Guilford Press.

Smith, C. (2003). Moral, believing animals: Human personhood and culture. Oxford University Press.

Steger, M. F., & Frazier, P. (2005). Meaning in life: One link in the chain from religiousness to well-being. Journal of Counseling Psychology, 52(4), 574–582. [https://doi.org/10.1037/0022-0167.52.4.574](https://doi.org/10.1037/0022-0167.52.4.574)

Thompson, G. J., & Jenkins, J. B. (1993). Verbal judo: The gentle art of persuasion. William Morrow and Company, Inc.

Vanhooren, S., Leijssen, M., & Dezutter, J. (2017). Loss of meaning as a predictor of distress in prison. International Journal of Offender Therapy and Comparative Criminology, 61(13), 1411–1432. [https://doi.org/10.1177/0306624X15621984](https://doi.org/10.1177/0306624X15621984)

Ward, T., & Maruna, S. (2007). Rehabilitation. Routledge.

Waters, T. F. (1992). Correctional leadership: A national survey of executive directors of state-operated adult and juvenile correctional systems \[Doctoral dissertation\]. University of Arizona.

Young, M. C., Gartner, J., O’Connor, T., Larson, D. B., & Wright, K. (1995). Long-Term recidivism among federal inmates trained as volunteer prison ministers. Journal of Offender Rehabilitation, 22(1), 97–118.

# Author Biographies

Grant Duwe, PhD, is the research director, Minnesota Department of Corrections, where he forecasts the state’s prison population, develops assessment instruments, and conducts research studies and program evaluations. He has more than 90 peerreviewed publications on a wide variety of topics in corrections.

Byron R. Johnson, PhD, is a distinguished professor of the social sciences, Baylor University, and coexecutive director, Center for Faith and the Common Good, Pepperdine University. He is the project codirector of the Global Flourishing Study, a five-year panel study with annual data collection on approximately 240,000 people around the world.

Michael Hallett, PhD, is a professor of criminology, University of North Florida. His research interests include religious education for inmates, religiously motivated desistance, and protecting the religious liberty of incarcerated individuals.

# Appendix: Faith-Based Programming Survey

Please provide the contact information for the person completing this survey:

State/Agency:

Name: Title: Email: Phone:

1. My agency provides people in prison with access to the following faithbasedactivities (please check all that apply):

• Worship services Bible study groups Pastoral care/counseling Seminary or Bible College • Other

2. In your opinion, how important, if at all, are religiousactivities for your prison population?

• Critically important • Very important

• Somewhat important • Not important • Don’t know

3. In your opinion, the presence of faith-based programs or activities have…

(a) significantly increased over the last decade (b) somewhat increased over the last decade (c) remain unchanged over the last decade (d) somewhat decreased over the last decade (e) significantly decreased over the last decade

4. Does each facility (or unit) in your correctional system have an assigned chaplain or spiritual advisor?

• Yes • No

If “NO”:

(a) In your opinion, what are the reasons why each facility (or unit) does not have an assigned chaplain or spiritual advisor? (please select all that apply)

• Lack of funding/resources

• Lack of interest from incarcerated individuals Lack of quality chaplains/spiritual advisors available Limited value from the services that chaplains/spiritual advisors provide

• We will now ask you some questions about faith-based programs within your DOC. Faith-based programs may include prison seminaries, Bible colleges, faith-based dorms, and programs that deliver services to inmates in which religious and spiritual development is a key component.

(5) In your opinion, how important, if at all, are faith-based programs for your prison population?

• Critically important Very important Somewhat important Not important • Don’t know

(6) Faith-based programs offer resources to prisons we could not otherwise afford. • Agree

• Disagree

(7) Faith-based programs should be expanded to help supplement rehabilitation programming.

• Agree • Disagree

(8) Religious education programs should be used to help prisoners assume peer mentoring roles.

• Agree • Disagree

(9) Faith-based volunteers are a valuable resource for our prisons. • Agree • Disagree

(10) What would you estimate is the overall level of inmate interest in participating in faith-based programs? • More than half of the prison population • About half • Less than half

(11) Does your agency provide individuals in prison with access to faithbased programs?

• Yes • No

If “NO” from Question #11

(a) In your opinion, what are the reasons why your agency does not provide access to faith-based programs? (please select all that apply)

• Lack of funding/resources Lack of interest from incarcerated individuals Lack of qualified volunteers Lack of security staff Lack of physical space to deliver programming Concern about encouraging religious extremism

• Faith-based programming has not been shown to be effective

• Other

And then jump to Question $# 1 2$

If “YES” from Question #11

(b) What types of faith-based programs does your agency provide? (please select all that apply) • Bible college/prison seminary • Faith-based dorm • Faith-based program

• Faith-based mentoring • Other

(c) Approximately what percentage of your state’s correctional facilities provide faith-based programs?

• Less than $2 5 %$ • $2 5 \\mathrm { - } 5 0 %$ • More than $50 %$

(d) Approximately what percentage of your population participates in faith-based programs? • Less than $5 %$ • $5 - 2 5 %$ • More than $2 5 %$

(e) During the last five years, would you say the percentage of inmates participating in faith-based programs has…

• Increased Decreased Stayed about the same Don’t know

# If “DECREASED” to (e)

(i) How much of the decreased participation is due to COVID-19 health and safety protocols?

• All of it • Most of it Some of it • None of it

(12) In your opinion, faith-based programs are effective at the following (please check all that apply):

Spiritual development and transformation

• Reducing misconduct/improving behavior in prison Reducing recidivism/improving behavior following release from prison Reducing the likelihood of suicide Improving postrelease employment Helping with sobriety Improving mental health Improving physical health

• Other

(13) In your opinion, faith-based programs can transform the culture of a prison in a positive way. • Strongly agree

• Agree

• Neither agree nor disagree

Disagree

• Strongly disagree

(14) Inmates interest in faith-based programs is… • Greater than the amount of faith-based programs we provide • Equal to the amount of faith-based programs we provide • Less than the amount of faith-based programs we provide (15) In your opinion, should your agency provide people in prison with greater access to religious services and faith-based programs?

• Yes

• No

• Unsure/don’t know

If “YES” to $# 1 5$

(16) Which of the following would be necessary for your agency to increase access to faith-based programs? (please select all that apply)

• More physical space More security staff Increased funding/financial support Greater community interest (more volunteers) Greater interest from inmates in prison More research documenting the effectiveness of faith-based programs",,,,,
