title,url,markdown,author,description,date,image,favicon
Mapped: U.S. States by Cost Per Prisoner,https://www.visualcapitalist.com/cost-per-prisoner-in-us-states/,"[![Visual Capitalist](https://www.visualcapitalist.com/wp-content/uploads/2024/04/VisualCapitalist-Logo.svg)](https://www.visualcapitalist.com/)

Connect with us

Search for:

[![](https://www.visualcapitalist.com/wp-content/uploads/2023/12/voronoi-icon-transparent.png)](https://www.voronoiapp.com/) See this visualization first on the [Voronoi](https://www.voronoiapp.com/) app.

[![In this map, we illustrate the cost per prisoner across all U.S. states.](https://www.visualcapitalist.com/wp-content/uploads/2024/06/Prisoner_Site.jpg)](https://posts.voronoiapp.com/maps/Between-US-States-There-is-Huge-Variance-in-Spending-per-Prisoner-1351)

- [Twitter](https://www.visualcapitalist.com/cost-per-prisoner-in-us-states/#)
- [Facebook](https://www.visualcapitalist.com/cost-per-prisoner-in-us-states/#)
- [LinkedIn](https://www.visualcapitalist.com/cost-per-prisoner-in-us-states/#)
- [Reddit](https://www.visualcapitalist.com/cost-per-prisoner-in-us-states/#)
- [Pinterest](https://www.visualcapitalist.com/cost-per-prisoner-in-us-states/#)
- [Email](https://www.visualcapitalist.com/cost-per-prisoner-in-us-states/#)

## Mapped: U.S. States by Cost Per Prisoner

_This was originally posted on our [Voronoi app](https://posts.voronoiapp.com/maps/Between-US-States-There-is-Huge-Variance-in-Spending-per-Prisoner-1351). Download the app for free on [iOS](https://apps.apple.com/ca/app/voronoi-app/id6447905904) or [Android](https://play.google.com/store/apps/details?id=com.voronoi.organization.app&pli=1) and discover incredible data-driven charts from a variety of trusted sources._

The U.S. has a prison population of over 1.2 million inmates.

In this map, we show the cost per prisoner across U.S. states, using data from [USAFacts](https://usafacts.org/articles/how-much-do-states-spend-on-prisons/).

USAFacts sourced spending data from the [U.S. Census Bureau’s](https://www.census.gov/programs-surveys/gov-finances.html) Annual Survey of State and Local Government Finances (last updated in June 2023), and prison population data from the [Bureau of Justice Statistics](https://bjs.ojp.gov/library/publications/prisoners-2022-statistical-tables) (last updated November 2023).

## Differences in Prison Spending Vary Widely Across States

More than $80 billion is [spent](https://static1.squarespace.com/static/58e127cb1b10e31ed45b20f4/t/5cc7c27b9e3a8d00018649c5/1556595324791/The+Prison+Industrial+Complex+-+Mapping+Private+Sector+Players+-+2019.pdf) annually on prisons in the United States.

A large part of this is used to pay over 4,000 vendors that serve the criminal legal system, including healthcare providers and food suppliers.

At the state level, most of the budget goes for day-to-day operations, including officer salaries.

In [high-wage](https://www.visualcapitalist.com/highest-minimum-wage-in-america/) states such as California, New Jersey, and Massachusetts, officers receive double the salaries compared to those in lower-wage states like Mississippi, Missouri, and Kentucky.

As a result, spending can vary from just under **$23,000** per prisoner in Arkansas to **$307,468** in Massachusetts.

| State | Expenditure per prisoner (USD) |
| --- | --- |
| Massachusetts | 307K |
| Vermont | 134K |
| New Jersey | 133K |
| California | 128K |
| Maine | 117K |
| Rhode Island | 117K |
| New York | 116K |
| Maryland | 114K |
| New Mexico | 113K |
| Washington | 108K |
| Connecticut | 103K |
| Alaska | 93K |
| Delaware | 91K |
| Nebraska | 88K |
| North Dakota | 84K |
| West Virginia | 82K |
| Minnesota | 80K |
| Oregon | 79K |
| Colorado | 76K |
| Wyoming | 75K |

## States With the Highest Incarceration Rates

Southern U.S. states have the highest imprisonment rates according to 2022 data, with Mississippi at 859 people per 100,000, Louisiana at 775, and Arkansas at 743.

Massachusetts has the lowest rate of any state, with 116 people per 100,000.

![In this map, we illustrate spending per prisoner across all U.S. states.](<Base64-Image-Removed>)

Enjoying the data visualization above? \*

Subscribe![Loading](<Base64-Image-Removed>)

Related Topics:[cost per prisioner](https://www.visualcapitalist.com/tag/cost-per-prisioner/) [prison cost](https://www.visualcapitalist.com/tag/prison-cost/) [expenditure per prisoner](https://www.visualcapitalist.com/tag/expenditure-per-prisoner/) [inmate](https://www.visualcapitalist.com/tag/inmate/) [inmates](https://www.visualcapitalist.com/tag/inmates/)

[Up Next\\
\\
Ranked: The 10 Most Visited Countries in 2023](https://www.visualcapitalist.com/ranked-the-most-visited-countries-in-2023/)

[Don't Miss\\
\\
Charted: The World’s Highest Homicide Rates, in Each Region](https://www.visualcapitalist.com/highest-homicide-rates-by-region/)

#### You may also like

[![This pie chart breaks down the method used in all executions in the U.S. since 1977.](<Base64-Image-Removed>)![This pie chart breaks down the method used in all executions in the U.S. since 1977.](<Base64-Image-Removed>)\\
\\
Charted: How the U.S. Carries Out the Death Penalty](https://www.visualcapitalist.com/charted-how-the-u-s-carries-out-the-death-penalty/)

### [Healthcare](https://www.visualcapitalist.com/category/healthcare/)

# Mapped: America’s Healthiest States, Ranked

America’s healthiest states cluster in one distinct region, highlighting how social, economic, and clinical factors shape health outcomes.
![Map showing America's healthiest states in 2025.](<Base64-Image-Removed>)

![](https://secure.gravatar.com/avatar/bcea5d82f935fea4ede02a24fdc400c50bb7a93337a332dbf6a6782ad1025c92?s=46&d=mm&r=g)

Published

8 hours ago

on

January 24, 2026

By

[Dorothy Neufeld](https://www.visualcapitalist.com/author/dorothy-neufeld/ ""Posts by Dorothy Neufeld"")

![Map showing America's healthiest states in 2025.](<Base64-Image-Removed>)

## Mapped: America’s Healthiest States, Ranked

_See visuals like this from many other data creators on our [Voronoi app](https://www.voronoiapp.com/). Download it for free on [iOS](https://apps.apple.com/ca/app/voronoi-app/id6447905904) or [Android](https://play.google.com/store/apps/details?id=com.voronoi.organization.app&pli=1) and discover incredible data-driven charts from a variety of trusted sources._

### Key Takeaways

- New Hampshire ranks as the healthiest state in America, followed by Massachusetts and Vermont.
- Falling in last place is Louisiana, influenced by low physical activity rates and high levels of food insecurity.

“Blue Zones” are regions of the world where people live longer and healthier lives, supported by habits that boost longevity.

Loma Linda, California is one of the few recognized Blue Zones, alongside Okinawa, Japan and Ikaria, Greece. Just as place can have a powerful influence on health outcomes, differences vary meaningfully across America.

This graphic shows the healthiest U.S. states, based on data from [America’s Health Rankings Report](https://assets.americashealthrankings.org/ahr_2025annualreport-statesummaries_all.pdf) by the UnitedHealth Foundation.

## The Northeast Produces America’s Healthiest States

For the analysis, states were measured on 99 indicators such as economic hardship, smoking rates, and mortality rates. Overall values were measured in z-scores, with a score of 0 representing the national average.

Below, we show each state’s health rankings in 2025:

102550100 entries per page

Search:

| Rank | State | Overall Score 2025 |
| --- | --- | --- |
| 1 | New Hampshire | 0.99 |
| 2 | Massachusetts | 0.91 |
| 3 | Vermont | 0.91 |
| 4 | Connecticut | 0.68 |
| 5 | Utah | 0.64 |
| 6 | Minnesota | 0.63 |
| 7 | Washington | 0.61 |
| 8 | Maryland | 0.59 |
| 9 | Hawaii | 0.54 |
| 10 | Rhode Island | 0.51 |

Showing 1 to 10 of 50 entries

The small state of New Hampshire leads the nation with a score of 0.99.

The state’s social and economic factors—seeing the lowest food insecurity, homicide rates, and highest high school completion—drive health outcomes. Additionally, it ranks among the top five in indicators like exercise rates and fruit and vegetable consumption.

As we can see, the Northeastern states of Massachusetts, Vermont, and Connecticut all follow next in line.

Utah, ranking in fifth, stands as a regional outlier. Notably, it ranks first nationally across indicators including smoking rates and income inequality. However, factors such as low public health funding and a lack of primary care providers weigh on its ranking.

Interestingly, Kansas and Illinois, both Midwestern states, had health scores falling closest to the national average.

## Where Are the Least Healthy States?

Southern states, by contrast, see the lowest scores in health nationwide. Louisiana, with a score of -0.94 ranked worst overall, followed by bordering states, Arkansas (-0.83), and Mississippi (-0.77).

Beyond economic hardship, these states see some of the nation’s highest homicide rates, severe income inequality, and low levels of physical activity. Together, this highlights how health outcomes are shaped by a web of social and economic conditions.

## Learn More on the Voronoi App ![](https://www.visualcapitalist.com/wp-content/uploads/2023/12/voronoi-icon-transparent.png)

To learn more about this topic, check out this [graphic](https://www.voronoiapp.com/healthcare/The-Drugs-Earning-the-Most-Medicare-Dollars-in-America-6908) on America’s most common drugs.

![Map showing America's healthiest states in 2025.](<Base64-Image-Removed>)

[Continue Reading](https://www.visualcapitalist.com/americas-healthiest-states-ranked/)

### [Maps](https://www.visualcapitalist.com/category/misc/maps/)

# The Busiest Domestic Flight Route in Every Region, Mapped

As air travel reached an estimated 5 billion passengers in 2025, we show the busiest domestic flight routes in the world by region.
![Map showing the busiest flight routes in the world by region in 2025.](<Base64-Image-Removed>)

![](https://secure.gravatar.com/avatar/bcea5d82f935fea4ede02a24fdc400c50bb7a93337a332dbf6a6782ad1025c92?s=46&d=mm&r=g)

Published

1 day ago

on

January 23, 2026

By

[Dorothy Neufeld](https://www.visualcapitalist.com/author/dorothy-neufeld/ ""Posts by Dorothy Neufeld"")

![Map showing the busiest flight routes in the world by region in 2025.](<Base64-Image-Removed>)

## The Busiest Domestic Flight Route in Every Region, Mapped

_See visuals like this from many other data creators on our [Voronoi app](https://www.voronoiapp.com/). Download it for free on [iOS](https://apps.apple.com/ca/app/voronoi-app/id6447905904) or [Android](https://play.google.com/store/apps/details?id=com.voronoi.organization.app&pli=1) and discover incredible data-driven charts from a variety of trusted sources._

### Key Takeaways

- South Korea hosts the world’s busiest domestic flight route, with 14.4 million scheduled seats between Jeju and Seoul Gimpo in 2025.
- In North America, Vancouver–Toronto ranks as the busiest route in 2025 with 3.7 million seats, just ahead of Los Angeles–New York JFK.

In 2025, an estimated five billion passengers took to the skies, with airline revenues projected to surpass $1 trillion.

Overall, the Asia-Pacific region was a leading driver of growth, with passenger travel up 10% over the year, largely driven by China and India. In 2026, passenger volume in the region is forecast to increase by another 7%.

This graphic shows the busiest domestic flights by region in 2025, based on data from [OAG](https://www.oag.com/busiest-routes-world-2025?utm_campaign=29557617-Busiest%20Routes%202025&utm_medium=email&_hsenc=p2ANqtz--Vjazm6XNL9Ir85RfAxgg5TJuEqgTdA-xrdnO8Q6vSEJCn49B8lMWjrKX5R6XoNRfLjN25VUKJxB32OJ2ZrteK5bUs_Z6LwyEufWbJ1lTVXJzUEOs&_hsmi=395750773&utm_content=395750773&utm_source=hs_email).

## Top Domestic Flights by Region

Here are the busiest domestic flight routes by scheduled seat capacity in each region:

| Region | Busiest Domestic Airline Route 2025 | Airport Codes | Number of Seats |
| --- | --- | --- | --- |
| Asia-Pacific | Jeju - Seoul Gimpo | CJU – GMP | 14.4M |
| Middle East | Jeddah - Riyadh | JED – RUH | 9.8M |
| Latin America | Bogotá - Medellin | BOG – MDE | 6.2M |
| Africa | Cape Town - Johannesburg | CPT – JNB | 5.5M |
| North America | Vancouver - Toronto | YVR – YYZ | 3.7M |
| Europe | Barcelona - Palma | BCN – PMI | 3.0M |

In 2025, scheduled seat capacity between Jeju and Seoul totaled 14.4 million, and over much of the past decade, it has been the busiest route globally.

Around 200 flights operate daily between Jeju International and Seoul Gimpo, the highest frequency of any route worldwide. Often dubbed the “Hawaii of South Korea,” Jeju continues to grow as a major tourist destination.

In the Middle East, Jeddah to Riyadh saw 9.8 million scheduled seats, rising 13% over the year. Jeddah houses Saudi Arabia’s busiest port, while the capital is a key hub for economic activity.

As we can see, Bogotá to Medellin in Colombia ranks highest in Latin America, with 6.2 million scheduled seats. Meanwhile, Cape Town to Johannesburg saw 5.5 million seats, the busiest in Africa.

## The Top 10 Busiest Flight Routes in the World

When it comes to the busiest domestic flights overall in 2025, the Asia-Pacific region holds nine of the top 10 flights:

| Airline Route | Region | Number of Seats | Change vs 2024 |
| --- | --- | --- | --- |
| Jeju International - Seoul Gimpo | Asia-Pacific | 14.4M | 1% |
| Sapporo New Chitose - Tokyo Haneda | Asia-Pacific | 12.1M | 1% |
| Fukuoka - Tokyo Haneda | Asia-Pacific | 11.5M | 1% |
| Hanoi - Ho Chi Minh City | Asia-Pacific | 11.1M | 4% |
| Jeddah - Riyadh | Middle East | 9.8M | 13% |
| Melbourne - Sydney | Asia-Pacific | 9.0M | -3% |
| Tokyo Haneda - Okinawa Naha | Asia-Pacific | 8.1M | 0% |
| Mumbai - Delhi | Asia-Pacific | 7.6M | -4% |
| Beijing - Shanghai Hongqiao | Asia-Pacific | 7.5M | -3% |
| Shanghai Hongqiao - Shenzhen | Asia-Pacific | 7.1M | 5% |

High flight frequency and close proximity between major cities have helped drive the region’s airline industry. At the same time, [rapid economic growth](https://www.visualcapitalist.com/ranked-the-worlds-fastest-growing-economies-in-2025/) in countries such as India and Vietnam is fueling increased air traffic as incomes rise.

## Learn More on the Voronoi App ![](https://www.visualcapitalist.com/wp-content/uploads/2023/12/voronoi-icon-transparent.png)

To learn more about this topic, check out this [graphic](https://www.voronoiapp.com/travel/Passport-Power-Around-the-World--6294) on passport power around the world.

![Map showing the busiest flight routes in the world by region in 2025.](<Base64-Image-Removed>)

[Continue Reading](https://www.visualcapitalist.com/busiest-flight-routes-by-region/)

[![](https://www.visualcapitalist.com/wp-content/uploads/2026/01/gfs-2026-dislay-300-250.webp)](https://www.visualcapitalist.com/get-more-vc/?utm_source=site&utm_medium=display)

Join 375,000+ email subscribers: \*

Sign Up![Loading](<Base64-Image-Removed>)

#### Popular

[![Ranked list of the countries with the most oil reserves in 2024, showing how a handful of nations control over half of global supply.](<Base64-Image-Removed>)![Ranked list of the countries with the most oil reserves in 2024, showing how a handful of nations control over half of global supply.](<Base64-Image-Removed>)\\
\\
Commodities4 weeks ago\\
\\
All of the World’s Oil Reserves by Country, in One Visualization](https://www.visualcapitalist.com/all-of-the-worlds-oil-reserves-by-country-in-one-visualization/) [![](<Base64-Image-Removed>)![](<Base64-Image-Removed>)\\
\\
Oil and Gas3 weeks ago\\
\\
How Venezuela’s Oil Reserves Compare to the Rest of the World](https://www.visualcapitalist.com/how-venezuelas-oil-reserves-compare-to-the-rest-of-the-world/) [![Cropped U.S. map of each state's favorite fast food restaurant](<Base64-Image-Removed>)![Cropped U.S. map of each state's favorite fast food restaurant](<Base64-Image-Removed>)\\
\\
Misc3 weeks ago\\
\\
Mapped: Each State’s Favorite Fast Food Restaurant](https://www.visualcapitalist.com/mapped-each-states-favorite-fast-food-restaurant/) [![This bar chart compares rare earth mine production and reserves across countries, placing Greenland’s untapped resources in a global context.](<Base64-Image-Removed>)![This bar chart compares rare earth mine production and reserves across countries, placing Greenland’s untapped resources in a global context.](<Base64-Image-Removed>)\\
\\
Strategic Metals5 days ago\\
\\
How Greenland’s Rare Earth Reserves Compare to the Rest of the World](https://www.visualcapitalist.com/how-greenlands-rare-earth-reserves-compare-to-the-rest-of-the-world/) [![Map showing alcohol spending by U.S. state in 2024, showing why Alaska tops the list as average spending hits $898 per adult.](<Base64-Image-Removed>)![Map showing alcohol spending by U.S. state in 2024, showing why Alaska tops the list as average spending hits $898 per adult.](<Base64-Image-Removed>)\\
\\
Maps2 weeks ago\\
\\
Mapped: Alcohol Spending Per Capita, by U.S. State](https://www.visualcapitalist.com/mapped-alcohol-spending-per-capita-by-u-s-state/) [![Cropped map of North America's most populous cities](<Base64-Image-Removed>)![Cropped map of North America's most populous cities](<Base64-Image-Removed>)\\
\\
Maps3 weeks ago\\
\\
Ranked: The 30 Largest Cities in North America by Population](https://www.visualcapitalist.com/30-largest-cities-in-north-america-by-population/) [![This visualization charts the world’s top economies from 1980 to 2025](<Base64-Image-Removed>)![This visualization charts the world’s top economies from 1980 to 2025](<Base64-Image-Removed>)\\
\\
Economy3 weeks ago\\
\\
Charted: How Global Economic Power Shifted (1980–2025)](https://www.visualcapitalist.com/charted-how-global-economic-power-shifted-1980-2025/) [![](<Base64-Image-Removed>)![](<Base64-Image-Removed>)\\
\\
Culture2 weeks ago\\
\\
Ranked: The Countries that Drink the Most Beer](https://www.visualcapitalist.com/ranked-the-countries-that-drink-the-most-beer/)

reCAPTCHA

Recaptcha requires verification.

[Privacy](https://www.google.com/intl/en/policies/privacy/) \- [Terms](https://www.google.com/intl/en/policies/terms/)

protected by **reCAPTCHA**

[Privacy](https://www.google.com/intl/en/policies/privacy/) \- [Terms](https://www.google.com/intl/en/policies/terms/)",,"In this map, we illustrate the annual cost per prisoner across all U.S. states. It ranges from $23,000 to $307,000 per prisoner.",,https://www.visualcapitalist.com/wp-content/uploads/2024/06/Prisoner_Share.jpg,https://www.visualcapitalist.com/wp-content/uploads/2021/04/cropped-logo-32x32.png
Economics of incarceration | Prison Policy Initiative,https://www.prisonpolicy.org/research/economics_of_incarceration/,"- [Home](https://www.prisonpolicy.org/)
- [About](https://www.prisonpolicy.org/about.html)
- [Publications](https://www.prisonpolicy.org/reports.html)
- [Issues](https://www.prisonpolicy.org/expertise.html)
- [Data](https://www.prisonpolicy.org/data/)  - [National](https://www.prisonpolicy.org/data#nat)
  - [State](https://www.prisonpolicy.org/data#state)
  - [Research Library](https://www.prisonpolicy.org/research.html)
  - [Correctional Contracts Library](https://www.prisonpolicy.org/contracts/documents.html)
- [Blog](https://www.prisonpolicy.org/blog/)
- [Trump Tracker](https://www.prisonpolicy.org/federaltracker.html)
- [Contact](https://www.prisonpolicy.org/contact.html)
- [Careers](https://www.prisonpolicy.org/jobs.html)
- [Donate](https://www.prisonpolicy.org/donate.html)

- [Menu](https://www.prisonpolicy.org/research/economics_of_incarceration/#)
- [Home](https://www.prisonpolicy.org/)
- [About](https://www.prisonpolicy.org/about.html)
- [Publications](https://www.prisonpolicy.org/reports.html)
- [Issues](https://www.prisonpolicy.org/expertise.html)
- [Data](https://www.prisonpolicy.org/data/)


  - [National](https://www.prisonpolicy.org/data#nat)
  - [State](https://www.prisonpolicy.org/data#state)
  - [Research Library](https://www.prisonpolicy.org/research.html)
  - [Correctional Contracts Library](https://www.prisonpolicy.org/contracts/documents.html)

- [Blog](https://www.prisonpolicy.org/blog/)
- [Trump Tracker](https://www.prisonpolicy.org/federaltracker.html)
- [Contact](https://www.prisonpolicy.org/contact.html)
- [Careers](https://www.prisonpolicy.org/jobs.html)
- [Donate](https://www.prisonpolicy.org/donate.html)

[Home Page](https://www.prisonpolicy.org/) \> [Data](https://www.prisonpolicy.org/data/) \> [Research Library](https://www.prisonpolicy.org/research.html) \> Economics of incarceration


# Economics of incarceration

_Research on the economic drivers and consequences of mass incarceration_

Below, we’ve curated virtually all of the research about the various economic factors of incarceration.

How much does the criminal justice system cost, and who pays for it? How [well-funded](https://static.prisonpolicy.org/scans/vera/the-price-of-prisons.pdf) are prisons and jails? What are the economic impacts and origins of mass incarceration? Do certain programs in prison [affect people’s economic well-being](https://www.vera.org/publications/investing-in-futures-education-in-prison) after release? See the reports below to explore these questions and more. You can also see related research on our [Poverty and Debt page.](https://www.prisonpolicy.org/poverty.html)

**Key Statistics:**

- [Total U.S. government expenses on public prisons and jails: **$80.7 billion**+](https://www.prisonpolicy.org/reports/money.html)
- [On private prisons and jails: **$3.9 billion** +](https://www.prisonpolicy.org/reports/money.html)
- [Growth in justice system expenditures, 1982-2012 (adjusted for inflation): **310%** +](https://www.prisonpolicy.org/blog/2017/12/07/econ_update/)
- [Number of companies that profit from mass incarceration: **~4,000** +](https://static1.squarespace.com/static/58e127cb1b10e31ed45b20f4/t/5cc7c27b9e3a8d00018649c5/1556595324791/The+Prison+Industrial+Complex+-+Mapping+Private+Sector+Players+-+2019.pdf)
- [Annual cost to families of prison phone calls and commissary purchases: **$2.9 billion** +](https://www.prisonpolicy.org/reports/money.html)
- [Percent of formerly incarcerated people who are unemployed: **27%**+](https://www.prisonpolicy.org/reports/outofwork.html)
- [Average daily wage of incarcerated workers: **$0.86**+](https://www.prisonpolicy.org/blog/2017/04/10/wages/)
- [Average earnings someone loses over their lifetime by being incarcerated: **$500,000**+](https://www.brennancenter.org/our-work/research-reports/conviction-imprisonment-and-lost-earnings-how-involvement-criminal)

- [Hope After Harm:](https://commonjustice.org/wp-content/uploads/2025/09/CAP-HopeAfterHarm-report-1.pdf) An Evaluation of State Victim Compensation Statutes Center for American Progress and Common Justice, September, 2025“The estimated total cost of harm to victims of aggravated assaults in the United States in 2023 was nearly $43 billion. When victims of violence are uninsured or have no other means of paying...states ultimately bear the brunt of these costs.”
- [![report thumbnail](https://static.prisonpolicy.org/images/LOGO_Black_OnWhite_130w.png)](https://www.prisonpolicy.org/blog/2024/08/27/economic_justice/) [10 ways that mass incarceration is an engine of economic injustice](https://www.prisonpolicy.org/blog/2024/08/27/economic_justice/)Prison Policy Initiative, August, 2025“Rather than alleviate poverty through jobs, housing, education, and healthcare, the U.S. uses criminalization to force people to comply with a deeply unequal economy.”
- [Sentenced to Grow Old:](https://justicepolicy.org/wp-content/uploads/2025/08/Sentenced-to-Grow-Old.pdf) How Long-Term Incarceration is Fueling a Prison Aging Crisis in Illinois, Iowa, and Texas Justice Policy Institute, August, 2025“In 2020, it was estimated that people over age 55 comprised about one-eighth of the state prison population \[in Texas\] but accounted for almost half of the \[Texas prison system's\] hospitalization costs.”
- [Prices for all Americans are set to unnecessarily rise](https://www.fwd.us/wp-content/uploads/2025/06/250402_FWD_PricesReport_v13_Web.pdf)FWD.us, June, 2025“Recent and proposed immigration policies will result in American families paying an additional $2,150 for goods and services each year by the end of 2028.”
- [Paying for One's Own Incarceration:](https://endpaytostay.org/pdf/pay-to-stay-report-20250622.pdf) National Landscape of ""Pay-to-Stay"" Fees Campaign Zero, June, 2025“48 states allow for the imposition of at least one category of pay-to-stay fees; only the states of California and Illinois have repealed fees for all categories in state correctional facilities.”
- [![report thumbnail](https://static.prisonpolicy.org/images/LOGO_Black_OnWhite_130w.png)](https://www.prisonpolicy.org/blog/2025/04/11/halt_rollback/) [Rolling back solitary confinement reforms won't make prisons safer](https://www.prisonpolicy.org/blog/2025/04/11/halt_rollback/)Prison Policy Initiative, April, 2025“The crisis in New York prisons is one of an ongoing commitment to brutality rather than a crisis of capacity, and it is not one that will be resolved by doubling down on state-sanctioned torture and abuse.”
- [Seizing the Safety Net:](https://www.nclc.org/wp-content/uploads/2025/01/202501_Report_Seizing-the-Safety-Net_Reduced.pdf) Collecting Criminal Justice Debt With Tax Refund Offsets National Consumer Law Center, January, 2025“The Earned Income Tax Credit (EITC) is intended to increase employment in the formal labor market by increasing incentives...However, seizure of the EITC undermines this incentive, exacerbat\[ing\] existing pressure to drop out of the formal labor market.”
- [![report thumbnail](https://static.prisonpolicy.org/images/LOGO_Black_OnWhite_130w.png)](https://www.prisonpolicy.org/blog/2024/12/09/understaffing/) [Why jails and prisons can't recruit their way out of the understaffing crisis](https://www.prisonpolicy.org/blog/2024/12/09/understaffing/)Prison Policy Initiative, December, 2024“Many of the issues for which ""understaffing"" is blamed are fundamental to mass incarceration, and are best addressed through decarceration -- not a jobs program for corrections officers or further investments in surveillance and imprisonment.”
- [Fair Chance Act failures?](https://onlinelibrary.wiley.com/doi/full/10.1111/1745-9133.12655) Employers' hiring of people with criminal records Sharon S. Oselin, Justine G. M. Ross, Qingfang Wang, & Wei Kang, November, 2024“Only 25.8% of hiring decision makers indicated they would have seriously considered someone with a criminal conviction for the last entry-level/non-degreed position they hired for though there is variation based on the type of crime.”
- [Estate to State:](https://scholar.law.colorado.edu/cgi/viewcontent.cgi?article=1628&context=lawreview) Pay-to-Stay Statutes and the Problematic Seizure of Inherited Property Brittany L. Deitch, October, 2024“When states seize inherited property to satisfy the costs of incarceration, the states interfere with the decedent's freedom to choose their beneficiaries as well as the beneficiary's freedom to inherit.”
- [Medical Debt Behind Bars:](https://www.nclc.org/resources/medical-debt-behind-bars-the-punishing-impact-of-copays-fees-and-other-carceral-medical-debt/) The Punishing Impact of Copays, Fees, and Other Carceral Medical Debt National Consumer Law Center, September, 2024“Many people who are incarcerated do not have the income to pay even the most modest medical fee without significant help from their already-burdened and often low-income families.”
- [![report thumbnail](https://static.prisonpolicy.org/images/LOGO_Black_OnWhite_130w.png)](https://www.prisonpolicy.org/blog/2024/08/29/fees-limit-healthcare-access/) [New research links medical copays to reduced healthcare access in prisons](https://www.prisonpolicy.org/blog/2024/08/29/fees-limit-healthcare-access/)Prison Policy Initiative, August, 2024“People with chronic conditions in state prisons where copays exceed a week's wage are less likely to have seen a healthcare clinician while incarcerated than those in prisons that charge no copays or lower copay amounts.”
- [The Long-Term Impact of Debt Relief For Indigent Defendants in a Misdemeanor Court](https://finesandfeesjusticecenter.org/articles/the-long-term-impact-of-debt-relief-for-indigent-defendants-in-a-misdemeanor-court/)Fines and Fees Justice Center, July, 2024“Participants who had their fines and fees relieved were 15 percent less likely to be jailed over the 44-month follow-up period: fee relief eliminated roughly 620 days of incarceration among the 295 treatment respondents.”
- [![report thumbnail](https://static.prisonpolicy.org/images/LOGO_Black_OnWhite_130w.png)](https://www.prisonpolicy.org/blog/2024/06/05/trump-conviction/) [Donald Trump can still be president, but he could be barred from being a bartender, car salesman](https://www.prisonpolicy.org/blog/2024/06/05/trump-conviction/) \-\- or real estate developer Prison Policy Initiative, June, 2024“Even when jurisdictions do not explicitly ban people with felony convictions from obtaining occupational licenses, they typically give licensing agencies so much discretion that they can deter potential job-seekers with records from applying.”
- [Data Privacy in Carceral Settings:](https://scholarlycommons.law.northwestern.edu/nulr_online/342/) The Digital Panopticon Returns to Its Roots Stephen Raher, May, 2024“Communication technologies \[are now\] widespread \[in jails and prisons\] & the companies providing these services are embarking on a new line of business: monetizing the involuntary collection, sharing, and analysis of data collected from captive consumers.”
- [![report thumbnail](https://static.prisonpolicy.org/images/shadowbudgets_reportcover_130.jpg)](https://www.prisonpolicy.org/reports/shadowbudgets.html) [Shadow Budgets:](https://www.prisonpolicy.org/reports/shadowbudgets.html) How mass incarceration steals from the poor to give to the prison Prison Policy Initiative, May, 2024“Most \[welfare fund\] policies are so vague that prison officials enjoy wide discretion to spend incarcerated peoples' money as they please -- sometimes spending it on luxury perks for staff.”
- [Workers Doing Time Must Be Protected by Job Safety Laws](https://www.nelp.org/app/uploads/2024/04/Report_Incarcerated_Workers_Disasters_v2.pdf)National Employment Law Project, April, 2024“Excessive carceral costs and fees coupled with strong incentives for early release push incarcerated workers into accepting dangerous assignments.”
- [Unfair, Deceptive, and Abusive:](https://scholarship.law.unc.edu/cgi/viewcontent.cgi?article=1586&context=ncbi) Prison Release Cards and the Protection of Captive Consumers Sunny K. Frothingham, March, 2024“While release money received in cash could sit unused for years, the cardholder's entire original balance of $30 could be entirely eclipsed by fees within six months.”
- [![report thumbnail](https://static.prisonpolicy.org/images/LOGO_Black_OnWhite_130w.png)](https://www.prisonpolicy.org/blog/2024/02/07/disciplinary-fines/) [Prison disciplinary fines only further impoverish incarcerated people and families](https://www.prisonpolicy.org/blog/2024/02/07/disciplinary-fines/)Prison Policy Initiative, February, 2024“In 16 prison systems, we found policies referencing fines and/or fees related to confirmed disciplinary violations (where someone is found guilty or pleads guilty).”
- [Overcharged: Coerced labor, low pay, and high costs in Washington's prisons](https://columbialegal.org/project/overcharged/)Columbia Legal Services, January, 2024“People in Washington prisons are paid as little as 6% of the state minimum wage...Their wages are then deducted from between 5 to 100% for mandatory fees such as ""the cost of incarceration,"" while basic goods...can cost a day's worth of earnings.”
- [One in Five:](https://www.sentencingproject.org/publications/one-in-five-how-mass-incarceration-deepens-inequality-and-harms-public-safety/) How Mass Incarceration Deepens Inequality and Harms Public Safety (Part 4) Sentencing Project, January, 2024“Mass incarceration's hold on vast public resources, its imposition of financial burdens, and the obstacles erected for people with criminal records further erode economic and social buffers against crime.”
- [A Cost-Benefit Analysis:](https://static1.squarespace.com/static/58e127cb1b10e31ed45b20f4/t/65b974d55c35ee77d9a1dcea/1706652885542/2024+-+CBA+of+Ending+Prison+Slavery+Report.pdf) The Impact of Ending Slavery and Involuntary Servitude as Criminal Punishment and Paying Incarcerated Workers Fair Wages Edgeworth Economics and Worth Rises, January, 2024“Once the adjustments to paying incarcerated workers are achieved the total fiscal benefits to incarcerated workers, their families and children, crime victims, and society at large is between $26.8 billion and $34.7 billion per year.”
- [Understanding the Landscape of Fines, Restitution, and Fees for Criminal Convictions in Minnesota](https://robinainstitute.umn.edu/sites/robinainstitute.umn.edu/files/2023-09/understanding_the_landscape_of_fines_restitution_and_fees_for_criminal_convictions_in_minnesota_0.pdf)Robina Institute of Criminal Law and Criminal Justice, August, 2023“In 2023, the \[Minnesota\] DOC reported that of 10,413 correctional fees imposed, it waived 338, for a waiver rate of 3.8%. However, of these, nearly 40% were waived due to the death of the person upon which the fees were originally imposed.”
- [The Criminalization of Poverty in Kentucky:](https://www.vera.org/downloads/publications/the-criminalization-of-poverty-in-kentucky-report.pdf) How Economic Crises and Flawed Reforms Fueled an Incarceration Boom Vera Institute of Justice, August, 2023“By turning to criminal legal fines and fees to fund court and jail operations, jurisdictions across Kentucky create a vicious cycle that traps people in poverty and makes it more difficult for people to lead stable lives after incarceration.”
- [The Cost of Doing Business:](https://www.fwd.us/wp-content/uploads/2023/06/MS-Workforce-Brief.pdf) Why Criminal Justice Reform Is the Right Investment to Strengthen Mississippi's Economy and Workforce FWD.us, June, 2023“Each year, Mississippi's economy -- especially its small businesses -- lose an estimated $2.7 billion in earnings due to criminal convictions.”
- [Prioritization of carceral spending in U.S. cities:](https://journals.plos.org/plosone/article?id=10.1371/journal.pone.0276818) Development of the Carceral Resource Index (CRI) and the role of race and income inequality Britt Skaathun et al, December, 2022“To our knowledge, this is the first study to consider the joint interaction of race and class on the prioritization of carceral systems over health and social support systems.”
- [Unsustainable:](https://alabamaappleseed.org/wp-content/uploads/2022/11/Unsustainable_Alabama-Appleseed.pdf) Alabama's Increasing Trend of Keeping the Elderly Behind Bars Alabama Appleseed Center for Law & Justice, November, 2022“The average age of the Alabama prison population has a positive linear relationship (r=.88) with \[medical spending.\]”
- [Reduction or Elimination of Costs and Fees Charged to Inmates in State Correctional Facilities](https://rga.lis.virginia.gov/Published/2022/RD500/PDF)Virginia Department of Corrections, October, 2022“The 9% commission \[on commissary purchases\] collected by VADOC, in addition to high prices and sales tax, collected to fund these services places an unfair cost on some of the Commonwealth's poorest families.”
- [Electronic Monitoring Fees:](https://static.prisonpolicy.org/scans/ffjc/FFJC-Electronic-Monitoring-Fees-Survey-2022.pdf) A 50-State Survey of the Costs Assessed to People on E-Supervision Fines and Fees Justice Center, September, 2022“Broad language in state statutes and rules often gives local governments considerable latitude in determining how much to charge. From a limited review of 31 local jurisdictions with EM programs, fees ranged from less than $1 a day up to $40 per day”
- [Revenue Over Public Safety](https://www.brennancenter.org/our-work/research-reports/revenue-over-public-safety)Brennan Center for Justice, July, 2022“Officials seeking to alleviate prison and jail overcrowding by renting space from other jurisdictions have created a market in incarcerated people...federal government has exacerbated demand for bed space, such as through immigration enforcement.”
- [Captive Labor:](https://www.aclu.org/sites/default/files/field_document/2022-06-15-captivelaborresearchreport.pdf) Exploitation of Incarcerated Workers ACLU and the University of Chicago Law School Global Human Rights Clinic, June, 2022“Our research found that the average minimum hourly wage paid to workers for non-industry jobs is 13 cents, and the average maximum hourly wage is 52 cents.”
- [Justice-Involved Individuals and the Consumer Financial Marketplace](https://files.consumerfinance.gov/f/documents/cfpb_jic_report_2022-01.pdf)Consumer Financial Protection Bureau, January, 2022“People exiting jail or prison face frequent fees for the prepaid cards they often have no choice but to receive...even market-rate fees on a prepaid product would burden this vulnerable class of people relative to receiving cash or checks.”
- [Methods of Calculating the Marginal Cost of Incarceration:](https://journals.sagepub.com/doi/pdf/10.1177/08874034211060336) A Scoping Review Stuart John Wilson and Jocelyne Lemoine, December, 2021“There is a lack of, and need for, peer-reviewed literature on methods for calculating the marginal cost of incarceration, and marginal cost estimates of incarceration, to assist program evaluation, policy, and cost forecasting.”
- [The Golden Key:](https://kypolicy.org/the-golden-key-how-state-local-financial-incentives-to-lock-up-kentuckians-are-perpetuating-mass-incarceration/) How State-Local Financial Incentives to Lock Up Kentuckians Are Perpetuating Mass Incarceration Kentucky Center for Economic Policy, October, 2021“Some county jails rely on the economies of scale created by overcrowding including the extra revenue that comes from holding people in state and federal custody and from charging fees to those who are incarcerated.”
- [![report thumbnail](https://static.prisonpolicy.org/images/LOGO_Black_OnWhite_130w.png)](https://www.prisonpolicy.org/blog/2021/10/27/ny_costs/) [Blood from a stone:](https://www.prisonpolicy.org/blog/2021/10/27/ny_costs/) How New York prisons force people to pay for their own incarceration Tommaso Bardelli, Zach Gillespie and Thuy Linh Tu, October, 2021“A study by members of the New York University Prison Education Program Research Collective gives important first-hand accounts of the damage done when prisons shift financial costs to incarcerated people.”
- [The predatory dimensions of criminal justice](https://www.science.org/doi/10.1126/science.abj7782)Joshua Page and Joe Soss, October, 2021“Consistent with developments that financialized the broader political economy, predatory criminal justice practices pivoted toward tools that charge prices, create debts, and pursue collections.”
- [Debt to Society:](https://repository.law.umich.edu/cgi/viewcontent.cgi?article=2534&context=mjlr) The Role of Fines & Fees Reform in Dismantling the Carceral State Wesley Dozier and Daniel Kiel, September, 2021“Between 2005 and 2017, the Tennessee General Assembly passed forty-six bills that increased the amount of debt owed by individuals who make contact with the criminal legal system.”
- [Bloody Lucre:](https://papers.ssrn.com/sol3/papers.cfm?abstract_id=3942151) Carceral Labor and Prison Profit Laura I. Appleman, August, 2021“The economic exploitation that occurs with most inmate labor is doubly troubling in times of emergency or disaster, where often prisoners' health, safety, and even life is risked to ensure cost-savings on the part of governments or private industry.”
- [The People's Plan for Prison Closure](https://www.curbprisonspending.org/wp-content/uploads/2021/04/Peoples-Plan-for-Prison-Closure.pdf)Californians United for a Responsible Budget (CURB), April, 2021“Accomplishing our goal of closing ten prisons in five years will be hard. It will require political courage. But history is watching us...”
- [How Much Criminal Justice Debt Does the U.S. Really Have?](https://static.prisonpolicy.org/scans/ffjc/Tip-of-the-Iceberg_Criminal_Justice_Debt_BH1.pdf)Fines & Fees Justice Center, April, 2021“At least $27.6 billion of fines and fees is owed across the nation..”
- [Paid Your Debt to Society?](https://www.tandfonline.com/doi/full/10.1080/23774657.2021.1878072?scroll=top&needAccess=true) Court-related Financial Obligations and Community Supervision during the First Year after Release from Prison Paywall :(Nathan W. Link, February, 2021“One's status as being under correctional supervision at release from prison leads to increased debt, which in turn increases the chance of remaining under supervision during the first year out.”
- [Prisons and Penny-Pinching:](https://www.texaspolicy.com/wp-content/uploads/2021/01/Haugen-COVID-Prison-Budget.pdf) Finding Budget Savings in the Time of COVID-19 Texas Public Policy Coalition, January, 2021“Even a small percentage reduction in the number of annual revocations can potentially yield millions in annual cost savings.”
- [Proliferation of Punishment:](https://academic.oup.com/socpro/advance-article-abstract/doi/10.1093/socpro/spaa077/6086022?redirectedFrom=fulltext) The Centrality of Legal Fines and Fees in the Landscape of Contemporary Penology Paywall :(Ilya Slavinski and Becky Pettit, January, 2021“Enforcement of LFOs varies geographically and is related to conservative politics and racial threat.”
- [Punishing Relations:](https://washingtoncorrectionswatch.files.wordpress.com/2021/01/punishing-relations-e28093-how-wa-docs-hidden-costs-and-collateral-damage-imprison-families-2.pdf) How WA DOC's Collateral Damage and Hidden Costs Imprison Families Washington Corrections Watch, January, 2021“The financial and emotional burdens of incarceration are primarily borne by female family members, most especially in communities of color.”
- [The Business Case for Criminal Justice Reform: Second Chance Hiring](https://www.uschamber.com/workforce/education/the-business-case-criminal-justice-reform-second-chance-hiring)U.S. Chamber of Commerce, January, 2021“At the national level, economists estimate that the Gross Domestic Product (G.D.P.) is reduced between $78 billion and $87 billion due to excluding formerly incarcerated job seekers from the workforce.”
- [The High Price of Using Justice Fines and Fees to Fund Government in New York](https://www.vera.org/downloads/publications/the-high-price-of-using-justice-fines-and-fees-new-york.pdf)Vera Institute of Justice, December, 2020“In 2018, New York state and local governments collected at least $1.21 billion in criminal and traffic fines and fees as revenue.”
- [Spend Your Values, Cut Your Losses 2021 Divestment Portfolio:](https://static.prisonpolicy.org/scans/tcjc/spend_your_values_cut_your_losses_portfolio.pdf) Smart and Safe Justice System Solutions That Put Communities First Texas Criminal Justice Coalition, November, 2020“Texas spends the most in the nation on prisons and jails; over the past three decades, it has grown 5x faster than the state's rate of spending on elementary and secondary education.”
- [MA DOC Expenditures and Staffing Levels for Fiscal Year 2020](https://www.prisonpolicy.org/scans/norfolk_lifers_group/ma_doc_expenditures_and_staffing_2020.PDF)Lifers' Group Inc., October, 2020“The DOC spent nearly three-quarters of a billion dollars in Fiscal 2020, a 6% increase or nearly $40 million over Fiscal 2019.”
- [The Broad Scope and Variation of Monetary Sanctions:](https://escholarship.org/content/qt64t2w833/qt64t2w833.pdf) Evidence From Eight States Sarah Shannon, Beth M. Huebner, Alexes Harris, et al, June, 2020(Key trends include: the lack of transparent processes in implementing this form of punishment, the wide variation in practices and policies across jurisdictions, and the ways that noncompliance deepens legal entanglements and collateral consequences.)
- [Local Labor Market Inequality in the Age of Mass Incarceration](https://pdfs.semanticscholar.org/f09a/7da26d0bef7f989cb56145b11c3d0f551dce.pdf)Luke Petach and Anita Alves Pena, 2020“While income inequality is associated with higher rates of incarceration for all race and ethnicity groups (although not always in statistically significant fashion), the effect is largest for non-white, nonHispanic individuals.”
- [Paying for Jail:](https://static1.squarespace.com/static/58e127cb1b10e31ed45b20f4/t/5dfb11f1d92add1f0092b4df/1576735788585/Paying-For-Jail-NY) How County Jails Extract Wealth from New York Communities Worth Rises and Brooklyn Community Bail Fund, December, 2019“We estimate that in 2017 the 57 counties outside of New York City extracted over $25.1 million for phone calls, $14.1 million for commissary, and $0.2 million for disciplinary tickets.”
- [The Steep Costs of Criminal Justice Fees and Fines:](https://www.brennancenter.org/sites/default/files/2019-11/2019_10_Fees%26Fines_Final5.pdf) A Fiscal Analysis of Three States and Ten Counties Brennan Center for Justice, November, 2019(Criminal fines and fees burden the members of society who are least able to pay, and the costs of collection are many times greater than those of general taxation, effectively canceling out much of the revenue.)
- [![report thumbnail](https://static.prisonpolicy.org/images/reportthumbs/raher_consumerlaw_reportcover_130w.png)](https://repository.uchastings.edu/cgi/viewcontent.cgi?article=1143&context=hastings_race_poverty_law_journal) [The Company Store and the Literally Captive Market:](https://repository.uchastings.edu/cgi/viewcontent.cgi?article=1143&context=hastings_race_poverty_law_journal) Consumer Law in Prisons and Jails Stephen Raher, November, 2019“The growth of public expense associated with mass incarceration has led many carceral systems to push certain costs onto the people who are under correctional supervision.”
- [The Price of Taxation by Citation:](https://ij.org/wp-content/uploads/2019/10/Taxation-by-Citation-FINAL-USE.pdf) Case Studies of Three Georgia Cities that Rely Heavily on Fines and Fees Institute for Justice, October, 2019“Our findings also suggest taxation by citation is shortsighted. Cities may gain revenue, but they may also pay a price for it in the form of lower community trust and cooperation.”
- [Fees, Fines and Fairness:](https://comptroller.nyc.gov/wp-content/uploads/documents/Fees-and-Fines-in-the-Criminal-Justice-System.pdf) How Monetary Charges Drive Inequity in New York City's Criminal Justice System New York City Comptroller, September, 2019“100,000 civil judgments were issued in just one year for failure to pay criminal court debts in New York City, all but criminalizing poverty.”
- [The Hidden Costs of Florida's Criminal Justice Fees](https://www.brennancenter.org/sites/default/files/2019-08/Report_The%20Hidden-Costs-Florida%27s-Criminal-Justice-Fees.pdf)Rebekah Diller, Brennan Center for Justice, August, 2019“Since 1996, Florida added more than 20 new categories of financial obligations for criminal defendants and, at the same time, eliminated most exemptions for those who cannot pay”
- [Plus a Life Sentence?](https://papers.ssrn.com/sol3/papers.cfm?abstract_id=3402790) Incarceration's Effects on Expected Lifetime Wage Growth Theodore S. Corwin III and Daniel K. N. Johnson, June, 2019“Our work indicates a dampening effect of incarceration on wage growth in the lifetime.”
- [Level of Criminal Justice Contact and Early Adult Wage Inequality](https://www.jstor.org/stable/10.7758/rsf.2019.5.1.09?refreqid=excelsior%3A4019594eada72c1c88dddcccf7f44184#metadata_info_tab_contents)Robert Apel and Kathleen Powell, February, 2019“On the contrary, formerly incarcerated blacks earn significantly lower wages than their similar-age siblings with no history of criminal justice contact (and even their similar-age siblings who have an arrest record).”
- [No Credit For Time Served?](https://static1.squarespace.com/static/59dc0ec564b05fea9d3dfee3/t/5c75bdc7e2c483e53c01e269/1551220170400/IncarcerationAccessToCredit-v022619.pdf) Incarceration and Credit-Driven Crime Cycles Abhay Aneja and Carlos Avenancio-Leon, February, 2019“Incarceration significantly reduces access to credit, and that in turn leads to substantial increases in recidivism, creating a perverse feedback loop.”
- [New York Should Re-examine Mandatory Court Fees Imposed on Individuals Convicted of Criminal Offenses and Violations](https://s3.amazonaws.com/documents.nycbar.org/files/2018410-MandatorySurchargesCriminalCharges.pdf)New York City Bar, November, 2018“Courts should not prioritize revenue-raising over the successful re-integration of incarcerated persons back into society.”
- [Money for Communities, Not Cages:](https://chicagobond.org/wp-content/uploads/2018/10/money-for-communities-not-cages-why-cook-county-should-reduce-the-sheriffs-bloated-jail-budget.pdf) The Case for Reducing the Cook County Sheriff's Jail Budget Chicago Community Bond Fund, October, 2018“By re-allocating money from reactionary corrections programs to proactive and preventative community services, Cook County can begin to effectively invest in the communities and people previously neglected and criminalized.”
- [Socioeconomic Barriers to Child Contact with Incarcerated Parents](https://www.tandfonline.com/doi/abs/10.1080/07418825.2019.1606270?journalCode=rjqy20) Paywall :(Batya Y. Rubenstein, Elisa L. Toman, Joshua C. Cochran, August, 2018“Analyses suggest that lower income parents are less likely to be visited by their children. We also find that economic disadvantage may condition impacts of other practical barriers, such as distance from home.”
- [Revisiting Correctional Expenditure Trends in Massachusetts](https://massinc.org/wp-content/uploads/2018/05/Revisiting-Correctional-Expenditure-Trends-in-Massachusetts.pdf)MASSInc, May, 2018“Despite steady decline in the total number of individuals held in correctional facilities, spending on prisons and jails continues to rise.”
- [Criminal Justice Administrative Fees:](https://sftreasurer.org/sites/default/files/Hig%20Pain%20Low%20Gain%20FINAL_04-24-2019.pdf) High Pain for People, Low Gain for Government The Financial Justice Project of San Francisco, May, 2018“Over the last six years, more than 265,000 fines and fees have been charged to local individuals, totaling almost $57 million.”
- [The Prison Industrial Complex](https://static1.squarespace.com/static/58e127cb1b10e31ed45b20f4/t/5ade0281f950b7ab293c86a6/1524499083424/The+Prison+Industrial+Complex+-+Mapping+Private+Sector+Players+%28April+2018%29.pdf) Mapping Private Sector Players Urban Justice Center, April, 2018“This report exposes over 3,100 corporations that profit from the devastating mass incarceration of our nation’s marginalized communities.”
- [The Evolving Landscape of Crime and Incarceration](https://static.prisonpolicy.org/scans/iob-poll-results-summary.pdf)Greenberg Quinlan Rosner Research, April, 2018(This report shows that a 67 percent majority agrees that ""building more jails and prisons to keep more people in jail does not reduce crime,"" including 61 percent of rural Americans.)
- [Work and opportunity before and after incarceration](https://www.brookings.edu/wp-content/uploads/2018/03/es_20180314_looneyincarceration_final.pdf)Brookings Institution, March, 2018“The combination of high rates of incarceration and low employment rates among exprisoners implies that roughly one third of all not-working 30-year-old men are either in prison, in jail, or are unemployed former prisoners.”
- [Driving on Empty:](https://static.prisonpolicy.org/scans/lajc/driving_on_empty_analysis.pdf) Payment Plan Reforms Don't Fix Virginia's Court Debt Crisis Legal Aid Justice Center, January, 2018(After Virginia implemented significant changes to rules governing payment plans for court debt, roughly one in six licensed drivers in Virginia still has their driver's license suspended, due at least in part to unpaid court debt.)
- [Court Fines and Fees:](http://www.ncpolicywatch.com/wp-content/uploads/2018/01/Court-Fines-and-Fees-Criminalizing-Poverty-in-NC.pdf) Criminalizing Poverty in North Carolina North Carolina Poverty Research Fund, January, 2018(In recent decades, the North Carolina General Assembly has levied a costly array of fees on low income Tar Heels and their families, creating massive hardships for those caught in webs of criminal justice debt.)
- [![report thumbnail](https://static.prisonpolicy.org/images/LOGO_Black_OnWhite_130w.png)](https://www.prisonpolicy.org/blog/2017/12/07/econ_update/) [Tracking the impact of the prison system on the economy](https://www.prisonpolicy.org/blog/2017/12/07/econ_update/)Prison Policy Initiative, December, 2017“In 2012 -- the most recent data available -- the more than 2.4 million people who work for the justice system (in police, corrections and judicial services) at all levels of government constituted 1.6% of the civilian workforce.”
- [Driven by Dollars:](https://static.prisonpolicy.org/scans/lajc/Driven-by-Dollars.pdf) A State-By-State Analysis of Driver's License Suspension Laws for Failure to Pay Court Debt Legal Aid Justice Center, September, 2017“43 states (and D.C.) suspend driver's licenses because of unpaid court debt.”
- [Criminal Background Checks and Access to Jobs:](http://www.urban.org/sites/default/files/publication/91456/2001377-criminal-background-checks-and-access-to-jobs_0.pdf) A Case Study of Washington, DC Urban Institute, June, 2017“Examining local regulations and DC’s labor market reveals that justice-involved people—whether formerly incarcerated or not—face significant challenges finding work in in the city.”
- [Getting Tough on Spending:](https://massinc.org/wp-content/uploads/2017/05/Getting-Tough-on-Spending-1.pdf) An Examination of Correctional Expenditure in Massachusetts MassINC and the Massachusetts Criminal Justice Reform Coalition, May, 2017“DOC \[Department of Corrections\] and county facilities combined, the state budget allocation per inmate rose 34 percent between FY 2011 and FY 2016. Over this period, education aid per student increased by only 11 percent.”
- [The Price of Prisons:](https://static.prisonpolicy.org//scans/vera/the-price-of-prisons-2015-state-spending-trends.pdf) Examining State Spending Trends, 2010-2015 Vera Institute of Justice, May, 2017“Since 2010, 23 states have reduced the size of their prison populations. Vera's research found that 13 of these states have saved considerably in taxpayer money -- $1.6 billion -- at the same time.”
- [Past Due:](https://www.prisonpolicy.org/scans/vera/past-due-costs-consequences-charging-for-justice-new-orleans.pdf) Examining the Costs and Consequences of Charging for Justice in New Orleans Vera Institute of Justice, January, 2017“Past Due, and its accompanying technical report, reveal the costs and other consequences of a system that tries to extract money from low-income people and then jails them when they can't pay.”
- [![report thumbnail](https://static.prisonpolicy.org/images/reportthumbs/FollowTheMoney_130.jpg)](https://www.prisonpolicy.org/reports/money.html) [Following the Money of Mass Incarceration](https://www.prisonpolicy.org/reports/money.html)Prison Policy Initiative, January, 2017“In this first-of-its-kind report, we find that the system of mass incarceration costs the government and families of justice-involved people at least $182 billion every year.”
- [Prisons as Panacea or Pariah?](https://www.mdpi.com/2076-0760/6/1/7/htm) The Countervailing Consequences of the Prison Boom on the Political Economy of Rural Towns John M. Eason, January, 2017“Thus, neither entirely pariah nor panacea, the prison functions as a state-sponsored public works program for disadvantaged rural communities but also supports perverse economic incentives for prison proliferation.”
- [The Economic Burden of Incarceration in the U.S.](https://www.prisonpolicy.org/scans/iajre/the_economic_burden_of_incarceration_in_the_us.pdf)Institute for Advancing Justice Research and Innovation, October, 2016“This study estimates the annual economic burden of incarceration in the United States \[by including\] important social costs...an aggregate burden of one trillion dollars.”
- [Economic Perspectives on Incarceration and the Criminal Justice System](https://www.prisonpolicy.org/scans/20160423_cea_incarceration_criminal_justice.pdf)White House Council of Economic Advisers, April, 2016“\[E\]conomics can provide a valuable lens for evaluating the costs and benefits of criminal justice policy.”
- [A National Picture of Prison Downsizing Strategies](http://www.rand.org/pubs/external_publications/EP66348.html)The RAND Corporation, February, 2016“After decades of unprecedented correctional expenditures and prison population growth, many states faced fiscal pressures on their corrections budgets as the country entered a deep recession in 2008.”
- [![report thumbnail](https://static.prisonpolicy.org/images/reportthumbs/YouveGotMail_130.jpg)](https://www.prisonpolicy.org/messaging/report.html) [You've Got Mail:](https://www.prisonpolicy.org/messaging/report.html) The promise of cyber communication in prisons and the need for regulation Prison Policy Initiative, January, 2016(There are many benefits to electronic messaging in correctional facilities, but our analysis finds that the technology is primed to be just another opportunity for for-profit companies to exploit families and subvert regulations of phone calls.)
- [Prison Price Tag:](https://www.prisonpolicy.org/scans/Prison-Price-Tag.pdf) The High Cost of Wisconsin's Corrections Policies Wisconsin Budget Project, November, 2015“Wisconsin state and local governments spend about $1.5 billion on corrections each year, significantly more than the national average given the size of our state.”
- [Corrections Spending Through the State Budget Since 2007-08:](https://www.prisonpolicy.org/scans/Corrections-Spending-Through-the-State-Budget.pdf) Still High Despite Recent Reforms California Budget & Policy Center, November, 2015(While total corrections spending as a share of the state budget is down slightly since 2007-08, spending for adults under state jurisdiction remains stubbornly high.)
- [Debtors' Prisons in New Hampshire](https://assets.documentcloud.org/documents/2428574/aclu-debtors-prisons-report.pdf)ACLU of New Hampshire, September, 2015(In 2013 New Hampshire judges jailed people who were unable to pay fines and without conducting a meaningful ability-to-pay hearing in an estimated 148 cases.)
- [Who Pays?](https://ellabakercenter.org/wp-content/uploads/2022/09/Who-Pays-FINAL.pdf) The True Cost of Incarceration on Families Ella Baker Center for Human Rights; Forward Together; Research Action Design, September, 2015“Forty-eight percent of families in our survey overall were unable to afford the costs associated with a conviction, while among poor families (making less than $15,000 per year), 58% were unable to afford these costs.”
- [Corrections Infrastructure Spending in California](https://static.prisonpolicy.org/scans/ppic/JTF_CorrectionsInfrastructureJTF.pdf)Public Policy Institute of California, March, 2015“At the end of 2005, CDCR operated 33 prisons with a statewide design capacity of more than 80,000 beds.”
- [Justice Expenditure And Employment Extracts, 2012](http://www.bjs.gov/index.cfm?ty=pbdetail&iid=5239)Bureau of Justice Statistics, February, 2015(This series includes estimates of government expenditures and employment at the national, federal, state, and local levels for the following justice categories: police protection, all judicial and legal functions, and corrections.)
- [Department of Corrections Colorado Correctional Industries](https://www.prisonpolicy.org/scans/coloradoauditor/correctionalindustries.pdf) Performance Audit Colorado Office of the State Auditor, January, 2015“Although statute requires CCI to operate in a profit-oriented manner, CCI's industries operations earned profit margins on average of less than 1 percent from Fiscal Years 2009 through 2014.”
- [To Serve and Collect:](https://papers.ssrn.com/sol3/papers.cfm?abstract_id=2745000) The Fiscal and Racial Determinants of Law Enforcement Michael D. Makowsky, Thomas Stratmann, and Alexander T. Tabarrok, 2015(This study finds increases in arrest rates of African-Americans and Hispanics for drugs, DUI violations, and prostitution where local governments are running deficits, but only in states that allow police departments to retain seizure revenues.)
- [Public Research Universities:](https://static.prisonpolicy.org/scans/american_academy_of_arts_and_sciences/PublicResearchUniv_ChangesInStateFunding.pdf) Changes in State Funding American Academy of Arts & Sciences, 2015“In general, state spending on corrections has grown much faster than education spending over the last three decades. In eleven states, corrections has now surpassed higher education as a percentage of funding.”
- [Defunding State Prisons](http://digitalcommons.law.scu.edu/cgi/viewcontent.cgi?article=1606&context=facpubs)Santa Clara University School of Law, December, 2014“States would, instead, reallocate money spent on prisons to localities to use as they see fit--on enforcement, treatment, or even per-capita prison usage.”
- [Cost-Benefit Analysis and Justice Policy Toolkit](https://static.prisonpolicy.org/scans/vera/cost-benefit-analysis-of-raising-the-age-of-juvenile-jurisdiction-in-north-carolina.pdf)Vera Institute of Justice, December, 2014“In recent years, policymakers and the public have been asking whether justice policies pass the ""cost-benefit test."" Two questions drive this discussion: First, what works to reduce crime? And second, are those programs and policies worth the cost?”
- [Changing Priorities:](https://static.prisonpolicy.org/scans/10-28-14sfp.pdf) State Criminal Justice Reforms and Investments in Education Center on Budget and Policy Priorities, October, 2014“Corrections spending is now the third-largest category of spending in most states, behind education and health care.”
- [Justice Assistance Grant (JAG) Program, 2014](http://www.bjs.gov/index.cfm?ty=pbdetail&iid=5089)Bureau of Justice Statistics, August, 2014“In total, approximately $290.9 million was allocated for the FY 2014 JAG awards.”
- [State Government Indigent Defense Expenditures, FY 2008-2012 - Updated](http://www.bjs.gov/index.cfm?ty=pbdetail&iid=5052)Bureau of Justice Statistics, July, 2014“In 2012, state governments spent $2.3 billion nationally on indigent defense.”
- [Indigent Defense Services In The United States, FY 2008-2012 - Updated](http://www.bjs.gov/index.cfm?ty=pbdetail&iid=5051)Bureau of Justice Statistics, July, 2014“It provides both direct and intergovernmental indigent defense expenditures of state governments for fiscal years 2008 through 2012, and presents some local government expenditures aggregated at the state level.”
- [Justice Expenditure And Employment Extracts, 2011 - Preliminary](http://www.bjs.gov/index.cfm?ty=pbdetail&iid=5050)Bureau of Justice Statistics, July, 2014“This series includes national, federal, and state-level estimates of government expenditures and employment for the following justice categories: police protection, all judicial and legal functions (including prosecution, courts, and public defense), and”
- [Justice Expenditure And Employment Extracts, 2009](http://www.bjs.gov/index.cfm?ty=pbdetail&iid=5048) Final Bureau of Justice Statistics, July, 2014“This series includes national, federal, and state-level estimates of government expenditures and employment for the following justice categories: police protection, all judicial and legal functions... and corrections.”
- [Justice Expenditure And Employment Extracts, 2010](http://www.bjs.gov/index.cfm?ty=pbdetail&iid=5049) Final Bureau of Justice Statistics, July, 2014“This series includes national, federal, and state-level estimates of government expenditures and employment for the following justice categories: police protection, all judicial and legal functions... and corrections.”
- [A New Approach to Reducing Incarceration](https://www.hamiltonproject.org/assets/legacy/files/downloads_and_links/v5_THP_RaphaelStoll_DiscPaper.pdf) While Maintaining Low Rates of Crime The Hamilton Project, May, 2014“What alternative policy options could we pursue in conjunction with scaling back incarceration rates that would reduce the social costs of incarceration while controlling crime?”
- [Justice Reinvestment Initiative State Assessment Report](http://www.urban.org/UploadedPDF/412994-Justice-Reinvestment-Initiative-State-Assessment-Report.pdf)Urban Institute, January, 2014“Since enacting JRI, all eight states - Arkansas, Hawaii, Louisiana, Kentucky, New Hampshire, North Carolina, Ohio, and South Carolina - have experienced reductions in their prison populations since the start of JRI.”
- [Follow the Money:](http://www.law.stanford.edu/sites/default/files/publication/443760/doc/slspublic/Lin%20Money%20Final%20Report%20022814.pdf) How California Counties Are Spending Their Public Safety Realignment Funds Stanford Criminal Justice Center, January, 2014“Sheriff and Law Enforcement spending is generally a product of local needs (crime conditions and dedication to law enforcement) and preference for punishment. Programs and Services spending fundamentally revolves around electoral confidence in the Sheriff”
- [The Burden of Criminal Justice Debt in Alabama:](https://www.prisonpolicy.org/scans/uabtasc/the_burden_of_criminal_justice_debt_in_alabama-_part_1_main_report.pdf) 2014 Participant Self-Report Survey UAB TASC Jefferson County's Community Corrections Program, 2014“The purpose of this study was to evaluate the success of this approach and the impact of these policies in Alabama. With the general knowledge that increased court costs have not produced projected revenue, we sought to understand why.”
- [Local Government Corrections Expenditures, FY 2005-2011](http://www.bjs.gov/content/pub/pdf/lgcefy0511.pdf)U.S. Department of Justice, December, 2013“Local governments spent 1.6% of total expenditures on corrections.”
- [The Impact of Federal Budget Cuts from FY10-FY13](https://www.prisonpolicy.org/scans/vera/impact-federal-budget-cuts-public-safety%20.pdf) on State and Local Public Safety Vera Institute of Justice, November, 2013“Overall funding for Department of Justice grant programs has dropped by 43 percent since FY10.”
- [Reforming Funding to Reduce Mass Incarceration](http://www.brennancenter.org/sites/default/files/publications/REFORM_FUND_MASS_INCARC_web_0.pdf)Brennan Center for Justice, November, 2013“More than 68 million Americans - a quarter of the nation's population - have criminal records.”
- [Funding Public Safety Realignment](http://www.ppic.org/content/pubs/report/R_1113MBR.pdf)Public Policy Institute of California, November, 2013“Achieving lower rates of recidivism is a key goal for the state because the share of individuals returning to crime has a direct bearing on the state's ability to reduce prison crowding.”
- [Criminals and Campaign Cash](https://static.prisonpolicy.org/scans/cfap/CampaignCriminalCash.pdf) The Impact of Judicial Campaign Spending on Criminal Defendants Center for American Progress, October, 2013“As Illinois voters were bombarded with attack ads featuring violent criminals, the high court ruled in favor of the prosecution in 69 percent of its criminal cases--an 18 percent increase over the previous year.”
- [Managing Prison Health Care Spending](https://static.prisonpolicy.org/scans/Pew-Managing_Prison_Health_Care_Spending_Report.pdf)The Pew Charitable Trust, The MacArthur Foundation, October, 2013“Pew found that prison health care spending in these 44 states totaled $6.5 billion in 2008, out of $36.8 billion in overall institutional correctional expenditures.”
- [State Spending for Corrections:](https://www.prisonpolicy.org/scans/nasbo/state_spending_for_corrections.pdf) Long-Term Trends and Recent Criminal Justice Policy Reforms National Association of State Budget Officers, September, 2013“State spending for corrections reached $52.4 billion in fiscal 2012 and has been higher than 7.0 percent of overall general fund expenditures every year since fiscal 2008.”
- [![report thumbnail](https://static.prisonpolicy.org/images/reportthumbs/PleaseDeposit_130w.jpg)](https://www.prisonpolicy.org/phones/#pleasedeposit) [Please Deposit All of Your Money:](https://www.prisonpolicy.org/phones/#pleasedeposit) Kickbacks, Rates, and Hidden Fees in the Jail Phone Industry Prison Policy Initiative, May, 2013“This report is the first to address in depth the many fees prison phone customers must pay. Fees have an enormous impact on prison phone bills, making up 38% of the $1 billion annual price of calling home.”
- [Wisconsin's Mass Incarceration of African American Males:](https://www.prisonpolicy.org/scans/eti_university_of_wisconsin_milwaukee/BlackImprisonment.pdf) Workforce Challenges for 2013 Employment and Training Institute, University of Wisconsin, April, 2013“From 1990 to 2011 Wisconsin incarcerated 26,222 African American men from Milwaukee County in state correctional facilities. As of January 2012, 20,591 men had been released back into the community and 5,631 were still imprisoned.”
- [Crime, Cost, and Consequences:](https://web.archive.org/web/20150104033653/http://www.massinc.org/~/media/Files/Mass%20Inc/Research/Full%20Report%20PDF%20files/Crime_Cost_Consequences_MassINC_Final.ashx) Is it Time to Get Smart on Crime? MassInc, Community Resources for Justice, March, 2013“If Massachusetts continues on the current course, the analysis contained in this report suggests the state will spend more than $2 billion over the next decade on corrections policies that produce limited public safety benefit.”
- [State Expenditure Report](https://higherlogicdownload.s3.amazonaws.com/NASBO/9d2d2db1-c943-4f1b-b750-0fca152d64c2/UploadedImages/SER%20Archive/State%20Expenditure%20Report%20(Fiscal%202011-2013%20Data).pdf) Examining Fiscal 2011-2013 State Spending National Association of State Budget Officers, 2013“Total corrections spending increased by 3.3 percent in fiscal 2012 and is estimated to have declined slightly by 0.3 percent in fiscal 2013.”
- [State Corrections Expenditures, FY 1982-2010](https://bjs.ojp.gov/content/pub/pdf/scefy8210.pdf)Bureau of Justice Statistics, December, 2012“Between 1982 and 2001, total state corrections expenditures increased each year, rising from $15.0 billion to $53.5 billion in real dollars.”
- [At America's Expense](https://www.aclu.org/files/assets/elderlyprisonreport_20120613_0.pdf) The Mass Incarceration of the Elderly ACLU, June, 2012“Based on statistical analyses of available data, this report estimates that releasing an aging prisoner will save states, on average, $66,294 per year per prisoner, including healthcare, other public benefits, parole, and any housing costs or tax revenue.”
- [Justice Reinvestment in Pennsylvania](https://static.prisonpolicy.org/scans/JR_PA_Policy_Framework.pdf) A Comprehensive Public Safety Plan for the Commonwealth Council of State Governments Justice Center, May, 2012(Comprehensive public safety plan that reduces costly inefficiencies in PA's criminal justice system and reinvests savings in law enforcement strategies that deter crime, local diversion efforts that reduce recidivism & services for crime victims.)
- [A Juvenile Justice Reprieve:](https://static.prisonpolicy.org/scans/cjcj/DJF_Budget_Trigger.pdf) California's 2012 Mid-Year Budget Center on Juvenile and Criminal Justice, May, 2012“Counties cannot continue to oppose both budget triggers which attempt to more realistically balance DJF fees, and juvenile justice realignment, which transitions away from an archaic and dysfunctional state system to build on county successes.”
- [Justice Assistance Grant (JAG) Program, 2011](https://bjs.ojp.gov/content/pub/pdf/jagp11.pdf)Bureau of Justice Statistics, March, 2012“The total 2011 allocation for the JAG funding was approximately $368.3 million, of which $359.4 million went to states and $8.9 million to territories and the District of Columbia.”
- [Reallocating Justice Resources](https://static.prisonpolicy.org/scans/vera/reallocating-justice-resources.pdf) A Review of 2011 State Sentencing Trends Vera Institute of Justice, March, 2012“Early in the current recession, many states focused only on achieving quick cost savings. Now state lawmakers are considering multiple, related policy changes that will have long-term fiscal impacts.”
- [Improving Budget Analysis of State Criminal Justice Reforms](https://static.prisonpolicy.org/scans/1-11-12sfp.pdf) A Strategy for Better Outcomes and Saving Money Center on Budget and Policy Priorities and the American Civil Liberties UNion, January, 2012“States did not write fiscal notes for about 40 percent of the bills. Two states, Delaware and Hawaii, never write fiscal notes for criminal justice bills. Others, including South Dakota and Vermont, rarely write them.”
- [The Price of Prisons](https://static.prisonpolicy.org/scans/vera/the-price-of-prisons.pdf) What Incarceration Costs Taxpayers Vera Institute of Justice, January, 2012“\[T\]he total taxpayer cost of prisons in the 40 states that participated in this study was 13.9 percent higher than the cost reflected in those states' combined corrections budgets. The total price to taxpayers was $38.8 billion...”
- [State Expenditure Report](https://www.prisonpolicy.org/scans/nasbo/State_Expenditure_Report_Fiscal_2010-2012.pdf) Examining Fiscal 2010-2012 State Spending National Association of State Budget Officers, 2012“Corrections accounted for 3.1 percent of total state expenditures in fiscal 2011 and 7.5 percent of general funds.”
- [Correctional Spending Trends](https://static.prisonpolicy.org/scans/2011_Report_Correctional_Spending_Trends_UPDATED.pdf) Budget Information Report Oregon Legislative Fiscal Office, September, 2011“The Department of Correction's budget is one of the largest commitments of resources in the state budget representing roughly 9.1% of the combined General Fund and Lottery Funds in the 2011-13 legislatively adopted budget.”
- [Crisis in the Courts](https://static.prisonpolicy.org/scans/aba/aba_report_to_the_house_of_delegates.pdf) Defining the Problem American Bar Association, August, 2011“\[T\]he Legal Services Corportation Budget for FY2011 was reduced an additional 3.8% half way through that budget cycle, even as the number of Americans eligible for civil legal aid was pushed by the Recession to an all-time high of 57 Million.”
- [Justice Assistance Grant (JAG) Program 2010](https://static.prisonpolicy.org/scans/bjs/jagp10.pdf)Bureau of Justice Statistics, April, 2011“The five states eligible to receive the largest total state allocation included California ($51.1 million), Texas ($34.0 million), Florida ($30.9 million), New York ($24.8 million), and Illinois ($18.9 million).”
- [A Billion Dollars and Growing:](https://www.prisonpolicy.org/scans/floridataxwatch/prisonbonding.pdf) Why Prison Bonding is Tougher on Florida's Taxpayers Than on Crime Collins Center for Public Policy; Florida TaxWatch, April, 2011“Little known and not well understood by taxpayers, this funding approach has saddled future generations of Floridians with over a billion dollars in debt without appreciably increasing public safety.”
- [FY 2010 Operating Per Capita Cost Report](https://static.prisonpolicy.org/scans/0904prison.pdf) Cost Identification and Comparison of State and Private Contract Beds ARIZONA DEPARTMENT OF CORRECTIONS, April, 2011“An inmate health care cost factor is identified and deducted due to the limitations imposed by the private contractors \[...\]\[because\] unlike the private contractors, the ADC is required to provide medical and mental health services to inmates \[...\].”
- [Fact Sheet on President Obama's FY2012 Budget](https://justicepolicy.org/wp-content/uploads/justicepolicy/documents/fy2012budgetfactsheet_final.pdf) Doing the Same Thing and Expecting Different Results Justice Policy Institute, February, 2011“\[The\] continued funding pattern will likely result in increased costs to states for incarceration that will outweigh the increased federal revenue for local law enforcement, with marginal public safety benefits.”
- [Smart on Crime](https://static.prisonpolicy.org/scans/SmartOnCrime.pdf) Recommendations for the Administration and Congress The Smart on Crime Coalition, February, 2011“Smart on Crime seeks to provide federal policymakers in both Congress and the Administration a comprehensive, systematic analysis of the current challenges facing state and federal criminal justice systems and recommendations to address those challenges.”
- [Justice Assistance Grant Program, 2012](https://bjs.ojp.gov/content/pub/pdf/jagp12.pdf)Bureau of Justice Statistics, 2011“The five largest total state allocations included California ($32.9 million), Texas ($22.7 million), Florida ($19.5 million), New York ($16.0 million), and Illinois ($12.0 million).”
- [Ex-offenders and the Labor Market](http://www.cepr.net/documents/publications/ex-offenders-2010-11.pdf)Center for Economic and Policy Research, November, 2010“Given our estimates of the number of ex-offenders and the best outside estimates of the associated reduction in employment suffered by ex-offenders, our calculations suggest that in 2008 the U.S. economy lost the equivalent of 1.5 to 1.7 million workers.”
- [In For a Penny](http://www.aclu.org/prisoners-rights-racial-justice/penny-rise-americas-new-debtors-prisons) The Rise of America's New Debtors' Prisons American Civil Liberties Union, October, 2010“Incarcerating indigent defendants unable to pay their legal financial obligations often ends up costing much more than states and counties can ever hope to recover.”
- [The Continuing Fiscal Crisis in Corrections](https://static.prisonpolicy.org/scans/vera/The-continuing-fiscal-crisis-in-corrections-10-2010-updated.pdf) Setting a New Course Vera Institute of Justice, October, 2010“Officials are recognizing—in large part due to 30 years of trial and error, backed up by data—that it is possible to reduce corrections spending while also enhancing public safety.”
- [The Hidden Costs of Criminal Justice Debt](http://www.brennancenter.org/sites/default/files/legacy/Fees%20and%20Fines%20FINAL.pdf)Brennan Center for Justice, October, 2010“Although 'debtors' prison' is illegal in all states, reincarcerating individuals for failure to pay debt is, in fact, common in some -- and in all states new paths back to prison are emerging for those who owe criminal justice debt.”
- [The Impact of Mass Incarceration on Poverty](http://papers.ssrn.com/sol3/papers.cfm?abstract_id=1348049)Crime and Delinquency, February, 2009“From an empirical standpoint, the results from the current analysis are quite clear; mass incarceration has played a major role in increasing poverty rates.”
- [Profiting from the Poor](http://www.schr.org/files/profit_from_poor.pdf) A Report on Predatory Probation Companies in Georgia Southern Center for Human Rights, July, 2008“The privatization of misdemeanor probation has placed unprecedented law enforcement authority in the hands of for-profit companies that act essentially as collection agencies.”
- [Impacts of Jail Expansion in New York State:](https://static.prisonpolicy.org/scans/ImpactsofJailExpansion_NYS.pdf) A Hidden Burden Center for Constitutional Rights, May, 2007“The growth in the number of people held in jail has not been caused by an increase in crime, as index crime reports decreased by 30 percent in the last decade in upstate and suburban New York overall.”(Construction of new prisons in New York poses a financial, employment and environmental burden on communities.)
- [State Funding for Corrections in FY 2006 and FY 2007](https://static.prisonpolicy.org/scans/StateFundingforCorrectionsinFY2006andFY2007.pdf)National Conference of State Legislatures, May, 2007“Nationally, FY 2006 general fund corrections spending grew 10 percent above FY 2005 levels.”
- [Justice Expenditure and Employment in the United States, 2003](https://static.prisonpolicy.org/scans/bjs/jeeus03.pdf)Bureau of Justice Statistics, April, 2006
- [Foreign Nationals in Michigan Prisons](https://static.prisonpolicy.org/scans/cappsmi/Foreign%20nationals.pdf) an examination of the costs Citizens Alliance on Prisons and Public Spending, April, 2006“The Governor should appoint an independent panel to review all alien prisoners, making recommendations for commutation and culling those who are eligible for removal before serving their entire sentence. The Governor should then request their removal.”
- [Offender Work Report, 2004](https://static.prisonpolicy.org/scans/2004OffenderWorkReport.pdf)Washington State Jail Industries Board, October, 2005“Work within correctional facilities totaled 2,674,877 labor hours in 2004. Jails reported 113,560 labor hours performed on behalf of not-for-profit community organizations...”
- [Protecting the Future:](https://static.prisonpolicy.org/scans/grassrootsleadership/ProtectFuture.html) Moderating West Virginia's Budget Crisis Grassroots Leadership, February, 2005
- [Cost-Saving or Cost-Shifting:](https://static.prisonpolicy.org/scans/AZ_PP_Rpt_v4.pdf) The Fiscal Impact of Prison Privatization in Arizona Private Corrections Institute, February, 2005
- [Offender Work Report, 2002](https://static.prisonpolicy.org/scans/2002OffenderWorkReport.pdf)Washington State Jail Industries Board, 2005
- [Changing Fortunes or Changing Attitudes?](https://static.prisonpolicy.org/scans/vera/226_431.pdf) Sentencing and Corrections Reforms in 2003 Vera Institute of Justice, August, 2004
- [State Prison Expenditures, 2001](https://static.prisonpolicy.org/scans/bjs/spe01.pdf)Bureau of Justice Statistics, June, 2004
- [Justice Expenditure and Employment in the United States, 2001](https://static.prisonpolicy.org/scans/bjs/jeeus01.pdf)Bureau of Justice Statistics, May, 2004
- [Locked Up: Corrections Policy in New Hampshire](https://static.prisonpolicy.org/scans/locked2.pdf) Paper 2: Options for Reducing the Prison Population and the Cost of Incarceration New Hampshire Center for Public Policy Studies, February, 2004
- [Offender Work Report, 2003](https://static.prisonpolicy.org/scans/2003OffenderWorkReportrevised.pdf)Washington State Jail Industries Board, 2004
- [2002 State Expenditure Report](https://static.prisonpolicy.org/scans/nasbo/2002ExpendReport.pdf)National Association of State Budget Officers, November, 2003
- [Smart On Crime:](https://static.prisonpolicy.org/scans/82751_Positive_Trends.pdf) Positive Trends in State-Level Sentencing and Corrections Policy Families Against Mandatory Minimums, November, 2003
- [Dollars, Sentences and Long-Term Public Safety](http://www.middlegroundprisonreform.org/forms/Dollars_Sentences.pdf) Managing a Fiscal Crisis with a Goal of Long-Term Public Safety Middle Ground Prison Reform, September, 2003(Arizona sentencing policy recommendations)
- [Ohio's Priorities?](https://www.prisonpolicy.org/articles/ohio.html)Prison Policy Initiative, September, 2003(charts of racial disparities in OH incarceration, and how much money is spent on education vs. prisons)
- [Upstate New York's Population Plateau:](https://static.prisonpolicy.org/scans/200308_Pendall.pdf) The Third-Slowest Growing 'State' Brookings Institution, August, 2003“Nearly 30 percent of new residents in Upstate New York in the 1990s were prisoners.”
- [Dollars and Sentences:](https://static.prisonpolicy.org/scans/vera/vera_jul03.pdf) Legislators' Views on Prisons, Punishment, and the Budget Crisis Vera Institute of Justice, July, 2003
- [EPA helps prisons get up to speed on environmental compliance](https://web.archive.org/web/20130116173708/http://www.epa.gov/region03/compliance_assistance/pressrelease/prison-initiative.htm)Environmental Protection Agency, June, 2003
- [Borrowing Against the Future:](https://static.prisonpolicy.org/scans/az_borrowing.pdf) The Impact of Prison Expansion on Arizona Families, Schools and Communities Grassroots Leadership and Arizona Advocacy Network, April, 2003
- [Incarceration and Correctional Spending in Colorado](http://www.ccjrc.org/pdf/Legislators_Handbook.pdf) A Legislator's Handbook on Criminal Justice Policy, 2003 Colorado Criminal Justice Reform Coalition, February, 2003
- [Cutting Correctly in Maryland](https://static.prisonpolicy.org/scans/jpi/cc_md.pdf)Justice Policy Institute, February, 2003(lowering prison population will ease budget crisis)
- [Big Prisons, Small Towns:](https://www.prisonpolicy.org/scans/sp/inc_bigprisons.pdf) Prison Economics in Small Rural America Sentencing Project, February, 2003
- [Cutting Correctly, One Year Later:](https://static.prisonpolicy.org/scans/jpi/cutting2_ntlstatespending.pdf) State Budget Crisis and Corrections Reform Justice Policy Institute, January, 2003
- [The Economic Impacts of the Prison Development Boom](https://static.prisonpolicy.org/scans/prison_development.pdf) On Persistently Poor Rural Places Tracey Farrigan and Amy Glasmeier, 2003
- [Community Corrections in Ohio:](https://static.prisonpolicy.org/scans/comm_corr_rep_ohio.pdf) Cost Savings and Program Effectiveness Policy Matters Ohio and Justice Policy Institute, December, 2002(Ohio has realized considerable cost savings by using community corrections programs instead of prison)
- [Seeking Balance:](https://static.prisonpolicy.org/scans/cjcj/seekingbalance.pdf) Reducing Prison Costs in Times of Austerity Center on Juvenile and Criminal Justice, December, 2002
- [Building a prison economy in rural America](https://static.prisonpolicy.org/scans/building.html)Tracy Huling, October, 2002
- [Blueprint for Cost-Effective Pretrial Detention, Sentencing, and Corrections Systems](https://www.prisonpolicy.org/scans/aba/blueprint.pdf)American Bar Association, August, 2002
- [State Expenditure Report, 2001](https://static.prisonpolicy.org/scans/nasbo/nasbo2001exrep.pdf)National Association of State Budget Officers, July, 2002(See chapter 5)
- [Justice Expenditure and Employment in the United States, 1999](https://static.prisonpolicy.org/scans/bjs/jeeus99.pdf)Bureau of Justice Statistics, February, 2002“The extracts present public expenditure and employment data pertaining to justice activities in the United States, including police, judicial and legal services, and correctional activities.”
- [Cutting Correctly:](https://static.prisonpolicy.org/scans/jpi/CuttingCorrectly.pdf) New Prison Policies for Times of Fiscal Crisis Justice Policy Institute, February, 2002
- [State Sentencing and Corrections Policy in an Era of Fiscal Restraint](https://www.prisonpolicy.org/scans/sp/inc_statesentencingpolicy.pdf)Sentencing Project, February, 2002
- [Prison Expansion in a Time of Austerity:](https://static.prisonpolicy.org/scans/cjcj/prisonexpdelanoca.pdf) An Analysis of the Governor's Proposed New Prison in Delano Center on Juvenile and Criminal Justice, January, 2002(California)
- [Locked Up: Corrections Policy in New Hampshire](https://static.prisonpolicy.org/scans/nhcpps/lockedup1.pdf) Paper 1: The Fiscal Consequences of Incarceration Policies, 1981 to 2001 New Hampshire Center for Public Policy Studies, September, 2001
- [Offender Work Report, 2000](https://static.prisonpolicy.org/scans/2000OffenderWorkReport.pdf)Washington State Jail Industries Board, 2001
- [Justice Expenditure and Employment in the United States, 1995](https://static.prisonpolicy.org/scans/bjs/jeeus95.pdf)Bureau of Justice Statistics, November, 1999
- [Regulating the American Labor Market:](https://static.prisonpolicy.org/scans/LADIPO.PDF) The Role of the Prison Industrial Complex David Ladipo, September, 1999
- [State Prison Expenditures, 1996](https://static.prisonpolicy.org/scans/bjs/spe96.pdf)Bureau of Justice Statistics, August, 1999“presents comparative data on the cost of operating the Nation's State prisons”
- [Prisons as a Growth Industry in Rural America:](https://static.prisonpolicy.org/scans/prisons_as_rural_growth.shtml) An Exploratory Discussion of the Effects on Young African American Men in the Inner Cities Tracy Huling, consultant to the U.S. Commission on Civil Rights, April, 1999
- [The Prison Industrial Complex](http://www.theatlantic.com/doc/prem/199812/prisons)Eric Schlosser, Atlantic Monthly, December, 1998
- [Cost Savings in State Corrections:](https://static.prisonpolicy.org/scans/illOffenders98.doc) Medical treatment in the community for very ill offenders. Washington State Sentencing Guidelines Commission, December, 1998(it's an MSWord file)
- [Justice Expenditure and Employment Extracts, 1992](https://static.prisonpolicy.org/scans/bjs/cjee92.pdf)Bureau of Justice Statistics, January, 1997
- [Factories with Fences:](https://static.prisonpolicy.org/scans/jus-24a.pdf) The History of Federal Prison Industries Bureau of Prisons, May, 1996
- [Rural Prisons: An Update](https://static.prisonpolicy.org/scans/rural_prisons_an_update_cl_beale.pdf)Calvin Beale, Department of Agriculture, Rural Development Perspectives, February, 1996“nonmetro counties continued to acquire prisons at a rate dramatically out of proportion to the percentage of the Nation's population that lives in such areas.”
- [Federal and State Prisons:](https://web.archive.org/web/20141227163805/http://www.gpo.gov/fdsys/pkg/GAOREPORTS-GGD-97-15/pdf/GAOREPORTS-GGD-97-15.pdf) Inmate Populations, Costs, and Projection Models, 1996 General Accounting Office, 1996
- [Prison as Industry](https://static.prisonpolicy.org/scans/njsccj_prison_as_industry.pdf)New York State Coalition for Criminal Justice, 1994
- [Prisoner Labor:](https://static.prisonpolicy.org/scans/GGD-93-98_and_testimony.pdf) Perspectives on Paying the Federal Minimum Wage General Accounting Office, May, 1993(GAO testimony based on report is at the end of the PDF)
- [Justice Expenditure and Employment, 1990](https://static.prisonpolicy.org/scans/bjs/bjsjusticeexpendandempsept92.pdf)Bureau of Justice Statistics, September, 1992“Federal Government spending on justice increased 128% in constant dollars per capita from 1971 to 1990, more than twice as fast as the 54.5% increase among State and local governments.”
- [The State Expenditure Report](https://www.prisonpolicy.org/scans/nasbo/NASBO_ER_1987.pdf)National Association of State Budget Officers, July, 1987“This report provides figures for actual Fiscal Year 1985 expenditures, estimated Fiscal Year 1986 expenditures..., and appropriated Fiscal Year 1987 expenditures.”

Pages Updated On: 14-Jan-2026 - 15:05:04

Links Engine 2.0 By: [Gossamer Threads Inc.](http://www.gossamer-threads.com/)

## Stay Informed

Email:

Get the latest updates:

Prison Policy Initiative newsletter [(?)](https://www.prisonpolicy.org/newsletter/archive.html?nl=general)Research Library [(?)](https://www.prisonpolicy.org/newsletter/archive.html?nl=research)Prison gerrymandering [(?)](https://www.prisonpolicy.org/newsletter/archive.html?nl=gerrymandering)

[Share on 𝕏](https://www.twitter.com/intent/tweet?text=Economics%20of%20incarceration&url=https://www.prisonpolicy.org/research/economics_of_incarceration/&via=prisonpolicy)[Donate](https://www.prisonpolicy.org/donate.html) [Now seeking: \\
\\
Creator-in-Residence](https://www.prisonpolicy.org/jobs.html)

# Recommended Reading:

[![](https://static.prisonpolicy.org/css/footer_images/stateprofilesfooter_200x154.png)](https://www.prisonpolicy.org/profiles/)

# [50 state incarceration profiles](https://www.prisonpolicy.org/profiles/)

All of our recent reports about prison/jail growth, racial disparities, and more, re-organized by state.

[![](https://static.prisonpolicy.org/css/footer_images/emessaging_footer_200x154.png)](https://www.prisonpolicy.org/reports/emessaging.html)

# [The rapid & unregulated growth of e-messaging in prisons](https://www.prisonpolicy.org/reports/emessaging.html)

It can strengthen connections, but instead has been used to sap money from incarcerated people.

[![](https://static.prisonpolicy.org/css/footer_images/punishmentbeyondprisons_footer_200x154.png?v=2)](https://www.prisonpolicy.org/reports/correctionalcontrol2023.html)

# [Incarceration and supervision by states](https://www.prisonpolicy.org/reports/correctionalcontrol2023.html)

Probation and parole are the leading forms of mass punishment in America.

[![](https://static.prisonpolicy.org/css/footer_images/prison_gerrymandering_2022.png?v=2)](https://www.prisonersofthecensus.org/)

# [Prison Gerrymandering Project](https://www.prisonersofthecensus.org/)

We are leading the movement to protect our democracy from the Census Bureau's prison miscount.",,Research about Economics of incarceration and the criminal justice system,,http://static.prisonpolicy.org/css/footer_images/research_clearinghouse.png,https://static.prisonpolicy.org/favicon.png?v=2
How much do states spend on housing prisoners? | USAFacts,https://usafacts.org/articles/how-much-do-states-spend-on-prisons/,"# How much do states spend on housing prisoners?

States in the South spend the least per inmate and have some of the highest prison incarceration rates in the nation.

Updated Oct 31, 2025by the [USAFacts team](https://usafacts.org/editorial-guidelines/)

Over 1 million people were incarcerated as of December 2023, according to Bureau of Justice Statistics data. To house them, state governments spent a combined $63.6 billion.

Spending per prisoner varies more than tenfold across states, from just under $20,000 in Mississippi to $284,976 in Massachusetts, more than double that of any other state. Median state spending was $60,989 per prisoner for the year.

## Per-prisoner, Massachusetts spends more than double every other state.

Corrections expenditure per imprisoned person under state jurisdiction, 2023

A map of corrections funding spent per imprisoned person under state jurisdiction in 2023. Massachusetts spends more than twice on each imprisoned person than does any other state.

< $50K

$50K–$100K

$100K–$150K

$150K–$200K

≥ $200K

TXTXCACAMTMTNMNMAZAZNVNVCOCOWYWYORORUTUTMNMNIDIDKSKSNENESDSDAKAKNDNDOKOKMOMOWAWAGAGAFLFLMIMIILILIAIAWIWIARARALALNCNCNYNYMSMSLALAPAPATNTNOHOHVAVAKYKYININMEMESCSCWVWVMDMDVTVTNHNHMAMANJNJHIHICTCTDEDERIRI

Use the arrow keys `↑`  `↓`  `←`  `→` to navigate through the map regions.

Six states include jail and prison populations.

Source: Census Bureau and Bureau of Justice Statistics

## How do states distribute corrections funding?

State correction departments allocate most of their budgets to day-to-day prison operations, including officer salaries. Some states also fund rehabilitation programs, drug treatment centers, and juvenile justice initiatives from their corrections budgets.

State funding doesn’t usually include jails, which hold people awaiting trial or serving sentences under one year; they’re usually operated by county and city [law enforcement agencies](https://bjs.ojp.gov/topics/corrections/correctional-institutions). However, Alaska, Connecticut, Delaware, Hawaii, Rhode Island, and Vermont operate “[unified”](https://bjs.ojp.gov/document/p23st.pdf) systems that integrate the prison and jail systems.

Subscribe to get unbiased, data-driven insights sent to your inbox weekly

## Which states pay correctional officers the most?

The national median annual salary for a correctional officer in 2023 was $53,300, 10.9% higher than the median for all occupations, according to the Bureau of Labor Statistics (BLS).

Correctional officer pay varies by state. The highest earners were in California ($93,160), New Jersey ($87,460), and Massachusetts ($78,810). The lowest were in Mississippi ($35,040), Kentucky ($36,940), and Missouri ($38,000).

## The highest wages for correctional officers were in California.

Median wages for correctional officers by state, 2023

A map illustrating median wages for correctional officers by state in 2023. The highest wages for correctional officers were in California — the lowest in Mississippi.

$45K$55K$65K$75K

TXTXCACAMTMTNMNMAZAZNVNVCOCOWYWYORORUTUTMNMNIDIDKSKSNENESDSDAKAKNDNDOKOKMOMOWAWAGAGAFLFLMIMIILILIAIAWIWIARARALALNCNCNYNYMSMSLALAPAPATNTNOHOHVAVAKYKYININMEMESCSCWVWVMDMDVTVTNHNHMAMANJNJHIHICTCTDEDERIRI

Use the arrow keys `↑`  `↓`  `←`  `→` to navigate through the map regions.

Source: Bureau of Labor Statistics

## Which states have the highest incarceration rates?

Nationwide, [460 of every 100,000](https://bjs.ojp.gov/document/p23st.pdf%22%20/t%20%22_blank) adult US residents were in prison in 2023. Of those, 405 were held under state jurisdiction and 54 under federal.

States in the Southern US had the highest imprisonment rates: Mississippi (847 people per 100,000), Louisiana (804), and Arkansas (773). Those rates were six times as high as in some New England states. Massachusetts (118) had the lowest rate of any state, followed by Maine (144), Rhode Island (150), and Vermont (150).

## Prison incarceration rates were highest in Mississippi and lowest in Massachusetts.

Sentenced prisoners under state or federal jurisdiction per 100,000 adults, 2023

A map of sentenced prisoners in state or federal correctional facilities per 100,000 adults in 2023. Prison incarceration rates were highest in Mississippi and lowest in Massachusetts.

200300400500600700800

TXTXCACAMTMTNMNMAZAZNVNVCOCOWYWYORORUTUTMNMNIDIDKSKSNENESDSDAKAKNDNDOKOKMOMOWAWAGAGAFLFLMIMIILILIAIAWIWIARARALALNCNCNYNYMSMSLALAPAPATNTNOHOHVAVAKYKYININMEMESCSCWVWVMDMDVTVTNHNHMAMANJNJHIHICTCTDEDERIRI

Use the arrow keys `↑`  `↓`  `←`  `→` to navigate through the map regions.

Data includes some variation in methodology by state. Six states include jail and prison populations.

Source: Bureau of Justice Statistics

_Read more about_ _[how many states use private prisons](https://usafacts.org/articles/how-many-states-use-private-prisons/) and get data like this straight to your inbox with the_ _[USAFacts weekly newsletter](https://usafacts.org/signup/)._

![](https://cdn.builder.io/api/v1/pixel?apiKey=0b9e002c2ba04655a10a2d191e448df9)

## Keep exploring

- [![](https://usafacts.org/_next/image/?url=https%3A%2F%2Fcdn.builder.io%2Fapi%2Fv1%2Fimage%2Fassets%252F0b9e002c2ba04655a10a2d191e448df9%252Fa5ba5ed3123248f6bfffccdd412be35e&w=256&q=75)\\
\\
**How many states use private prisons?** Feb 6, 2025](https://usafacts.org/articles/how-many-states-use-private-prisons)
- [![](https://usafacts.org/_next/image/?url=https%3A%2F%2Fcdn.builder.io%2Fapi%2Fv1%2Fimage%2Fassets%252F0b9e002c2ba04655a10a2d191e448df9%252F251fa62ee4674886b216405570c91baa&w=256&q=75)\\
\\
**Which states have the highest and lowest income tax?** Mar 28, 2025](https://usafacts.org/articles/which-states-have-the-highest-and-lowest-income-tax/)
- [![](https://usafacts.org/_next/image/?url=https%3A%2F%2Fcdn.builder.io%2Fapi%2Fv1%2Fimage%2Fassets%252F0b9e002c2ba04655a10a2d191e448df9%252Fd1edef972f10487eb069071ed7d2791d&w=256&q=75)\\
\\
**How many people are in prisons in the US?** Updates annually](https://usafacts.org/answers/how-many-people-are-in-prisons-in-the-us/country/united-states)
- [![](https://usafacts.org/_next/image/?url=https%3A%2F%2Fcdn.builder.io%2Fapi%2Fv1%2Fimage%2Fassets%252F0b9e002c2ba04655a10a2d191e448df9%252F0c684c6c30d44f20a2b256661de58033&w=256&q=75)\\
\\
**Can people with felony convictions vote?** Dec 1, 2023](https://usafacts.org/articles/can-people-with-felony-convictions-vote/)

## Page sources

- [**Bureau of Justice Statistics** \\
\\
Prisoners in 2023 – Statistical Tables\\
\\
![Bureau of Justice Statistics logo](https://usafacts.org/_next/image/?url=https%3A%2F%2Fcdn.builder.io%2Fapi%2Fv1%2Fimage%2Fassets%252F0b9e002c2ba04655a10a2d191e448df9%252F08764fb619574e64ab76144dd12d94e1&w=256&q=75)](https://bjs.ojp.gov/library/publications/prisoners-2023-statistical-tables)
- ### Bureau of Labor Statistics



Occupational Employment and Wages



![Bureau of Labor Statistics logo](https://usafacts.org/_next/image/?url=https%3A%2F%2Fcdn.builder.io%2Fapi%2Fv1%2Fimage%2Fassets%252F0b9e002c2ba04655a10a2d191e448df9%252F4ad16d87e6cc469396d2c669a9d057ea&w=256&q=75)


See all

## Sources (2)

### Census Bureau

Additional ContributorsData analysis and processing by USAFacts

Agency URL[Annual Survey of State and Local Government Finances](https://data.census.gov/table/GOVSTIMESERIES.GS00LF01?q=GS00LF01&g=010XX00US$0400000)

### Bureau of Justice Statistics

Additional ContributorsData analysis and processing by USAFacts

Agency URL[Prisoners in 2023 – Statistical Tables](https://bjs.ojp.gov/library/publications/prisoners-2023-statistical-tables)

## Source

### Bureau of Labor Statistics

SourceOccupational Employment and Wage Statistics (OEWS) Tables

Additional ContributorsData analysis and processing by USAFacts

Agency URL[Occupational Employment and Wage Statistics (OEWS) Tables](https://www.bls.gov/oes/tables.htm)

## Source

### Bureau of Justice Statistics

SourcePrisoners in 2023 – Statistical Tables

Additional ContributorsData analysis and processing by USAFacts

Agency URL[Prisoners in 2023 – Statistical Tables](https://bjs.ojp.gov/library/publications/prisoners-2023-statistical-tables)

## 1 million people

This data set focuses on those under state (rather than federal) jurisdiction, meaning that the state holds legal authority over the incarcerated person, but not necessarily that they are physically held in that state.

The data set includes people incarcerated in prisons, long-term facilities run by state or federal government typically holding people with sentences of more than one year, but not jails, which are typically run by local governments and holding people with sentences of less than a year. Alaska, Connecticut, Delaware, Hawaii, Rhode Island, and Vermont count their jail and prison populations as one, and so this count of imprisoned persons also includes some people in jail from those states.

## budgets

A small portion of correctional spending, around 3%, is capital expenditure. The rest is assumed to be correctional operations.",,States in the South spend the least per inmate and have some of the highest prison incarceration rates in the nation. ,,https://cdn.builder.io/api/v1/image/assets%2F0b9e002c2ba04655a10a2d191e448df9%2F30081093323c4600a722151d4c373089,https://usafacts.org/favicon-32x32.png
Prison Spending by State 2026,https://worldpopulationreview.com/state-rankings/prison-spending-by-state,"# Prison Spending by State 2026

Spending Per Prisoner

20.00

40.00

60.00

80.00

100.00

120.00

140.00

|  | State | Spending Per Prisoner↓ | Prisoners | Correctional Officers Average Salary (2021) |
| --- | --- | --- | --- | --- |
| ![Wyoming Flag](https://worldpopulationreview.com/images/state-flags/svg/wy.svg) | [Wyoming](https://worldpopulationreview.com/states/wyoming) | 136.00 | 361.50 | $47.54 |
| ![California Flag](https://worldpopulationreview.com/images/state-flags/svg/ca.svg) | [California](https://worldpopulationreview.com/states/california) | 131.30 | 246.40 | $81.17 |
| ![Maine Flag](https://worldpopulationreview.com/images/state-flags/svg/me.svg) | [Maine](https://worldpopulationreview.com/states/maine) | 122.10 | 125.80 | $43.66 |
| ![Rhode Island Flag](https://worldpopulationreview.com/images/state-flags/svg/ri.svg) | [Rhode Island](https://worldpopulationreview.com/states/rhode-island) | 121.50 | 203.20 |  |
| ![Vermont Flag](https://worldpopulationreview.com/images/state-flags/svg/vt.svg) | [Vermont](https://worldpopulationreview.com/states/vermont) | 119.20 | 199.80 | $50.32 |
| ![Massachusetts Flag](https://worldpopulationreview.com/images/state-flags/svg/ma.svg) | [Massachusetts](https://worldpopulationreview.com/states/massachusetts) | 114.40 | 96.30 | $72.26 |
| ![New York Flag](https://worldpopulationreview.com/images/state-flags/svg/ny.svg) | [New York](https://worldpopulationreview.com/states/new-york) | 91.63 | 169.30 | $71.16 |
| ![Oregon Flag](https://worldpopulationreview.com/images/state-flags/svg/or.svg) | [Oregon](https://worldpopulationreview.com/states/oregon) | 88.74 | 300.70 | $68.79 |
| ![Alaska Flag](https://worldpopulationreview.com/images/state-flags/svg/ak.svg) | [Alaska](https://worldpopulationreview.com/states/alaska) | 82.74 | 625.00 | $67.02 |
| ![North Dakota Flag](https://worldpopulationreview.com/images/state-flags/svg/nd.svg) | [North Dakota](https://worldpopulationreview.com/states/north-dakota) | 81.97 | 179.90 | $48.51 |
| ![Utah Flag](https://worldpopulationreview.com/images/state-flags/svg/ut.svg) | [Utah](https://worldpopulationreview.com/states/utah) | 79.59 | 166.00 | $48.05 |
| ![Washington Flag](https://worldpopulationreview.com/images/state-flags/svg/wa.svg) | [Washington](https://worldpopulationreview.com/states/washington) | 77.61 | 203.70 | $62.96 |
| ![Minnesota Flag](https://worldpopulationreview.com/images/state-flags/svg/mn.svg) | [Minnesota](https://worldpopulationreview.com/states/minnesota) | 75.93 | 142.80 | $56.35 |
| ![New Jersey Flag](https://worldpopulationreview.com/images/state-flags/svg/nj.svg) | [New Jersey](https://worldpopulationreview.com/states/new-jersey) | 74.14 | 138.30 | $73.49 |
| ![Delaware Flag](https://worldpopulationreview.com/images/state-flags/svg/de.svg) | [Delaware](https://worldpopulationreview.com/states/delaware) | 73.68 | 474.90 | $48.70 |
| ![Pennsylvania Flag](https://worldpopulationreview.com/images/state-flags/svg/pa.svg) | [Pennsylvania](https://worldpopulationreview.com/states/pennsylvania) | 67.70 | 303.00 | $58.26 |
| ![Connecticut Flag](https://worldpopulationreview.com/images/state-flags/svg/ct.svg) | [Connecticut](https://worldpopulationreview.com/states/connecticut) | 67.10 | 265.50 | $55.82 |
| ![Wisconsin Flag](https://worldpopulationreview.com/images/state-flags/svg/wi.svg) | [Wisconsin](https://worldpopulationreview.com/states/wisconsin) | 66.02 | 344.50 | $49.50 |
| ![Michigan Flag](https://worldpopulationreview.com/images/state-flags/svg/mi.svg) | [Michigan](https://worldpopulationreview.com/states/michigan) | 61.30 | 333.90 | $54.38 |
| ![Colorado Flag](https://worldpopulationreview.com/images/state-flags/svg/co.svg) | [Colorado](https://worldpopulationreview.com/states/colorado) | 61.11 | 279.50 | $54.57 |
| ![Nebraska Flag](https://worldpopulationreview.com/images/state-flags/svg/ne.svg) | [Nebraska](https://worldpopulationreview.com/states/nebraska) | 60.05 | 270.50 | $46.50 |
| ![New Mexico Flag](https://worldpopulationreview.com/images/state-flags/svg/nm.svg) | [New Mexico](https://worldpopulationreview.com/states/new-mexico) | 58.94 | 259.70 | $39.17 |
| ![Montana Flag](https://worldpopulationreview.com/images/state-flags/svg/mt.svg) | [Montana](https://worldpopulationreview.com/states/montana) | 57.96 | 361.50 | $42.95 |
| ![Hawaii Flag](https://worldpopulationreview.com/images/state-flags/svg/hi.svg) | [Hawaii](https://worldpopulationreview.com/states/hawaii) | 56.80 | 287.30 | $62.77 |
| ![New Hampshire Flag](https://worldpopulationreview.com/images/state-flags/svg/nh.svg) | [New Hampshire](https://worldpopulationreview.com/states/new-hampshire) | 55.03 | 170.70 | $51.38 |
| ![Iowa Flag](https://worldpopulationreview.com/images/state-flags/svg/ia.svg) | [Iowa](https://worldpopulationreview.com/states/iowa) | 54.94 | 260.50 | $52.81 |
| ![Illinois Flag](https://worldpopulationreview.com/images/state-flags/svg/il.svg) | [Illinois](https://worldpopulationreview.com/states/illinois) | 54.04 | 232.50 | $62.84 |
| ![Maryland Flag](https://worldpopulationreview.com/images/state-flags/svg/md.svg) | [Maryland](https://worldpopulationreview.com/states/maryland) | 53.92 | 253.10 | $52.87 |
| ![North Carolina Flag](https://worldpopulationreview.com/images/state-flags/svg/nc.svg) | [North Carolina](https://worldpopulationreview.com/states/north-carolina) | 52.88 | 281.70 | $41.52 |
| ![Tennessee Flag](https://worldpopulationreview.com/images/state-flags/svg/tn.svg) | [Tennessee](https://worldpopulationreview.com/states/tennessee) | 51.80 | 327.80 | $39.92 |
| ![West Virginia Flag](https://worldpopulationreview.com/images/state-flags/svg/wv.svg) | [West Virginia](https://worldpopulationreview.com/states/west-virginia) | 46.94 | 337.70 | $42.27 |
| ![Ohio Flag](https://worldpopulationreview.com/images/state-flags/svg/oh.svg) | [Ohio](https://worldpopulationreview.com/states/ohio) | 42.56 | 382.00 | $48.12 |
| ![Virginia Flag](https://worldpopulationreview.com/images/state-flags/svg/va.svg) | [Virginia](https://worldpopulationreview.com/states/virginia) | 40.11 | 368.80 | $44.11 |
| ![Idaho Flag](https://worldpopulationreview.com/images/state-flags/svg/id.svg) | [Idaho](https://worldpopulationreview.com/states/idaho) | 37.85 | 442.20 | $45.54 |
| ![Kentucky Flag](https://worldpopulationreview.com/images/state-flags/svg/ky.svg) | [Kentucky](https://worldpopulationreview.com/states/kentucky) | 34.84 | 411.90 | $36.75 |
| ![South Carolina Flag](https://worldpopulationreview.com/images/state-flags/svg/sc.svg) | [South Carolina](https://worldpopulationreview.com/states/south-carolina) | 34.36 | 314.90 | $40.62 |
| ![Missouri Flag](https://worldpopulationreview.com/images/state-flags/svg/mo.svg) | [Missouri](https://worldpopulationreview.com/states/missouri) | 34.10 | 374.70 | $34.55 |
| ![Arkansas Flag](https://worldpopulationreview.com/images/state-flags/svg/ar.svg) | [Arkansas](https://worldpopulationreview.com/states/arkansas) | 33.39 | 534.30 | $36.77 |
| ![South Dakota Flag](https://worldpopulationreview.com/images/state-flags/svg/sd.svg) | [South Dakota](https://worldpopulationreview.com/states/south-dakota) | 33.36 | 366.40 | $42.16 |
| ![Indiana Flag](https://worldpopulationreview.com/images/state-flags/svg/in.svg) | [Indiana](https://worldpopulationreview.com/states/indiana) | 31.69 | 352.90 | $40.81 |
| ![Arizona Flag](https://worldpopulationreview.com/images/state-flags/svg/az.svg) | [Arizona](https://worldpopulationreview.com/states/arizona) | 30.00 | 525.60 | $45.07 |
| ![Florida Flag](https://worldpopulationreview.com/images/state-flags/svg/fl.svg) | [Florida](https://worldpopulationreview.com/states/florida) | 29.62 | 375.60 | $45.65 |
| ![Oklahoma Flag](https://worldpopulationreview.com/images/state-flags/svg/ok.svg) | [Oklahoma](https://worldpopulationreview.com/states/oklahoma) | 28.52 | 566.90 | $37.64 |
| ![Nevada Flag](https://worldpopulationreview.com/images/state-flags/svg/nv.svg) | [Nevada](https://worldpopulationreview.com/states/nevada) | 28.37 | 366.80 | $65.07 |
| ![Louisiana Flag](https://worldpopulationreview.com/images/state-flags/svg/la.svg) | [Louisiana](https://worldpopulationreview.com/states/louisiana) | 26.81 | 579.70 | $37.96 |
| ![Georgia Flag](https://worldpopulationreview.com/images/state-flags/svg/ga.svg) | [Georgia](https://worldpopulationreview.com/states/georgia) | 25.97 | 439.50 | $36.39 |
| ![Texas Flag](https://worldpopulationreview.com/images/state-flags/svg/tx.svg) | [Texas](https://worldpopulationreview.com/states/texas) | 25.90 | 462.50 | $43.80 |
| ![Kansas Flag](https://worldpopulationreview.com/images/state-flags/svg/ks.svg) | [Kansas](https://worldpopulationreview.com/states/kansas) | 24.34 | 299.00 | $41.52 |
| ![Alabama Flag](https://worldpopulationreview.com/images/state-flags/svg/al.svg) | [Alabama](https://worldpopulationreview.com/states/alabama) | 23.80 | 504.10 | $40.25 |
| ![Mississippi Flag](https://worldpopulationreview.com/images/state-flags/svg/ms.svg) | [Mississippi](https://worldpopulationreview.com/states/mississippi) | 18.41 | 594.40 | $33.43 |
| ![United States Flag](https://worldpopulationreview.com/images/state-flags/svg/us.svg) | United States |  | 16465.20 |  |

Prison spending across the United States exhibits a wide spectrum, with some states allocating significantly more resources to corrections than others. Wyoming stands out as the top spender, allocating $361.50 per capita, reflecting the unique challenges faced by states with sparse populations and the need for remote facilities. Conversely, Mississippi ranks at the lower end of the spending spectrum, allocating $18.41 per capita, indicative of the differing priorities and budgetary constraints across states.

Understanding the variations in prison spending is essential for comprehending the intricacies of the criminal justice system’s management. It not only reflects the diverse approaches to incarceration and rehabilitation but also highlights the complex interplay between budget allocation, public safety concerns, and social policies. Moreover, examining the disparities in spending sheds light on the ongoing discussions surrounding the efficacy of prison funding and its impact on recidivism rates and community well-being.

While Wyoming’s high spending may be attributed to the challenges of managing correctional facilities in remote areas, Mississippi’s lower spending underscores the need for a nuanced understanding of the socioeconomic factors influencing state budget decisions.

### Sources

1. [How much do states spend on prisons? - USA Facts](https://usafacts.org/articles/how-much-do-states-spend-on-prisons/)
2. [Prisoners in 2021 � Statistical Tables - Bureau of Justice Statistics](https://bjs.ojp.gov/library/publications/prisoners-2021-statistical-tables)

## Other Categories

[![Agriculture](https://worldpopulationreview.com/_astro/agriculture.CicJywUp.jpg)](https://worldpopulationreview.com/categories/agriculture)[Agriculture200](https://worldpopulationreview.com/categories/agriculture)

[![Crime/Safety](https://worldpopulationreview.com/_astro/crime-safety.ewfdppod.jpg)](https://worldpopulationreview.com/categories/crime-safety)[Crime/Safety85](https://worldpopulationreview.com/categories/crime-safety)

[![Culture](https://worldpopulationreview.com/_astro/culture.C8rAiOls.jpg)](https://worldpopulationreview.com/categories/culture)[Culture562](https://worldpopulationreview.com/categories/culture)

[![Economics](https://worldpopulationreview.com/_astro/economics.Dcj3qthB.jpg)](https://worldpopulationreview.com/categories/economics)[Economics387](https://worldpopulationreview.com/categories/economics)

[![Education](https://worldpopulationreview.com/_astro/education.DIYN-BKZ.jpg)](https://worldpopulationreview.com/categories/education)[Education85](https://worldpopulationreview.com/categories/education)

[![Environment](https://worldpopulationreview.com/_astro/environment.BlVELCkh.jpg)](https://worldpopulationreview.com/categories/environment)[Environment245](https://worldpopulationreview.com/categories/environment)

[![Facts/Trivia](https://worldpopulationreview.com/_astro/facts-trivia.C-i4cpAR.jpg)](https://worldpopulationreview.com/categories/facts-trivia)[Facts/Trivia259](https://worldpopulationreview.com/categories/facts-trivia)

[![Flags](https://worldpopulationreview.com/_astro/flags.e6inale5.jpg)](https://worldpopulationreview.com/categories/flags)[Flags27](https://worldpopulationreview.com/categories/flags)

[![Geography](https://worldpopulationreview.com/_astro/geography.B59XaUIr.jpg)](https://worldpopulationreview.com/categories/geography)[Geography241](https://worldpopulationreview.com/categories/geography)

[![Health](https://worldpopulationreview.com/_astro/health.D6RFn1XW.jpg)](https://worldpopulationreview.com/categories/health)[Health323](https://worldpopulationreview.com/categories/health)

[![History](https://worldpopulationreview.com/_astro/history.D7zOQ-T5.jpg)](https://worldpopulationreview.com/categories/history)[History77](https://worldpopulationreview.com/categories/history)

[![Infrastructure/Energy](https://worldpopulationreview.com/_astro/infrastructure-energy.BSsaBT0Z.jpg)](https://worldpopulationreview.com/categories/infrastructure-energy)[Infrastructure/Energy105](https://worldpopulationreview.com/categories/infrastructure-energy)

[![Law](https://worldpopulationreview.com/_astro/law.BofDFSB8.jpg)](https://worldpopulationreview.com/categories/law)[Law550](https://worldpopulationreview.com/categories/law)

[![Manufacturing/Mining](https://worldpopulationreview.com/_astro/manufacturing-mining.BfyYzOsq.jpg)](https://worldpopulationreview.com/categories/manufacturing-mining)[Manufacturing/Mining100](https://worldpopulationreview.com/categories/manufacturing-mining)

[![Military](https://worldpopulationreview.com/_astro/military.TFTFi1JI.jpg)](https://worldpopulationreview.com/categories/military)[Military51](https://worldpopulationreview.com/categories/military)

[![Politics/Government](https://worldpopulationreview.com/_astro/politics-government.eCOIoq_C.jpg)](https://worldpopulationreview.com/categories/politics-government)[Politics/Government364](https://worldpopulationreview.com/categories/politics-government)

[![Population](https://worldpopulationreview.com/_astro/population.BIrg4MeT.jpg)](https://worldpopulationreview.com/categories/population)[Population343](https://worldpopulationreview.com/categories/population)

[![Sports](https://worldpopulationreview.com/_astro/sports.BHCP7yh0.jpg)](https://worldpopulationreview.com/categories/sports)[Sports73](https://worldpopulationreview.com/categories/sports)

[![Tech/Business](https://worldpopulationreview.com/_astro/tech-business.CTt9jsjm.jpg)](https://worldpopulationreview.com/categories/tech-business)[Tech/Business251](https://worldpopulationreview.com/categories/tech-business)

[![Travel](https://worldpopulationreview.com/_astro/travel.BMrLMNUl.jpg)](https://worldpopulationreview.com/categories/travel)[Travel85](https://worldpopulationreview.com/categories/travel)",,"Discover population, economy, health, and more with the most comprehensive global statistics at your fingertips.",,https://cdn.worldpopulationreview.com/state/prison-spending-by-state.jpg,https://worldpopulationreview.com/favicon.ico
Study: Mass. spends more per prisoner than any other state,https://www.corrections1.com/re-entry-and-recidivism/study-mass-spends-more-per-prisoner-than-any-other-state,"[facebook](https://www.facebook.com/correctionsone) [twitter](https://twitter.com/correctionsone) [linkedin](https://www.linkedin.com/showcase/corrections1)

[REGISTER](https://www.corrections1.com/registration) [MY ACCOUNT](https://www.corrections1.com/my-account)

[![Lexipol Media Group - white](https://lexipol.brightspotcdn.com/dims4/default/64f8f17/2147483647/strip/true/crop/687x178+0+0/resize/120x31!/quality/90/?url=https%3A%2F%2Fk1-prod-lexipol.s3.us-east-2.amazonaws.com%2Fbrightspot%2F82%2F4d%2F8b0266094b1d8cb6ed5204cacb6e%2Flogo-lexipolmediagroup-white.png)](https://www.lexipol.com/solutions/industry-news/)

Menu

[![Corrections1_full-color.png](https://lexipol.brightspotcdn.com/dims4/default/e6de97d/2147483647/strip/true/crop/1601x304+0+0/resize/250x47!/quality/90/?url=https%3A%2F%2Fk1-prod-lexipol.s3.us-east-2.amazonaws.com%2Fbrightspot%2F62%2F9b%2Fb2dbfa7643f4bf6172c8e1e53234%2Fcorrections1-full-color.png)](https://www.corrections1.com/)

Trending Topics

[Re-Entry and Recidivism](https://www.corrections1.com/re-entry-and-recidivism)

# Study: Mass. spends more per prisoner than any other state

## The state spends $307,468 per prisoner, which is double Vermont, the second-place state, and dwarfs the $23,000 Arkansas spends on each prisoner

March 31, 2025 09:25 AM

![Mass DOC Facebook Job Training.jpg](https://lexipol.brightspotcdn.com/dims4/default/ee1ff24/2147483647/strip/true/crop/2048x1153+0+107/resize/1000x563!/quality/90/?url=https%3A%2F%2Fk1-prod-lexipol.s3.us-east-2.amazonaws.com%2Fbrightspot%2F90%2F1c%2F54a654254f19a15bf3e78e1d9874%2Fmass-doc-facebook-job-training.jpg)

“Massachusetts leverages evidence-based programs and strategic resource management to promote rehabilitation, accountability and post-incarceration success,” a department spokesman said.

Massachusetts Department of Correction

Matthew Medsger

Boston Herald

BOSTON — Massachusetts continues to spend more putting and keeping people behind bars than any other state, according to a [recent study](https://baderscott.com/research/how-much-do-states-spend-on-prisoners-per-inmate/).

While the Bay State can boast the lowest incarceration rate among the 50 states, it spends more than twice per prisoner as Vermont, the second highest spending jurisdiction, according to a recent study published by the law firm Bader Scott.

The law firm’s study matches findings published by government data aggregator [USAFacts in 2024](https://usafacts.org/articles/how-much-do-states-spend-on-prisons/), and in both publications, the Bay State is listed as spending $307,468 per prisoner.

Vermont, which the study shows spends around $134,000 per inmate, came in at number two, while the lowest-spending, Arkansas, was found to shell out just $23,000 per confined person.

According to Seth Bader, the law firm’s founder, a state’s investment in correction directly correlates to its results.

“These financial decisions impact everything from rehabilitation programs to recidivism rates. States that invest more per prisoner often provide better educational opportunities and mental health services, which can reduce the likelihood of reoffending after release,” Bader said.

The study examined data from the [U.S. Census Bureau’s Annual Survey of State and Local Government Finances](https://www.census.gov/programs-surveys/gov-finances.html) against prison population data provided by the [Bureau of Justice Statistics](https://bjs.ojp.gov/)to arrive at the cost borne by each state’s Department of Corrections equivalent and other state-level “criminal justice agencies.”

The study found that, overall, states that spend less per prisoner tend to have far more people behind bars, according to Bader.

“Our research also highlights that states with lower per-prisoner spending typically have higher incarceration rates. This raises important questions about the relationship between adequate funding and effective criminal justice outcomes. The unprecedented spending variations across states will likely prompt policymakers to examine how prison budgets are allocated. The median state expenditure per prisoner stands at $64,865, yet 29 states fall below this figure,” he said.

The study also examined the worldwide prison population, finding that the U.S. continues to confine the most people. China, which claims about four times the U.S. population, has imprisoned around 1.69 million people, while there are approximately 1.76 million people incarcerated across the 50 states.

Keeping prisoners within one of its Department of Correction facilities accounts for a large chunk of the money spent per prisoner in Massachusetts — covering everything from housing, healthcare needs, substance use treatments, educational programming, food, clothing, toiletries, and administrative expenses — while the rest of the cost is spread among the state’s various criminal justice adjacent agencies, according to the study.

Using figures from 2021, when the DOC’s budget of $720 million is divided by the roughly 6,600 confined people in Massachusetts that year, the cost comes out to about $107,000 per person. However, there are other costs associated with keeping a person in a DOC facility that push the price tag higher, according to department spokesman Scott Croteau.

“The Massachusetts Department of Correction invests approximately $131,000 per incarcerated individual each year to uphold its mission of maintaining a safe, secure and rehabilitative environment,” Croteau said.

This investment, Croteau said, is a reflection of the state agency’s “deep commitment to addressing the complex healthcare needs of the 6,000 individuals in our care while providing the education, job training and substance use treatment to support successful reintegration.”

According to [information](https://www.mass.gov/doc/three-year-recidivism-rates-2019-release-cohort/download) provided by the DoC, in 2019 the recidivism rate for Massachusetts prisoners within three years of release was 26%. Compare that to [data](https://sac.delaware.gov/wp-content/uploads/sites/64/2022/12/Recidivism-in-Delaware.-An-Analysis-of-Prisoners-Released-in-2016-2018.pdf) out of Delaware, where in 2018 about 56% of prisoners had returned to state custody within three years of release.

“As a national leader in reducing recidivism and incarceration rates, Massachusetts leverages evidence-based programs and strategic resource management to promote rehabilitation, accountability and post-incarceration success,” Croteau said.

Trending

[![NJ department of corrections](https://lexipol.brightspotcdn.com/dims4/default/027150b/2147483647/strip/true/crop/1947x1094+0+66/resize/500x281!/quality/90/?url=https%3A%2F%2Fk1-prod-lexipol.s3.us-east-2.amazonaws.com%2Fbrightspot%2F5c%2Ff3%2F1eec0c4549619799dca4c85f7ed0%2Fscreenshot-2026-01-22-143744.png)](https://www.corrections1.com/Officer-Safety/nobody-wants-to-be-a-corrections-officer-anymore-n-j-prisons-hit-breaking-point-in-staffing)

[Officer Safety](https://www.corrections1.com/officer-safety)

[‘Nobody wants to be a corrections officer anymore': N.J. prisons hit breaking point in staffing](https://www.corrections1.com/Officer-Safety/nobody-wants-to-be-a-corrections-officer-anymore-n-j-prisons-hit-breaking-point-in-staffing)

Splashed with bodily fluids and forced into double shifts, N.J. corrections officers say unsafe conditions and lack of support are driving many out of the job


January 22, 2026 05:22 PM

[![Screenshot 2024-12-27 151221.png](https://lexipol.brightspotcdn.com/dims4/default/b39eb64/2147483647/strip/true/crop/1591x894+19+0/resize/500x281!/quality/90/?url=https%3A%2F%2Fk1-prod-lexipol.s3.us-east-2.amazonaws.com%2Fbrightspot%2Ffa%2Fde%2F46b6fce041e9af458095a129c3ee%2Fscreenshot-2024-12-27-151221.png)](https://www.corrections1.com/corrections-training/how-silence-and-culture-killed-robert-brooks)

[Corrections Training](https://www.corrections1.com/corrections-training)

[How silence and culture killed Robert Brooks](https://www.corrections1.com/corrections-training/how-silence-and-culture-killed-robert-brooks)

What will you do when you see misconduct by a peer or supervisor?


January 23, 2026 03:46 PM

·

[Mike Cantrell](https://www.corrections1.com/correctional-breaching/)

[![poster.jpg](https://lexipol.brightspotcdn.com/dims4/default/4f2c79f/2147483647/strip/true/crop/1280x719+0+0/resize/500x281!/quality/90/?url=https%3A%2F%2Fk1-prod-lexipol.s3.us-east-2.amazonaws.com%2Fbrightspot%2F70%2F8c%2F7643e56144cf9e9076212d8f6d43%2Faafe5178caab463eb82aaa7b7f57461d%2Fposter.jpg)](https://www.corrections1.com/minn-prisons-commissioner-disputes-dhs-figures-on-ice-detainers-and-inmate-releases)

ICE

[Minn. prisons commissioner disputes DHS figures on ICE detainers and inmate releases](https://www.corrections1.com/minn-prisons-commissioner-disputes-dhs-figures-on-ice-detainers-and-inmate-releases)

A Minnesota state survey found 94 noncitizens in jail with ICE detainers, and 207 in prison, for a total of about 300 people, compared to 1,360 reported by DHS


January 23, 2026 10:45 AM

Beyond the state’s desire to truly reform its prisoners, the Bay State’s corrections costs are also buoyed by the same forces that make everything else in the state expensive — high housing prices, maintenance of old facilities, and a relatively high cost of living.

While the [Bureau of Labor Statistics](https://www.bls.gov/oes/current/oes333012.htm)shows that the median salary for a corrections officer is just shy of $59,000 annually, prison guards in Massachusetts are among the highest paid in the nation and made a median salary of $77,260 in 2023. Last year, at least four officers worked enough overtime to earn more than $300,000, and another 49 clocked the hours to earn more than $200,000.

Apart from those high overtime earners, a corrections officer’s salary is generally not a lot to live on in the Bay State, where the median cost of living breaks into six figures. Working with prisoners is also a dangerous line of work. From January to July of last year alone, 156 officers were injured on the job, 53 were exposed to dangerous drugs, and 34 were pelted with bodily fluids.

Peter Brown, a spokesman for the Massachusetts Correction Officers Federated Union, said the Bay State’s corrections officers are “in favor of” spending on “education programs and mental health services,” but that there are other areas of the system that could use some monetary attention.

“We ask that the Department of Correction keep its focus on the safety inside the prisons,” he added, especially due to “an increase over the last few years in illicit drug use and assaults on our officers with deadly weapons.”

©2025 MediaNews Group, Inc. Visit at [bostonherald.com](https://www.bostonherald.com/). Distributed by [Tribune Content Agency, LLC.](https://www.tribunecontentagency.com/)

[Finance & Budgets](https://www.corrections1.com/finance-and-budgets) [Probation and Parole](https://www.corrections1.com/probation-and-parole) [Re-Entry and Recidivism](https://www.corrections1.com/re-entry-and-recidivism)",,"The state spends $307,468 per prisoner, which is double Vermont, the second-place state, and dwarfs the $23,000 Arkansas spends on each prisoner",,https://lexipol.brightspotcdn.com/dims4/default/faf973d/2147483647/strip/true/crop/2048x1152+0+107/resize/1440x810!/quality/90/?url=https%3A%2F%2Fk1-prod-lexipol.s3.us-east-2.amazonaws.com%2Fbrightspot%2F90%2F1c%2F54a654254f19a15bf3e78e1d9874%2Fmass-doc-facebook-job-training.jpg,https://www.corrections1.com/favicon-32x32.png
