title,url,markdown,author,description,date,image,favicon
How Mandatory Minimums Perpetuate Mass Incarceration and What to Do About It – The Sentencing Project,https://www.sentencingproject.org/fact-sheet/how-mandatory-minimums-perpetuate-mass-incarceration-and-what-to-do-about-it/,"[Skip to main content](https://www.sentencingproject.org/fact-sheet/how-mandatory-minimums-perpetuate-mass-incarceration-and-what-to-do-about-it/#maincontent) [Donate](https://secure.sentencingproject.org/a/donation)

Eliminating mandatory minimum sentencing laws is essential to creating a more just and equitable criminal justice system. Widespread evidence shows that mandatory minimum sentences produce substantial harm with no overall benefit to crime control.[1](https://www.sentencingproject.org/fact-sheet/how-mandatory-minimums-perpetuate-mass-incarceration-and-what-to-do-about-it/#footnote-ref-1) Determined by lawmakers rather than judges, these sentences represent a uniquely American approach to sentencing that has accelerated prison growth. They constrain judicial discretion, deepen racial disparities in the criminal legal system, and cause far-reaching harm to individuals, families, and communities.[2](https://www.sentencingproject.org/fact-sheet/how-mandatory-minimums-perpetuate-mass-incarceration-and-what-to-do-about-it/#footnote-ref-2)

Despite building bipartisan agreement that such sentences are a policy failure, mandatory minimum sentences continue to be promoted as a tool to combat crime, even as the public signals waning support. This fact sheet identifies the main issues associated with mandatory minimum sentences. It documents the modest progress toward ending them, as well as efforts to reinstate them, and offers solutions to hasten change that will aid in ending mass incarceration.

## Overview

Mandatory minimums are legal provisions in each state and the federal government that require a specific minimum prison term for certain crimes, regardless of individual circumstances.[3](https://www.sentencingproject.org/fact-sheet/how-mandatory-minimums-perpetuate-mass-incarceration-and-what-to-do-about-it/#footnote-ref-3) A range of criminal legal experts from ideologically diverse backgrounds[4](https://www.sentencingproject.org/fact-sheet/how-mandatory-minimums-perpetuate-mass-incarceration-and-what-to-do-about-it/#footnote-ref-4) maintain that mandatory minimums are an overly harsh, disproportionate punishment.[5](https://www.sentencingproject.org/fact-sheet/how-mandatory-minimums-perpetuate-mass-incarceration-and-what-to-do-about-it/#footnote-ref-5)

As crime rose in the 1980s and early 1990s, federal and state lawmakers scrambled to calm public concern.[6](https://www.sentencingproject.org/fact-sheet/how-mandatory-minimums-perpetuate-mass-incarceration-and-what-to-do-about-it/#footnote-ref-6) With some support from academics, community leaders from areas with rising crime, corrections, law enforcement, and the legal community, politicians built on growing momentum to end indeterminate sentences, consisting of a range of years with no set minimum, and instead opted for longer, determinate sentences upon conviction with a long, minimum term. By 1995, all 50 states and the federal government constrained judges’ discretion in sentencing by mandating minimum imprisonment terms for a wide variety of offenses.[7](https://www.sentencingproject.org/fact-sheet/how-mandatory-minimums-perpetuate-mass-incarceration-and-what-to-do-about-it/#footnote-ref-7) These policies encompassed:

- Mandatory prison sentences for many drug-related crimes and longer, mandatory minimum sentences for violent crimes and repeat (i.e., habitual) offenses;
- “Three strikes” laws that lengthened sentences, requiring minimum sentences of 25 years to life imprisonment for some, usually serious, offenses;[8](https://www.sentencingproject.org/fact-sheet/how-mandatory-minimums-perpetuate-mass-incarceration-and-what-to-do-about-it/#footnote-ref-8) and
- “Truth-in-sentencing” laws, which required people to serve most of their sentences, typically 85%, before eligibility for release.[9](https://www.sentencingproject.org/fact-sheet/how-mandatory-minimums-perpetuate-mass-incarceration-and-what-to-do-about-it/#footnote-ref-9)

## Problems with Mandatory Minimums

### Prosecutors hold the power

A deterrence rationale underpinned mandatory minimum sentences: individuals were expected to refrain from committing new crimes if sentences were lengthened, and such sentences would also “send a message” to those considering criminal acts. The laws were professed to target violent crime, but their broad authority resulted in far more drug and other nonviolent convictions than violent convictions. The use of mandatory minimums effectively vests prosecutors with powerful sentencing discretion. The prosecutor controls the decision to charge a person with a mandatory-eligible crime and, in some states, the decision to apply the mandatory minimum to an eligible charge.[10](https://www.sentencingproject.org/fact-sheet/how-mandatory-minimums-perpetuate-mass-incarceration-and-what-to-do-about-it/#footnote-ref-10) Rather than eliminate discretion in sentencing, mandatory minimums therefore moved this power from judges to prosecutors. The threat of mandatory minimums also encourages defendants to plead to a different crime to avoid a stiff, mandatory sentence.

### Racial and ethnic disparities flourish

Studies show that Black people receive mandatory minimum sentences more frequently than whites.[11](https://www.sentencingproject.org/fact-sheet/how-mandatory-minimums-perpetuate-mass-incarceration-and-what-to-do-about-it/#footnote-ref-11) A 2019 study found that people of color in New York made up 91% of arrests for crimes that carry mandatory minimums, whereas whites made up only 7%.[12](https://www.sentencingproject.org/fact-sheet/how-mandatory-minimums-perpetuate-mass-incarceration-and-what-to-do-about-it/#footnote-ref-12) At the federal level, a 2017 United States Sentencing Commission report on drug sentences revealed that Black people were the most likely to have been sentenced under a mandatory minimum than any other group, and that, despite equal rates of using drugs,[13](https://www.sentencingproject.org/fact-sheet/how-mandatory-minimums-perpetuate-mass-incarceration-and-what-to-do-about-it/#footnote-ref-13) Black and Hispanic individuals comprised the majority of persons convicted of drug-related offenses (which are the most common federal offenses subject to mandatory minimums).[14](https://www.sentencingproject.org/fact-sheet/how-mandatory-minimums-perpetuate-mass-incarceration-and-what-to-do-about-it/#footnote-ref-14)

The racial disparity associated with the sentencing of crack and powder cocaine offenses in the federal system after Congress passed the draconian Anti-Drug Abuse Act of 1986 is well known. The law created a quantity-based 100:1 disparity between federal crack cocaine and powder cocaine offenses, imposing the same five and ten-year mandatory minimum penalties for selling five and 50 grams of crack cocaine as for 100 times the amount of powder cocaine. In 1986, before the law passed, the average federal drug sentence for African Americans was 11% higher than for whites but within four years, this average was 49% higher.[15](https://www.sentencingproject.org/fact-sheet/how-mandatory-minimums-perpetuate-mass-incarceration-and-what-to-do-about-it/#footnote-ref-15) A 2007 analysis by the United States Sentencing Commission showed that 82% of people convicted of crack-related offenses were Black, a stunning difference compared to whites (9%).[16](https://www.sentencingproject.org/fact-sheet/how-mandatory-minimums-perpetuate-mass-incarceration-and-what-to-do-about-it/#footnote-ref-16) This injustice was reduced, but not eliminated through the Fair Sentencing Act in 2010 which lowered the disparity to 18:1 from 100:1.

### Prison conditions worsen

In addition to their profound racial differences, mandatory minimum sentences have contributed to prison overcrowding, which exacerbates extremely unsanitary and dangerous living conditions. Overcrowded prisons create resource deficits for rehabilitation, mental and behavioral health needs, and education needs. Eliminating mandatory minimums would allow the reallocation of resources that could instead go toward funding these services and programs, which have known community safety benefits.[17](https://www.sentencingproject.org/fact-sheet/how-mandatory-minimums-perpetuate-mass-incarceration-and-what-to-do-about-it/#footnote-ref-17)

## State and Federal Reforms Underway

After decades of lengthening prison terms to discourage engagement in crime, the failure of this approach is abundantly clear, and some jurisdictions are reversing course. A few notable reforms in recent years include:

- Almost half of all states, as well as the federal government, have reduced or eliminated some mandatory minimums related to drug offenses.[18](https://www.sentencingproject.org/fact-sheet/how-mandatory-minimums-perpetuate-mass-incarceration-and-what-to-do-about-it/#footnote-ref-18)
- Colorado, Iowa, and Washington now forbid mandatory minimums for youth who are transferred to the adult system.[19](https://www.sentencingproject.org/fact-sheet/how-mandatory-minimums-perpetuate-mass-incarceration-and-what-to-do-about-it/#footnote-ref-19)
- Mississippi scaled back its truth-in-sentencing law so that certain nonviolent offenses committed by someone without a criminal history could be reviewed after serving one fourth of their sentence instead of the previous mandate of needing to serve 85% of their sentence.[20](https://www.sentencingproject.org/fact-sheet/how-mandatory-minimums-perpetuate-mass-incarceration-and-what-to-do-about-it/#footnote-ref-20)

While states have yet to address the overuse of mandatory minimum sentences for violent offenses, the limits put on harsh penalties for nonviolent and drug offenses is encouraging. But even here, reform of mandatory minimums has been too sporadic and insufficient to meaningfully pull the prison population back to its pre-mass incarceration levels. Reforms should be strengthened so they point the way toward a new paradigm of sentencing that allows individualized assessments, that includes regular review, and earned release as soon as possible.

## Support for Misguided Policies Remains

We are now in the 50th year of the uniquely American reliance on mass incarceration.[21](https://www.sentencingproject.org/fact-sheet/how-mandatory-minimums-perpetuate-mass-incarceration-and-what-to-do-about-it/#footnote-ref-21) Experts agree that this has come about by politics, not crime, and many of the policies are related to mandatory minimum sentences.[22](https://www.sentencingproject.org/fact-sheet/how-mandatory-minimums-perpetuate-mass-incarceration-and-what-to-do-about-it/#footnote-ref-22) From perpetuating racial disparities, hindering rehabilitation, and straining resources, these policies have had significant negative consequences for individuals, families, and communities.

While inroads have been made to reverse or reform mandatory minimum laws in select states, we are nowhere near an end to the “get tough” politics that brought them about. Old rhetoric tends to resurface when crime worries rise. In 2022, the Tennessee legislature passed a new truth-in-sentencing law,[23](https://www.sentencingproject.org/fact-sheet/how-mandatory-minimums-perpetuate-mass-incarceration-and-what-to-do-about-it/#footnote-ref-23)which requires individuals to serve 100% of their sentence upon conviction for eight separate felonies. The law is expected to increase the prison population considerably.[24](https://www.sentencingproject.org/fact-sheet/how-mandatory-minimums-perpetuate-mass-incarceration-and-what-to-do-about-it/#footnote-ref-24)

A successful push in California for two new mandatory minimums followed another highly televised crime by Stanford University student Brock Turner in 2016.[25](https://www.sentencingproject.org/fact-sheet/how-mandatory-minimums-perpetuate-mass-incarceration-and-what-to-do-about-it/#footnote-ref-25) Because the sexual assault did not fall neatly in the state definition of rape, the two new laws expanded the definition of rape and prohibited the use of probation in a wider range of crimes of a sexual nature. The case exemplifies the understandable emotional public outcry for immediate action. It is important to remember, though, that the burden of such quickly developed laws is likely to fall disproportionately on non-white individuals, unlike this defendant, perpetuating the crisis of punitiveness toward Black and Brown communities.[26](https://www.sentencingproject.org/fact-sheet/how-mandatory-minimums-perpetuate-mass-incarceration-and-what-to-do-about-it/#footnote-ref-26)

To address the current opioid crisis, federal legislators most recently introduced the HALT Fentanyl Act.[27](https://www.sentencingproject.org/fact-sheet/how-mandatory-minimums-perpetuate-mass-incarceration-and-what-to-do-about-it/#footnote-ref-27) It automatically classifies all fentanyl-related drugs as Schedule I drugs, regardless of their psychoactive impact or potential for harm, creating a lower threshold for conviction and triggering a mandatory minimum at sentencing. Schedule I is reserved for drugs with a high potential for abuse and no medical use; fentanyl is currently a Schedule II drug.[28](https://www.sentencingproject.org/fact-sheet/how-mandatory-minimums-perpetuate-mass-incarceration-and-what-to-do-about-it/#footnote-ref-28) Under the HALT Act, anyone convicted of distributing or importing specific amounts of substances “structurally related to fentanyl” would be subject to mandatory minimum sentences.[29](https://www.sentencingproject.org/fact-sheet/how-mandatory-minimums-perpetuate-mass-incarceration-and-what-to-do-about-it/#footnote-ref-29) This legislation represents a doubling down on failed drug policies that prioritize prisons over treatment and will once again overwhelmingly harm communities of color. Over 20 criminal justice reform groups, including The Sentencing Project, have voiced opposition to the bill.

## Moving Forward

The evidence from 35 years of mandatory minimum sentencing shows that long and harsh sentences are not effective for community safety. Prosecutors should avoid charging crimes that trigger mandatory minimums, particularly those related to drug offenses. Despite the temptation to stiffen penalties to address crime, lawmakers can turn instead to approaches that include prevention and early interventions, and more opportunities for diversion from prison.[30](https://www.sentencingproject.org/fact-sheet/how-mandatory-minimums-perpetuate-mass-incarceration-and-what-to-do-about-it/#footnote-ref-30) The Sentencing Project supports the elimination of mandatory minimum sentences entirely as well as making the changes retroactive for persons already serving these sentences.

## Footnotes

| [1.](https://www.sentencingproject.org/fact-sheet/how-mandatory-minimums-perpetuate-mass-incarceration-and-what-to-do-about-it/#footnote-1) | National Research Council. (2014). The Growth of Incarceration in the United States: Exploring Causes and Consequences. Committee on Causes and Consequences of High Rates of Incarceration, J. Travis, B. Western, and S. Redburn, Editors. Committee on Law and Justice, Division of Behavioral and Social Sciences and Education. The National Academies Press. [https://doi.org/10.17226/18613](https://doi.org/10.17226/18613). |
| [2.](https://www.sentencingproject.org/fact-sheet/how-mandatory-minimums-perpetuate-mass-incarceration-and-what-to-do-about-it/#footnote-2) | Schulhofer, S. J. (1993). Rethinking mandatory minimums. _Wake Forest Law Review, 28_ (2), 199-222. |
| [3.](https://www.sentencingproject.org/fact-sheet/how-mandatory-minimums-perpetuate-mass-incarceration-and-what-to-do-about-it/#footnote-3) | Ulmer, J. T., Kurlychek, M. C. & Kramer, J. H. (2007). Prosecutorial discretion and the imposition of mandatory minimum sentences. _Journal of Research in Crime and Delinquency, 44_(4), 427-458. doi: [https://doi.org/10.1177/0022427807305853](https://doi.org/10.1177/0022427807305853). |
| [4.](https://www.sentencingproject.org/fact-sheet/how-mandatory-minimums-perpetuate-mass-incarceration-and-what-to-do-about-it/#footnote-4) | Pew Charitable Trusts. [_Louisiana’s 2017 criminal justice reforms_](https://www.pewtrusts.org/-/media/assets/2018/03/pspp_louisianas_2017_criminal_justice_reforms.pdf). |
| [5.](https://www.sentencingproject.org/fact-sheet/how-mandatory-minimums-perpetuate-mass-incarceration-and-what-to-do-about-it/#footnote-5) | Peters, J. W. (2014). GOP Moving to ease its stance on sentencing. _The New York Times_; Schulhofer, S. J. (2010). _Statement of Stephen J. Schulhofer before the United States Sentencing Commission_. USSC. |
| [6.](https://www.sentencingproject.org/fact-sheet/how-mandatory-minimums-perpetuate-mass-incarceration-and-what-to-do-about-it/#footnote-6) | Public opinion polling shows elevated crime fear over time with the routinely asked question, “Is there any area near where you live–that is, within a mile–where you would be afraid to walk alone at night?” [https://news.gallup.com/poll/1603/crime.aspx](https://news.gallup.com/poll/1603/crime.aspx). |
| [7.](https://www.sentencingproject.org/fact-sheet/how-mandatory-minimums-perpetuate-mass-incarceration-and-what-to-do-about-it/#footnote-7) | Parent, D., Dunworth, T., McDonald, D., & Rhodes, W. (1997). _Key legislative issues in criminal justice: Mandatory sentencing_. National Institute of Justice. |
| [8.](https://www.sentencingproject.org/fact-sheet/how-mandatory-minimums-perpetuate-mass-incarceration-and-what-to-do-about-it/#footnote-8) | Marvell, T. B. & Moody, C. E. (2001). The lethal effects of Three Strikes laws. _The Journal of Legal Studies, 30_(1), 89-106. |
| [9.](https://www.sentencingproject.org/fact-sheet/how-mandatory-minimums-perpetuate-mass-incarceration-and-what-to-do-about-it/#footnote-9) | National Research Council. (2014), see note 1. |
| [10.](https://www.sentencingproject.org/fact-sheet/how-mandatory-minimums-perpetuate-mass-incarceration-and-what-to-do-about-it/#footnote-10) | Ulmer, J. T., Kurlychek, M. C. & Kramer, J. H. (2007), see note 3. |
| [11.](https://www.sentencingproject.org/fact-sheet/how-mandatory-minimums-perpetuate-mass-incarceration-and-what-to-do-about-it/#footnote-11) | Fischman, J., & Schanzenbach, M. (2012). Racial disparities under the federal sentencing guidelines: The role of judicial discretion and mandatory minimums. _Journal of Empirical Legal Studies, 9_(4), 729-764. |
| [12.](https://www.sentencingproject.org/fact-sheet/how-mandatory-minimums-perpetuate-mass-incarceration-and-what-to-do-about-it/#footnote-12) | Butcher, F., Cissner, A., & Rempel, M. (2022). _[Felony sentencing in New York City: Mandatory minimums, mass incarceration, and race](https://www.innovatingjustice.org/sites/default/files/media/document/2022/Felony_Sentencing_Minimums_Race.pdf)._ Center for Court Innovation. |
| [13.](https://www.sentencingproject.org/fact-sheet/how-mandatory-minimums-perpetuate-mass-incarceration-and-what-to-do-about-it/#footnote-13) | Substance Abuse and Mental Health Services Administration. (2019). _Results from the 2018 national survey on drug use and health: Detailed tables._ Center for Behavioral Health Statistics and Quality, Substance Abuse and Mental Health Services Administration. |
| [14.](https://www.sentencingproject.org/fact-sheet/how-mandatory-minimums-perpetuate-mass-incarceration-and-what-to-do-about-it/#footnote-14) | United States Sentencing Commission (2017). _An overview of mandatory minimums in the federal criminal justice system_. USSC. |
| [15.](https://www.sentencingproject.org/fact-sheet/how-mandatory-minimums-perpetuate-mass-incarceration-and-what-to-do-about-it/#footnote-15) | McCurdy, J. & Vagins, D. J. (2006). _Cracks in the system: Twenty years of unjust federal crack cocaine law._ ACLU. |
| [16.](https://www.sentencingproject.org/fact-sheet/how-mandatory-minimums-perpetuate-mass-incarceration-and-what-to-do-about-it/#footnote-16) | United States Sentencing Commission (2007). _Report to Congress: Cocaine and federal sentencing policy._ |
| [17.](https://www.sentencingproject.org/fact-sheet/how-mandatory-minimums-perpetuate-mass-incarceration-and-what-to-do-about-it/#footnote-17) | Komar, L. & Porter, N. (2023) _Ending mass incarceration: Social interventions that work._ The Sentencing Project; Lamb, M. (2018). A return to rehabilitation. Mandatory minimum sentencing in an era of mass incarceration. _Journal of Legislation, 4_ 1(4), 126-150. |
| [18.](https://www.sentencingproject.org/fact-sheet/how-mandatory-minimums-perpetuate-mass-incarceration-and-what-to-do-about-it/#footnote-18) | These states include Arkansas, Connecticut, Delaware, Florida, Georgia, Iowa, Hawaii, Kentucky, Maryland, Massachusetts, Michigan, Minnesota, Mississippi, Missouri, Montana, New Jersey, New Mexico, New York, North Dakota, Ohio, Oklahoma, Pennsylvania, Rhode Island, and South Carolina. For a list of the reforms, see [https://famm.org/wp-content/uploads/Recent-State-Reforms.pdf](https://famm.org/wp-content/uploads/Recent-State-Reforms.pdf). |
| [19.](https://www.sentencingproject.org/fact-sheet/how-mandatory-minimums-perpetuate-mass-incarceration-and-what-to-do-about-it/#footnote-19) | Steiner, M. (2017). _Mandatory minimums maximum consequences_. Juvenile Law Center. |
| [20.](https://www.sentencingproject.org/fact-sheet/how-mandatory-minimums-perpetuate-mass-incarceration-and-what-to-do-about-it/#footnote-20) | Summerhays, N. (2023, March 29). _[Increased mandatory minimum bill heads to the governor’s desk](https://magnoliatribune.com/2023/03/29/increased-mandatory-minimum-bill-heads-to-governors-desk/)_. Magnolia Tribune. |
| [21.](https://www.sentencingproject.org/fact-sheet/how-mandatory-minimums-perpetuate-mass-incarceration-and-what-to-do-about-it/#footnote-21) | Nellis, A. (2023). [_50 years and a wake up: Ending the mass incarceration crisis in America_](https://www.sentencingproject.org/advocacy/50-years-and-a-wake-up-ending-the-mass-incarceration-crisis-in-america/). The Sentencing Project. |
| [22.](https://www.sentencingproject.org/fact-sheet/how-mandatory-minimums-perpetuate-mass-incarceration-and-what-to-do-about-it/#footnote-22) | National Research Council. (2014), see note 1. |
| [23.](https://www.sentencingproject.org/fact-sheet/how-mandatory-minimums-perpetuate-mass-incarceration-and-what-to-do-about-it/#footnote-23) | Tennessee Public Chapter Number 988 (2022). [https://publications.tnsosfiles.com/acts/112/pub/pc0988.pdf](https://publications.tnsosfiles.com/acts/112/pub/pc0988.pdf) |
| [24.](https://www.sentencingproject.org/fact-sheet/how-mandatory-minimums-perpetuate-mass-incarceration-and-what-to-do-about-it/#footnote-24) | Brown, M. (2022, April 21). _Tennessee general assembly passes controversial truth-in-sentencing legislation_. The Tennessean. |
| [25.](https://www.sentencingproject.org/fact-sheet/how-mandatory-minimums-perpetuate-mass-incarceration-and-what-to-do-about-it/#footnote-25) | Ngutter, T. (2016, Fall). Sexual assault legislation in the aftermath of Brock Turner and Bill Cosby. _Columbia Undergraduate Law Review Online_; Ulloa, J. (2016, September 30). _Spurred by Brock Turner case, Governor Jerry Brown signs laws to toughen laws against rape_. Los Angeles Times. |
| [26.](https://www.sentencingproject.org/fact-sheet/how-mandatory-minimums-perpetuate-mass-incarceration-and-what-to-do-about-it/#footnote-26) | Ehrett, J. (2017). Public choice and the mandatory minimum temptation. _Yale Law & Policy Review, 35_(2), 603–611. [http://www.jstor.org/stable/26601911](http://www.jstor.org/stable/26601911) |
| [27.](https://www.sentencingproject.org/fact-sheet/how-mandatory-minimums-perpetuate-mass-incarceration-and-what-to-do-about-it/#footnote-27) | HALT Fentanyl Act, H.R. 171 (118th Congress). [https://www.congress.gov/bill/118th-congress/house-bill/171](https://www.congress.gov/bill/118th-congress/house-bill/171) |
| [28.](https://www.sentencingproject.org/fact-sheet/how-mandatory-minimums-perpetuate-mass-incarceration-and-what-to-do-about-it/#footnote-28) | Fentanyl-related substances are temporarily classified as Schedule I, and absent that temporary scheduling, are also criminalized under the Federal Analogue Act, if prosecutors prove that a given analogue meets specific criteria related to chemical structure and psychoactive effects. |
| [29.](https://www.sentencingproject.org/fact-sheet/how-mandatory-minimums-perpetuate-mass-incarceration-and-what-to-do-about-it/#footnote-29) | The mandatory sentences are five years for 10 grams or more, 10 years for 100 grams or more, and, if death or serious bodily injury results from the substance, the sentence would rise to at least 20 years. |
| [30.](https://www.sentencingproject.org/fact-sheet/how-mandatory-minimums-perpetuate-mass-incarceration-and-what-to-do-about-it/#footnote-30) | Komar, L & Porter, N. (2023). See note 17; Mendel, R. (2023) [_Effective alternatives to youth incarceration_](https://www.sentencingproject.org/reports/effective-alternatives-to-youth-incarceration/). The Sentencing Project. |

National Research Council. (2014). The Growth of Incarceration in the United States: Exploring Causes and Consequences. Committee on Causes and Consequences of High Rates of Incarceration, J. Travis, B. Western, and S. Redburn, Editors. Committee on Law and Justice, Division of Behavioral and Social Sciences and Education. The National Academies Press. [https://doi.org/10.17226/18613](https://doi.org/10.17226/18613).

Schulhofer, S. J. (1993). Rethinking mandatory minimums. _Wake Forest Law Review, 28_ (2), 199-222.

Ulmer, J. T., Kurlychek, M. C. & Kramer, J. H. (2007). Prosecutorial discretion and the imposition of mandatory minimum sentences. _Journal of Research in Crime and Delinquency, 44_(4), 427-458. doi: [https://doi.org/10.1177/0022427807305853](https://doi.org/10.1177/0022427807305853).

Pew Charitable Trusts. [_Louisiana’s 2017 criminal justice reforms_](https://www.pewtrusts.org/-/media/assets/2018/03/pspp_louisianas_2017_criminal_justice_reforms.pdf).

Peters, J. W. (2014). GOP Moving to ease its stance on sentencing. _The New York Times_; Schulhofer, S. J. (2010). _Statement of Stephen J. Schulhofer before the United States Sentencing Commission_. USSC.

Public opinion polling shows elevated crime fear over time with the routinely asked question, “Is there any area near where you live–that is, within a mile–where you would be afraid to walk alone at night?” [https://news.gallup.com/poll/1603/crime.aspx](https://news.gallup.com/poll/1603/crime.aspx).

Parent, D., Dunworth, T., McDonald, D., & Rhodes, W. (1997). _Key legislative issues in criminal justice: Mandatory sentencing_. National Institute of Justice.

Marvell, T. B. & Moody, C. E. (2001). The lethal effects of Three Strikes laws. _The Journal of Legal Studies, 30_(1), 89-106.

National Research Council. (2014), see note 1.

Ulmer, J. T., Kurlychek, M. C. & Kramer, J. H. (2007), see note 3.

Fischman, J., & Schanzenbach, M. (2012). Racial disparities under the federal sentencing guidelines: The role of judicial discretion and mandatory minimums. _Journal of Empirical Legal Studies, 9_(4), 729-764.

Butcher, F., Cissner, A., & Rempel, M. (2022). _[Felony sentencing in New York City: Mandatory minimums, mass incarceration, and race](https://www.innovatingjustice.org/sites/default/files/media/document/2022/Felony_Sentencing_Minimums_Race.pdf)._ Center for Court Innovation.

Substance Abuse and Mental Health Services Administration. (2019). _Results from the 2018 national survey on drug use and health: Detailed tables._ Center for Behavioral Health Statistics and Quality, Substance Abuse and Mental Health Services Administration.

United States Sentencing Commission (2017). _An overview of mandatory minimums in the federal criminal justice system_. USSC.

McCurdy, J. & Vagins, D. J. (2006). _Cracks in the system: Twenty years of unjust federal crack cocaine law._ ACLU.

United States Sentencing Commission (2007). _Report to Congress: Cocaine and federal sentencing policy._

Komar, L. & Porter, N. (2023) _Ending mass incarceration: Social interventions that work._ The Sentencing Project; Lamb, M. (2018). A return to rehabilitation. Mandatory minimum sentencing in an era of mass incarceration. _Journal of Legislation, 4_ 1(4), 126-150.

These states include Arkansas, Connecticut, Delaware, Florida, Georgia, Iowa, Hawaii, Kentucky, Maryland, Massachusetts, Michigan, Minnesota, Mississippi, Missouri, Montana, New Jersey, New Mexico, New York, North Dakota, Ohio, Oklahoma, Pennsylvania, Rhode Island, and South Carolina. For a list of the reforms, see [https://famm.org/wp-content/uploads/Recent-State-Reforms.pdf](https://famm.org/wp-content/uploads/Recent-State-Reforms.pdf).

Steiner, M. (2017). _Mandatory minimums maximum consequences_. Juvenile Law Center.

Summerhays, N. (2023, March 29). _[Increased mandatory minimum bill heads to the governor’s desk](https://magnoliatribune.com/2023/03/29/increased-mandatory-minimum-bill-heads-to-governors-desk/)_. Magnolia Tribune.

Nellis, A. (2023). [_50 years and a wake up: Ending the mass incarceration crisis in America_](https://www.sentencingproject.org/advocacy/50-years-and-a-wake-up-ending-the-mass-incarceration-crisis-in-america/). The Sentencing Project.

National Research Council. (2014), see note 1.

Tennessee Public Chapter Number 988 (2022). [https://publications.tnsosfiles.com/acts/112/pub/pc0988.pdf](https://publications.tnsosfiles.com/acts/112/pub/pc0988.pdf)

Brown, M. (2022, April 21). _Tennessee general assembly passes controversial truth-in-sentencing legislation_. The Tennessean.

Ngutter, T. (2016, Fall). Sexual assault legislation in the aftermath of Brock Turner and Bill Cosby. _Columbia Undergraduate Law Review Online_; Ulloa, J. (2016, September 30). _Spurred by Brock Turner case, Governor Jerry Brown signs laws to toughen laws against rape_. Los Angeles Times.

Ehrett, J. (2017). Public choice and the mandatory minimum temptation. _Yale Law & Policy Review, 35_(2), 603–611. [http://www.jstor.org/stable/26601911](http://www.jstor.org/stable/26601911)

HALT Fentanyl Act, H.R. 171 (118th Congress). [https://www.congress.gov/bill/118th-congress/house-bill/171](https://www.congress.gov/bill/118th-congress/house-bill/171)

Fentanyl-related substances are temporarily classified as Schedule I, and absent that temporary scheduling, are also criminalized under the Federal Analogue Act, if prosecutors prove that a given analogue meets specific criteria related to chemical structure and psychoactive effects.

The mandatory sentences are five years for 10 grams or more, 10 years for 100 grams or more, and, if death or serious bodily injury results from the substance, the sentence would rise to at least 20 years.

Komar, L & Porter, N. (2023). See note 17; Mendel, R. (2023) [_Effective alternatives to youth incarceration_](https://www.sentencingproject.org/reports/effective-alternatives-to-youth-incarceration/). The Sentencing Project.

![](https://www.sentencingproject.org/app/themes/sentencingproject/assets/images/resource-fallback.jpg)

Fact Sheet

### [Washington State Should Restore Voting Rights to Over 15,000 Citizens](https://www.sentencingproject.org/fact-sheet/washington-state-should-restore-voting-rights-to-over-15000-citizens/)

Washington should strengthen its democracy and advance racial justice by ensuring its entire voting-eligible population can vote.

By Dinesh Napal and Kristen M. Budd, Ph.D. on January 21, 2026

![](https://www.sentencingproject.org/app/themes/sentencingproject/assets/images/resource-fallback.jpg)

Advocacy Letter

### [Coalition Letter Urging Congress to Refuse to Fund ICE Without Reforms](https://www.sentencingproject.org/advocacy-letter/coalition-letter-urging-congress-to-refuse-to-fund-ice-without-reforms/)

The Sentencing Project joined 400+ civil rights groups calling on Congress to rein in Immigration and Customs Enforcement and Border Patrol through budget negotiations. The groups are asking members of Congress to demand that any appropriations bill for the Department of Homeland Security restrains and requires accountability from immigration enforcement agencies.

January 9, 2026

![](https://www.sentencingproject.org/app/themes/sentencingproject/assets/images/resource-fallback.jpg)

Newsletter

### [Top Trends in Criminal Legal Reform, 2025](https://www.sentencingproject.org/newsletter/top-trends-in-criminal-legal-reform-2025/)

At least 10 states adopted criminal legal reforms in 2025 that may contribute to decarceration, guarantee voting rights for legal system-impacted citizens, and advance youth justice reforms.

By Nicole D. Porter on December 30, 2025

![](https://www.sentencingproject.org/app/themes/sentencingproject/assets/images/email-subscribe-bg.jpg)

## Stay involved & informed

Stay up-to-date on the latest reports and news from The Sentencing Project.

First Name

Last Name

Email address

Subscribe

### Thanks for subscribing!

Contact Information

First Name

Last Name

Zip Code

Mobile Phone

- United States+1
- Canada+1
- United Kingdom+44
- Afghanistan (‫افغانستان‬‎)+93
- Albania (Shqipëri)+355
- Algeria (‫الجزائر‬‎)+213
- American Samoa+1
- Andorra+376
- Angola+244
- Anguilla+1
- Antigua and Barbuda+1
- Argentina+54
- Armenia (Հայաստան)+374
- Aruba+297
- Ascension Island+247
- Australia+61
- Austria (Österreich)+43
- Azerbaijan (Azərbaycan)+994
- Bahamas+1
- Bahrain (‫البحرين‬‎)+973
- Bangladesh (বাংলাদেশ)+880
- Barbados+1
- Belarus (Беларусь)+375
- Belgium (België)+32
- Belize+501
- Benin (Bénin)+229
- Bermuda+1
- Bhutan (འབྲུག)+975
- Bolivia+591
- Bosnia and Herzegovina (Босна и Херцеговина)+387
- Botswana+267
- Brazil (Brasil)+55
- British Indian Ocean Territory+246
- British Virgin Islands+1
- Brunei+673
- Bulgaria (България)+359
- Burkina Faso+226
- Burundi (Uburundi)+257
- Cambodia (កម្ពុជា)+855
- Cameroon (Cameroun)+237
- Canada+1
- Cape Verde (Kabu Verdi)+238
- Caribbean Netherlands+599
- Cayman Islands+1
- Central African Republic (République centrafricaine)+236
- Chad (Tchad)+235
- Chile+56
- China (中国)+86
- Christmas Island+61
- Cocos (Keeling) Islands+61
- Colombia+57
- Comoros (‫جزر القمر‬‎)+269
- Congo (DRC) (Jamhuri ya Kidemokrasia ya Kongo)+243
- Congo (Republic) (Congo-Brazzaville)+242
- Cook Islands+682
- Costa Rica+506
- Côte d’Ivoire+225
- Croatia (Hrvatska)+385
- Cuba+53
- Curaçao+599
- Cyprus (Κύπρος)+357
- Czech Republic (Česká republika)+420
- Denmark (Danmark)+45
- Djibouti+253
- Dominica+1
- Dominican Republic (República Dominicana)+1
- Ecuador+593
- Egypt (‫مصر‬‎)+20
- El Salvador+503
- Equatorial Guinea (Guinea Ecuatorial)+240
- Eritrea+291
- Estonia (Eesti)+372
- Eswatini+268
- Ethiopia+251
- Falkland Islands (Islas Malvinas)+500
- Faroe Islands (Føroyar)+298
- Fiji+679
- Finland (Suomi)+358
- France+33
- French Guiana (Guyane française)+594
- French Polynesia (Polynésie française)+689
- Gabon+241
- Gambia+220
- Georgia (საქართველო)+995
- Germany (Deutschland)+49
- Ghana (Gaana)+233
- Gibraltar+350
- Greece (Ελλάδα)+30
- Greenland (Kalaallit Nunaat)+299
- Grenada+1
- Guadeloupe+590
- Guam+1
- Guatemala+502
- Guernsey+44
- Guinea (Guinée)+224
- Guinea-Bissau (Guiné Bissau)+245
- Guyana+592
- Haiti+509
- Honduras+504
- Hong Kong (香港)+852
- Hungary (Magyarország)+36
- Iceland (Ísland)+354
- India (भारत)+91
- Indonesia+62
- Iran (‫ایران‬‎)+98
- Iraq (‫العراق‬‎)+964
- Ireland+353
- Isle of Man+44
- Israel (‫ישראל‬‎)+972
- Italy (Italia)+39
- Jamaica+1
- Japan (日本)+81
- Jersey+44
- Jordan (‫الأردن‬‎)+962
- Kazakhstan (Казахстан)+7
- Kenya+254
- Kiribati+686
- Kosovo+383
- Kuwait (‫الكويت‬‎)+965
- Kyrgyzstan (Кыргызстан)+996
- Laos (ລາວ)+856
- Latvia (Latvija)+371
- Lebanon (‫لبنان‬‎)+961
- Lesotho+266
- Liberia+231
- Libya (‫ليبيا‬‎)+218
- Liechtenstein+423
- Lithuania (Lietuva)+370
- Luxembourg+352
- Macau (澳門)+853
- Madagascar (Madagasikara)+261
- Malawi+265
- Malaysia+60
- Maldives+960
- Mali+223
- Malta+356
- Marshall Islands+692
- Martinique+596
- Mauritania (‫موريتانيا‬‎)+222
- Mauritius (Moris)+230
- Mayotte+262
- Mexico (México)+52
- Micronesia+691
- Moldova (Republica Moldova)+373
- Monaco+377
- Mongolia (Монгол)+976
- Montenegro (Crna Gora)+382
- Montserrat+1
- Morocco (‫المغرب‬‎)+212
- Mozambique (Moçambique)+258
- Myanmar (Burma) (မြန်မာ)+95
- Namibia (Namibië)+264
- Nauru+674
- Nepal (नेपाल)+977
- Netherlands (Nederland)+31
- New Caledonia (Nouvelle-Calédonie)+687
- New Zealand+64
- Nicaragua+505
- Niger (Nijar)+227
- Nigeria+234
- Niue+683
- Norfolk Island+672
- North Korea (조선 민주주의 인민 공화국)+850
- North Macedonia (Северна Македонија)+389
- Northern Mariana Islands+1
- Norway (Norge)+47
- Oman (‫عُمان‬‎)+968
- Pakistan (‫پاکستان‬‎)+92
- Palau+680
- Palestine (‫فلسطين‬‎)+970
- Panama (Panamá)+507
- Papua New Guinea+675
- Paraguay+595
- Peru (Perú)+51
- Philippines+63
- Poland (Polska)+48
- Portugal+351
- Puerto Rico+1
- Qatar (‫قطر‬‎)+974
- Réunion (La Réunion)+262
- Romania (România)+40
- Russia (Россия)+7
- Rwanda+250
- Saint Barthélemy+590
- Saint Helena+290
- Saint Kitts and Nevis+1
- Saint Lucia+1
- Saint Martin (Saint-Martin (partie française))+590
- Saint Pierre and Miquelon (Saint-Pierre-et-Miquelon)+508
- Saint Vincent and the Grenadines+1
- Samoa+685
- San Marino+378
- São Tomé and Príncipe (São Tomé e Príncipe)+239
- Saudi Arabia (‫المملكة العربية السعودية‬‎)+966
- Senegal (Sénégal)+221
- Serbia (Србија)+381
- Seychelles+248
- Sierra Leone+232
- Singapore+65
- Sint Maarten+1
- Slovakia (Slovensko)+421
- Slovenia (Slovenija)+386
- Solomon Islands+677
- Somalia (Soomaaliya)+252
- South Africa+27
- South Korea (대한민국)+82
- South Sudan (‫جنوب السودان‬‎)+211
- Spain (España)+34
- Sri Lanka (ශ්‍රී ලංකාව)+94
- Sudan (‫السودان‬‎)+249
- Suriname+597
- Svalbard and Jan Mayen+47
- Sweden (Sverige)+46
- Switzerland (Schweiz)+41
- Syria (‫سوريا‬‎)+963
- Taiwan (台灣)+886
- Tajikistan+992
- Tanzania+255
- Thailand (ไทย)+66
- Timor-Leste+670
- Togo+228
- Tokelau+690
- Tonga+676
- Trinidad and Tobago+1
- Tunisia (‫تونس‬‎)+216
- Turkey (Türkiye)+90
- Turkmenistan+993
- Turks and Caicos Islands+1
- Tuvalu+688
- U.S. Virgin Islands+1
- Uganda+256
- Ukraine (Україна)+380
- United Arab Emirates (‫الإمارات العربية المتحدة‬‎)+971
- United Kingdom+44
- United States+1
- Uruguay+598
- Uzbekistan (Oʻzbekiston)+998
- Vanuatu+678
- Vatican City (Città del Vaticano)+39
- Venezuela+58
- Vietnam (Việt Nam)+84
- Wallis and Futuna (Wallis-et-Futuna)+681
- Western Sahara (‫الصحراء الغربية‬‎)+212
- Yemen (‫اليمن‬‎)+967
- Zambia+260
- Zimbabwe+263
- Åland Islands+358

Sign me up for SMS messages

By submitting your cell phone number, you are agreeing to receive text messages from The Sentencing Project. Messages may include fundraising. 4 msgs/month. Message and data rates may apply. Text HELP for more information. Text STOP to stop receiving messages. [Terms & Conditions](https://www.sentencingproject.org/terms-of-use/). [Privacy Policy](https://www.sentencingproject.org/privacy-policy/).

Add me to the following lists:

Racial Justice

Sentencing Reform

Youth Justice

Voting Rights

I am a(n):

Student

Advocate

Member of the Media

Policymaker

Researcher

Justice-Impacted Person

![](https://secure.everyaction.com/v1/Track/NE1B_Ca9GUC6--eb8lfOCg2)

Save my preferences

### One more thing, !

Please click the link in the email we sent to . Otherwise, we won't be able to contact you.

In the meantime, get social with us! Join our community of over 100,000 followers on [Twitter](https://www.twitter.com/SentencingProj), [Facebook](https://www.facebook.com/thesentencingproject), and [Instagram](https://www.instagram.com/thesentencingproject/).

Close",,Eliminating mandatory minimum sentencing laws is essential to creating a more just and equitable criminal justice system.,,https://www.sentencingproject.org/app/uploads/2024/02/mandatory-minimum-email-photo-aspect-ratio-1200-630-1.png,https://www.sentencingproject.org/favicon.ico
New laws shrank CA prison population. What happened after release - CalMatters,https://calmatters.org/justice/2025/09/california-prisons-recidivism-study/,"![A person wearing a blue shirt with the words “CDCR PRISONER” in large yellow letters on the back stands behind a chain-link fence, with other people in similar uniforms visible in the background near portable buildings.](https://i0.wp.com/calmatters.org/wp-content/uploads/2025/09/031723-SAN-QUENTIN-REHABILITATION-CENTER-MHN-CM_14.jpg?fit=1200%2C800&ssl=1)An inmate at San Quentin State Prison on March 17, 2023. Photo by Martin do Nascimento, CalMatters

**In summary**

Several new California laws gave incarcerated people a second chance at freedom. A new report provides the first in-depth look at how they’re working.

California over the past dozen years enacted a series of criminal justice laws that were meant to give more people an opportunity to be resentenced and thin out the state’s severely [overcrowded prisons](https://calmatters.org/tag/prisons/).This week a state agency released the most-comprehensive look yet at how those changes are playing out among formerly incarcerated people.

The report found low recidivism rates among people who were older and had served lengthy sentences. Those patterns contrasted with people serving shorter prison sentences for nonviolent crimes, which showed higher rates of recidivism, the majority of which were for misdemeanors.

The Committee on Revision of the Penal Code and California Policy Lab on Wednesday [published the report](https://capolicylab.org/wp-content/uploads/2025/09/Overview-Report-on-Second-Look-Policies-in-California.pdf), which details demographics and recidivism rates for five of the most significant resentencing policies implemented between 2012 and 2022 under Gov. Gavin Newsom and former Gov. Jerry Brown.

- [Changing Three Strikes](https://capolicylab.org/wp-content/uploads/2025/09/Three-Strikes-Resentencing-under-Prop-36-2012.pdf): Proposition 36 in 2012 allowed people serving a life sentence for a “non-serious, non-violent” third strike offense to petition courts for resentencing. Nearly half of the 2,200 people who were released were Black and most were above age 50. The group had an especially low recidivism rate.
- [Lower penalties for drugs and petty theft](https://capolicylab.org/wp-content/uploads/2025/09/Resentencing-under-Prop-47-2014.pdf): Proposition 47 in 2014 allowed incarcerated people convicted of certain low-level drug and theft offenses to petition courts for resentencing. This population, which accounted for the largest share of people released among all of the policies, had a higher recidivism rate.
- [Restricting felony murder charges](https://capolicylab.org/wp-content/uploads/2025/09/Felony-Murder-Reform.pdf): New laws in 2018 and 2022 narrowed the circumstances for prosecutors to charge people with felony murder if they were involved in a crime but did not pull the trigger to kill someone. Those released under the changes had a very low recidivism rate.
- [Good conduct](https://capolicylab.org/wp-content/uploads/2025/09/CDCR-and-Rehabilitation-Initiated-Resentencing.pdf): A 2018 policy allows the California Department of Corrections and Rehabilitation to recommend resentencing due to changes in the law or positive conduct. The department’s secretary has referred over 2,200 people for resentencing. The report found that 786 of those cases were denied. Those released under the policy had a low recidivism rate.
- [Rethinking sentencing enhancements](https://capolicylab.org/wp-content/uploads/2025/09/Retroactive-Enhancement-Resentencing-under-SB-483-2022.pdf): A 2022 law allowed courts to reduce sentences for people who were serving time for enhancements that had been repealed through other laws. The report found that Black and Latino people accounted for 75% of people who were resentenced under the law.

Under all five policies, approximately 12,000 people have been resentenced and 9,500 have been released, according to the report. Black and Latino people represented the majority of those released under the policies.

The [Committee on Revision of the Penal Code](https://calmatters.org/justice/2021/10/california-criminal-justice-reform/), a state agency created by the Legislature in 2020, is led by a group of academics and lawmakers, most of whom are appointed by Newsom to recommend statutory reforms. The agency partnered with the California Policy Lab, a research institute at UC Berkeley, to produce the report.

Tom Nosewicz, legal director for the agency, said the data show that the policies have been largely successful at reducing the prison population without increasing risks in public safety and can serve as a blueprint for future changes.

[About 90,000 people](https://www.cdcr.ca.gov/research/wp-content/uploads/sites/174/2025/09/Tpop1d250917.pdf) are incarcerated in California prisons, down from a peak of about 170,000.It [costs roughly $130,000 per year](https://www.lao.ca.gov/policyareas/cj/6_cj_inmatecost) to incarcerate someone. As of December 2024, more than 30,000 incarcerated people were over the age of 50 and had served more than 15 years, according to the report.

The new laws “helped reduce our prison population, but of course, it’s a drop in the bucket,” said Nosewicz. “That’s why I think it’s important to show how we can expand some of these opportunities and show ways that have worked and ways that haven’t.”

While the report includes one-year recidivism outcomes for all five reform policies, only two of the policies were old enough to measure three-year recidivism outcomes, which is the standard timeline to determine recidivism. Researchers Alissa Skog and Johanna Lacoe acknowledged that as a limitation, noting that a longer time frame can yield “substantially higher recidivism rates.” They also noted that they could not account for people who were eligible under the policies but did not petition the courts or were denied resentencing by judges.

Michele Hanisee, special assistant of legislative affairs for the Los Angeles County District Attorney’s Office, said the report was not “an intense study.”

“It was a superficial data review,” she said.

Other district attorneys have been critical of the Committee on the Revision of the Penal Code.

“Generally, the committee’s recommendations, though maybe well-intentioned, have proven to be damaging to victims, law enforcement, and the criminal justice system and have also endangered public safety,” said Jonathan Raven, an executive at the California District Attorneys Association.

## Women benefited from felony murder changes

But Kate Chatfield, executive director of California Public Defenders Association, said that resentencing, writ large, is working.

“Looking at this holistically, 15 years is the max that we should have someone in prison for. That should be the ceiling,” she said. “If you are looking at public safety, there is no reason to hold people in prison after they age out. That is what this data shows.”

Chatfield, who drafted the [2018 felony murder reform law](https://www.sacbee.com/news/politics-government/capitol-alert/article219283515.html), was struck by the number of women who were resentenced under it. According to the report, women accounted for 11% of people who were resentenced and released, which was a notch above the 7% they represented in total prison releases.

## READ NEXT

[![California released 15,000 prisoners early during COVID. New data reveals what happened to many of them](https://i0.wp.com/calmatters.org/wp-content/uploads/2025/05/110422-Chowchilla-Prison-AP-CM-01.jpg?resize=1200%2C900&ssl=1)](https://calmatters.org/justice/2025/05/california-covid-prisoner-release/)

### [California released 15,000 prisoners early during COVID. New data reveals what happened to many of them](https://calmatters.org/justice/2025/05/california-covid-prisoner-release/)

May 13, 2025May 14, 2025

Under felony murder reforms, the report showed that nearly 1,200 people have been resentenced, the majority of whom were just over 21-years-old at the time of their offense and nearly half of whom were Black. Many served long prison terms — generally 14 to 15 years — after never having been incarcerated before.

For those released under felony murder reforms, researchers found that recidivism rates were “notably low” at 3% within a year and 7% within two years, most of which were misdemeanor convictions. Just five people out of 274 had been convicted of a new serious or violent felony within three years.

“It reinforces how correct it was for the Legislature and Gov. Brown to enact and sign that reform,” said former Oakland Democratic Sen. Nancy Skinner, who authored the 2018 law. “A long sentence does not contribute to improved public safety. There’s just a certain point where we’re warehousing people and using taxpayer dollars in a way that’s proven to be unproductive.”

## ‘Who actually needs to be incarcerated’?

Just over 4,700 incarcerated people were [resentenced under Prop. 47](https://calmatters.org/politics/2024/04/california-crime-oakland-san-francisco-businesses-residents/), nearly half of whom were serving time for a felony drug offense and under the age of 40 at the time of their release, according to the report. Researchers found that 57% of people resentenced under the proposition were convicted of a new crime within three years of release, most of which were misdemeanors. In comparison, 42% of people released between 2018 and 2019 were convicted of a new crime within three years.

Voters last year undid part of Prop. 47 when they passed a new initiative that lengthened sentences for [certain theft and drug offenses](https://calmatters.org/politics/elections/2024/11/prop-36-california-election-result/).

Matt Cate, who was California’s corrections secretary under former Govs. Arnold Schwarzenegger and Brown, wasn’t surprised by those high recidivism rates, and said the combination of substance use disorders and property crimes are typically a “recipe for additional crimes committed upon release.”

But that doesn’t mean those individuals should have been incarcerated for longer, he said.

“In California and throughout much of the United States, we built the wrong prisons,” said Cate. “We built places that are really good at keeping inmates from escaping and are good, typically, at keeping people — especially staff — safe. But they’re a terrible environment for people to change their lives.”

Jennifer Shaffer, former executive officer of the Board of Parole Hearings, said reports like this will hopefully motivate people to dig deeper and understand how California can do better.

“Who actually needs to be incarcerated is the question,” she said. “This idea that people who commit low-level crime shouldn’t go to state prison, I think makes sense. It makes sense that they get treatment at the local level as opposed to going to state prison, because state prison unfortunately is a very violent place.”

_Cayla Mihalovich is a California Local News fellow._

## READ NEXT

[![‘I would have been a great mom’: California finally pays reparations to woman it sterilized](https://i0.wp.com/calmatters.org/wp-content/uploads/2024/09/071724-Geynna-Buffington-ZS-CM-102.jpg?resize=1200%2C900&ssl=1)](https://calmatters.org/justice/2024/10/reparations-forced-sterilization/)

### [‘I would have been a great mom’: California finally pays reparations to woman it sterilized](https://calmatters.org/justice/2024/10/reparations-forced-sterilization/)

October 7, 2024October 8, 2024

[![People are getting arrested under California’s new tough-on-crime law. Some counties aren’t ready](https://i0.wp.com/calmatters.org/wp-content/uploads/2025/02/020525-PROP-36-CHECK-GH-CM.jpg?resize=1200%2C900&ssl=1)](https://calmatters.org/justice/2025/02/prop-36-arrests-treatment/)

### [People are getting arrested under California’s new tough-on-crime law. Some counties aren’t ready](https://calmatters.org/justice/2025/02/prop-36-arrests-treatment/)

February 11, 2025March 6, 2025

[![Avatar photo](https://calmatters.org/wp-content/uploads/2024/09/cropped-cayla-headshot-80x80.jpg)](https://calmatters.org/author/cayla-mihalovich/)

## [Cayla MihalovichCalifornia Local News Fellow](https://calmatters.org/author/cayla-mihalovich/)

[cayla@calmatters.org](mailto:cayla@calmatters.org)

Cayla Mihalovich is a justice reporter for CalMatters. She is a California Local News fellow and a graduate of the UC Berkeley School of Journalism, where she studied investigative reporting and audio... [More by Cayla Mihalovich](https://calmatters.org/author/cayla-mihalovich/)

###### Republish

### California shrank prisons with sentencing changes. A new study shows how that’s working

We love that you want to share our stories with your readers. Hundreds of publications republish our work on a regular basis.

All of the articles at CalMatters are available to republish for free, under the following conditions:

- **Give prominent credit to our journalists:** Credit our authors at the top of the article and any other byline areas of your publication. In the byline, we prefer “By Author Name, CalMatters.” If you’re republishing guest commentary ( [example](https://calmatters.org/commentary/2024/11/reform-california-proportional-representative-democracy/)) from CalMatters, in the byline, use “By Author Name, Special for CalMatters.”

- **Credit CalMatters at the top of the story:** At the top of the story’s text, include this copy: “This story was originally published by [CalMatters](https://calmatters.org/). [Sign up](https://calmatters.org/subscribe-to-calmatters/) for their newsletters.” If you are republishing [commentary](https://calmatters.org/category/commentary/), include this copy instead: “This commentary was originally published by [CalMatters](https://calmatters.org/). [Sign up](https://calmatters.org/subscribe-to-calmatters/) for their newsletters.” If you’re republishing in print, omit the second sentence on newsletter signups.

- **Do not edit the article, including the headline,** **except to reflect relative changes in time, location and editorial style.** For example, “yesterday” can be changed to “last week,” and “Alameda County” to “Alameda County, California” or “here.”

- **If you add reporting that would help localize the article,** include this copy in your story: “Additional reporting by \[Your Publication\]” and let us know at [republish@calmatters.org](mailto:republish@calmatters.org).

- **If you wish to translate the article**, please contact us for approval at [republish@calmatters.org](mailto:republish@calmatters.org).

- **Photos and illustrations by CalMatters staff or shown as “for CalMatters”** may only be republished alongside the stories in which they originally appeared. For any other uses, please contact us for approval at [visuals@calmatters.org](mailto:visuals@calmatters.org).

- **Photos and illustrations from wire services** like the Associated Press, Reuters, iStock are not free to republish.

- **Do not sell our stories, and do not sell ads specifically against our stories.** Feel free, however, to publish it on a page surrounded by ads you’ve already sold.

- **Sharing a CalMatters story on social media?** Please mention @CalMatters. We’re on X, Facebook, Instagram, TikTok and BlueSky.

If you’d like to regularly republish our stories, we have some other options available. Contact us at [republish@calmatters.org](mailto:republish@calmatters.org) if you’re interested.

Have other questions or special requests? Or do you have a great story to share about the impact of one of our stories on your audience? We’d love to hear from you. Contact us at [republish@calmatters.org](mailto:republish@calmatters.org).

Copy HTML

Link
Copy link

Notifications",,California adopted major sentencing changes under Govs. Gavin Newsom and Jerry Brown. A new report shows very few people went back to prison after release.,,https://i0.wp.com/calmatters.org/wp-content/uploads/2025/09/031723-SAN-QUENTIN-REHABILITATION-CENTER-MHN-CM_14.jpg?fit=2000%2C1333&ssl=1,https://calmatters.org/wp-content/uploads/2025/12/cropped-calmatters-favicon-32x32.png
A Primer: Three Strikes: The Impact After More Than a Decade,https://lao.ca.gov/2005/3_strikes/3_strikes_102005.htm,"![](https://lao.ca.gov/lao_images/LAO_Web_Banner.gif)

|
|

##### October 2005

# A Primer: Three Strikes - The Impact After More Than a Decade

#### Contents

[Introduction](https://lao.ca.gov/2005/3_strikes/3_strikes_102005.htm#introduction)

[Background](https://lao.ca.gov/2005/3_strikes/3_strikes_102005.htm#background)

[The Legal \\
Evolution of California’s Three Strikes Law](https://lao.ca.gov/2005/3_strikes/3_strikes_102005.htm#legal%20evolution)

[Impact of \\
Three Strikes on the Criminal Justice System](https://lao.ca.gov/2005/3_strikes/3_strikes_102005.htm#crim%20justice%20system)

[The Impact of \\
Three Strikes on Public Safety](https://lao.ca.gov/2005/3_strikes/3_strikes_102005.htm#public%20safety)

[Conclusion-The \\
Future of Three Strikes](https://lao.ca.gov/2005/3_strikes/3_strikes_102005.htm#conclusion)

## Introduction

In 1994, California legislators and voters approved a major change in the state’s criminal sentencing law, (commonly known as Three Strikes and You’re Out). The law was enacted as Chapter 12, Statutes of 1994 (AB 971, Jones) by the Legislature and by the electorate in Proposition 184. As its name suggests, the law requires, among other things, a minimum sentence of 25 years to life for three-time repeat offenders with multiple prior serious or violent felony convictions. The Legislature and voters passed the Three Strikes law after several high profile murders committed by ex-felons raised concern that violent offenders were being released from prison only to commit new, often serious and violent, crimes in the community.

In this piece, we summarize key provisions of Three Strikes and You’re Out; discuss the evolution of the law in the courts; estimate the impact of the law on state and local criminal justice systems; and evaluate to what extent the law achieved its original goals. Our findings are based on analysis of available data, review of the literature on Three Strikes, and discussions with state and local criminal justice officials.

## Background

The Rationale for Three Strikes. Repeat offenders are perhaps the most difficult of criminal offenders for state and local criminal justice systems to manage. These offenders are considered unresponsive to incarceration as a means of behavior modification, and undeterred by the prospect of serving time in prison. For this reason, longer sentences for this group of offenders have a strong appeal to policy makers and the public. Supporters of Proposition 184 argued that imposing lengthy sentences on repeat offenders would reduce crime in two ways. First, extended sentences, also referred to as sentence enhancements, would remove repeat felons from society for longer periods of time, thereby restricting their ability to commit additional crimes. Second, the threat of such long sentences would discourage some offenders from committing new crimes.

Key Features of Three Strikes. The Three Strikes law imposed longer prison sentences for certain repeat offenders, as well as instituted other changes. Most significantly, it required that a person who is convicted of a felony and who has been previously convicted of one or more violent or serious felonies receive a sentence enhancement. (Figure 1 defines several important terms in criminal sentencing law.) The major changes made by the Three Strikes law are as follows:

- Second Strike Offense. If a person has one previous serious or violent felony conviction, the sentence for any new felony conviction (not just a serious or violent felony) is twice the term otherwise required under law for the new conviction. Offenders sentenced by the courts under this provision are often referred to as “second strikers.”

- Third Strike Offense.If a person has two or more previous
   serious or violent felony convictions, the sentence for
   any new felony conviction (not just a serious or violent felony) is life imprisonment with the minimum term being 25 years. Offenders convicted under this provision are frequently referred to as “third strikers.”

- Consecutive Sentencing.
   The statute requires consecutive, rather than concurrent, sentencing for multiple offenses committed by strikers. For example, an offender convicted of two third strike offenses would receive a minimum term of 50 years (two 25-year terms added together) to life.

- Unlimited Aggregate Term.
   There is no limit to the number of felonies that can be included in the consecutive sentence.

- Time Since Prior Conviction Not Considered.The length of time between the prior and new felony conviction does not affect the imposition of the new sentence, so serious and violent felony offenses committed many years before a new offense can be counted as prior strikes.

- Probation, Suspension, or Diversion Prohibited.Probation may not be granted for the new felony, nor may imposition of the sentence be suspended for any prior offense. The defendant must be committed to state prison and is not eligible for diversion.

- Prosecutorial Discretion. Prosecutors can move to dismiss, or “strike,” prior felonies from consideration during sentencing in the “furtherance of justice.”

- Limited “Good Time” Credits. Strikers cannot reduce the time they spend in prison by more than one-fifth (rather than the standard of one-half) by earning credits from work or education activities.


|     |
| --- |
| Figure 1<br>Important Terms in <br>Criminal Sentencing |
|  |
| **_Felony._** There are three kinds of crimes: infractions, <br>misdemeanors, and <br>felonies. Felonies are the most serious type of crime, and offenders <br>who <br>commit felonies may be sentenced to state prison. |
| **_Violent Offense._** State law (Penal Code \[P.C.\] 667.5) <br>defines some felonies as “violent.” Examples of such felonies <br>include murder, robbery, and rape and other sex offenses. |
| **_Serious Offense._** State law (P.C. 1192.7) defines some <br>felonies as “serious.” Serious felonies include the same offenses as <br>violent felonies, but also include other offenses such as burglary <br>of a residence and assault with intent to <br>commit robbery. |
| **_Sentence Enhancement._** This is additional time added to <br>a criminal <br>defendant’s sentence for specified reasons relating to the nature of <br>the crime or the offender’s criminal history. Examples include the <br>addition of one year for possession of a firearm during the <br>commission of a felony and an additional three years for an offender <br>who commits a violent felony and who has served a prior prison term <br>for a violent felony. The Three Strikes law is an example of a <br>sentence enhancement because strikers receive additional time in <br>prison for their current offense because of their prior convictions <br>for serious or violent crimes. |

As a result of these provisions, the Three Strikes law significantly increases the length of time some repeat offenders spend in state prison. For example, consider a defendant who has prior convictions for assault on a police officer and burglary of a residence, both considered serious or violent crimes. Subsequently, he is convicted for receiving stolen property, a nonserious and nonviolent felony. Before the enactment of Three Strikes, he would typically have served two years for the property offense. Under the Three Strikes law, he would be sentenced to life in prison. Figure 2 illustrates how sentencing under the Three Strikes law differs from the prior law under different scenarios of current and prior offenses.

|     |     |     |     |     |     |     |
| --- | --- | --- | --- | --- | --- | --- |
| Figure 2<br>Illustrations of <br>Prison Sentencing Under Three Strikes<br>Prior Law Versus Current Law |
|  |  | Crimes Committed |  | Time <br>to Serve in Prisona |
| Scenarios |  | New <br>Offense | Prior <br>Offenseb |  | Prior <br>Law | Current Law |
| No Prior Offense |  |  |  |  |  |  |
| Any felony with: |  |  |  |  |  |  |
| No <br>prior felony |  | Burglary of <br>residence | None |  | 2 years | Same |
| Second Strike Offense |  |  |  |  |
| Any felony with: |  |  |  |  |  |  |
| One prior <br>serious/violent <br>felony |  | Burglary of <br>residence | One prior burglary of residence |  | 4.5 years | 10.4 years |
| Third Strike Offense |  |  |  |  |
| Nonviolent/ <br>nonserious<br>felony with: |  |  |  |  |  |  |
| Two prior <br>serious/violent felonies |  | Receiving stolen property | One prior assault on a peace <br>officer, and one prior burglary of a residence |  | 2 years | 25 years to life |
| Serious/violent felony with: |  |  |  |  |  |  |
| Two prior <br>serious/violent felonies |  | Robbery | One prior burglary of a residence, and one <br>prior robbery |  | 7 years | 25 years to life |
|  |  |
| a  Assumes the offender <br>(1) receives typical prison sentence for the new offense, (2) <br>receives sentence enhancements for prior offenses, and (3) earns <br>maximum credits from participation in work/education programs. |
| b  Assumes prior <br>offense resulted in a prison sentence. |

## The Legal Evolution  Of California’s  Three Strikes Law

Since the enactment of the Three Strikes law in 1994, there have been a number of legal challenges to its provision, summarized in the text box below. The most significant of these challenges concerned the constitutionality of the measure. Specifically, the Three Strikes law made it possible for a repeat offender to receive a prison sentence of 25 years to life for a nonserious or nonviolent felony (for example, petty theft with a prior), thereby raising legal questions about the federal Constitution’s Eighth Amendment protection against cruel and unusual punishment. Related legal challenges also have argued that Three Strikes violates the “proportionality rule” in sentencing (the idea that “the time should fit the crime”) because a relatively minor crime committed by a repeat offender could result in a much harsher punishment than a violent crime committed by a first-time offender. In addition, the law appeared to grant prosecutorial, or executive, discretion while limiting judicial discretion in sentencing, which raised constitutional questions about separation of powers. As a result of these and other concerns, there have been a number of challenges to various aspects of the law.

While some court rulings have limited the law, other rulings have upheld most provisions of the law. As regards the issue of cruel and unusual punishment, the U.S. Supreme Court ruled in Ewing v. California that it is constitutional to sentence a repeat offender to an indeterminate life sentence for the commission of a nonserious or nonviolent felony. In People v. Superior Court (Romero), the state Supreme Court ruled that Three Strikes did not eliminate judicial discretion to dismiss prior serious or violent felony convictions.

Numerous other important issues relating to the implementation of the law have been resolved through the courts. For example, the courts have determined that “wobblers” (crimes that can be considered either a misdemeanor or a felony) can trigger second and third strike enhancements, juvenile convictions can count as strike offenses, and multiple strikes can be charged from a single crime or incident.

Implications. The major legal issues raised by challengers to the law have now been addressed by the courts, and the legal outcomes ultimately have had significant implications affecting the implementation of the law. In particular, the decisions permitting the application of the Three Strikes law to nonserious, nonviolent offenses has allowed many offenders to be sentenced to prison for extended periods, costing the state hundreds of millions of dollars. In addition, the court’s decision that judges have discretion to dismiss prior strikes contributes to a pattern of variation in the application of Three Strikes penalties across counties. These impacts are discussed in more detail below.

|     |
| --- |
| ### Three Strikes Legal Milestones<br>Ewing v. California-Three Strikes Law Not Cruel and Unusual Punishment.<br>- The Ewing case involved a repeat offender sentenced to prison for 25 years to life under the Three Strikes law for stealing golf clubs from a Los Angeles country club, a nonserious, nonviolent offense.<br>  <br>- Ewing argued that the sentence violated the Eighth Amendment’s prohibition against cruel and unusual punishment. In the past, the court had interpreted the Eighth Amendment to prohibit the imposition of a sentence that is grossly disproportionate to the severity of the crime.<br>  <br>- In 2003, the U.S. Supreme Court, in a 5-4 decision, upheld the constitutionality of California’s Three Strikes law. The court argued, “Ewing’s sentence is justified by the State’s public safety interest in incapacitating and deterring recidivist felonsï¿½.” and that “selecting sentencing rationales is generally a policy choice to be made by state legislatures, not federal courts.”<br>  <br>People v. Superior Court (Romero)-Judges Can Strike Prior Convictions.<br>- The issue here was whether a judge, under the authority granted by Penal Code Section 1385 to dismiss an action in furtherance of justice, may strike prior felony convictions on his/her own motion in Three Strikes cases.<br>  <br>- On June 20, 1996, the state Supreme Court ruled that the court has the discretion to dismiss prior serious or violent felony convictions under the Three Strikes law.<br>  <br>People v. Fuhrman-Multiple Strikes From Single Incident.<br>- In the Fuhrman case, the trial court sentenced Fuhrman to a total prison term of 58 years to life under the Three Strikes law. The defendant appealed claiming that the trial court should have dismissed one of the prior convictions since both convictions arose from a single court proceeding.<br>  <br>- In 1997, the state Supreme Court upheld the lower court decision. The court declared that “because the statutory language was clear and unambiguous, and because the phrase brought and tried separately was not expressly mentioned, it was not necessary for the two prior offenses to result from separate incidents.” |

## Impact of Three Strikes on The Criminal Justice System

In this section, we discuss the impact of the Three Strikes law on the state’s prison system, as well as the courts and local jails.

State Corrections

Impact on the Prison Population. Since its implementation, the Three Strikes law has had a major effect on the make-up of the prison population. Since 1994, the courts have sent over 80,000 second strikers and 7,500 third strikers to state prison. (More than half of these second strikers have served their time and have been released.) As of December 31, 2004, there were almost 43,000 inmates serving time in prison under the Three Strikes law, making up about 26 percent of the total prison population. Of the striker population, more than 35,000 are second strikers, and about 7,500 are third strikers. Figure 3 shows the growth of the second and third striker inmate population from 1994 through 2004. As the figure shows, the striker population in prison grew quickly in the first years of the law. However, the rate of growth has slowed significantly in recent years as many second strikers complete their sentence and are paroled.

![](https://lao.ca.gov/2005/3_strikes/3_StrikesAccessories._/3_StrikesAccessories._/3_Strikes%20Accessories/media/pageitemD8A.gif)

In 1994, analysts predicted that Three Strikes would result in over 100,000 additional inmates in state prison by 2003. Clearly, that rate of growth has not occurred. A number of factors have probably contributed to a lower prison population, including the use of discretion by judges and district attorneys to dismiss prior strikes in some cases. While courts do not track how often such discretion is used, some surveys of district attorneys conducted by Jennifer Walsh of California State University, Los Angeles, for example, suggest that prior strikes might be dismissed in 25 percent to 45 percent of third strike cases, resulting in shorter sentences for those offenders.

Roughly One-Third of Strikers Convicted for Crimes Against Persons. The most common offenses for which strikers are currently serving time in prison include robbery, burglary, assault, and possession of drugs. Approximately 37 percent of strikers were convicted for crimes against persons, such as robbery and assault. Figure 4 shows the striker population by offense category with the most common offenses listed.

|     |     |     |     |     |
| --- | --- | --- | --- | --- |
| Figure 4<br>Striker Population by <br>Offense Category |
| (December 2004) |
| Offense | Third<br>Strikers | Second<br>Strikers | Total |
| Number | Percent |
| Crimes Against Persons | **3,277** | **12,728** | **16,005** | **37%** |
| Robbery | 1,706 | 4,886 | 6,592 | 15 |
| Assault With a Deadly Weapon | 426 | 2,443 | 2,869 | 7 |
| Assault/Battery | 391 | 2,470 | 2,861 | 7 |
| Property Crimes | **2,344** | **10,391** | **12,735** | **30%** |
| 1st Degree Burglary | 880 | 2,609 | 3,489 | 8 |
| 2nd Degree Burglary | 466 | 1,967 | 2,433 | 6 |
| Petty Theft With a Prior | 356 | 2,007 | 2,363 | 6 |
| Drug Crimes | **1,282** | **8,654** | **9,936** | **23%** |
| Possession of a Controlled Substance | 677 | 4,453 | 5,130 | 12 |
| Possession of Controlled<br>Substance for Sale | 302 | 2,282 | 2,584 | 6 |
| Sale of Controlled Substance | 197 | 1,195 | 1,392 | 3 |
| Other Crimesa | **671** | **3,463** | **4,134** | **10%** |
| Possession of a Weapon | 412 | 1,865 | 2,277 | 5 |
| Totals | **7,574** | **35,236** | **42,810** | **100%** |
|  |
| a  For example, arson <br>and driving under the influence. |

Little More Than Half of Strikers Are Convicted of Nonserious/Nonviolent Offenses. Based on information provided by the California Department of Corrections and Rehabilitation (CDCR)-formerly the Department of Corrections, 44 percent of all inmate strikers were convicted of a serious or violent current offense, while 56 percent were convicted of nonserious or nonviolent offenses. It is likely that these figures somewhat under-report the percentage of strikers whose current offense activity was actually serious or violent. This could occur in some cases because district attorneys choose to prosecute strikers for nonserious, nonviolent offenses that may be easier to prove in court knowing that the Three Strikes sentence enhancement will still apply. The extent to which this occurs is unknown. Figure 5 shows the number of striker inmates in prison convicted for serious and violent crimes as compared to the number convicted for nonserious, nonviolent offenses.

|     |     |     |     |     |     |     |     |     |
| --- | --- | --- | --- | --- | --- | --- | --- | --- |
| Figure 5<br>Less Than Half of <br>Strikers Are Incarcerated for<br>Serious/Violent Commitment Offenses |
| (December 2004) |
|  | Current Commitment Offense |  | Total |
|  | Serious/Violent |  | Nonserious/<br>Nonviolent |  |
|  | Number | Percent |  | Number | Percent |  | Number | Percent |
| Second <br>Strikers | 14,608 | 41% |  | 20,627 | 59% |  | 35,235 | 100% |
| Third <br>Strikers | 4,079 | 54 |  | 3,496 | 46 |  | 7,575 | 100 |
| Totals | **18,687** | **44%** |  | **24,123** | **56%** |  | **42,810** | **100%** |

While more than half of the strikers in prison are there because their current offenses are nonserious and nonviolent, strikers do have more serious criminal histories, on average, than other state inmates. For example, second and third strikers have been convicted for an average of three prior felony offenses, including an average of two prior serious or violent felonies. By comparison, the rest of the inmate population has an average of one prior felony offense, including 0.2 serious or violent felonies. Figure 6 compares the offense histories of all strikers-as well as second and third strikers-and other state inmates.

![](https://lao.ca.gov/2005/3_strikes/3_StrikesAccessories._/3_StrikesAccessories._/3_Strikes%20Accessories/media/pageitemED9.gif)

Even those strikers who are in prison because their current offenses were nonserious and nonviolent have lengthier criminal histories than nonstrikers. Second and third strikers whose current offenses are nonserious and nonviolent average four and five prior felony offenses, respectively, compared to one prior felony offense on average for the rest of the inmate population.

Increased Length of Prison Stay. Because the law increases the length of sentences, it has raised the average length of stay for the prison population. The average time served by all felons before their first release to parole was 21 months in 1994, prior to the implementation of the Three Strikes law. By 2004, this average had increased by 19 percent to 25 months. In part, this increase has occurred because second strikers serve longer sentences than the average for all prison inmates. Second strikers released to parole in 2004 served 43 months on average. The additional time in prison for second strikers costs the state approximately $60,000 per striker.

In addition, inmates serving life sentences for a third strike conviction are in prison for longer than would have been the case in the absence of the Three Strikes law, particularly those whose current offense is nonserious or nonviolent. The cost of their additional time in prison because of Three Strikes is difficult to estimate because many of them would have returned to prison even in the absence of Three Strikes for new offenses or parole violations. In addition, because third strikers are serving indeterminate sentences, it is not clear when they will be released from prison. This decision will be made by the Board of Parole Hearings (formerly the Board of Prison Terms) for each inmate. It is worth noting that no third strikers have been released from prison, and the earliest any are eligible for release to parole is 2019.

Once third strikers become eligible for parole consideration, this will likely create significant additional workload and require additional resources for the board. The number of lifer hearings is projected to more than double from about 4,500 held by the Board of Prison Terms in 2003.

Inmate Population Aging. The average age of the inmate population has risen from 32 to 36 since 1994. Moreover, the number of inmates 50 years of age and older has increased from about 5,500 to 16,300 between 1994 and 2004. This aging prison population is likely due to two factors. The first and probably more significant factor is the enactment of sentencing laws (such as the Three Strikes law) to provide longer terms, and in some cases life terms. Such laws, designed to incarcerate offenders for longer periods, result in a larger and older prison population in the long run. Thus, as the third striker population grows and ages-probably at least until 2014-the overall prison population will likely grow older, as well. The second factor is that the aging of the prison population simply reflects the aging of the citizenry as a whole. The so-called “baby boom” generation is getting older, and so are the criminals of the baby boom generation.

The aging of the prison population over the past decade has the potential for significant fiscal consequences. As inmates age, the cost of housing them increases due to age-related illness and the associated health care costs, as well as the security and transportation costs of moving these inmates between prisons and local hospitals. Estimates are that housing and caring for elderly inmates costs between two and three times more than the $35,000 it costs in 2005-06 to incarcerate the average inmate. Therefore, as the striker population continues to grow and age in prison, the state costs to incarcerate them will also continue to escalate.

Racial Composition of Strikers. African Americans make up the largest group of second and third strikers (37 percent), followed by Hispanics (33 percent), and whites (26 percent). This racial composition is similar to that in the total prison population. However, African Americans make up 45 percent of the third striker population, which is 15 percent higher than in the total prison population. Figure 7 shows the racial composition of the striker population.

![](https://lao.ca.gov/2005/3_strikes/3_StrikesAccessories._/3_StrikesAccessories._/3_Strikes%20Accessories/media/pageitemE84.gif)

Changes to Parole Supervision. Since about 2000, the CDCR has altered how it supervises parolees who have two or more serious or violent felony convictions on their record-those for whom their next felony conviction would make them eligible for a third strike sentence. Specifically, the department has developed second striker caseloads where parole agents specialize in supervising these parolees on reduced caseloads. The purpose of creating these specialized caseloads, according to the department, is to allow parole agents to more closely monitor these parolees and provide services that could assist in preventing parolees from reoffending and receiving third strike convictions. The department reports that as of March 2005, there were almost 12,000 parolees on second striker caseloads. The additional cost to supervise these parolees in specialized caseloads is approximately $20 million annually.

What Has Three Strikes Cost the State? Analyses in 1994 suggested that the Three Strikes law would result in additional state prison operations costs of a few billion dollars annually by 2003, increasing to $6 billion dollars annually by 2026 as the full impact of the law was realized. There would also be one-time prison construction costs totaling $20 billion by 2026 necessary to house strikers in prison.

It now appears that these estimates were high. The budget for CDCR has increased by about $3 billion since 1994-95, but much of this growth can be attributed to costs unrelated to Three Strikes, such as increased medical costs and higher numbers of parole violators returned to prison. In fact, the current cost of housing strikers is approximately $1.5 billion annually. However, many of these offenders would be in prison for their current or a subsequent offense even in the absence of Three Strikes. Taking this into consideration, we estimate that the additional operating costs resulting from the Three Strikes law is about one half billion dollars annually. The primary reasons for the difference between early estimates and the fiscal impact that has actually occurred are (1) the use of judicial discretion to dismiss prior strikes, and (2) variation among counties in how often they prosecute offenders under the Three Strikes law. Both of these factors-discussed in more detail later in this piece-have reduced the number of inmates who have been sentenced under Three Strikes compared to what would have occurred if such judicial and prosecutorial discretion were not allowed.

As regards prison construction costs, the state has not built any new prisons specifically for striker inmates. The department has activated seven new prisons (and deactivated another) to accommodate the total growth in the prison population since 1994. The total capital outlay costs for these seven prisons was $1.8 billion. However, it is difficult to identify the portion of these costs that is attributable to Three Strikes. Only a portion of the total growth in the inmate population is attributable to Three Strikes. Also, all of these prison construction projects, with the exception of one (Kern Valley State Prison), were planned even before the passage of Three Strikes. In addition, the department utilizes more double-celling, as well as double- and triple-bunking in dorms, thereby reducing the amount of construction that might otherwise have occurred.

In addition to direct prison costs, the Three Strikes law may have also had indirect fiscal impacts on state and local governments. For example, some offenders who are incarcerated for longer periods under Three Strikes are unable to commit additional crimes that result in victim-related government costs (for example, health care costs). Alternatively, there could be foregone tax revenue to the extent that some offenders incarcerated under Three Strikes might have paid some taxes otherwise. The extent and magnitude of these impacts is unknown.

Courts

Application of the LawVaries by County. Based on discussions with representatives of the courts and district attorneys offices, we conclude that local county justice systems have developed various strategies for handling their Three Strikes caseloads, based on different policy priorities and fiscal constraints. Thus, the manner in which the law is implemented at the local level by prosecutors and judges varies across counties. In some counties, for example, prosecutors seek Three Strikes enhancements only in certain cases, such as for certain types of crimes that are particular problems in their county or where the current offense is serious or violent. In other counties, prosecutors seek Three Strikes enhancements in most eligible cases. Similarly, judges vary in how often they dismiss prior strikes, based on discretion afforded to them under the Romero decision. In addition, variation in the application of Three Strikes not only exists across counties, but can also occur within counties. In particular, prosecution practices change over time as counties experience turnover of district attorneys and judges and as they develop new methods for handling Three Strikes cases.

One way to gauge the extent to which prosecutorial and judicial discretion is used in the application of the Three Strikes law is to examine the rate at which strikers are sent to prison from various counties. Figure 8 shows, for the 15 largest California counties, the number of strikers in prison per 100,000 felony arrests for each county. (These counties account for about 90 percent of the state’s striker population.) In total, this rate gives a measure of the likelihood of incarceration in each county under Three Strikes, regardless of county size or crime rate. As the data in Figure 8 show, there is considerable variation among counties in the likelihood that an offender who is arrested would be prosecuted and convicted under the Three Strikes law. For example, Kern County with 1,518 strikers per 100,000 adult felony arrests is over 13 times more likely to send an arrestee to state prison with a strike enhancement than San Francisco County (113 strikers per 100,000 adult felony arrests).

It is important to note that there may also be differences in crime patterns, as well as law enforcement strategies and priorities, that could contribute to the variation in the rate of Third Strikes sentences among counties. For example, the percentage of crimes that are serious or violent can vary from county to county, thereby resulting in differences in the percent of offenders who are eligible for prosecution under the Three Strikes law.

|     |     |     |     |     |
| --- | --- | --- | --- | --- |
| Figure 8<br>Rate of Striker <br>Commitments Vary by County |
| (December 2004) |
| County | Strikers | Rate <br>of Strikers in Prison (Per 100,000 Adult<br>Felony Arrests) |
| Third | Second | Total |
| Kern | 390 | 1,263 | 1,653 | 1,518 |
| San Diego | 613 | 3,527 | 4,140 | 1,357 |
| Los Angeles | 2,958 | 14,043 | 17,001 | 1,327 |
| Riverside | 333 | 1,809 | 2,142 | 1,205 |
| Santa Clara | 431 | 1,353 | 1,784 | 1,205 |
| Sacramento | 457 | 1,574 | 2,031 | 1,003 |
| San Joaquin | 104 | 731 | 835 | 917 |
| San Mateo | 81 | 366 | 447 | 871 |
| Fresno | 171 | 907 | 1,078 | 865 |
| Orange | 366 | 1,796 | 2,162 | 849 |
| San Bernardino | 504 | 1,924 | 2,428 | 824 |
| Ventura | 67 | 475 | 542 | 803 |
| Contra Costa | 79 | 323 | 402 | 355 |
| Alameda | 116 | 507 | 623 | 323 |
| San Francisco | 35 | 196 | 231 | 113 |

More Cases Going to Trial. The rate of felony cases decided by jury trial increased almost 10 percent after the enactment of Three Strikes. While courts do not track striker cases, itseems likely-based on our discussions with district attorneys, judges, and others-that the Three Strikes law has been one of the primary causes for this increase in the rate of cases going to trial. According to court professionals, many defendants do not plea bargain their striker cases. This is because even a defendant who agrees to a plea is still likely to receive a lengthy sentence. For this reason, many choose to go to court in the hopes of avoiding a conviction altogether. This trend towards cases being resolved more frequently by trials and less by plea bargains requires greater court resources for criminal cases.

County Jails

More Pretrial Inmates. More criminal cases going to trial under the Three Strikes law has resulted in a similar increase in the number of inmates held in local jails. Between 1993 and 2004, the number of jail beds filled with pretrial inmates has increased by about 16,000 beds. This reflects an increase of about 14 percent in the percent of jail beds filled by pretrial inmates. Some unknown amount of this increase is likely due to Three Strikes. In particular, these are inmates who, in the absence of Three Strikes, would have had their cases resolved relatively quickly by plea bargain and would already have been transferred to state prison.

According to a 2004 report by the Corrections Standards Authority (CSA), formerly the Board of Corrections, the increase in the proportion of pretrial inmates has significant implications for operating costs of jails because these inmates are often assigned to higher levels of security and require more resources as they go through the legal process. The amount of additional costs for county jails to hold pretrial inmates is unknown.

It should be noted that, even as more pretrial inmates are in jail, the number of inmates released from jails early due to overcrowding actually declined by 45 percent between 1995 and 2004, based on a report by the CSA. This finding suggests that jails have been able to accommodate the additional workload from Three Strikes.

Summary of Impact of Three Strikes on Criminal Justice System. Three Strikes has increased the sentence length of a significant proportion of the inmate population, resulting in a growing and aging prison population. The fiscal impact of the measure has been significant at both the state and local level. We estimate that the additional state operational costs resulting from Three Strikes are about one half billion dollars annually, and the state will likely face significantly higher future costs resulting from this measure as the striker population continues to grow and age. In addition, local courts and jails face unknown, but significant increased costs for prosecuting and incarcerating offenders tried under the Three Strikes law.

## The Impact of Three Strikes On Public Safety

Projected Public Safety Impact. The primary justification given by supporters for the Three Strikes law was that it would reduce crime in California in two ways. First, the law would remove repeat offenders from communities for longer periods of time, eliminating the possibility that they could commit new crimes during that period-referred to as an “incapacitation” effect. Second, some advocates of Three Strikes suggested that the severe punishment options associated with the law would deter some potential offenders, thereby preventing some crime that might otherwise occur-a deterrent effect.

Crime Rates Since 1994. The overall crime rate in California, as measured by the Department of Justice’s California Crime Index, began declining before the passage of the Three Strikes law. In fact, the overall crime rate declined by 10 percent between 1991 and 1994. The crime rate continued to decline after Three Strikes, falling by 43 percent statewide between 1994 and 1999, though it has risen by about 11 percent since 1999. Similarly, the violent crime rate declined by 8 percent between 1991 and 1994 and then fell an additional 43 percent between 1994 and 2003. It is important to note that these reductions appear to be part of a national trend of falling crime rates. National crime rates-as reported by the Federal Bureau of Investigation’s Uniform Crime Report-declined 31 percent between 1991 and 2003, with violent crime declining 37 percent over that period. Researchers have identified a variety of factors that probably contributed to these reductions in national crime rates during much of the 1990s including a strong economy, more effective law enforcement practices, demographic changes, and a decline in handgun use. The overall crime trend for California since 1952 is seen in Figure 9.

![](https://lao.ca.gov/2005/3_strikes/3_StrikesAccessories._/3_StrikesAccessories._/3_Strikes%20Accessories/media/pageitemD05.gif)

Estimated Public Safety Impact of Three Strikes. The principle difficulty in accurately evaluating the public safety impact of Three Strikes is distinguishing between the impact associated solely with the initiative and changes that would have occurred in the crime rate in the absence of Three Strikes. In other words, if Three Strikes had not been enacted, would crime rates have continued to fall anyway? Or, did Three Strikes accelerate the pace or lengthen the duration of these declining crime rates?

Our survey of the literature, as well as discussions with leading criminologists, found that there is little consensus among researchers about the impact of Three Strikes on public safety, even after more than ten years of application. Some early reports attributed much of the drop in crime in the mid-1990s to the Three Strikes law. For example, reports issued by the Attorney General in 1998 and the Secretary of State in 1999 asserted that the dramatic decline in California crime rates following the implementation of Three Strikes clearly demonstrated its positive impact on public safety. The Attorney General’s report also noted that though crime rates were dropping nationwide, California’s crime rates dropped even more than those of other states after 1994.

Other analyses, including research by the RAND Institute, have cast some doubt on these early reports, as well as the subsequent impact of Three Strikes on public safety. A variety of reports by academic researchers suggest that the measure has likely had a modest impact on the state’s crime rate, which is not nearly as large as early projections estimated. For example, a study by James Austin and colleagues at George Washington University analyzed the difference in enforcement of the Three Strikes law across counties. If Three Strikes works as intended, one would expect that those counties that used the law more often would experience significantly greater reductions in crime than those that did not use it as often. However, the county comparison study did not find significantly different outcomes across different counties, suggesting that the Three Strikes law was not the primary cause of the significant drop in crime after 1994.

Figure 10 compares the crime rates for eight California counties in 1994 and 2003. These counties represent the four counties that have the highest commitment rate of second and third strikers as well as the four counties with the lowest commitment rate (see Figure 8 earlier in this report). Figure 10 shows that all eight counties experienced reductions in crime rates as measured by the Department of Justice’s California Crime Index. Also, the reduction in the crime rate was similar for the two groups. Specifically, the four large counties most likely to send strikers to prison in the last ten years (Kern, Los Angeles, San Diego, and Riverside) have seen crime rates drop by an average of 37 percent from 1994 through 2003. The four large counties least likely to send strikers to prison (Ventura, Contra Costa, Alameda, and San Francisco) saw crime rates drop by an average of 33 percent over the same period.

![](https://lao.ca.gov/2005/3_strikes/3_StrikesAccessories._/3_StrikesAccessories._/3_Strikes%20Accessories/media/pageitemD17.gif)

In addition, violent crime rates declined by about the same amount in the counties that were less likely to send strikers to prison as the comparison counties. The violent crime rate in those counties least likely to send strikers to prison declined by an average of 45 percent, while the violent crime rate in the counties most likely to send strikers to prison declined by an average of 44 percent. Figure 11 shows the downward change in violent crime rates in these eight large counties.

Unfortunately, there remains no clear consensus about the public safety impact of the Three Strikes measure. In particular, data limitations (such as the number of offenders eligible for prosecution under Three Strikes) and the inherent difficulty of estimating the number of crimes prevented make it difficult to conclusively evaluate the law’s impact on crime and safety. For now it remains an open question as to how much safer California’s citizens are as a result of Three Strikes.

![](https://lao.ca.gov/2005/3_strikes/3_StrikesAccessories._/3_StrikesAccessories._/3_Strikes%20Accessories/media/pageitemD3B.gif)

Why Might Three Strikes Have Had Less of a Public Safety Impact than Originally Projected? There have been several explanations given by researchers for why Three Strikes may not have had as large a public safety impact as originally predicted. First, the differences in the application of the Three Strikes law by counties mitigates the full impact of Three Strikes by reducing the number of offenders who are sentenced to prison for longer periods. Second, if the state’s crime rate was declining independently of Three Strikes due to other criminal justice or societal factors, this trend might have resulted in fewer Three Strikes eligible cases compared to earlier projections. Third, some research by Frank Zimring of the University of California, Berkley and colleagues suggests that strikers as a group commit a relatively small proportion-about 11 percent-of the state’s total number of felonies. Therefore, the incarceration of these offenders would not have a large impact on the overall crime rate. Fourth, some criminal justice research suggests that-for a variety of reasons-the threat of harsh sentences does not have a significant deterrent effect on criminal activity.

## Conclusion-The Future of Three Strikes

In November 2004, California voters considered Proposition 66, which aimed to significantly revise the Three Strikes law. In rejecting Proposition 66, voters seemed to reaffirm their support for the measure. Though the proposition failed to pass, the level of support for it (47 percent) does suggest some sentiment among California citizens to reconsider aspects of the law, including the provision of sentences of 25 years to life for offenders whose most recent crime is nonserious and nonviolent. The Legislature has also considered similar legislation in recent years. Should the Legislature or voters act to revise the Three Strikes law, the impacts could be significant depending on the nature of the changes made. For example, had Proposition 66 passed, it likely would have resulted in reduced future prison incarceration costs of several hundreds of millions of dollars annually.

While it now appears likely that the Three Strikes law will not be revised, at least for the near future, it remains possible that the local implementation of the current law could change over time. For example, Three Strikes was enacted and implemented at a time of declining crime rates. This may in part explain why the number of individuals prosecuted under the law is not as high as originally anticipated. However, should the crime rate climb or public concerns about safety grow, the law could be applied more often at the local level, resulting in increased state corrections and local criminal justice costs.

As long as the Three Strikes law is applied generally as it has been since its enactment in 1994, state and local criminal justice systems will continue to be affected in important ways. In particular, the prison inmate population will continue to grow as more second and third strikers are sent to prison. The number of third strikers will increase until at least 2019 when the first third strikers will be eligible for parole hearings. The continued growth, as well as aging, of the striker population is likely to have significant implications for the prison system for the foreseeable future, including increased operating and capital outlay costs.

|     |     |
| --- | --- |
| **Acknowledgments**<br>This report was prepared by Brian Brown and Greg <br>Jolivette. The Legislative Analyst's Office (LAO) is a nonpartisan office<br>which provides fiscal and policy information and advice to the<br>Legislature. | **LAO Publications** <br>To request publications call (916) 445-4656.<br>This report and others, as well as an [E-mail\<br>subscription service](https://lao.ca.gov/LAOMenus/joinleave.aspx), are available on the LAO's Internet site at<br>www.lao.ca.gov. The LAO is located at 925 L Street, Suite 1000,<br>Sacramento, CA 95814. |

* * *

**[Return to LAO Home Page](https://lao.ca.gov/)**",,,,,
Three-strikes laws | Research Starters | EBSCO Research,https://www.ebsco.com/research-starters/law/three-strikes-laws,"[Research Starters Home](https://www.ebsco.com/research-starters)

EBSCO Knowledge Advantage TM

# Three-strikes laws

Three-strikes laws are legal statutes implemented in various U.S. states designed to impose severe penalties on repeat offenders, particularly for serious and violent crimes. The concept, inspired by the phrase ""three strikes and you're out"" from baseball, gained traction in the 1980s during a wave of tough-on-crime policies. The primary aim is to deter crime and enhance community safety by incapacitating repeat offenders, with some states mandating sentences ranging from 25 years to life for third-time offenders. Although these laws sparked widespread interest, they have been more impactful in California, where the legislation resulted in a significant increase in the prison population and has contributed to ongoing issues of overcrowding and fiscal strain. California's version of the law includes provisions that allow for longer sentences even for non-violent crimes, which has led to discussions about the principles of proportionality and the Eighth Amendment's prohibition against cruel and unusual punishment. Over the years, there have been efforts to reform these laws, reflecting ongoing debates about their effectiveness and implications on the justice system.

Published in:2024

By:Meehan, Kevin

[Go to EBSCOhostand sign in to access more content about this topic.](https://openurl.ebsco.com/results?sid=ebsco%3Aebsco.com%3ARS&bquery=Three-strikes+laws&link_origin=https%3A%2F%2Fwww.ebsco.com)

## Three-strikes laws

**SIGNIFICANCE:** Three-strikes laws are largely symbolic in most of the United States, but in California they helped to swell the prison population and escalated the critical problems of [prison overcrowding](https://www.ebsco.com/research-starters/law/prison-overcrowding-united-states) and fiscal crisis.

As the politically motivated get-tough-on-crime campaigns against crime and drugs escalated during the 1980s, US government policymakers moved to adapt the baseball concept of “three strikes and you’re out” to [sentencing](https://www.ebsco.com/research-starters/law/sentencing) of repeat offenders, and multiple states and the federal government rushed to create politically popular [mandatory minimum sentencing laws](https://www.ebsco.com/research-starters/law/mandatory-sentencing).

The goal behind these laws was to punish serious and violent repeat offenders with prison sentences as long as from twenty-five years to life, while reducing victimization and improving community safety through the casting out and incapacitating of the worst criminals. Despite the initial popularity of the concept of three-strikes laws, they have been little used in most states. However, one state, California, pursued the concept with such vigor that it became an integral part of the state’s corrections and fiscal landscape, leading to a massive prison population.

## The United States

In 1993, voters in the state of Washington responded to a particularly heinous violent sexual crime by a recidivist parolee by approving an initiative that mandated life in prison without the possibility of [parole](https://www.ebsco.com/research-starters/law/parole) for persons convicted of committing serious offenses such as murder, rape, and [robbery](https://www.ebsco.com/research-starters/law/robbery) a third time. Within two years, more than twenty-five other states and the federal government approved their own variations of three-strikes laws. While there was some variation in the crimes covered by these new laws, the principles of “three strikes” and long mandatory sentences adopted in Washington State were followed in virtually all the new laws.

Over the next decade, state legislatures and court systems showed appropriate restraint by sentencing only a few thousand criminals under three-strikes laws throughout the entire nation. For example, between 1993 and 2004, the state of Washington sentenced fewer than two hundred criminals under its three-strikes laws. Generally, the original intent of the law was upheld, as most of the criminals sentenced under these laws were violent robbers, sex offenders, murderers, and individuals convicted of serious assaults.

## California

Meanwhile, by 1994, both the legislature and voters of California had adopted three-strikes laws. California’s laws included a unique feature: the provision of a second-strike enhancement that doubled sentences, as well as the ability of prosecutors to file third-strike charges on nonviolent and nonserious felony offenses, many of which would ordinarily have been treated as [misdemeanors](https://www.ebsco.com/research-starters/law/misdemeanors). For example, [shoplifting](https://www.ebsco.com/research-starters/law/shoplifting) offenses could be prosecuted as petty theft if the offenders had prior [convictions](https://www.ebsco.com/research-starters/law/convictions).

California’s approach was controversial and raised important issues relating to the [Eighth Amendment](https://www.ebsco.com/research-starters/law/eighth-amendment) and its cruel and unusual punishment clause and the principle of proportionality. In the 2003 landmark companion cases of _Lockyer v. Andrade_ and _Ewing v. California_, the [US Supreme Court](https://www.ebsco.com/research-starters/law/supreme-court-united-states) voted 5 to 4 in favor of allowing California to set the sentencing laws approved by its voters.

The most striking result of California’s three-strikes law was a large increase in the state’s prison population. A 2022 report from the California Policy Lab, found that the law lengthen the prison terms of more than 60,000 inmates since 2015, An estimated 36 percent of California’s prison population were serving longer sentences because of the three-strikes laws. The large number of prisoners placed unprecedented strains on the state’s budget. The average cost of housing an inmate in California was $132,860 per year as of 2024.

The 1990s found California, like the rest of the nation, experiencing significant crime reductions. Experts believe that reductions in crime were more likely to be due to the robust economy of that period, the increased availability of jobs, the maturation of [community policing](https://www.ebsco.com/research-starters/law/community-oriented-policing), and other criminal justice and corrections systems improvements rather than to the advent of three-strikes laws. Support for this observation can be found in the fact that the national reduction in crime occurred fairly evenly throughout the nation, including the one-half of the states that had no three-strikes laws.

In November 2004, Californians voted on an initiative that would have eased the state’s three-strikes law by allowing [judges](https://www.ebsco.com/research-starters/social-sciences-and-humanities/judges) to impose milder prison sentences on nonviolent offenders. That measure failed to pass. In 2012, California voters approved Proposition 36, which significantly amended the states' three-strikes law: the requirement for sentencing a defendant as a third-strike offender were changed to twenty-five years to life by requiring the new felony be a serious or violent felony and the addition of a mean by which defendants currently serving a third-strike sentence could petition the court for a reduction of their term.

## Bibliography

""Bill Clinton Regrets 'Three Strikes' Bill."" _BBC News_. BBC, 16 July 2015, www.bbc.com/news/world-us-canada-33545971. Accessed 10 July 2024.

Clark, John Austin, James Henry, and D. Alan Henry. _“Three Strikes and You’re Out”: A Review of State Legislation_. Washington, DC: National Institute of Justice, 1997. Print.

Couzens, J. Richard, and Tricia A. Bigelow. ""The Amendment of the Three Strikes Sentencing Law."" _California Courts_. Judicial Council of California, May 2016, www.courts.ca.gov/documents/Three-Strikes-Amendment-Couzens-Bigelow.pdf. Accessed 10 July 2024.

Ehlers, Scott, Vincent Schiraldi, and Jason Ziedenberg. _Still Striking Out: Ten Years of California’s Three Strikes_. Washington, DC: Justice Policy Institute, 2004. Print.

Hwang, Kristen, and Nigel Duara. ""As California Closes Prisons, the Cost of Locking Someone Up Hits New Record at $132,860."" _Cal Matters_, 23 Jan. 2024, calmatters.org/justice/2024/01/california-prison-cost-per-inmate/. Accessed 10 July 2024.

LaCourse, R. David, Jr. _Three Strikes in Review_. Seattle: Washington Policy Center, 1997. Print.

""Report Provides In-Depth Look at Three-Strikes Law in California."" _Berkeley Public Policy_, 1 Sept. 2022, gspp.berkeley.edu/research-and-impact/news/recent-news/report-provides-in-depth-look-at-three-strikes-law-in-california?utm‗source=substack&utm‗medium=email. Accessed 10 July 2024.

Tonry, Michael. _Sentencing Matters_. New York: Oxford UP, 1996. Print.

Zimring, Franklin E., G. Hawkins, and S. Kamin. _Punishment and Democracy: Three Strikes and You’re Out in California._ New York: Oxford UP, 2001. Print.

### Related Topics

[Prison Overcrowding in the United States](https://www.ebsco.com/research-starters/law/prison-overcrowding-united-states) [Sentencing](https://www.ebsco.com/research-starters/law/sentencing) [Mandatory sentencing](https://www.ebsco.com/research-starters/law/mandatory-sentencing) [Parole](https://www.ebsco.com/research-starters/law/parole) [Robbery](https://www.ebsco.com/research-starters/law/robbery) [Misdemeanors](https://www.ebsco.com/research-starters/law/misdemeanors) [Shoplifting](https://www.ebsco.com/research-starters/law/shoplifting) [Convictions](https://www.ebsco.com/research-starters/law/convictions) [Eighth Amendment](https://www.ebsco.com/research-starters/law/eighth-amendment) [Supreme Court of the United States](https://www.ebsco.com/research-starters/law/supreme-court-united-states) [Community-oriented policing](https://www.ebsco.com/research-starters/law/community-oriented-policing) [Judges](https://www.ebsco.com/research-starters/social-sciences-and-humanities/judges)",,"<p>Three-strikes laws are legal statutes implemented in various U.S. states designed to impose severe penalties on repeat offenders, particularly for serious and violent crimes. The concept, inspired by the phrase &quot;three strikes and you&#039;re out&quot; from baseball, gained traction in the 1980s during a wave of tough-on-crime policies. The primary aim is to deter crime and enhance community safety by incapacitating repeat offenders, with some states mandating sentences ranging from 25 years to life for third-time offenders. Although these laws sparked widespread interest, they have been more impactful in California, where the legislation resulted in a significant increase in the prison population and has contributed to ongoing issues of overcrowding and fiscal strain. California&#039;s version of the law includes provisions that allow for longer sentences even for non-violent crimes, which has led to discussions about the principles of proportionality and the Eighth Amendment&#039;s prohibition against cruel and unusual punishment. Over the years, there have been efforts to reform these laws, reflecting ongoing debates about their effectiveness and implications on the justice system.</p>
",,https://www.ebsco.com/ebsco-default-og-image.png,https://www.ebsco.com/favicon.ico
Sentencing policy | Prison Policy Initiative,https://www.prisonpolicy.org/research/sentencing_policy/,"- [Home](https://www.prisonpolicy.org/)
- [About](https://www.prisonpolicy.org/about.html)
- [Publications](https://www.prisonpolicy.org/reports.html)
- [Issues](https://www.prisonpolicy.org/expertise.html)
- [Data](https://www.prisonpolicy.org/data/)  - [National](https://www.prisonpolicy.org/data#nat)
  - [State](https://www.prisonpolicy.org/data#state)
  - [Research Library](https://www.prisonpolicy.org/research.html)
  - [Correctional Contracts Library](https://www.prisonpolicy.org/contracts/documents.html)
- [Blog](https://www.prisonpolicy.org/blog/)
- [Trump Tracker](https://www.prisonpolicy.org/federaltracker.html)
- [Contact](https://www.prisonpolicy.org/contact.html)
- [Careers](https://www.prisonpolicy.org/jobs.html)
- [Donate](https://www.prisonpolicy.org/donate.html)

- [Menu](https://www.prisonpolicy.org/research/sentencing_policy/#)
- [Home](https://www.prisonpolicy.org/)
- [About](https://www.prisonpolicy.org/about.html)
- [Publications](https://www.prisonpolicy.org/reports.html)
- [Issues](https://www.prisonpolicy.org/expertise.html)
- [Data](https://www.prisonpolicy.org/data/)


  - [National](https://www.prisonpolicy.org/data#nat)
  - [State](https://www.prisonpolicy.org/data#state)
  - [Research Library](https://www.prisonpolicy.org/research.html)
  - [Correctional Contracts Library](https://www.prisonpolicy.org/contracts/documents.html)

- [Blog](https://www.prisonpolicy.org/blog/)
- [Trump Tracker](https://www.prisonpolicy.org/federaltracker.html)
- [Contact](https://www.prisonpolicy.org/contact.html)
- [Careers](https://www.prisonpolicy.org/jobs.html)
- [Donate](https://www.prisonpolicy.org/donate.html)

[Home Page](https://www.prisonpolicy.org/) \> [Data](https://www.prisonpolicy.org/data/) \> [Research Library](https://www.prisonpolicy.org/research.html) \> Sentencing policy


# Sentencing policy

_Research on the rise and impact of excessive criminal sentences_

On this page, the Prison Policy Initiative has curated all of the research about sentencing policy that we know of. For research on other criminal justice topics, see our [Research Library homepage.](https://www.prisonpolicy.org/research.html)

- [Life Sentences in the United States](https://wcsj-dukelaw.shinyapps.io/life-sentences-dashboard/)Wilson Center for Science and Justice, November, 2025(This dashboard compiles presents two decades of data on people serving life sentences in the United States, including state-level and demographic data.)
- [Over-Federalization:](https://www.sentencingproject.org/app/uploads/2025/10/Over-Federalization-Federal-Intrusion-Into-State-Criminal-Law.pdf) Federal Intrusion Into State Criminal Law Sentencing Project, October, 2025“Over the past 50 years...broadening interpretations of the Constitution's Commerce Clause have offered Congress an ever-expanding ability to make traditionally state and local offenses federal crimes as well.”
- [Trapped in Time:](https://www.aclu.org/publications/trapped-in-time-the-silent-crisis-of-elderly-incarceration) The Silent Crisis of Elderly Incarceration ACLU and the Prison & Jail Innovation Lab, September, 2025“In 2012, a court ruling led to the negotiated release of 178 elderly, life-sentenced people in Maryland...in the four years following the court ruling, not a single person was rearrested for a crime more serious than a traffic offense.”
- [The Role of Second Look Policies in Reforming California's Approach to Incarceration](https://capolicylab.org/wp-content/uploads/2025/09/Overview-Report-on-Second-Look-Policies-in-California.pdf)California Policy Lab, September, 2025“People released due to resentencing policies were less likely to be convicted of new crimes within the first year than total releases, and the majority of new convictions were for misdemeanors. The one-year new conviction rates ranged from 3% to 29%.”
- [The Second Look Movement](https://www.sentencingproject.org/app/uploads/2025/09/Second-Look-Movement-An-Assessment-of-the-Nations-Sentence-Review-Laws.pdf) An Assessment of the Nation's Sentence Review Laws (Updated) Sentencing Project, August, 2025“Courts in 16 states determined that other lengthy sentences such as \[life without parole\] or term-of-years sentences were unconstitutional under Graham or Miller.”
- [Justice Delayed:](https://www.sentencingproject.org/app/uploads/2025/05/Justice-Delayed-The-Growing-Wait-for-Parole-After-a-Life-Sentence.pdf) The Growing Wait for Parole After a Life Sentence Sentencing Project, May, 2025“Since 1995, Georgia has enacted statutory changes that delay parole eligibility for life-sentenced individuals convicted of a serious violent felony \[from seven, to 14, to 30 years\].”
- [The Eugenic Origins of Three Strikes Laws](https://www.sentencingproject.org/app/uploads/2025/03/The-Eugenic-Origins-of-Three-Strikes-Laws.pdf) How 'Habitual Offender' Sentencing Laws Were Used as a Means of Sterilization Sentencing Project, March, 2025
- [![report thumbnail](https://static.prisonpolicy.org/images/LOGO_Black_OnWhite_130w.png)](https://www.prisonpolicy.org/blog/2024/08/21/louisiana_parole_reform/) [An Act of Regression:](https://www.prisonpolicy.org/blog/2024/08/21/louisiana_parole_reform/) Louisiana takes a giant step backward in parole and sentencing reform Prison Policy Initiative, August, 2024“Together, \[bills HB9 and HB10\] will set prison and sentencing reform back decades in the state: although lawmakers have framed them as ""public safety"" measures, these laws will have the opposite effect.”
- [Still Cruel and Unusual:](https://www.sentencingproject.org/publications/still-cruel-and-unusual-extreme-sentences-for-youth-and-emerging-adults/) Extreme Sentences for Youth and Emerging Adults Sentencing Project, August, 2024“Many of the 8,600 individuals \[who were under 18 at offense serving life and virtual life sentences\] have already served decades...beyond their risk to public safety.”
- [Failure to Appear Across New York Regions](https://datacollaborativeforjustice.org/work/case-processing/failure-to-appear-across-new-york-regions/)Data Collaborative for Justice at John Jay College, June, 2024“In 2022, NY's failure to appear (FTA) rate for released cases was 17%. There was little variation by region (16% in NYC, 18% in NYC suburbs, 20% in Upstate). However, among individual counties... FTA rates ranged from 7% to 30%.”
- [The Second Look Movement:](https://www.sentencingproject.org/app/uploads/2024/05/Second-Look-Movement.pdf) A Review of the Nation's Sentence Review Laws Sentencing Project, May, 2024“The report provides an overview of the second look laws passed by 12 state legislatures that provide judicial sentence review hearings beyond opportunities provided to those with \[juvenile life without parole\] sentences.”
- [The Second Look Movement:](https://www.sentencingproject.org/reports/the-second-look-movement-a-review-of-the-nations-sentence-review-laws/) A Review of the Nation's Sentence Review Laws Sentencing Project, May, 2024“In addition to California, four states - Illinois, Minnesota, Oregon, and Washington - have enacted prosecutor-initiated resentencing laws that allow prosecutors to request the court to reconsider a sentence.”
- [Criteria and Procedures for Meaningful Parole Review for People Sentenced as Youth](https://clearinghouse.net/resource/4166/)Tessa Bialek, Civil Rights Litigation Clearinghouse, April, 2024“Building on the case law and legislative reforms, this white paper proposes model policies for robust constitutional compliance and meaningful, comprehensive parole review for people serving long sentences for crimes committed as youth.”
- [Justice Reinvestment Initiative:](https://app2.lla.state.la.us/publicreports.nsf/0/cd3ed4e133bfa0df86258ac300628deb/$file/00003c7d.pdf?openelement&.7773098) Challenges and Impact Louisiana Legislative Auditor, February, 2024“\[Those\] released based on Justice Reinvestment Initiative good time changes do not appear to return to custody at a higher rate than the overall return rate.”
- [Sentencing Reform in Washington State:](https://static1.squarespace.com/static/56c7928af055e95324065525/t/68facef6c282d226d4ade56a/1761267446256/2024+Beckett+and+Goldberg+%2522Sentencing+Reform+in+Washington+State%2522.pdf) Progress and Pitfalls Katherine Beckett and Allison Goldberg, January, 2024“Many people serving long and life sentences \[in Washington State\] who pose no threat to public safety remain ineligible for review for technical and/or arbitrary reasons.”
- [![report thumbnail](https://static.prisonpolicy.org/images/LOGO_Black_OnWhite_130w.png)](https://www.prisonpolicy.org/blog/2024/01/24/zombie-politics/) [Zombie politics:](https://www.prisonpolicy.org/blog/2024/01/24/zombie-politics/) The return of failed criminal legal system policies in 2023 - and how to fight back Prison Policy Initiative, January, 2024“Many lawmakers believe that jails and prisons will provide treatment for opioid users - in fact, incarceration increases overdose risk, and few people receive treatment inside.”
- [The Forgotten Jurisprudence of Parole and State Constitutional Doctrines of Vagueness](https://papers.ssrn.com/sol3/papers.cfm?abstract_id=4579514)Kristen Bell, September, 2023“This Article unearths historic state court decisions holding that sentences that end through the discretionary judgment of a parole board are ""void for uncertainty.""”
- [Sentencing Decisions for Persons in Federal Prison for Drug Offenses, 2013-2018](https://bjs.ojp.gov/document/sdpfpdo1318.pdf)Bureau of Justice Statistics, July, 2023“The number of people in federal prison for drug offenses decreased 24% during the 5-year period from fiscal yearend 2013 to fiscal yearend 2018.”
- [How Long is Long Enough?](https://assets.foleon.com/eu-central-1/de-uploads-7e3kk3/41697/task_force_on_long_sentences_final_report.ecc1d701464c.pdf) Task Force on Long Sentences Final Report Council on Criminal Justice, March, 2023“While Task Force members expressed a diversity of opinions on second looks, they agreed that many people serving long sentences may not longer present a danger to public safety.”
- [The Poor Reform Prosecutor:](https://static.prisonpolicy.org/scans/johnpfaff/thepoor_reform_prosecutor_2023.pdf) So Far From the State Capital, So Close to the Suburbs John F. Pfaff, March, 2023“In many ways, the county is a distinctly awkward jurisdiction for those who hope reform-minded prosecutors can play a significant role in reversing our decades-long investment in mass punishment and mass incarceration.”
- [Condemned:](https://alabamaappleseed.org/wp-content/uploads/2023/03/Alabama-Appleseed-Condemned-Report-2023.pdf) The habitual felony offender act in Alabama Alabama Appleseed Center for Law and Justice, March, 2023“At a minimum, Alabama should provide a mechanism for judges to review the sentences of people serving life without parole under the Habitual Federal Offender Act.”
- [A New Paradigm for Sentencing in the United States](https://www.vera.org/downloads/publications/Vera-Sentencing-Report-2023.pdf)Vera Institute of Justice, February, 2023“\[This\] report suggests a ""North Star"" for sentencing policy with a legal presumption toward community-based sentences except in limited circumstances.”
- [Final Report of the Illinois Resentencing Task Force](https://spac.icjia-api.cloud/uploads/ILSPAC%202022%20Resentencing%20Report%20Final-20230120T19392138.pdf)Illinois Resentencing Task Force, December, 2022“A resentencing system that allows both prospective and retroactive application will have the greatest impact on the prison population and address the disparate impact of mass incarceration.”
- [How Long is Long Enough?](https://counciloncj.foleon.com/tfls/long-sentences-final-report/) Task Force on Long Sentences Final Report Council on Criminal Justice, November, 2022“While drug crimes account for a minority of the nation's long sentences, the Task Force believes that long prison terms are especially ineffective in addressing substance use disorders and related or co-occurring mental health disorders.”
- [Three Strikes in California](https://www.capolicylab.org/wp-content/uploads/2022/08/Three-Strikes-in-California.pdf)Mia Bird et al., California Policy Lab, August, 2022“Nearly 65% of admissions to prison with a doubled-sentence enhancement \[under the Three-Strikes law\] are for a non-violent, non-serious offense.”
- [Older Offenders in the Federal System](https://www.ussc.gov/sites/default/files/pdf/research-and-publications/research-publications/2022/20220726_Older-Offenders.pdf)United States Sentencing Commission, July, 2022“The proportion of older offenders in the federal system has been relatively steady across the past five fiscal years, accounting for no more than 14 percent of all federal offenders sentenced in any given year.”
- [Nothing But Time:](https://www.sentencingproject.org/publications/nothing-but-time-elderly-americans-serving-life-without-parole/?emci=0c9f579b-9cf2-ec11-b47a-281878b83d8a&emdi=43c6ccb0-fef2-ec11-b47a-281878b83d8a&ceid=10159174) Elderly Americans Serving Life Without Parole Sentencing Project, June, 2022“More than 55,000 Americans are incarcerated in state and federal prisons with no chance of parole, reflecting a 66% rise in people serving LWOP since 2003.”
- [Kids Are Not So Different:](https://chicagounbound.uchicago.edu/cgi/viewcontent.cgi?article=6295&context=uclrev) The Path from Juvenile Exceptionalism to Prison Abolition Paywall :(Emily Buss, June, 2022“We should abandon, not extend, the separate juvenile-exceptionalist system and instead incorporate our understanding of youth into a single system that takes account of human development over the life course.”
- [American Prison-Release Systems:](https://robinainstitute.umn.edu/sites/robinainstitute.umn.edu/files/2022-05/american_prison-release_systems.pdf) Indeterminacy in Sentencing and the Control of Prison Population Size Robina Institute, April, 2022“The operational features of American prison-release systems, and their foreseeable results, could hardly be more dissonant. Sometimes the differences are so extreme as to be inexplicable.”
- [Felony Murder: An On-Ramp for Extreme Sentencing](https://www.sentencingproject.org/publications/felony-murder-an-on-ramp-for-extreme-sentencing/?eType=EmailBlastContent&eId=e2b0e2d3-dd68-44b0-a0dd-6b8201e6c48c)Sentencing Project, March, 2022“\[Felony murder laws\] violate the principle of proportional sentencing, which is supposed to punish crimes based on their severity. This report evaluates the legal and empirical foundation, and failings, of the felony murder rule.”
- [Reflections on Long Prison Sentences:](https://assets.foleon.com/eu-west-2/uploads-7e3kk3/41697/reflections_on_long_prison_sentences_-_howley.4d54a984fb61.pdf) A Conversation with Crime Survivors, Formerly Incarcerated People, and Family Members Susan Howley, Council on Criminal Justice, January, 2022“Most participants across the two groups said they did not equate long sentences with accountability.”
- [Time for Justice:](https://static.prisonpolicy.org/scans/famm/FAMM-PA-report-2021.pdf) The Urgent Need for Second Chances In Pennsylvania's Sentencing System Families Against Mandatory Minimums, November, 2021“Based on average incarceration costs, the Pennsylvania Department of Corrections (DOC) is spending $220 million per year to incarcerate 3,892 people who have already served at least 20 years. The true cost is undoubtedly higher.”
- [Sentence Length and Recidivism:](https://static.prisonpolicy.org/scans/SentenceRecidivism.pdf) A Review of the Research Elizabeth Berger and Kent Scheidegger, June, 2021“While some findings suggest that longer sentences may provide additional deterrent benefit in the aggregate, this effect is not always consistent or strong.”
- [The Declining Significance of Race in Criminal Sentencing:](https://academic.oup.com/sf/advance-article-abstract/doi/10.1093/sf/soab018/6170993?redirectedFrom=fulltext) Evidence from US Federal Courts Paywall :(Michael T Light, March, 2021“Sentences \[for white and Black people\] became more equal almost entirely due to changes in observable case characteristics and not due to changes in the treatment of offenders.”
- [No End In Sight:](https://www.sentencingproject.org/publications/no-end-in-sight-americas-enduring-reliance-on-life-imprisonment/) America's Enduring Reliance on Life Imprisonment Sentencing Project, February, 2021“In the United States, more than 200,000 people are serving life sentences - one out of every seven in prison.”
- [Woke Retailers -- This You?](https://www.citizen.org/article/woke-retailers-criminal-justice-reform-shoplifting-report/) Corporations That Embraced Criminal Justice Reform Rhetoric Have Been Fueling Mass Incarceration Public Citizen, October, 2020“In recent years, the retail industry has advocated against criminal justice reforms that reduce shoplifting sentences and/or supported harsher antishoplifting laws in 18 states. Most of the time - in 11 states - the retail industry prevailed.”
- [Life Without Parole Sentencing in North Carolina](https://static.prisonpolicy.org/scans/life_without_parole_sentencing_in_north_carolina.pdf)Brandon L. Garrett et al, October, 2020“We find that fewer LWOP sentences are predicted to occur as the number of black victim homicides increase in a county, but no such relationship is found when considering the number of white victim homicides.”
- [![report thumbnail](https://static.prisonpolicy.org/images/reportthumbs/violence_reportcover_130w.png)](https://www.prisonpolicy.org/reports/violence.html) [Reforms without Results:](https://www.prisonpolicy.org/reports/violence.html) Why states should stop excluding violent offenses from criminal justice reforms Prison Policy Initiative, April, 2020“Almost all of the major criminal justice reforms passed in the last two decades explicitly exclude people accused and convicted of violent offenses.”
- [We All Pay:](https://www.fwd.us/wp-content/uploads/2019/11/mississippi-we-all-pay-report-fwd-us.pdf) Mississippi's Harmful Habitual Laws FWD.us, November, 2019“Despite making up 13 percent of the state's population,75 percent of the people with 20+ year habitual sentences are Black men.”
- [Prosecutors and Responses to Violence](https://static.prisonpolicy.org/scans/johnjay/JJC_Prosecutors_Violence.pdf)Institute for Innovation in Prosecution at John Jay College, November, 2019“The current approach to violent crime contributes nothing to falling crime rates, imprisons people far longer than necessary, diverts resources from more productive strategies, and subjects people to a brutality that should make any prosecutor shudder.”
- [Sentencing Enhancements and Incarceration:](https://policylab.hks.harvard.edu/media/enhancements_2019-10-17.pdf) San Francisco, 2005-2017 Stanford Computational Policy Lab, October, 2019“One could substantially reduce incarceration by focusing on a relatively small number of enhancements: Prop. 8 priors, Three Strikes, and the 10-20-life gun enhancement.”
- [The Link Between Race-Ethnicity and a Pre-Sentence Prison Recommendation](https://justice.utah.gov/wp-content/uploads/Presentence_Investigation_Report_Study.pdf)Utah Commission on Criminal & Juvenile Justice, October, 2019“We analyze 9,788 felony Pre-Sentence Investigation reports in Utah between 2015 and 2017...we find that Hispanics have an increased likelihood of receiving the most severe sentence recommendation in comparison to Whites.”
- [U.S. Prison Population Trends:](https://www.sentencingproject.org/wp-content/uploads/2019/09/U.S.-Prison-Population-Trends.pdf) Massive Buildup and Modest Decline The Sentencing Project, September, 2019“By yearend 2017, 1.4 million people were imprisoned in the United States, a decline of 7% since the prison population reached its peak level in 2009. This follows a nearly 700% growth in the prison population between 1972 and 2009.”
- [Sentences of Incarceration Decline Sharply, Public Safety Improves During Kim Foxx's Second Year in Office](https://news.wttw.com/sites/default/files/article/file-attachments/2019-07%20Final-Report-Kim%20Foxx-ForPrint.pdf) New data portal demonstrates benefit of criminal justice reform, transparency The People's Lobby, Reclaim Chicago, and Chicago Appleseed Fund for Justice, July, 2019“We find that the use of prosecutorial discretion in the Cook County State's Attorney's Office has led to a decrease in incarceration sentences. At the same time, public safety has improved.”
- [Second Looks & Second Chances](https://papers.ssrn.com/sol3/papers.cfm?abstract_id=3404899)Shon Hopwood, June, 2019“It is difficult, if not impossible, to determine who, after having been convicted of a serious crime, has the capacity to become rehabilitated and redeemed. Character is not static, people change, and the law must recognize this reality.”
- [Expungement of Criminal Convictions:](https://papers.ssrn.com/sol3/papers.cfm?abstract_id=3353620&download=yes) An Empirical Study J.J. Prescott and Sonja B. Starr, March, 2019(Among those legally eligible for expungement in Michigan, just 6.5% obtain it within five years of eligibility.)
- [Diversion in the Criminal Justice System](https://sites.lsa.umich.edu/mgms/wp-content/uploads/sites/283/2019/01/Diversion.pdf)Michael Mueller-Smith and Kevin T. Schnepel, January, 2019“We find robust evidence across both experiments that diversion cuts reoffending rates in half (-32 p.p.) and grows quarterly employment rates by 53 percent (+18 p.p.) over 10 years.”
- [Top Trends in State Criminal Justice Reform, 2018](https://www.sentencingproject.org/wp-content/uploads/2019/01/Top-Trends-in-State-Criminal-Justice-Reform-2018.pdf?eType=EmailBlastContent&eId=da51f536-4b29-466a-9447-aa131c12afb3)Sentencing Project, January, 2019(This briefing paper describes key criminal justice reforms undertaken in 2018.)
- [Intra-City Differences in Federal Sentencing Practices](https://www.ussc.gov/sites/default/files/pdf/research-and-publications/research-publications/2019/20190108_Intra-City-Report.pdf) Federal District Judges in 30 Cities, 2005 - 2017 United States Sentencing Commission, January, 2019“In most cities, the length of a defendant's sentence increasingly depends on which judge in the courthouse is assigned to his or her case.”
- [The Ungers, 5 Years and Counting:](https://justicepolicy.org/wp-content/uploads/2021/06/The_Ungers_5_Years_and_Counting.pdf) A Case Study in Safely Reducing Long Prison Terms and Saving Taxpayer Dollars Justice Policy Institute, November, 2018“The experience of the Unger group, with 188 people who were incarcerated for decades for serious violent crimes having been safely released to the community, demonstrates that this country locks up too many people for too long.”
- [![report thumbnail](https://static.prisonpolicy.org/images/reportthumbs/longsentences_reportcover_130.png)](https://www.prisonpolicy.org/reports/longsentences.html) [Eight Keys to Mercy:](https://www.prisonpolicy.org/reports/longsentences.html) How to shorten excessive prison sentences Prison Policy Initiative, November, 2018(This report provides state leaders with eight strategies to shorten overly long prison sentences.)
- [Un-Meetable Promises:](https://www.prisonpolicy.org/scans/global_health_justice/un-meetable_promises_htic_report_ghjp_2018rev.pdf) Rhetoric and Reality in New York City's Human Trafficking Intervention Courts Global Health Justice Partnership of the Yale Law School and Yale School of Public Health, September, 2018(Embedding social services in a criminal justice context enables an overreach by the courts as gatekeepers and managers of service; mitigating immediate harms to sex workers requires shrinking (not expanding) the authority of the courts over defendant.)
- [A Way Out:](https://abolitionistlawcenter.org/wp-content/uploads/2023/07/A-Way-Out_Abolishing-DBI-in-PA.09.18.18.full_.pdf) Abolishing Death by Incarceration in Pennsylvania Abolitionist Law Center, September, 2018(This report articulates a multi-strategy, movement-building framework for abolishing death by incarceration in Pennsylvania.)
- [Diversion from Justice:](https://www.prisonpolicy.org/scans/global_health_justice/diversion_from_justice_pdp_report_ghjp_2018rev.pdf) A Rights-Based Analysis of Local ""Prostitution Diversion Programs"" Global Health Justice Partnership of the Yale Law School and Yale School of Public Health, September, 2018“While progressive at face value, prostitution diversion programs lack the evidence base and public accountability mechanisms to support their claims of doing good in the lives of people selling sex.”
- [Mandatory Minimum Penalties for Federal Identity Theft Offenses in the Federal Criminal Justice System](https://www.ussc.gov/sites/default/files/pdf/research-and-publications/research-publications/2018/20180924_ID-Theft-Mand-Min.pdf)U.S. Sentencing Commission, September, 2018(Section 1028A convictions have increased both as a number and as a percentage of cases involving a mandatory minimum penalty since the Commission began collecting data on these offenses.)
- [Algorithmic Risk Assessments and the Double-Edged Sword of Youth](https://papers.ssrn.com/sol3/papers.cfm?abstract_id=3225350)Megan T. Stevenson and Christopher Slobogin, August, 2018(Roughly 60% of the risk score that the ""COMPAS Violent Recidivism Risk Score"" system produces is attributable to age.)
- [The Trial Penalty:](https://www.nacdl.org/getattachment/95b7f0f5-90df-4f9f-9115-520b3f58036a/the-trial-penalty-the-sixth-amendment-right-to-trial-on-the-verge-of-extinction-and-how-to-save-it.pdf) The Sixth Amendment Right to Trial on the Verge of Extinction and How to Save It National Association of Criminal Defense Lawyers, July, 2018“The 'trial penalty' (the difference between the sentence offered in a plea offer prior to trial vs the sentence a defendant receives after trial) is now so severe & pervasive that it has virtually eliminated the constitutional right to a trial.”
- [Everywhere and Nowhere:](https://static.prisonpolicy.org/scans/famm/Exec-Summary-Report.pdf) Compassionate Release in the States Families Against Mandatory Minimums, June, 2018“While compassionate release is nearly universal, it is underused. We believe that is due, in part, to poor design.”
- [50-State Comparison Characteristics of Pardon Authorities](https://ccresourcecenter.org/state-restoration-profiles/50-state-comparisoncharacteristics-of-pardon-authorities/)Collateral Consequences Resource Center, June, 2018(This report provides a 50 state comparison of pardons, including: type of administration, type of process, eligibility requirements, effect, frequency of grants, and alternative restoration.)
- [The High Costs of Low Risk:](https://www.osborneny.org/assets/files/Osborne_HighCostsofLowRisk.pdf) The Crisis of America's Aging Prison Population The Osborne Association, May, 2018
- [2017 Federal Sentencing Statistics](https://www.ussc.gov/research/data-reports/geography/2017-federal-sentencing-statistics)United States Sentencing Commission, April, 2018“These reports examine federal sentencing statistics from each judicial district, the districts within each judicial circuit, and the districts within each state.”
- [Keeping Kids and Parents Together:](https://humanimpact.org/wp-content/uploads/2018/02/HIP_LAcaretakers_2018.pdf) A Healthier Approach to Sentencing in Louisiana Human Impact Partners, March, 2018“In this report, we evaluate the health and equity impacts of Primary Caretaker legislation in the state of Louisiana. If passed, this legislation would expand the ability to set community-based sentences for parents.”
- [Plea Bargaining:](https://papers.ssrn.com/sol3/papers.cfm?abstract_id=3129469) From Patent Unfairness to Transparent Justice Mirko Bagaric, Julie N. Clarke, and William Rininger, March, 2018(This article proposes reforms to the plea bargaining process (by shifting discretion and power from prosecutors into the hands of - impartial - sentencing judges) that will demonstrably and profoundly reshape the framework for plea negotiations.)
- [The Mercy Lottery:](http://www.law.nyu.edu/sites/default/files/upload_documents/The%20Mercy%20Lottery.Report%20on%20Obama%20Clemency%20Initiative.2018.pdf) A Review of the Obama Administration's Clemency Initiative NYU Law School, January, 2018(This report analyzes President Obama's clemency initiative and tells the stories of individual petitioners who were either denied clemency or whose petitions were never granted, despite being ideal candidates by the Initiative's own terms.)
- [The Death Penalty in 2017:](https://deathpenaltyinfo.org/documents/2017YrEnd.pdf) Year End Report Death Penalty Information Center, December, 2017“Executions and death sentences remained near historically low levels in 2017, as public support for the death penalty fell to its lowest level in 45 years.”
- [An Analysis of the Implementation of the 2014 Clemency Initiative](https://www.ussc.gov/sites/default/files/pdf/research-and-publications/research-publications/2017/20170901_clemency.pdf)United States Sentencing Commission, September, 2017“President Obama made 1,928 grants of clemency during his presidency. Of them, 1,716 were commutations of sentence, more commutations than any other President has granted.”
- [A Matter of Time:](http://apps.urban.org/features/long-prison-terms/intro.html) The Causes and Consequences of Rising Time Served in America's Prisons Urban Institute, July, 2017(• A growing share of the U.S. prison population has been incarcerated for 10 or more years �"" and in at least 11 states the number of people in prison for a decade or longer has more than doubled since 2000.)
- [An Overview of Mandatory Minimum Penalties in the Federal Criminal Justice](https://www.ussc.gov/sites/default/files/pdf/research-and-publications/research-publications/2017/20170711_Mand-Min.pdf)United States Sentencing Commission, July, 2017“More than half (55.7%) of federal inmates in custody as of September 30, 2016 were convicted of an offense carrying a mandatory minimum penalty.”
- [Assessing the Impact of Georgia's Sentencing Reforms](http://www.urban.org/sites/default/files/publication/91731/ga_policy_assessment.pdf?ed2f26df2d9c416fbddddd2330a778c6=ovoxvmttnv-ovpnonatv)Urban Institute, July, 2017(This brief examines the impact of H.B. 1176 on commitments to prison, sentence lengths, and time served in the state of Georgia.)
- [Model Penal Code:](https://robinainstitute.umn.edu/publications/model-penal-code-sentencing-proposed-final-draft-approved-may-2017) Sentencing, Proposed Final Draft The American Law Institute, June, 2017(The Model Penal Code provides guidance on some of the most important issues that courts, corrections systems, and policymakers are facing today.)
- [Examining Racial Disparities in Criminal Case Outcomes](https://www.law.upenn.edu/live/files/6793-examining-racial-disparities-may-2017-full) among Indigent Defendants in San Francisco The Quattrone Center & The University of Pennsylvania Law School, May, 2017“Our analysis revealed that Black, White and Latinx indigent defendants in San Francisco have substantially different experiences during the criminal adjudication process.”
- [Still Life:](https://static.prisonpolicy.org/scans/sentencingproject/Still-Life.pdf) America's Increasing Use of Life and Long-Term Sentences The Sentencing Project, May, 2017“Nearly half (48.3%) of life and virtual life-sentenced individuals are African American, equal to one in five black prisoners overall. As of 2016, 1 in every 9 people in prison was serving a life sentence.”
- [A Survey of Prosecutorial Diversion in Illinois](https://www.prisonpolicy.org/scans/tasc/IL-ProsecutorialDiversionSurvey-2017.pdf)Center for Health and Justice at TASC, March, 2017“As a growing field, there are many opportunities for improvement in diversion practices--in how programs are designed, implemented, and evaluated; in how data are collected and shared; and in ensuring that community services are available and accessible.”
- [Ohio's Statehouse-to-Prison Pipeline:](https://www.acluohio.org/sites/default/files/StatehouseToPrisonPipeline2017.pdf) 131st General Assembly (2015-2016) ACLU of Ohio, March, 2017“These laws often use incarceration to address public health issues like addiction, mental health, and poverty, which only serves to exacerbate those problems.”(The ACLU of Ohio reviewed all 1,004 bills introduced during the 2015-2016 legislative session and found nearly one in 10 included language to lock more people up longer.)
- [Delaying a Second Chance:](http://www.sentencingproject.org/wp-content/uploads/2017/01/Delaying-a-Second-Chance.pdf) The Declining Prospects for Parole on Life Sentences The Sentencing Project, January, 2017“By placing upward pressure on prison sentences for people with less serious convictions, excessive prison terms for lifers have contributed to a major cause of mass incarceration.”
- [The Continuing Leverage of Releasing Authorities:](https://robinainstitute.umn.edu/publications/continuing-leverage-releasing-authorities-findings-national-survey-executive-summary) Findings from a National Survey: Executive Summary Robina Institute of Criminal Law and Criminal Justice, October, 2016“Releasing authorities continue to retain significant and unrecognized clout in their decision-making. Their practices and policies impact the achievement of the criminal justice system's fundamental goals: fairness, offender rehabilitation, and safety.”
- [Missouri Policy Shortens Probation and Parole Terms, Protects Public Safety](http://www.pewtrusts.org/~/media/assets/2016/08/missouri_policy_shortens_probation_and_parole_terms_protects_public_safety.pdf)The Pew Charitable Trusts, August, 2016“Three years of data show that the earned compliance credit policy significantly reduced the state’s supervised population without jeopardizing public safety.”
- [Defining Violence:](https://justicepolicy.org/wp-content/uploads/justicepolicy/documents/jpi_definingviolence_final_report_9.7.2016.pdf) Reducing Incarceration and Rethinking America's Approach to Violence Justice Policy Institute, August, 2016“\[This report\] explores how something is defined as a violent or nonviolent crime, how that classification affects how the justice system treats a person, and how all that relates to the use of incarceration.”
- [Assessing the Impact of South Dakota's Sentencing Reforms](https://static.prisonpolicy.org/scans/urban_institute/southdakota_sentencingreforms.pdf)Urban Institute, May, 2016“South Dakota's presumptive probation policy and felony reclassifications played a significant role in averting South Dakota's prison population growth.”
- [By the Numbers:](https://robinainstitute.umn.edu/sites/robinainstitute.umn.edu/files/2022-02/parole_by_the_numbers_updated.pdf) Parole Release and Revocation Across 50 States Robina Institute, April, 2016“The Data Profiles in this report are designed to provide a statistical snapshot of the relationships and movements between prison and parole supervision populations in each state.”
- [Roadblocks to Reform:](https://static.prisonpolicy.org/scans/Roadblocks_to_Reform_Report_ALCUOR.pdf) District Attorneys, Elections, and the Criminal Justice System Status Quo ACLU of Oregon, April, 2016“DAs are arguably the most powerful people in the criminal justice system, but voters don't seem to know who DAs are or all that they do\[.\]”
- [How Has Proposition 47 Affected California's Jail Population](http://www.ppic.org/content/pubs/report/R_316MB3R.pdf)Public Policy Institute of California, March, 2016“Taken together, we find significant changes in the level and composition of those incarcerated in jails following the passage of Prop 47.”
- [Roadblock to Economic Independence:](https://mckinneylaw.iu.edu/practice/clinics/_docs/DL_Rpt_2-1-16.pdf) How Driver's License Suspension Policies in Indiana Impede Self-Sufficiency, Burden State Government... Health and Human Rights Clinic, Indiana University Robert H. McKinney School of Law, February, 2016“Beside the cost to individuals, driver’s license suspensions significantly impact employers, government resources, and public safety.”
- [The Effects of Changing State Theft Penalties](http://www.pewtrusts.org/en/research-and-analysis/issue-briefs/2016/02/the-effects-of-changing-state-theft-penalties)The Pew Charitable Trusts, February, 2016“The Pew Charitable Trusts examined crime trends in the 23 states that raised their felony theft thresholds between 2001 and 2011\[.\]”
- [The Use of Federal Rule of Criminal Procedure 35(b)](http://www.ussc.gov/research-and-publications/research-publications/2016/use-federal-rule-criminal-procedure-35b)United States Sentencing Commission, February, 2016“This report examines sentence reductions for offenders who cooperate with the government in its efforts to investigate or prosecute others.”
- [The State of Sentencing 2015](https://www.sentencingproject.org/app/uploads/2022/08/State-of-Sentencing-2015.pdf) Developments in Policy and Practice The Sentencing Project, February, 2016“The policy reforms outlined in this document highlight changes in sentencing, community supervision, collateral consequences, and juvenile justice policies.”
- [Transforming Prisons, Restoring Lives:](https://www.prisonpolicy.org/scans/Colson-Task-Force-Final-Recommendations-January-2016.pdf) Final Recommendations of the Charles Colson Task Force on Federal Corrections Charles Colson Task Force on Federal Corrections, January, 2016“Sentencing reform and other policy changes will reduce our reliance on prison and cut costs as we reconsider which people truly need to be behind bars and for how long.”
- [Probation in California](https://static.prisonpolicy.org/scans/ppic/JTF_ProbationJTF.pdf)Public Policy Institute of California, December, 2015“Probation is the most widely used form of correctional supervision in California.”
- [Sentencing in California:](https://www.prisonlegalnews.org/media/publications/Sentencing%20in%20California%2C%20California%20Budget%20%26%20Policy%20Center%2C%202015.pdf) Moving Toward a Smarter, More Cost-Effective Approach California Budget & Policy Center, December, 2015“Despite these positive steps, California's sentencing laws continue to overly rely on incarceration as the consequence for committing a felony or a misdemeanor, rather than promoting community-based interventions.”
- [Charging the Poor:](http://papers.ssrn.com/sol3/papers.cfm?abstract_id=2704029) Criminal Justice Debt & Modern-Day Debtors' Prisons Texas A&M University - School of Law, December, 2015“\[M\]y Article proposes eliminating egregious sanctions, providing courts flexibility to base fines on earning levels, and establishing procedures to enforce restrictions against incarcerating those who are truly unable to pay their criminal justice debt.”
- [Prison Time Surges for Federal Inmates](http://www.pewtrusts.org/en/research-and-analysis/issue-briefs/2015/11/prison-time-surges-for-federal-inmates)The Pew Charitable Trusts Public Safety Performance Project, November, 2015“The average length of time served by federal inmates more than doubled from 1988 to 2012, rising from 17.9 to 37.5 months.”
- [Who Gets Time for Federal Drug Offenses?](http://www.urban.org/research/publication/who-gets-time-federal-drug-offenses-data-trends-and-opportunities-reform) Data Trends and Opportunities for Reform Urban Institute, November, 2015(This brief finds that many people in federal prison for drug crimes have minimal or no criminal histories, and most were not convicted of violent or leading roles.)
- [Changing Gears:](https://static.prisonpolicy.org/scans/acluca/Prop47-1yr-Report-FINAL_web.pdf) California's Shift to Smart Justice ACLU of California, November, 2015“By June 2015, almost 160,000 petitions had been filed to reduce a felony to a misdemeanor.”
- [Adult Sex Offender Management](http://www.smart.gov/pdfs/AdultSexOffenderManagement.pdf)Office of Sex Offender Sentencing, Monitoring, Apprehending, Registering, and Tracking, July, 2015“This brief has focused on the effectiveness of a number of prominent sex offender management strategies, including specialized supervision, COSA, polygraph, GPS, civil commitment, SORN, and residence restrictions.”
- [Making Sense of Sentencing](https://static.prisonpolicy.org/scans/ncsl/sentencing.pdf) State Systems and Policies National Conference of State Legislatures, June, 2015(This report summarizes states' criminal codes and sentencing systems.)
- [The State of Sentencing 2014:](https://www.sentencingproject.org/app/uploads/2022/08/sen_State_of_Sentencing_2014.pdf) Developments in Policy and Practice Sentencing Project, February, 2015“Sentencing: At least 16 states and the District of Columbia authorized legislation to address sentencing policy, including statutory penalties that limit lengths of confinement.”
- [Seattle's Law Enforcement Assisted Diversion (LEAD):](https://www.researchgate.net/publication/316863460_Seattle%27s_Law_Enforcement_Assisted_Diversion_LEAD_Program_Effects_on_Recidivism_Outcomes) Program Effects on Recidivism Outcomes Susan E. Collins, Heather S. Lonczak, Seema L. Clifasefi, 2015(Findings indicated positive effects of the Seattle's Law Enforcement Assisted Diversion program on criminal recidivism over shorter six-month and longer evaluation-wide timeframes.)
- [Demographic Differences in Sentencing:](https://www.ussc.gov/sites/default/files/pdf/research-and-publications/research-publications/2017/20171114_Demographics.pdf) An Update to the 2012 Booker Report United States Sentencing Commission, 2015(Black male offenders continue to receive longer federal sentences than similarly situated White male offenders.)
- [Realignment and Recidivism in California](http://www.ppic.org/wp-content/uploads/r_1217mbr.pdf)Public Policy Institute of California, 2015“California’s historic public safety realignment has had a modest effect on the state’s persistently high recidivism rates, varying across groups of offenders and counties.”
- [Virginia Criminal Sentencing Commission:](http://www.vcsc.virginia.gov/2014AnnualReport.pdf) 2014 Annual Report Virginia Criminal Sentencing Commission, December, 2014“During FY2014, judges continued to agree with the sentencing guidelines recommendations in approximately 78% of the cases.”
- [The Health Impacts of Prop 47:](https://humanimpact.org/wp-content/uploads/2017/09/47-HIA-Full-Report-9.23.14.pdf) A Case Story Human Impact Partners, September, 2014(A health impact analysis study of the public health and equity benefits of reclassifying six low-level crimes of drug possession and petty theft from felonies to misdemeanors in California.)
- [Proposition 47:](https://www.prisonpolicy.org/scans/cjcj/proposition_47_county_estimates.pdf) Estimating Local Savings and Jail Population Reductions Center on Juvenile and Criminal Justice, September, 2014“Every year, Los Angeles County could save between $99.9 million and $174.8 million, San Diego County between $28.4 million and $49.7 million, and San Joaquin County between $6.8 million and $12.0 million due to the implementation of Proposition 47.”
- [Recalibrating Justice](https://www.prisonpolicy.org/scans/vera/state-sentencing-and-corrections-trends-2013-v2.pdf) A Review of 2013 State Sentencing and Corrections Trends Vera Institute of Justice, July, 2014“In 2013, at least six states authorized the creation or expansion of diversion programs or strengthened the infrastructure support- ing existing programs.”
- [Fewer Prisoners, Less Crime:](https://www.sentencingproject.org/app/uploads/2022/08/Fewer-Prisoners-Less-Crime-A-Tale-of-Three-States.pdf) A Tale of Three States The Sentencing Project, July, 2014“Studies consistently find that expediting prisoners' release from prison has no or minimal impact on recidivism rates.”
- [Slow to Act:](https://www.prisonpolicy.org/scans/sp/jj_State_Responses_to_Miller.pdf) State Responses to 2012 Supreme Court Mandate on Life Without Parole Sentencing Project, June, 2014(While the Court struck down laws in 28 states that mandated life without parole, only 13 of those states have passed new sentencing laws.)
- [The contagious nature of imprisonment](http://rsif.royalsocietypublishing.org/content/11/98/20140409.full.pdf) an agent-based model to explain racial disparities in incarceration rates The Royal Society, June, 2014“Our model suggests that increased sentencing for an individual has negative effects that spread through social networks to affect families and whole communities.”
- [Nation Behind Bars](http://www.hrw.org/sites/default/files/related_material/2014_US_Nation_Behind_Bars_0.pdf) a human rights solution Human Rights Watch, May, 2014“The momentum for sentencing reform is welcome for all who care about the fair use of government's power to determine what conduct to criminalize and what sanctions to impose on those who break the law.”
- [Female Realignment Report:](https://static.prisonpolicy.org/scans/cdcr/female_realignment_recidivismreport.pdf) An Examination of Female Offenders Released from State Prison in the First Year of Public Safety Realignment California Department of Corrections and Rehabilitation, May, 2014“...data shows that there is very little difference between female offenders and their outcomes following release after completing their State prison term pre- and post-Realignment”
- [![report thumbnail](https://static.prisonpolicy.org/images/reportthumbs/CTzones-cover_250.jpg)](https://www.prisonpolicy.org/zones/ct.html) [Reaching too far:](https://www.prisonpolicy.org/zones/ct.html) How Connecticut's large sentencing enhancement zones miss the mark Prison Policy Initiative, March, 2014“This report shows that the law doesn't work, it cannot possibly work, and that it creates an unfair two-tiered system of justice based on a haphazard distinction between urban and rural areas of the state.”
- [Victim Gender and the Death Penalty](https://static.prisonpolicy.org/scans/SSRN-id2402355.pdf)Cornell Law School, March, 2014“...our analyses suggest that victim gender continues to influence capital sentencing decisions.”
- [Adventures in Risk:](http://papers.ssrn.com/sol3/papers.cfm?abstract_id=2416918) Predicting Violent and Sexual Recidivism in Sentencing Law Arizona State Law Journal, March, 2014“Whatever merit actuarial assessments may have for a variety of criminal justice decisions (such as bail, probation, and parole), they are far too problematic for use in sentencing matters.”
- [Michigan's Parolable Lifers:](https://www.prisonpolicy.org/scans/cappsmi/The-cost-of-a-broken-process.pdf) The Cost of a Broken Process Citizens Alliance on Prisons & Public Spending, February, 2014“When most of today's parole-eligible lifers were sentenced, it was by judges who believed both a life sentence and a 40-year minimum term meant release within 16 years.”
- [Playbook for Change?](https://www.prisonpolicy.org/scans/vera/mandatory-sentences-policy-report-v2b.pdf) States Reconsider Mandatory Sentences Vera Institute of Justice, February, 2014“...there is little evidence that longer sentences have more than a marginal effect in reducing recidivism-a key performance indicator of a state's correctional system. More than four out of 10 adult offenders still return to prison within three years...”
- [Parolable Lifers in Michigan:](https://www.prisonpolicy.org/scans/cappsmi/Parolable-Lifers-in-Michigan-Paying-the-price-of-unchecked-discretion.pdf) Paying the price of unchecked discretion Citizens Alliance on Prisons & Public Spending, February, 2014“With the average annual cost of incarcerating an aging prisoner at roughly $40,000, each decision to continue a lifer for five years costs taxpayers about $200,000. Research demonstrates that lifers have by far the lowest re-offense rates of all parolees”
- [The New Normal?](http://www.law.stanford.edu/sites/default/files/publication/513777/doc/slspublic/DA%20report%20Feb%202014.pdf) Prosecutorial Charging in California After Public Safety Realignment Stanford Criminal Justice Center, January, 2014“As for specific substantive conclusions, the undramatic one is that most charging or recommendation preferences remain consistent with traditional severity factors and do not manifest major alterations in light of AB 109.”
- [Assessing Judicial Sentencing Preferences After Public Safety Realignment:](http://www.law.stanford.edu/sites/default/files/publication/443996/doc/slspublic/Judges%20Report%20Feb%2028%202014%20Final.pdf) A Survey of California Judges Stanford Criminal Justice Center, January, 2014“Our study finds that 57% of judges preferred to give an 1170(h) sentence over a felony probation sentence, except when the hypothetical contains information about the offender's substance abuse or mental illness.”
- [Racial Disparity in Federal Criminal Sentences](http://repository.law.umich.edu/cgi/viewcontent.cgi?article=2413&context=articles)University of Michigan Law School, 2014(Blacks defendants receive federal sentences that are almost 10 percent longer than those of comparable whites arrested for the same crimes. Most of this disparity can be explained by prosecutors' initial charging decisions.)
- [A National Survey of Criminal Justice Diversion Programs and Initiatives](https://www.prisonpolicy.org/scans/tasc/CHJ%20Diversion%20Report_web.pdf)Center for Health and Justice at TASC, December, 2013(With many diversion programs in the country, there are no overarching standards for collecting or publishing data for the purposes of evaluating different types of programs against common sets of performance measures such as reducing costs and recidivism.)
- [A Living Death](https://www.aclu.org/sites/default/files/assets/111213a-lwop-complete-report.pdf) Life Without Parole for Nonviolent Offenses ACLU, November, 2013“About 79 percent of the 3,278 prisoners serving life without parole were sentenced to die in prison for nonviolent drug crimes.”
- [Smart on Sentencing, Smart on Crime:](https://static.prisonpolicy.org/scans/louisiana_sentencing_reform.pdf) An Argument for Reforming Louisiana's Determinate Sentencing Laws Reason Foundation, Pelican Institute for Public Policy, Texas Public Policy Foundation, Right on Crime, October, 2013“Today, Louisiana has the highest incarceration rate in the country, with 868 of every 100,000 of its citizens in prison.”
- [Life Goes On:](https://www.sentencingproject.org/app/uploads/2022/08/Life-Goes-On.pdf) The Historic Rise in Life Sentences in America Sentencing Project, September, 2013“As of 2012, there were 159,520 people serving life sentences, an 11.8% rise since 2008.”
- [Progress Report:](https://law.stanford.edu/publications/progress-report-three-strikes-reform-proposition-36-1000-prisoners-released/) Three Strikes Reform (Proposition 36) Stanford Law School Three Strikes Project and NAACP Legal Defense and Education Fund, September, 2013“Fewer than 2% of the prisoners released under Prop 36 have been charged with new crimes, according to state and county records. The average recidivism rate over a similar period of time for non-Prop 36 inmates leaving California prisons is 16%.”
- [Preliminary Crack Retroactivity Data Report](https://static.prisonpolicy.org/scans/2013-07_USSC_Prelim_Crack_Retro_Data_Report_FSA.pdf) Fair Sentencing Act U.S. Sentencing Commission, July, 2013“After federal sentencing guideline changes on crack cocaine were made retroactive, more than 7,300 defendants got on average a 29-month reduction in their sentences.”
- [The State of Sentencing 2012:](https://www.prisonpolicy.org/scans/sp/sen_State_of_Sentencing_2012.pdf) Developments in Policy and Practice Sentencing Project, January, 2013“State lawmakers in at least 24 states adopted 41 criminal justice policies that in 2012 may contribute to downscaling prison populations and eliminating barriers to reentry while promoting effective approaches to public safety.”
- [Tinkering with Life](https://static.prisonpolicy.org/scans/sentencingproject/jj_Nellis_2013_Tinkering_with_Life_U_Miami_Law_Review.pdf) A Look at the Inappropriateness of of Life Without Parole as an Alternative to the Death Penalty The Sentencing Project, January, 2013“LWOP is often touted as the humane alternative to the death penalty, yet many of the problematic aspects of the death penalty are also applicable to this sentence.”
- [Report on the Continuing Impact of United States v. Booker](https://www.ussc.gov/sites/default/files/pdf/news/congressional-testimony-and-reports/booker-reports/2012-booker/Part_A.pdf) on Federal Sentences United States Sentencing Commission, December, 2012“This report assesses the continuing impact on the federal sentencing system of the Supreme Court's 2005 opinion in United States v. Booker, which rendered the sentencing guidelines advisory.”
- [Restoration of Rights Project](http://www.nacdl.org/rightsrestoration/)National Association of Criminal Defense Lawyers, October, 2012“54 jurisdictional profiles include provisions on loss and restoration of civil rights and firearms privileges, legal mechanisms for overcoming or mitigating collateral consequences, and provisions addressing non-discrimination in employment and licensing.”
- [2012 Party Platforms on Criminal Justice Policy](https://www.prisonpolicy.org/scans/sp/2012_Party_Platforms_on_Criminal_Justice_Policy.pdf)Sentencing Project, September, 2012“Though the United States remains the world's leader in incarceration \[...\], the recently approved Democratic and Republican party platforms indicate ways to make progress on criminal justice reform while increasing public safety.”
- [Census of Publicly Funded Forensic Crime Laboratories, 2009](https://bjs.ojp.gov/content/pub/pdf/cpffcl09.pdf)Bureau of Justice Statistics, August, 2012“During 2009, publicly funded crime labs began and ended the year with a total backlog of more than one million requests for forensic services.”
- [Three Strikes:](https://static.prisonpolicy.org/scans/HHIRJ_203_20Strikes_20Report-Merged.pdf) The Wrong Way to Justice Charles Hamilton Houston Institute for Race and Justice, Harvard Law School, June, 2012“By properly limiting the applicability of the habitual offender provisions, Massachusetts will be able to reinvest in its people through education, treatment, training, and community development programs.”
- [Survey of Sentencing Practices FY 2011](https://www.mass.gov/doc/survey-of-sentencing-practices-fy-2011/download?_ga=2.181825058.466034420.1634214656-869866698.1628887408)Massachusetts Sentencing Commission, May, 2012“For state prison sentences, the median minimum state prison sentence was 36.0 months and the median maximum state prison sentence was 48.0 months.”
- [Annual Report to the United States Sentencing Commission](https://www.justice.gov/sites/default/files/criminal/legacy/2012/07/24/2012-annual-letter-to-the-us-sentencing-commission.pdf)United States Department of Justice, July, 2011“In the last 50 years,the United States experienced an extraordinary increase, followed by an equally extraordinary decrease, in the number of Americans victimized by violent crime.”
- [Sentencing Reform](https://www.prisonpolicy.org/scans/sentencingproject/s_ABACJsentencing2011.pdf) Amid Mass Incarceration - Guarded Optimism Sentencing Project, May, 2011“A number of state have scaled back mandatory sentencing policies...”
- [Balancing Punishment and Treatment](https://www.prisonpolicy.org/scans/vera/balancingpunishmentandtreatment.pdf) Alternatives to Incarceration in New York City Vera Institute of Justice, May, 2011“For those concerned about public safety, these results are good news; they show that many felony offenders can be sent to rigorous community programs rather than jail without increasing the risk to the public.”
- [The Chicago Lawyers' Committee's Review of Alternatives](https://www.prisonpolicy.org/scans/Non-Violent_Offenders_Memo.pdf) for Non- Violent Offenders Chicago Lawyers' Committee, 2011“This article first addresses specific reforms that have been implemented nationwide relating to non-violent offenders, highlights examples of states that have implemented more aggressive aspects of such reforms, and discusses Illinois' policies.”
- [Ending and Defending Against HIV Criminalization:](http://www.hivlawandpolicy.org/resources/ending-and-defending-against-hiv-criminalization-state-and-federal-laws-and-prosecutions) State and Federal Laws and Prosecutions The Center for HIV Law and Policy, November, 2010“Thirty-two states and two U.S. territories have HIV-specific criminal statutes and thirty-six states have reported proceedings in which HIV-positive people have been arrested and/or prosecuted for consensual sex, biting, and spitting.”
- [Life Without Parole](http://realcostofprisons.org/materials/Haas_LWOP.pdf) A Reconsideration Criminal Justice Policy Coalition and the Norfolk Lifers Group, 2010“Everyone serving a Life Without Parole sentence in MA, after 25 years should be afforded an opportunity to demonstrate both a rehabilitated character and a low public safety risk through access to a parole hearing and, where appropriate, parole.”
- [Sexual Offender Laws and Prevention of Sexual Violence or Recidivism](https://pmc.ncbi.nlm.nih.gov/articles/PMC2820068/)American Journal of Public Health, 2010(Evidence on the effectiveness of sex offender laws suggests that they may not prevent recidivism or sexual violence and result in more harm than good.)
- [Until They Die A Natural Death](https://www.prisonpolicy.org/scans/UntilTheyDieaNaturalDeath9_09.pdf) Youth Sentenced to Life Without Parole in Massachusetts Children's Law Center of Massachusetts, September, 2009“Massachusetts \[...\] stands apart in giving the adult court exclusive jurisdiction over murder cases against children as young as 14 and then imposing a mandatory life without parole sentence for all first degree murder convictions.”
- [Sex Offender Registration and Notification](https://www.ncjrs.gov/pdffiles1/nij/225402.pdf) Limited Effects in New Jersey National Institute of Justice, April, 2009“Convicted offenders and their offense types in this study were similar before and after Megan’s Law was passed.”
- [The State of Sentencing 2008](https://www.prisonpolicy.org/scans/sp/sl_statesentencingreport2008.pdf) Developments in Policy and Practice Sentencing Project, February, 2009“A nationwide budget crisis coupled with widespread prison overcrowding has led many states to address critical challenges in the areas such as sentencing, drug policy, parole revocation, racial justice, disenfranchisement, juvenile justice, and education.”
- [No Easy Answers: Sex Offender Laws in the US](http://www.hrw.org/reports/2007/us0907/us0907web.pdf)Human Rights Watch, September, 2007“The evidence is overwhelming, as detailed in this report, that these laws cause great harm to the people subject to them. On the other hand, proponents of these laws are not able to point to convincing evidence of public safety gains from them.”
- [Mandatory Minimum Sentences](https://www.prisonpolicy.org/scans/cga/mandatory_minimum_sentences_finding_and_recommendations.pdf) Briefing Connecticut General Assembly, December, 2005“The annual cost of incarceration associated with mandatory minimum sentences is $201.1 million.”
- [Minimum Mandatory Sentence](https://www.prisonpolicy.org/scans/cga/minimum_mandatory_sentences_final_report.pdf) Final Report Connecticut General Assembly, December, 2005“Mandatory minimum sentencing laws were specifically intended to deter offenders and thereby reduce crime (and curb drug use). There is no direct evidence to suggest that the state's mandatory minimum sentencing laws reduced the crime rate (or drug use).”
- [A Primer:](https://static.prisonpolicy.org/scans/3_strikes_102005.pdf) Three Strikes - The Impact After More Than a Decade Legislative Analyst's Office (LAO) - California's Nonpartisan Fiscal and Policy Advisor, October, 2005
- [ABA Justice Kennedy Commission Recommendations](https://static.prisonpolicy.org/scans/aba/kennedycommreport.pdf)American Bar Association, June, 2004
- [Positive Trends in State-Level Sentencing and Corrections Policy](https://www.prisonpolicy.org/scans/famm/positivetrends.pdf)Families Against Mandatory Minimums, November, 2003“Texas policymakers introduced parole reforms in 2000. The parole board's approval rate for non-violent offenders rose, parole revocations fell sharply, and prison populations dropped by 7,698 from September 2000 to December 2001.”
- [Mandatory minimum sentencing is unfair, ineffective, and expensive](https://static.prisonpolicy.org/scans/mandatoryminsent.pdf)Common Sense Foundation, April, 2003(North Carolina)
- [Influences of Truth-in-Sentencing Reforms on Changes in States' Sentencing Practices and Prison Populations](https://www.ncjrs.gov/pdffiles1/nij/grants/195161.pdf)William J. Sabol ; Katherine Rosich ; Kamala Mallik Kane ; David Kirk ; Glenn Dubin, July, 2002(The federal Truth In Sentencing grant program had very limited influence on state decisions to adopt truth in sentencing policies.)
- [The Influences of Truth-in-Sentencing Reforms](http://www.urban.org/UploadedPDF/410470_FINALTISrpt.pdf) on Changes in States' Sentencing Practices and Prison Population Urban Institute, April, 2002
- [Prisons and Sentencing in Massachusetts](https://static.prisonpolicy.org/scans/prisons_and_sentencing.pdf) Waging a More Effective Fight Against Crime MassInc, June, 1999“Critics of mandatory minimum drug laws, both state and federal, claim that these draconian penalties are jamming prisons with nonviolent offenders, many of them serving long sentences for a first conviction.”
- [Truth In Sentencing:](https://static.prisonpolicy.org/scans/225212.pdf) Availability of Federal Grants Influenced Laws in Some States General Accounting Office, February, 1998

Pages Updated On: 14-Jan-2026 - 15:05:04

Links Engine 2.0 By: [Gossamer Threads Inc.](http://www.gossamer-threads.com/)

## Stay Informed

Email:

Get the latest updates:

Prison Policy Initiative newsletter [(?)](https://www.prisonpolicy.org/newsletter/archive.html?nl=general)Research Library [(?)](https://www.prisonpolicy.org/newsletter/archive.html?nl=research)Prison gerrymandering [(?)](https://www.prisonpolicy.org/newsletter/archive.html?nl=gerrymandering)

[Share on 𝕏](https://www.twitter.com/intent/tweet?text=Sentencing%20policy&url=https://www.prisonpolicy.org/research/sentencing_policy/&via=prisonpolicy)[Donate](https://www.prisonpolicy.org/donate.html) [Now seeking: \\
\\
Creator-in-Residence](https://www.prisonpolicy.org/jobs.html)

# Recommended Reading:

[![](https://static.prisonpolicy.org/css/footer_images/stateprofilesfooter_200x154.png)](https://www.prisonpolicy.org/profiles/)

# [50 state incarceration profiles](https://www.prisonpolicy.org/profiles/)

All of our recent reports about prison/jail growth, racial disparities, and more, re-organized by state.

[![](https://static.prisonpolicy.org/css/footer_images/emessaging_footer_200x154.png)](https://www.prisonpolicy.org/reports/emessaging.html)

# [The rapid & unregulated growth of e-messaging in prisons](https://www.prisonpolicy.org/reports/emessaging.html)

It can strengthen connections, but instead has been used to sap money from incarcerated people.

[![](https://static.prisonpolicy.org/css/footer_images/punishmentbeyondprisons_footer_200x154.png?v=2)](https://www.prisonpolicy.org/reports/correctionalcontrol2023.html)

# [Incarceration and supervision by states](https://www.prisonpolicy.org/reports/correctionalcontrol2023.html)

Probation and parole are the leading forms of mass punishment in America.

[![](https://static.prisonpolicy.org/css/footer_images/prison_gerrymandering_2022.png?v=2)](https://www.prisonersofthecensus.org/)

# [Prison Gerrymandering Project](https://www.prisonersofthecensus.org/)

We are leading the movement to protect our democracy from the Census Bureau's prison miscount.",,Research about Sentencing policy and the criminal justice system,,http://static.prisonpolicy.org/css/footer_images/research_clearinghouse.png,https://static.prisonpolicy.org/favicon.png?v=2
